[
    {
        "pset": [
            "<schema.org/iataCode>",
            "<schema.org/name>",
            "isa:<schema.org/Airline>"
        ],
        "count": 1410745.0
    },
    {
        "pset": [
            "<schema.org/logo>",
            "<schema.org/name>",
            "<schema.org/sameAs>",
            "<schema.org/url>",
            "isa:<schema.org/Airline>"
        ],
        "count": 9028.0
    },
    {
        "pset": [
            "<schema.org/aggregateRating>",
            "<schema.org/iataCode>",
            "<schema.org/image>",
            "<schema.org/name>",
            "isa:<schema.org/Airline>"
        ],
        "count": 8518.0
    },
    {
        "pset": [
            "<schema.org/name>",
            "<schema.org/sameAs>",
            "<schema.org/url>",
            "isa:<schema.org/Airline>"
        ],
        "count": 7275.0
    },
    {
        "pset": [
            "<schema.org/address>",
            "<schema.org/brand>",
            "<schema.org/foundingDate>",
            "<schema.org/foundingLocation>",
            "<schema.org/iataCode>",
            "<schema.org/legalName>",
            "<schema.org/location>",
            "<schema.org/logo>",
            "<schema.org/numberOfEmployees>",
            "<schema.org/parentOrganization>",
            "<schema.org/sameAs>",
            "<schema.org/url>",
            "isa:<schema.org/Airline>"
        ],
        "count": 4240.0
    },
    {
        "pset": [
            "<schema.org/aggregateRating>",
            "<schema.org/name>",
            "isa:<schema.org/Airline>"
        ],
        "count": 2667.0
    },
    {
        "pset": [
            "<schema.org/aggregateRating>",
            "<schema.org/iataCode>",
            "<schema.org/name>",
            "isa:<schema.org/Airline>"
        ],
        "count": 2647.0
    },
    {
        "pset": [
            "<schema.org/alternateName>",
            "<schema.org/contactPoint>",
            "<schema.org/logo>",
            "<schema.org/name>",
            "<schema.org/review>",
            "<schema.org/url>",
            "isa:<schema.org/Airline>"
        ],
        "count": 2227.0
    },
    {
        "pset": [
            "<schema.org/CEO>",
            "<schema.org/alternateName>",
            "<schema.org/logo>",
            "<schema.org/name>",
            "<schema.org/sameAs>",
            "<schema.org/url>",
            "isa:<schema.org/Airline>"
        ],
        "count": 1800.0
    },
    {
        "pset": [
            "<schema.org/name>",
            "isa:<schema.org/Airline>"
        ],
        "count": 1453.0
    },
    {
        "pset": [
            "<schema.org/contactPoint>",
            "<schema.org/description>",
            "<schema.org/iataCode>",
            "<schema.org/name>",
            "<schema.org/owns>",
            "<schema.org/url>",
            "isa:<schema.org/Airline>"
        ],
        "count": 532.0
    },
    {
        "pset": [
            "<schema.org/aggregateRating>",
            "<schema.org/description>",
            "<schema.org/name>",
            "<schema.org/review>",
            "isa:<schema.org/Airline>"
        ],
        "count": 518.0
    },
    {
        "pset": [
            "<schema.org/image>",
            "<schema.org/logo>",
            "<schema.org/name>",
            "<schema.org/url>",
            "isa:<schema.org/Airline>"
        ],
        "count": 464.0
    },
    {
        "pset": [
            "<schema.org/aggregateRating>",
            "<schema.org/iataCode>",
            "<schema.org/name>",
            "<schema.org/review>",
            "isa:<schema.org/Airline>"
        ],
        "count": 452.0
    },
    {
        "pset": [
            "<schema.org/description>",
            "<schema.org/iataCode>",
            "<schema.org/logo>",
            "<schema.org/name>",
            "<schema.org/url>",
            "isa:<schema.org/Airline>"
        ],
        "count": 319.0
    },
    {
        "pset": [
            "<schema.org/iataCode>",
            "<schema.org/logo>",
            "<schema.org/name>",
            "<schema.org/url>",
            "isa:<schema.org/Airline>"
        ],
        "count": 255.0
    },
    {
        "pset": [
            "<schema.org/address>",
            "<schema.org/description>",
            "<schema.org/image>",
            "<schema.org/name>",
            "<schema.org/reviewRating>",
            "<schema.org/telephone>",
            "isa:<schema.org/Airline>"
        ],
        "count": 217.0
    },
    {
        "pset": [
            "<schema.org/additionalType>",
            "<schema.org/aggregateRating>",
            "<schema.org/description>",
            "<schema.org/image>",
            "<schema.org/logo>",
            "<schema.org/name>",
            "<schema.org/review>",
            "<schema.org/telephone>",
            "<schema.org/url>",
            "isa:<schema.org/Airline>"
        ],
        "count": 211.0
    },
    {
        "pset": [
            "<schema.org/alternateName>",
            "<schema.org/contactPoint>",
            "<schema.org/logo>",
            "<schema.org/name>",
            "<schema.org/sameAs>",
            "<schema.org/url>",
            "isa:<schema.org/Airline>"
        ],
        "count": 174.0
    },
    {
        "pset": [
            "<schema.org/aggregateRating>",
            "<schema.org/iataCode>",
            "<schema.org/image>",
            "<schema.org/legalName>",
            "<schema.org/logo>",
            "<schema.org/name>",
            "<schema.org/url>",
            "isa:<schema.org/Airline>"
        ],
        "count": 164.0
    },
    {
        "pset": [
            "<schema.org/contactPoint>",
            "<schema.org/logo>",
            "<schema.org/name>",
            "<schema.org/url>",
            "isa:<schema.org/Airline>"
        ],
        "count": 162.0
    },
    {
        "pset": [
            "<schema.org/boardingPolicy>",
            "<schema.org/iataCode>",
            "<schema.org/name>",
            "isa:<schema.org/Airline>"
        ],
        "count": 121.0
    },
    {
        "pset": [
            "<schema.org/address>",
            "<schema.org/name>",
            "<schema.org/priceRange>",
            "isa:<schema.org/Airline>"
        ],
        "count": 109.0
    },
    {
        "pset": [
            "<schema.org/alternateName>",
            "<schema.org/iataCode>",
            "<schema.org/logo>",
            "<schema.org/name>",
            "<schema.org/sameAs>",
            "<schema.org/url>",
            "isa:<schema.org/Airline>"
        ],
        "count": 105.0
    },
    {
        "pset": [
            "<schema.org/address>",
            "<schema.org/image>",
            "<schema.org/name>",
            "<schema.org/priceRange>",
            "isa:<schema.org/Airline>"
        ],
        "count": 103.0
    },
    {
        "pset": [
            "<schema.org/aggregateRating>",
            "<schema.org/iataCode>",
            "<schema.org/logo>",
            "<schema.org/name>",
            "<schema.org/url>",
            "isa:<schema.org/Airline>"
        ],
        "count": 95.0
    },
    {
        "pset": [
            "<schema.org/name>",
            "<schema.org/sameAs>",
            "<schema.org/telephone>",
            "<schema.org/url>",
            "isa:<schema.org/Airline>"
        ],
        "count": 88.0
    },
    {
        "pset": [
            "<schema.org/URL>",
            "<schema.org/description>",
            "<schema.org/iataCode>",
            "<schema.org/legalName>",
            "<schema.org/logo>",
            "<schema.org/sameAs>",
            "<schema.org/telephone>",
            "isa:<schema.org/Airline>"
        ],
        "count": 76.0
    },
    {
        "pset": [
            "<schema.org/address>",
            "<schema.org/aggregateRating>",
            "<schema.org/image>",
            "<schema.org/name>",
            "<schema.org/url>",
            "isa:<schema.org/Airline>"
        ],
        "count": 58.0
    },
    {
        "pset": [
            "<schema.org/aggregateRating>",
            "<schema.org/alternateName>",
            "<schema.org/iataCode>",
            "<schema.org/name>",
            "isa:<schema.org/Airline>"
        ],
        "count": 55.0
    },
    {
        "pset": [
            "<schema.org/alternateName>",
            "<schema.org/logo>",
            "<schema.org/name>",
            "<schema.org/sameAs>",
            "<schema.org/url>",
            "isa:<schema.org/Airline>"
        ],
        "count": 54.0
    },
    {
        "pset": [
            "<schema.org/address>",
            "<schema.org/description>",
            "<schema.org/geo>",
            "<schema.org/image>",
            "<schema.org/name>",
            "<schema.org/telephone>",
            "<schema.org/url>",
            "isa:<schema.org/Airline>"
        ],
        "count": 43.0
    },
    {
        "pset": [
            "<schema.org/address>",
            "<schema.org/contactPoint>",
            "<schema.org/description>",
            "<schema.org/email>",
            "<schema.org/hasMenu>",
            "<schema.org/name>",
            "<schema.org/url>",
            "isa:<schema.org/Airline>"
        ],
        "count": 34.0
    },
    {
        "pset": [
            "<schema.org/contactPoint>",
            "<schema.org/logo>",
            "<schema.org/name>",
            "<schema.org/sameAs>",
            "<schema.org/url>",
            "isa:<schema.org/Airline>"
        ],
        "count": 31.0
    },
    {
        "pset": [
            "<schema.org/alternatename>",
            "<schema.org/brand>",
            "<schema.org/description>",
            "<schema.org/iataCode>",
            "<schema.org/legalName>",
            "<schema.org/logo>",
            "<schema.org/name>",
            "<schema.org/url>",
            "isa:<schema.org/Airline>"
        ],
        "count": 28.0
    },
    {
        "pset": [
            "<schema.org/brand>",
            "<schema.org/description>",
            "<schema.org/image>",
            "<schema.org/name>",
            "<schema.org/review>",
            "isa:<schema.org/Airline>"
        ],
        "count": 25.0
    },
    {
        "pset": [
            "<schema.org/aggregateRating>",
            "<schema.org/alternateName>",
            "<schema.org/iataCode>",
            "<schema.org/image>",
            "<schema.org/legalName>",
            "<schema.org/logo>",
            "<schema.org/name>",
            "<schema.org/url>",
            "isa:<schema.org/Airline>"
        ],
        "count": 24.0
    },
    {
        "pset": [
            "<schema.org/address>",
            "<schema.org/description>",
            "<schema.org/geo>",
            "<schema.org/image>",
            "<schema.org/logo>",
            "<schema.org/name>",
            "<schema.org/url>",
            "isa:<schema.org/Airline>"
        ],
        "count": 15.0
    },
    {
        "pset": [
            "<schema.org/address>",
            "<schema.org/image>",
            "<schema.org/name>",
            "<schema.org/reviewRating>",
            "isa:<schema.org/Airline>"
        ],
        "count": 13.0
    },
    {
        "pset": [
            "<schema.org/address>",
            "<schema.org/contactPoint>",
            "<schema.org/geo>",
            "<schema.org/image>",
            "<schema.org/logo>",
            "<schema.org/name>",
            "<schema.org/sameAs>",
            "<schema.org/telephone>",
            "<schema.org/url>",
            "isa:<schema.org/Airline>"
        ],
        "count": 13.0
    },
    {
        "pset": [
            "<schema.org/address>",
            "<schema.org/contactPoint>",
            "<schema.org/founders>",
            "<schema.org/foundingDate>",
            "<schema.org/legalName>",
            "<schema.org/logo>",
            "<schema.org/name>",
            "<schema.org/sameAs>",
            "<schema.org/url>",
            "isa:<schema.org/Airline>"
        ],
        "count": 13.0
    },
    {
        "pset": [
            "<schema.org/address>",
            "<schema.org/description>",
            "<schema.org/geo>",
            "<schema.org/image>",
            "<schema.org/logo>",
            "<schema.org/name>",
            "<schema.org/telephone>",
            "<schema.org/url>",
            "isa:<schema.org/Airline>"
        ],
        "count": 12.0
    },
    {
        "pset": [
            "<schema.org/iataCode>",
            "<schema.org/memberOf>",
            "<schema.org/name>",
            "<schema.org/sameAs>",
            "<schema.org/url>",
            "isa:<schema.org/Airline>"
        ],
        "count": 11.0
    },
    {
        "pset": [
            "<schema.org/brand>",
            "<schema.org/contactPoint>",
            "<schema.org/description>",
            "<schema.org/foundingDate>",
            "<schema.org/foundingLocation>",
            "<schema.org/funder>",
            "<schema.org/iataCode>",
            "<schema.org/legalName>",
            "<schema.org/logo>",
            "<schema.org/sameAs>",
            "<schema.org/url>",
            "isa:<schema.org/Airline>",
            "isa:<schema.org/Organization>"
        ],
        "count": 10.0
    },
    {
        "pset": [
            "<schema.org/image>",
            "<schema.org/name>",
            "<schema.org/priceRange>",
            "<schema.org/review>",
            "isa:<schema.org/Airline>"
        ],
        "count": 9.0
    },
    {
        "pset": [
            "<schema.org/address>",
            "<schema.org/alternateName>",
            "<schema.org/description>",
            "<schema.org/email>",
            "<schema.org/logo>",
            "<schema.org/name>",
            "<schema.org/sameAs>",
            "<schema.org/telephone>",
            "<schema.org/url>",
            "isa:<schema.org/Airline>"
        ],
        "count": 9.0
    },
    {
        "pset": [
            "<schema.org/address>",
            "<schema.org/contactPoint>",
            "<schema.org/logo>",
            "<schema.org/name>",
            "<schema.org/sameAs>",
            "<schema.org/url>",
            "isa:<schema.org/Airline>"
        ],
        "count": 8.0
    },
    {
        "pset": [
            "<schema.org/description>",
            "<schema.org/logo>",
            "<schema.org/name>",
            "<schema.org/sameAs>",
            "<schema.org/url>",
            "isa:<schema.org/Airline>"
        ],
        "count": 8.0
    },
    {
        "pset": [
            "<schema.org/address>",
            "<schema.org/description>",
            "<schema.org/geo>",
            "<schema.org/name>",
            "<schema.org/telephone>",
            "isa:<schema.org/Airline>"
        ],
        "count": 7.0
    },
    {
        "pset": [
            "<schema.org/logo>",
            "<schema.org/name>",
            "<schema.org/url>",
            "isa:<schema.org/Airline>",
            "isa:<schema.org/Organization>"
        ],
        "count": 7.0
    },
    {
        "pset": [
            "<schema.org/aggregateRating>",
            "<schema.org/iataCode>",
            "isa:<schema.org/Airline>"
        ],
        "count": 6.0
    },
    {
        "pset": [
            "<schema.org/address>",
            "<schema.org/description>",
            "<schema.org/geo>",
            "<schema.org/image>",
            "<schema.org/name>",
            "<schema.org/url>",
            "isa:<schema.org/Airline>"
        ],
        "count": 6.0
    },
    {
        "pset": [
            "<schema.org/alternateName>",
            "<schema.org/contactPoint>",
            "<schema.org/logo>",
            "<schema.org/name>",
            "<schema.org/url>",
            "isa:<schema.org/Airline>"
        ],
        "count": 5.0
    },
    {
        "pset": [
            "<schema.org/address>",
            "<schema.org/description>",
            "<schema.org/geo>",
            "<schema.org/image>",
            "<schema.org/name>",
            "<schema.org/review>",
            "<schema.org/sameAs>",
            "<schema.org/telephone>",
            "<schema.org/url>",
            "isa:<schema.org/Airline>"
        ],
        "count": 5.0
    },
    {
        "pset": [
            "<schema.org/name>",
            "<schema.org/url>",
            "isa:<schema.org/Airline>",
            "isa:<schema.org/Organization>"
        ],
        "count": 4.0
    },
    {
        "pset": [
            "<schema.org/image>",
            "<schema.org/name>",
            "<schema.org/review>",
            "isa:<schema.org/Airline>"
        ],
        "count": 4.0
    },
    {
        "pset": [
            "<schema.org/address>",
            "<schema.org/contactPoint>",
            "<schema.org/email>",
            "<schema.org/location>",
            "<schema.org/logo>",
            "<schema.org/name>",
            "<schema.org/url>",
            "isa:<schema.org/Airline>",
            "isa:<schema.org/Organization>"
        ],
        "count": 3.0
    },
    {
        "pset": [
            "<schema.org/description>",
            "<schema.org/image>",
            "<schema.org/logo>",
            "<schema.org/name>",
            "<schema.org/telephone>",
            "<schema.org/url>",
            "isa:<schema.org/Airline>"
        ],
        "count": 3.0
    },
    {
        "pset": [
            "<schema.org/contactPoint>",
            "<schema.org/legalName>",
            "<schema.org/logo>",
            "<schema.org/name>",
            "<schema.org/url>",
            "isa:<schema.org/Airline>"
        ],
        "count": 2.0
    },
    {
        "pset": [
            "<schema.org/description>",
            "<schema.org/iataCode>",
            "<schema.org/name>",
            "<schema.org/url>",
            "isa:<schema.org/Airline>"
        ],
        "count": 2.0
    },
    {
        "pset": [
            "<schema.org/contactPoint>",
            "<schema.org/legalName>",
            "<schema.org/logo>",
            "<schema.org/name>",
            "<schema.org/sameAs>",
            "<schema.org/url>",
            "isa:<schema.org/Airline>"
        ],
        "count": 2.0
    },
    {
        "pset": [
            "<schema.org/aggregateRating>",
            "<schema.org/description>",
            "<schema.org/iataCode>",
            "<schema.org/image>",
            "<schema.org/name>",
            "<schema.org/url>",
            "isa:<schema.org/Airline>"
        ],
        "count": 2.0
    },
    {
        "pset": [
            "<schema.org/address>",
            "<schema.org/name>",
            "isa:<schema.org/Airline>"
        ],
        "count": 2.0
    },
    {
        "pset": [
            "<schema.org/address>",
            "<schema.org/aggregateRating>",
            "<schema.org/name>",
            "<schema.org/priceRange>",
            "isa:<schema.org/Airline>"
        ],
        "count": 2.0
    },
    {
        "pset": [
            "<schema.org/address>",
            "<schema.org/aggregateRating>",
            "<schema.org/contactPoint>",
            "<schema.org/geo>",
            "<schema.org/image>",
            "<schema.org/logo>",
            "<schema.org/name>",
            "<schema.org/review>",
            "<schema.org/sameAs>",
            "<schema.org/telephone>",
            "<schema.org/url>",
            "isa:<schema.org/Airline>"
        ],
        "count": 2.0
    },
    {
        "pset": [
            "<schema.org/address>",
            "<schema.org/contactPoint>",
            "<schema.org/description>",
            "<schema.org/hasMenu>",
            "<schema.org/image>",
            "<schema.org/name>",
            "<schema.org/url>",
            "isa:<schema.org/Airline>"
        ],
        "count": 2.0
    },
    {
        "pset": [
            "<schema.org/address>",
            "<schema.org/description>",
            "<schema.org/email>",
            "<schema.org/faxNumber>",
            "<schema.org/geo>",
            "<schema.org/hasMap>",
            "<schema.org/logo>",
            "<schema.org/name>",
            "<schema.org/telephone>",
            "<schema.org/url>",
            "isa:<schema.org/Airline>"
        ],
        "count": 2.0
    },
    {
        "pset": [
            "<schema.org/ContactPoint>",
            "<schema.org/logo>",
            "<schema.org/name>",
            "<schema.org/sameAs>",
            "<schema.org/url>",
            "isa:<schema.org/Airline>"
        ],
        "count": 2.0
    },
    {
        "pset": [
            "<schema.org/aggregateRating>",
            "<schema.org/image>",
            "<schema.org/logo>",
            "<schema.org/name>",
            "<schema.org/review>",
            "<schema.org/telephone>",
            "<schema.org/url>",
            "isa:<schema.org/Airline>"
        ],
        "count": 1.0
    },
    {
        "pset": [
            "<schema.org/address>",
            "<schema.org/areaServed>",
            "<schema.org/email>",
            "<schema.org/geo>",
            "<schema.org/image>",
            "<schema.org/logo>",
            "<schema.org/name>",
            "<schema.org/openingHoursSpecification>",
            "<schema.org/telephone>",
            "<schema.org/url>",
            "isa:<schema.org/Airline>",
            "isa:<schema.org/Organization>",
            "isa:<schema.org/Place>"
        ],
        "count": 1.0
    },
    {
        "pset": [
            "<schema.org/aggregateRating>",
            "<schema.org/alternateName>",
            "<schema.org/name>",
            "isa:<schema.org/Airline>"
        ],
        "count": 1.0
    },
    {
        "pset": [
            "<schema.org/address>",
            "<schema.org/image>",
            "isa:<schema.org/Airline>"
        ],
        "count": 1.0
    },
    {
        "pset": [
            "<schema.org/logo>",
            "<schema.org/name>",
            "<schema.org/url>",
            "isa:<schema.org/Airline>"
        ],
        "count": 1.0
    },
    {
        "pset": [
            "<schema.org/address>",
            "<schema.org/alternateName>",
            "<schema.org/contactPoint>",
            "<schema.org/iataCode>",
            "<schema.org/logo>",
            "<schema.org/memberof>",
            "<schema.org/name>",
            "<schema.org/sameAs>",
            "<schema.org/url>",
            "isa:<schema.org/Airline>"
        ],
        "count": 1.0
    },
    {
        "pset": [
            "<schema.org/additionalType>",
            "<schema.org/address>",
            "<schema.org/description>",
            "<schema.org/image>",
            "<schema.org/name>",
            "<schema.org/telephone>",
            "<schema.org/url>",
            "isa:<schema.org/Airline>"
        ],
        "count": 1.0
    },
    {
        "pset": [
            "<schema.org/address>",
            "<schema.org/description>",
            "<schema.org/image>",
            "<schema.org/logo>",
            "<schema.org/name>",
            "<schema.org/url>",
            "isa:<schema.org/Airline>"
        ],
        "count": 1.0
    },
    {
        "pset": [
            "<schema.org/address>",
            "<schema.org/description>",
            "<schema.org/geo>",
            "<schema.org/name>",
            "<schema.org/telephone>",
            "<schema.org/url>",
            "isa:<schema.org/Airline>"
        ],
        "count": 1.0
    },
    {
        "pset": [
            "<schema.org/address>",
            "<schema.org/areaServed>",
            "<schema.org/image>",
            "<schema.org/location>",
            "<schema.org/logo>",
            "<schema.org/name>",
            "<schema.org/sameAs>",
            "<schema.org/telephone>",
            "<schema.org/url>",
            "isa:<schema.org/Airline>",
            "isa:<schema.org/Organization>",
            "isa:<schema.org/Place>"
        ],
        "count": 1.0
    },
    {
        "pset": [
            "<schema.org/address>",
            "<schema.org/image>",
            "<schema.org/name>",
            "<schema.org/review>",
            "isa:<schema.org/Airline>"
        ],
        "count": 1.0
    },
    {
        "pset": [
            "<schema.org/address>",
            "<schema.org/description>",
            "<schema.org/geo>",
            "<schema.org/image>",
            "<schema.org/name>",
            "<schema.org/review>",
            "<schema.org/sameAs>",
            "<schema.org/url>",
            "isa:<schema.org/Airline>"
        ],
        "count": 1.0
    },
    {
        "pset": [
            "<schema.org/address>",
            "<schema.org/alternatename>",
            "<schema.org/brand>",
            "<schema.org/email>",
            "<schema.org/iataCode>",
            "<schema.org/iatacode>",
            "<schema.org/legalName>",
            "<schema.org/name>",
            "<schema.org/sameAs>",
            "<schema.org/telephone>",
            "<schema.org/url>",
            "isa:<schema.org/Airline>",
            "isa:<schema.org/Offer>",
            "isa:<schema.org/offer>"
        ],
        "count": 1.0
    },
    {
        "pset": [
            "<schema.org/address>",
            "<schema.org/description>",
            "<schema.org/image>",
            "<schema.org/name>",
            "<schema.org/telephone>",
            "<schema.org/url>",
            "isa:<schema.org/Airline>"
        ],
        "count": 1.0
    },
    {
        "pset": [
            "<schema.org/name>",
            "<schema.org/url>",
            "isa:<schema.org/Airline>"
        ],
        "count": 1.0
    },
    {
        "pset": [
            "<schema.org/address>",
            "<schema.org/aggregateRating>",
            "<schema.org/image>",
            "<schema.org/name>",
            "<schema.org/priceRange>",
            "isa:<schema.org/Airline>"
        ],
        "count": 1.0
    },
    {
        "pset": [
            "<schema.org/aggregateRating>",
            "<schema.org/name>",
            "<schema.org/review>",
            "isa:<schema.org/Airline>"
        ],
        "count": 1.0
    },
    {
        "pset": [
            "<schema.org/address>",
            "<schema.org/image>",
            "<schema.org/name>",
            "<schema.org/priceRange>",
            "<schema.org/review>",
            "<schema.org/telephone>",
            "isa:<schema.org/Airline>"
        ],
        "count": 1.0
    },
    {
        "pset": [
            "<schema.org/address>",
            "<schema.org/alternateName>",
            "<schema.org/contactPoint>",
            "<schema.org/logo>",
            "<schema.org/name>",
            "<schema.org/review>",
            "<schema.org/url>",
            "isa:<schema.org/Airline>"
        ],
        "count": 1.0
    },
    {
        "pset": [
            "<schema.org/address>",
            "<schema.org/contactPoint>",
            "<schema.org/location>",
            "<schema.org/logo>",
            "<schema.org/name>",
            "<schema.org/url>",
            "isa:<schema.org/Airline>",
            "isa:<schema.org/Organization>"
        ],
        "count": 1.0
    },
    {
        "pset": [
            "<schema.org/address>",
            "<schema.org/image>",
            "<schema.org/name>",
            "isa:<schema.org/Airline>"
        ],
        "count": 1.0
    },
    {
        "pset": [
            "<schema.org/address>",
            "<schema.org/location>",
            "<schema.org/name>",
            "<schema.org/url>",
            "isa:<schema.org/Airline>",
            "isa:<schema.org/Organization>",
            "isa:<schema.org/Place>"
        ],
        "count": 1.0
    },
    {
        "pset": [
            "<schema.org/contactPoint>",
            "<schema.org/description>",
            "<schema.org/image>",
            "<schema.org/logo>",
            "<schema.org/name>",
            "<schema.org/sameAs>",
            "<schema.org/url>",
            "isa:<schema.org/Airline>",
            "isa:<schema.org/Organization>"
        ],
        "count": 1.0
    }
]