[
    {
        "pset": [
            "<schema.org/abstract>",
            "<schema.org/creativeWorkStatus>",
            "<schema.org/dateModified>",
            "<schema.org/description>",
            "<schema.org/holdingArchive>",
            "<schema.org/temporalCoverage>",
            "isa:<schema.org/ArchiveComponent>"
        ],
        "count": 5649.0
    },
    {
        "pset": [
            "<schema.org/name>",
            "isa:<schema.org/ArchiveComponent>"
        ],
        "count": 1154.0
    },
    {
        "pset": [
            "<schema.org/headline>",
            "<schema.org/isAccessibleForFree>",
            "<schema.org/mainEntityOfPage>",
            "<schema.org/publisher>",
            "isa:<schema.org/ArchiveComponent>"
        ],
        "count": 887.0
    },
    {
        "pset": [
            "<schema.org/datePublished>",
            "<schema.org/headline>",
            "<schema.org/image>",
            "<schema.org/publisher>",
            "isa:<schema.org/ArchiveComponent>"
        ],
        "count": 756.0
    },
    {
        "pset": [
            "<schema.org/abstract>",
            "<schema.org/creativeWorkStatus>",
            "<schema.org/dateModified>",
            "<schema.org/description>",
            "<schema.org/holdingArchive>",
            "<schema.org/temporalCoverage>",
            "<schema.org/url>",
            "isa:<schema.org/ArchiveComponent>"
        ],
        "count": 554.0
    },
    {
        "pset": [
            "<schema.org/about>",
            "<schema.org/holdingArchive>",
            "<schema.org/isPartOf>",
            "<schema.org/name>",
            "isa:<schema.org/ArchiveComponent>"
        ],
        "count": 496.0
    },
    {
        "pset": [
            "<schema.org/holdingArchive>",
            "<schema.org/isPartOf>",
            "<schema.org/name>",
            "isa:<schema.org/ArchiveComponent>"
        ],
        "count": 307.0
    },
    {
        "pset": [
            "<schema.org/about>",
            "<schema.org/holdingArchive>",
            "<schema.org/isPartOf>",
            "<schema.org/mentions>",
            "<schema.org/name>",
            "isa:<schema.org/ArchiveComponent>"
        ],
        "count": 251.0
    },
    {
        "pset": [
            "<schema.org/about>",
            "<schema.org/encoding>",
            "<schema.org/holdingArchive>",
            "<schema.org/isPartOf>",
            "<schema.org/name>",
            "isa:<schema.org/ArchiveComponent>"
        ],
        "count": 193.0
    },
    {
        "pset": [
            "<schema.org/about>",
            "<schema.org/hasPart>",
            "<schema.org/holdingArchive>",
            "<schema.org/isPartOf>",
            "<schema.org/name>",
            "isa:<schema.org/ArchiveComponent>"
        ],
        "count": 138.0
    },
    {
        "pset": [
            "<schema.org/holdingArchive>",
            "<schema.org/isPartOf>",
            "<schema.org/mentions>",
            "<schema.org/name>",
            "isa:<schema.org/ArchiveComponent>"
        ],
        "count": 137.0
    },
    {
        "pset": [
            "<schema.org/conditionsOfAccess>",
            "<schema.org/description>",
            "<schema.org/holdingArchive>",
            "<schema.org/name>",
            "isa:<schema.org/ArchiveComponent>"
        ],
        "count": 100.0
    },
    {
        "pset": [
            "<schema.org/author>",
            "<schema.org/copyrightHolder>",
            "<schema.org/copyrightYear>",
            "<schema.org/creator>",
            "<schema.org/dateModified>",
            "<schema.org/datePublished>",
            "<schema.org/description>",
            "<schema.org/headline>",
            "<schema.org/image>",
            "<schema.org/inLanguage>",
            "<schema.org/mainEntityOfPage>",
            "<schema.org/name>",
            "<schema.org/publisher>",
            "<schema.org/url>",
            "isa:<schema.org/ArchiveComponent>"
        ],
        "count": 98.0
    },
    {
        "pset": [
            "<schema.org/about>",
            "<schema.org/contentLocation>",
            "<schema.org/hasPart>",
            "<schema.org/holdingArchive>",
            "<schema.org/mentions>",
            "<schema.org/name>",
            "isa:<schema.org/ArchiveComponent>"
        ],
        "count": 90.0
    },
    {
        "pset": [
            "<schema.org/description>",
            "<schema.org/name>",
            "isa:<schema.org/ArchiveComponent>"
        ],
        "count": 64.0
    },
    {
        "pset": [
            "<schema.org/about>",
            "<schema.org/encoding>",
            "<schema.org/holdingArchive>",
            "<schema.org/isPartOf>",
            "<schema.org/mentions>",
            "<schema.org/name>",
            "isa:<schema.org/ArchiveComponent>"
        ],
        "count": 57.0
    },
    {
        "pset": [
            "<schema.org/headline>",
            "<schema.org/image>",
            "<schema.org/isAccessibleForFree>",
            "<schema.org/mainEntityOfPage>",
            "<schema.org/publisher>",
            "isa:<schema.org/ArchiveComponent>"
        ],
        "count": 55.0
    },
    {
        "pset": [
            "<schema.org/hasPart>",
            "<schema.org/holdingArchive>",
            "<schema.org/isPartOf>",
            "<schema.org/name>",
            "isa:<schema.org/ArchiveComponent>"
        ],
        "count": 50.0
    },
    {
        "pset": [
            "<schema.org/about>",
            "<schema.org/creator>",
            "<schema.org/dateCreated>",
            "<schema.org/description>",
            "<schema.org/genre>",
            "<schema.org/holdingArchive>",
            "<schema.org/identifier>",
            "<schema.org/inLanguage>",
            "<schema.org/isRelatedTo>",
            "<schema.org/materialExtent>",
            "<schema.org/name>",
            "isa:<schema.org/ArchiveComponent>",
            "isa:<schema.org/Collection>"
        ],
        "count": 46.0
    },
    {
        "pset": [
            "<schema.org/holdingArchive>",
            "<schema.org/name>",
            "<schema.org/url>",
            "isa:<schema.org/ArchiveComponent>"
        ],
        "count": 44.0
    },
    {
        "pset": [
            "<schema.org/about>",
            "<schema.org/artform>",
            "<schema.org/creator>",
            "<schema.org/datePublished>",
            "<schema.org/description>",
            "<schema.org/headline>",
            "<schema.org/image>",
            "<schema.org/inLanguage>",
            "<schema.org/isPartOf>",
            "<schema.org/itemlocation>",
            "<schema.org/name>",
            "<schema.org/publisher>",
            "isa:<schema.org/ArchiveComponent>",
            "isa:<schema.org/Visualartwork>"
        ],
        "count": 42.0
    },
    {
        "pset": [
            "<schema.org/contentLocation>",
            "<schema.org/hasPart>",
            "<schema.org/holdingArchive>",
            "<schema.org/mentions>",
            "<schema.org/name>",
            "isa:<schema.org/ArchiveComponent>"
        ],
        "count": 42.0
    },
    {
        "pset": [
            "<schema.org/about>",
            "<schema.org/creator>",
            "<schema.org/dateCreated>",
            "<schema.org/description>",
            "<schema.org/genre>",
            "<schema.org/holdingArchive>",
            "<schema.org/identifier>",
            "<schema.org/inLanguage>",
            "<schema.org/materialExtent>",
            "<schema.org/name>",
            "isa:<schema.org/ArchiveComponent>",
            "isa:<schema.org/Collection>"
        ],
        "count": 41.0
    },
    {
        "pset": [
            "<schema.org/about>",
            "<schema.org/creator>",
            "<schema.org/description>",
            "<schema.org/hasPart>",
            "<schema.org/holdingArchive>",
            "<schema.org/inLanguage>",
            "<schema.org/itemLocation>",
            "<schema.org/name>",
            "<schema.org/temporalCoverage>",
            "isa:<schema.org/ArchiveComponent>",
            "isa:<schema.org/\\u0421\\u0431\\u043E\\u0440\\u043D\\u0438\\u043A%20\\u043F\\u0443\\u0431\\u043B\\u0438\\u043A\\u0430\\u0446\\u0438\\u0439>"
        ],
        "count": 37.0
    },
    {
        "pset": [
            "<schema.org/about>",
            "<schema.org/creator>",
            "<schema.org/dateCreated>",
            "<schema.org/description>",
            "<schema.org/holdingArchive>",
            "<schema.org/identifier>",
            "<schema.org/inLanguage>",
            "<schema.org/materialExtent>",
            "<schema.org/name>",
            "isa:<schema.org/ArchiveComponent>",
            "isa:<schema.org/Collection>"
        ],
        "count": 34.0
    },
    {
        "pset": [
            "<schema.org/creator>",
            "<schema.org/dateCreated>",
            "<schema.org/description>",
            "<schema.org/holdingArchive>",
            "<schema.org/identifier>",
            "<schema.org/inLanguage>",
            "<schema.org/materialExtent>",
            "<schema.org/name>",
            "isa:<schema.org/ArchiveComponent>",
            "isa:<schema.org/Collection>"
        ],
        "count": 30.0
    },
    {
        "pset": [
            "<schema.org/creator>",
            "<schema.org/description>",
            "<schema.org/inLanguage>",
            "<schema.org/itemLocation>",
            "<schema.org/name>",
            "isa:<schema.org/ArchiveComponent>"
        ],
        "count": 29.0
    },
    {
        "pset": [
            "<schema.org/about>",
            "<schema.org/contentLocation>",
            "<schema.org/hasPart>",
            "<schema.org/holdingArchive>",
            "<schema.org/name>",
            "isa:<schema.org/ArchiveComponent>"
        ],
        "count": 24.0
    },
    {
        "pset": [
            "<schema.org/about>",
            "<schema.org/creator>",
            "<schema.org/dateCreated>",
            "<schema.org/description>",
            "<schema.org/holdingArchive>",
            "<schema.org/identifier>",
            "<schema.org/inLanguage>",
            "<schema.org/isRelatedTo>",
            "<schema.org/materialExtent>",
            "<schema.org/name>",
            "isa:<schema.org/ArchiveComponent>",
            "isa:<schema.org/Collection>"
        ],
        "count": 23.0
    },
    {
        "pset": [
            "<schema.org/dateCreated>",
            "<schema.org/holdingArchive>",
            "<schema.org/isPartOf>",
            "<schema.org/name>",
            "isa:<schema.org/ArchiveComponent>"
        ],
        "count": 20.0
    },
    {
        "pset": [
            "<schema.org/about>",
            "<schema.org/creator>",
            "<schema.org/dateCreated>",
            "<schema.org/description>",
            "<schema.org/genre>",
            "<schema.org/holdingArchive>",
            "<schema.org/isPartOf>",
            "<schema.org/materialExtent>",
            "<schema.org/name>",
            "isa:<schema.org/ArchiveComponent>"
        ],
        "count": 18.0
    },
    {
        "pset": [
            "<schema.org/creator>",
            "<schema.org/dateCreated>",
            "<schema.org/description>",
            "<schema.org/holdingArchive>",
            "<schema.org/isPartOf>",
            "<schema.org/name>",
            "isa:<schema.org/ArchiveComponent>"
        ],
        "count": 18.0
    },
    {
        "pset": [
            "<schema.org/creator>",
            "<schema.org/dateCreated>",
            "<schema.org/description>",
            "<schema.org/holdingArchive>",
            "<schema.org/identifier>",
            "<schema.org/inLanguage>",
            "<schema.org/isRelatedTo>",
            "<schema.org/materialExtent>",
            "<schema.org/name>",
            "isa:<schema.org/ArchiveComponent>",
            "isa:<schema.org/Collection>"
        ],
        "count": 18.0
    },
    {
        "pset": [
            "<schema.org/holdingArchive>",
            "<schema.org/name>",
            "isa:<schema.org/ArchiveComponent>"
        ],
        "count": 16.0
    },
    {
        "pset": [
            "<schema.org/description>",
            "<schema.org/name>",
            "<schema.org/url>",
            "isa:<schema.org/ArchiveComponent>"
        ],
        "count": 15.0
    },
    {
        "pset": [
            "<schema.org/contentLocation>",
            "<schema.org/hasPart>",
            "<schema.org/holdingArchive>",
            "<schema.org/name>",
            "isa:<schema.org/ArchiveComponent>"
        ],
        "count": 13.0
    },
    {
        "pset": [
            "<schema.org/about>",
            "<schema.org/hasPart>",
            "<schema.org/holdingArchive>",
            "<schema.org/isPartOf>",
            "<schema.org/mentions>",
            "<schema.org/name>",
            "isa:<schema.org/ArchiveComponent>"
        ],
        "count": 9.0
    },
    {
        "pset": [
            "<schema.org/about>",
            "<schema.org/holdingArchive>",
            "<schema.org/name>",
            "isa:<schema.org/ArchiveComponent>"
        ],
        "count": 9.0
    },
    {
        "pset": [
            "<schema.org/about>",
            "<schema.org/hasPart>",
            "<schema.org/holdingArchive>",
            "<schema.org/name>",
            "isa:<schema.org/ArchiveComponent>"
        ],
        "count": 8.0
    },
    {
        "pset": [
            "<schema.org/about>",
            "<schema.org/hasPart>",
            "<schema.org/holdingArchive>",
            "<schema.org/mentions>",
            "<schema.org/name>",
            "isa:<schema.org/ArchiveComponent>"
        ],
        "count": 7.0
    },
    {
        "pset": [
            "<schema.org/creator>",
            "<schema.org/description>",
            "<schema.org/inLanguage>",
            "<schema.org/itemLocation>",
            "<schema.org/name>",
            "<schema.org/temporalCoverage>",
            "isa:<schema.org/ArchiveComponent>"
        ],
        "count": 5.0
    },
    {
        "pset": [
            "<schema.org/about>",
            "<schema.org/dateCreated>",
            "<schema.org/description>",
            "<schema.org/genre>",
            "<schema.org/holdingArchive>",
            "<schema.org/identifier>",
            "<schema.org/inLanguage>",
            "<schema.org/isRelatedTo>",
            "<schema.org/materialExtent>",
            "<schema.org/name>",
            "isa:<schema.org/ArchiveComponent>",
            "isa:<schema.org/Collection>"
        ],
        "count": 5.0
    },
    {
        "pset": [
            "<schema.org/hasPart>",
            "<schema.org/holdingArchive>",
            "<schema.org/isPartOf>",
            "<schema.org/mentions>",
            "<schema.org/name>",
            "isa:<schema.org/ArchiveComponent>"
        ],
        "count": 5.0
    },
    {
        "pset": [
            "<schema.org/creator>",
            "<schema.org/dateCreated>",
            "<schema.org/description>",
            "<schema.org/holdingArchive>",
            "<schema.org/isPartOf>",
            "<schema.org/name>",
            "isa:<schema.org/ArchiveComponent>",
            "isa:<schema.org/Collection>"
        ],
        "count": 5.0
    },
    {
        "pset": [
            "<schema.org/dateCreated>",
            "<schema.org/description>",
            "<schema.org/holdingArchive>",
            "<schema.org/identifier>",
            "<schema.org/inLanguage>",
            "<schema.org/materialExtent>",
            "<schema.org/name>",
            "isa:<schema.org/ArchiveComponent>",
            "isa:<schema.org/Collection>"
        ],
        "count": 4.0
    },
    {
        "pset": [
            "<schema.org/hasPart>",
            "<schema.org/holdingArchive>",
            "<schema.org/name>",
            "isa:<schema.org/ArchiveComponent>"
        ],
        "count": 4.0
    },
    {
        "pset": [
            "<schema.org/creator>",
            "<schema.org/description>",
            "<schema.org/holdingArchive>",
            "<schema.org/isPartOf>",
            "<schema.org/name>",
            "isa:<schema.org/ArchiveComponent>"
        ],
        "count": 4.0
    },
    {
        "pset": [
            "<schema.org/dateCreated>",
            "<schema.org/description>",
            "<schema.org/holdingArchive>",
            "<schema.org/isPartOf>",
            "<schema.org/name>",
            "isa:<schema.org/ArchiveComponent>"
        ],
        "count": 4.0
    },
    {
        "pset": [
            "<schema.org/encoding>",
            "<schema.org/holdingArchive>",
            "<schema.org/isPartOf>",
            "<schema.org/mentions>",
            "<schema.org/name>",
            "isa:<schema.org/ArchiveComponent>"
        ],
        "count": 4.0
    },
    {
        "pset": [
            "<schema.org/creator>",
            "<schema.org/dateCreated>",
            "<schema.org/description>",
            "<schema.org/holdingArchive>",
            "<schema.org/identifier>",
            "<schema.org/materialExtent>",
            "<schema.org/name>",
            "isa:<schema.org/ArchiveComponent>",
            "isa:<schema.org/Collection>"
        ],
        "count": 3.0
    },
    {
        "pset": [
            "<schema.org/creator>",
            "<schema.org/dateCreated>",
            "<schema.org/holdingArchive>",
            "<schema.org/identifier>",
            "<schema.org/inLanguage>",
            "<schema.org/materialExtent>",
            "<schema.org/name>",
            "isa:<schema.org/ArchiveComponent>",
            "isa:<schema.org/Collection>"
        ],
        "count": 3.0
    },
    {
        "pset": [
            "<schema.org/hasPart>",
            "<schema.org/holdingArchive>",
            "<schema.org/mentions>",
            "<schema.org/name>",
            "isa:<schema.org/ArchiveComponent>"
        ],
        "count": 3.0
    },
    {
        "pset": [
            "<schema.org/creator>",
            "<schema.org/dateCreated>",
            "<schema.org/description>",
            "<schema.org/holdingArchive>",
            "<schema.org/identifier>",
            "<schema.org/isRelatedTo>",
            "<schema.org/materialExtent>",
            "<schema.org/name>",
            "isa:<schema.org/ArchiveComponent>",
            "isa:<schema.org/Collection>"
        ],
        "count": 3.0
    },
    {
        "pset": [
            "<schema.org/description>",
            "<schema.org/holdingArchive>",
            "<schema.org/image>",
            "<schema.org/keywords>",
            "<schema.org/name>",
            "<schema.org/temporalCoverage>",
            "<schema.org/thumbnailUrl>",
            "<schema.org/url>",
            "isa:<schema.org/ArchiveComponent>"
        ],
        "count": 2.0
    },
    {
        "pset": [
            "<schema.org/creator>",
            "<schema.org/dateCreated>",
            "<schema.org/description>",
            "<schema.org/holdingArchive>",
            "<schema.org/isPartOf>",
            "<schema.org/isRelatedTo>",
            "<schema.org/name>",
            "isa:<schema.org/ArchiveComponent>",
            "isa:<schema.org/Collection>"
        ],
        "count": 2.0
    },
    {
        "pset": [
            "<schema.org/about>",
            "<schema.org/dateCreated>",
            "<schema.org/description>",
            "<schema.org/holdingArchive>",
            "<schema.org/identifier>",
            "<schema.org/inLanguage>",
            "<schema.org/materialExtent>",
            "<schema.org/name>",
            "isa:<schema.org/ArchiveComponent>",
            "isa:<schema.org/Collection>"
        ],
        "count": 2.0
    },
    {
        "pset": [
            "<schema.org/about>",
            "<schema.org/contentLocation>",
            "<schema.org/holdingArchive>",
            "<schema.org/isPartOf>",
            "<schema.org/name>",
            "isa:<schema.org/ArchiveComponent>"
        ],
        "count": 2.0
    },
    {
        "pset": [
            "<schema.org/dateCreated>",
            "<schema.org/description>",
            "<schema.org/holdingArchive>",
            "<schema.org/identifier>",
            "<schema.org/inLanguage>",
            "<schema.org/isRelatedTo>",
            "<schema.org/materialExtent>",
            "<schema.org/name>",
            "isa:<schema.org/ArchiveComponent>",
            "isa:<schema.org/Collection>"
        ],
        "count": 2.0
    },
    {
        "pset": [
            "<schema.org/about>",
            "<schema.org/dateCreated>",
            "<schema.org/description>",
            "<schema.org/genre>",
            "<schema.org/holdingArchive>",
            "<schema.org/identifier>",
            "<schema.org/inLanguage>",
            "<schema.org/materialExtent>",
            "<schema.org/name>",
            "isa:<schema.org/ArchiveComponent>",
            "isa:<schema.org/Collection>"
        ],
        "count": 2.0
    },
    {
        "pset": [
            "<schema.org/about>",
            "<schema.org/contentLocation>",
            "<schema.org/holdingArchive>",
            "<schema.org/isPartOf>",
            "<schema.org/mentions>",
            "<schema.org/name>",
            "isa:<schema.org/ArchiveComponent>"
        ],
        "count": 2.0
    },
    {
        "pset": [
            "<schema.org/about>",
            "<schema.org/creator>",
            "<schema.org/description>",
            "<schema.org/hasPart>",
            "<schema.org/holdingArchive>",
            "<schema.org/image>",
            "<schema.org/inLanguage>",
            "<schema.org/itemLocation>",
            "<schema.org/mainEntityOfPage>",
            "<schema.org/name>",
            "<schema.org/temporalCoverage>",
            "<schema.org/url>",
            "<schema.org/worksFor>",
            "isa:<schema.org/ArchiveComponent>",
            "isa:<schema.org/Person>",
            "isa:<schema.org/\\u0421\\u0431\\u043E\\u0440\\u043D\\u0438\\u043A%20\\u043F\\u0443\\u0431\\u043B\\u0438\\u043A\\u0430\\u0446\\u0438\\u0439>"
        ],
        "count": 2.0
    },
    {
        "pset": [
            "<schema.org/about>",
            "<schema.org/creator>",
            "<schema.org/dateCreated>",
            "<schema.org/description>",
            "<schema.org/holdingArchive>",
            "<schema.org/isPartOf>",
            "<schema.org/name>",
            "isa:<schema.org/ArchiveComponent>",
            "isa:<schema.org/Collection>"
        ],
        "count": 2.0
    },
    {
        "pset": [
            "<schema.org/encoding>",
            "<schema.org/hasPart>",
            "<schema.org/holdingArchive>",
            "<schema.org/isPartOf>",
            "<schema.org/mentions>",
            "<schema.org/name>",
            "isa:<schema.org/ArchiveComponent>"
        ],
        "count": 1.0
    },
    {
        "pset": [
            "<schema.org/holdingArchive>",
            "<schema.org/image>",
            "<schema.org/keywords>",
            "<schema.org/name>",
            "<schema.org/temporalCoverage>",
            "<schema.org/thumbnailUrl>",
            "<schema.org/url>",
            "isa:<schema.org/ArchiveComponent>"
        ],
        "count": 1.0
    },
    {
        "pset": [
            "<schema.org/accessibilityAPI>",
            "<schema.org/accessibilityControl>",
            "<schema.org/accessibilityFeature>",
            "<schema.org/accessibilityHazard>",
            "<schema.org/description>",
            "<schema.org/holdingArchive>",
            "<schema.org/keywords>",
            "<schema.org/name>",
            "<schema.org/publisher>",
            "<schema.org/temporal>",
            "<schema.org/url>",
            "isa:<schema.org/ArchiveComponent>"
        ],
        "count": 1.0
    },
    {
        "pset": [
            "<schema.org/description>",
            "<schema.org/holdingArchive>",
            "<schema.org/name>",
            "isa:<schema.org/ArchiveComponent>"
        ],
        "count": 1.0
    },
    {
        "pset": [
            "<schema.org/contentLocation>",
            "<schema.org/hasPart>",
            "<schema.org/holdingArchive>",
            "<schema.org/isPartOf>",
            "<schema.org/name>",
            "isa:<schema.org/ArchiveComponent>"
        ],
        "count": 1.0
    },
    {
        "pset": [
            "<schema.org/dateCreated>",
            "<schema.org/description>",
            "<schema.org/holdingArchive>",
            "<schema.org/identifier>",
            "<schema.org/isRelatedTo>",
            "<schema.org/materialExtent>",
            "<schema.org/name>",
            "isa:<schema.org/ArchiveComponent>",
            "isa:<schema.org/Collection>"
        ],
        "count": 1.0
    },
    {
        "pset": [
            "<schema.org/creator>",
            "<schema.org/dateCreated>",
            "<schema.org/description>",
            "<schema.org/genre>",
            "<schema.org/holdingArchive>",
            "<schema.org/identifier>",
            "<schema.org/inLanguage>",
            "<schema.org/isRelatedTo>",
            "<schema.org/materialExtent>",
            "<schema.org/name>",
            "isa:<schema.org/ArchiveComponent>",
            "isa:<schema.org/Collection>"
        ],
        "count": 1.0
    },
    {
        "pset": [
            "<schema.org/dateCreated>",
            "<schema.org/description>",
            "<schema.org/holdingArchive>",
            "<schema.org/isPartOf>",
            "<schema.org/name>",
            "isa:<schema.org/ArchiveComponent>",
            "isa:<schema.org/Collection>"
        ],
        "count": 1.0
    },
    {
        "pset": [
            "<schema.org/about>",
            "<schema.org/dateCreated>",
            "<schema.org/description>",
            "<schema.org/holdingArchive>",
            "<schema.org/isPartOf>",
            "<schema.org/name>",
            "isa:<schema.org/ArchiveComponent>"
        ],
        "count": 1.0
    },
    {
        "pset": [
            "<schema.org/about>",
            "<schema.org/creator>",
            "<schema.org/dateCreated>",
            "<schema.org/description>",
            "<schema.org/holdingArchive>",
            "<schema.org/isPartOf>",
            "<schema.org/name>",
            "isa:<schema.org/ArchiveComponent>"
        ],
        "count": 1.0
    },
    {
        "pset": [
            "<schema.org/creator>",
            "<schema.org/dateCreated>",
            "<schema.org/description>",
            "<schema.org/holdingArchive>",
            "<schema.org/isPartOf>",
            "<schema.org/materialExtent>",
            "<schema.org/name>",
            "isa:<schema.org/ArchiveComponent>"
        ],
        "count": 1.0
    },
    {
        "pset": [
            "<schema.org/about>",
            "<schema.org/dateCreated>",
            "<schema.org/description>",
            "<schema.org/holdingArchive>",
            "<schema.org/identifier>",
            "<schema.org/inLanguage>",
            "<schema.org/isRelatedTo>",
            "<schema.org/materialExtent>",
            "<schema.org/name>",
            "isa:<schema.org/ArchiveComponent>",
            "isa:<schema.org/Collection>"
        ],
        "count": 1.0
    },
    {
        "pset": [
            "<schema.org/collectionSize>",
            "<schema.org/holdingArchive>",
            "<schema.org/isPartOf>",
            "<schema.org/name>",
            "isa:<schema.org/ArchiveComponent>",
            "isa:<schema.org/Collection>"
        ],
        "count": 1.0
    },
    {
        "pset": [
            "<schema.org/about>",
            "<schema.org/dateCreated>",
            "<schema.org/description>",
            "<schema.org/genre>",
            "<schema.org/holdingArchive>",
            "<schema.org/identifier>",
            "<schema.org/inLanguage>",
            "<schema.org/name>",
            "isa:<schema.org/ArchiveComponent>",
            "isa:<schema.org/Collection>"
        ],
        "count": 1.0
    },
    {
        "pset": [
            "<schema.org/about>",
            "<schema.org/dateCreated>",
            "<schema.org/description>",
            "<schema.org/genre>",
            "<schema.org/holdingArchive>",
            "<schema.org/identifier>",
            "<schema.org/inLanguage>",
            "<schema.org/isRelatedTo>",
            "<schema.org/name>",
            "isa:<schema.org/ArchiveComponent>",
            "isa:<schema.org/Collection>"
        ],
        "count": 1.0
    },
    {
        "pset": [
            "<schema.org/description>",
            "<schema.org/holdingArchive>",
            "<schema.org/image>",
            "<schema.org/keywords>",
            "<schema.org/name>",
            "<schema.org/thumbnailUrl>",
            "<schema.org/url>",
            "isa:<schema.org/ArchiveComponent>"
        ],
        "count": 1.0
    },
    {
        "pset": [
            "<schema.org/name>",
            "isa:<schema.org/ArchiveComponent>",
            "isa:<schema.org/CreativeWork>"
        ],
        "count": 1.0
    },
    {
        "pset": [
            "<schema.org/creator>",
            "<schema.org/description>",
            "<schema.org/holdingArchive>",
            "<schema.org/isPartOf>",
            "<schema.org/name>",
            "isa:<schema.org/ArchiveComponent>",
            "isa:<schema.org/Collection>"
        ],
        "count": 1.0
    },
    {
        "pset": [
            "<schema.org/materialExtent>",
            "<schema.org/name>",
            "isa:<schema.org/ArchiveComponent>",
            "isa:<schema.org/CreativeWork>"
        ],
        "count": 1.0
    },
    {
        "pset": [
            "<schema.org/contentLocation>",
            "<schema.org/encoding>",
            "<schema.org/hasPart>",
            "<schema.org/holdingArchive>",
            "<schema.org/mentions>",
            "<schema.org/name>",
            "isa:<schema.org/ArchiveComponent>"
        ],
        "count": 1.0
    },
    {
        "pset": [
            "<schema.org/about>",
            "<schema.org/encoding>",
            "<schema.org/hasPart>",
            "<schema.org/holdingArchive>",
            "<schema.org/isPartOf>",
            "<schema.org/mentions>",
            "<schema.org/name>",
            "isa:<schema.org/ArchiveComponent>"
        ],
        "count": 1.0
    },
    {
        "pset": [
            "<schema.org/about>",
            "<schema.org/description>",
            "<schema.org/holdingArchive>",
            "<schema.org/identifier>",
            "<schema.org/inLanguage>",
            "<schema.org/isRelatedTo>",
            "<schema.org/materialExtent>",
            "<schema.org/name>",
            "isa:<schema.org/ArchiveComponent>",
            "isa:<schema.org/Collection>"
        ],
        "count": 1.0
    }
]