[
    {
        "pset": [
            "<schema.org/address>",
            "<schema.org/geo>",
            "<schema.org/hasMap>",
            "<schema.org/image>",
            "<schema.org/name>",
            "isa:<schema.org/AutomatedTeller>"
        ],
        "count": 5831.0
    },
    {
        "pset": [
            "<schema.org/address>",
            "<schema.org/image>",
            "<schema.org/name>",
            "<schema.org/openingHours>",
            "<schema.org/telephone>",
            "isa:<schema.org/AutomatedTeller>"
        ],
        "count": 4038.0
    },
    {
        "pset": [
            "<schema.org/additionalType>",
            "<schema.org/address>",
            "<schema.org/amenityFeature>",
            "<schema.org/areaServed>",
            "<schema.org/geo>",
            "<schema.org/hasMap>",
            "<schema.org/image>",
            "<schema.org/logo>",
            "<schema.org/mainEntityOfPage>",
            "<schema.org/name>",
            "<schema.org/openingHours>",
            "<schema.org/sameAs>",
            "<schema.org/telephone>",
            "<schema.org/url>",
            "isa:<schema.org/AutomatedTeller>"
        ],
        "count": 2174.0
    },
    {
        "pset": [
            "<schema.org/address>",
            "<schema.org/amenityFeature>",
            "<schema.org/currenciesAccepted>",
            "<schema.org/hasDriveThroughService>",
            "<schema.org/image>",
            "<schema.org/knowsLanguage>",
            "<schema.org/name>",
            "<schema.org/openingHoursSpecification>",
            "isa:<schema.org/AutomatedTeller>"
        ],
        "count": 1707.0
    },
    {
        "pset": [
            "<schema.org/address>",
            "<schema.org/geo>",
            "<schema.org/hasMap>",
            "<schema.org/image>",
            "<schema.org/name>",
            "<schema.org/telephone>",
            "isa:<schema.org/AutomatedTeller>"
        ],
        "count": 989.0
    },
    {
        "pset": [
            "<schema.org/address>",
            "<schema.org/amenityFeature>",
            "<schema.org/currenciesAccepted>",
            "<schema.org/description>",
            "<schema.org/geo>",
            "<schema.org/hasDriveThroughService>",
            "<schema.org/image>",
            "<schema.org/knowsLanguage>",
            "<schema.org/name>",
            "<schema.org/openingHoursSpecification>",
            "<schema.org/parentOrganization>",
            "<schema.org/url>",
            "isa:<schema.org/AutomatedTeller>"
        ],
        "count": 870.0
    },
    {
        "pset": [
            "<schema.org/address>",
            "<schema.org/image>",
            "<schema.org/name>",
            "<schema.org/openingHoursSpecification>",
            "<schema.org/priceRange>",
            "isa:<schema.org/AutomatedTeller>"
        ],
        "count": 807.0
    },
    {
        "pset": [
            "<schema.org/additionalType>",
            "<schema.org/address>",
            "<schema.org/hasMap>",
            "<schema.org/image>",
            "<schema.org/logo>",
            "<schema.org/mainEntityOfPage>",
            "<schema.org/name>",
            "<schema.org/sameAs>",
            "<schema.org/telephone>",
            "<schema.org/url>",
            "isa:<schema.org/AutomatedTeller>"
        ],
        "count": 330.0
    },
    {
        "pset": [
            "<schema.org/address>",
            "<schema.org/email>",
            "<schema.org/geo>",
            "<schema.org/image>",
            "<schema.org/logo>",
            "<schema.org/name>",
            "<schema.org/openingHours>",
            "<schema.org/url>",
            "isa:<schema.org/AutomatedTeller>"
        ],
        "count": 208.0
    },
    {
        "pset": [
            "<schema.org/address>",
            "<schema.org/geo>",
            "<schema.org/image>",
            "<schema.org/logo>",
            "<schema.org/name>",
            "<schema.org/openingHoursSpecification>",
            "<schema.org/telephone>",
            "<schema.org/url>",
            "isa:<schema.org/AutomatedTeller>"
        ],
        "count": 158.0
    },
    {
        "pset": [
            "<schema.org/address>",
            "<schema.org/geo>",
            "<schema.org/image>",
            "<schema.org/name>",
            "<schema.org/priceRange>",
            "<schema.org/telephone>",
            "<schema.org/url>",
            "isa:<schema.org/AutomatedTeller>"
        ],
        "count": 112.0
    },
    {
        "pset": [
            "<schema.org/address>",
            "<schema.org/branchOf>",
            "<schema.org/description>",
            "<schema.org/faxNumber>",
            "<schema.org/geo>",
            "<schema.org/image>",
            "<schema.org/logo>",
            "<schema.org/name>",
            "<schema.org/telephone>",
            "<schema.org/url>",
            "isa:<schema.org/AutomatedTeller>"
        ],
        "count": 88.0
    },
    {
        "pset": [
            "<schema.org/address>",
            "<schema.org/branchOf>",
            "<schema.org/hasMap>",
            "<schema.org/image>",
            "<schema.org/isAccessibleForFree>",
            "<schema.org/logo>",
            "<schema.org/name>",
            "<schema.org/parentOrganization>",
            "<schema.org/priceRange>",
            "<schema.org/publicAccess>",
            "<schema.org/sameAs>",
            "<schema.org/telephone>",
            "<schema.org/url>",
            "isa:<schema.org/AutomatedTeller>"
        ],
        "count": 81.0
    },
    {
        "pset": [
            "<schema.org/image>",
            "<schema.org/name>",
            "<schema.org/priceRange>",
            "isa:<schema.org/AutomatedTeller>"
        ],
        "count": 37.0
    },
    {
        "pset": [
            "<schema.org/address>",
            "<schema.org/currenciesAccepted>",
            "<schema.org/hasDriveThroughService>",
            "<schema.org/image>",
            "<schema.org/knowsLanguage>",
            "<schema.org/name>",
            "<schema.org/openingHoursSpecification>",
            "isa:<schema.org/AutomatedTeller>"
        ],
        "count": 33.0
    },
    {
        "pset": [
            "<schema.org/address>",
            "<schema.org/email>",
            "<schema.org/geo>",
            "<schema.org/image>",
            "<schema.org/logo>",
            "<schema.org/name>",
            "<schema.org/openingHours>",
            "<schema.org/telePhone>",
            "<schema.org/url>",
            "isa:<schema.org/AutomatedTeller>"
        ],
        "count": 18.0
    },
    {
        "pset": [
            "<schema.org/address>",
            "<schema.org/description>",
            "<schema.org/email>",
            "<schema.org/foundingDate>",
            "<schema.org/geo>",
            "<schema.org/image>",
            "<schema.org/logo>",
            "<schema.org/makesOffer>",
            "<schema.org/name>",
            "<schema.org/openingHoursSpecification>",
            "<schema.org/telephone>",
            "<schema.org/url>",
            "isa:<schema.org/AutomatedTeller>",
            "isa:<schema.org/BankOrCreditUnion>"
        ],
        "count": 17.0
    },
    {
        "pset": [
            "<schema.org/address>",
            "<schema.org/description>",
            "<schema.org/geo>",
            "<schema.org/image>",
            "<schema.org/logo>",
            "<schema.org/makesOffer>",
            "<schema.org/name>",
            "<schema.org/openingHoursSpecification>",
            "<schema.org/telephone>",
            "<schema.org/url>",
            "isa:<schema.org/AutomatedTeller>",
            "isa:<schema.org/BankOrCreditUnion>",
            "isa:<schema.org/FinancialService>"
        ],
        "count": 17.0
    },
    {
        "pset": [
            "<schema.org/description>",
            "<schema.org/image>",
            "<schema.org/mainEntityOfPage>",
            "<schema.org/name>",
            "<schema.org/url>",
            "isa:<schema.org/AutomatedTeller>"
        ],
        "count": 15.0
    },
    {
        "pset": [
            "<schema.org/address>",
            "<schema.org/currenciesAccepted>",
            "<schema.org/description>",
            "<schema.org/geo>",
            "<schema.org/hasDriveThroughService>",
            "<schema.org/image>",
            "<schema.org/knowsLanguage>",
            "<schema.org/name>",
            "<schema.org/openingHoursSpecification>",
            "<schema.org/parentOrganization>",
            "<schema.org/url>",
            "isa:<schema.org/AutomatedTeller>"
        ],
        "count": 14.0
    },
    {
        "pset": [
            "<schema.org/image>",
            "<schema.org/name>",
            "<schema.org/priceRange>",
            "<schema.org/telephone>",
            "isa:<schema.org/AutomatedTeller>"
        ],
        "count": 9.0
    },
    {
        "pset": [
            "<schema.org/address>",
            "<schema.org/image>",
            "<schema.org/name>",
            "<schema.org/url>",
            "isa:<schema.org/AutomatedTeller>"
        ],
        "count": 8.0
    },
    {
        "pset": [
            "<schema.org/address>",
            "<schema.org/breadcrumb>",
            "<schema.org/dateModified>",
            "<schema.org/datePublished>",
            "<schema.org/description>",
            "<schema.org/geo>",
            "<schema.org/image>",
            "<schema.org/inLanguage>",
            "<schema.org/isPartOf>",
            "<schema.org/name>",
            "<schema.org/openingHoursSpecification>",
            "<schema.org/potentialAction>",
            "<schema.org/sameAs>",
            "<schema.org/telephone>",
            "<schema.org/url>",
            "isa:<schema.org/AutomatedTeller>",
            "isa:<schema.org/WebPage>"
        ],
        "count": 7.0
    },
    {
        "pset": [
            "<schema.org/address>",
            "<schema.org/email>",
            "<schema.org/geo>",
            "<schema.org/hasMap>",
            "<schema.org/image>",
            "<schema.org/inLanguage>",
            "<schema.org/isPartOf>",
            "<schema.org/logo>",
            "<schema.org/name>",
            "<schema.org/openingHours>",
            "<schema.org/publisher>",
            "<schema.org/telephone>",
            "<schema.org/url>",
            "isa:<schema.org/AutomatedTeller>"
        ],
        "count": 7.0
    },
    {
        "pset": [
            "<schema.org/address>",
            "<schema.org/geo>",
            "<schema.org/image>",
            "<schema.org/logo>",
            "<schema.org/name>",
            "<schema.org/openingHoursSpecification>",
            "<schema.org/url>",
            "isa:<schema.org/AutomatedTeller>"
        ],
        "count": 5.0
    },
    {
        "pset": [
            "<schema.org/address>",
            "<schema.org/image>",
            "<schema.org/name>",
            "<schema.org/telephone>",
            "isa:<schema.org/AutomatedTeller>"
        ],
        "count": 5.0
    },
    {
        "pset": [
            "<schema.org/address>",
            "<schema.org/contactPoint>",
            "<schema.org/geo>",
            "<schema.org/hasMap>",
            "<schema.org/image>",
            "<schema.org/logo>",
            "<schema.org/openingHours>",
            "isa:<schema.org/AutomatedTeller>"
        ],
        "count": 4.0
    },
    {
        "pset": [
            "<schema.org/address>",
            "<schema.org/description>",
            "<schema.org/geo>",
            "<schema.org/image>",
            "<schema.org/logo>",
            "<schema.org/name>",
            "<schema.org/openingHoursSpecification>",
            "<schema.org/telephone>",
            "<schema.org/url>",
            "isa:<schema.org/AutomatedTeller>",
            "isa:<schema.org/BankOrCreditUnion>"
        ],
        "count": 3.0
    },
    {
        "pset": [
            "<schema.org/address>",
            "<schema.org/geo>",
            "<schema.org/name>",
            "<schema.org/telephone>",
            "<schema.org/url>",
            "isa:<schema.org/AutomatedTeller>",
            "isa:<schema.org/FinancialService>",
            "isa:<schema.org/LocalBusiness>"
        ],
        "count": 2.0
    },
    {
        "pset": [
            "<schema.org/address>",
            "<schema.org/contactPoint>",
            "<schema.org/description>",
            "<schema.org/geo>",
            "<schema.org/image>",
            "<schema.org/logo>",
            "<schema.org/name>",
            "<schema.org/openingHours>",
            "<schema.org/url>",
            "isa:<schema.org/AutomatedTeller>"
        ],
        "count": 2.0
    },
    {
        "pset": [
            "<schema.org/address>",
            "<schema.org/contactPoint>",
            "<schema.org/description>",
            "<schema.org/image>",
            "<schema.org/name>",
            "isa:<schema.org/AutomatedTeller>"
        ],
        "count": 2.0
    },
    {
        "pset": [
            "<schema.org/geo>",
            "<schema.org/name>",
            "<schema.org/telephone>",
            "<schema.org/url>",
            "isa:<schema.org/AutomatedTeller>",
            "isa:<schema.org/BankOrCreditUnion>",
            "isa:<schema.org/FinancialService>",
            "isa:<schema.org/LocalBusiness>"
        ],
        "count": 2.0
    },
    {
        "pset": [
            "<schema.org/address>",
            "<schema.org/email>",
            "<schema.org/geo>",
            "<schema.org/hasMap>",
            "<schema.org/image>",
            "<schema.org/inLanguage>",
            "<schema.org/isPartOf>",
            "<schema.org/logo>",
            "<schema.org/mainEntityOfPage>",
            "<schema.org/name>",
            "<schema.org/openingHours>",
            "<schema.org/publisher>",
            "<schema.org/telephone>",
            "<schema.org/url>",
            "isa:<schema.org/AutomatedTeller>"
        ],
        "count": 2.0
    },
    {
        "pset": [
            "<schema.org/address>",
            "<schema.org/description>",
            "<schema.org/email>",
            "<schema.org/geo>",
            "<schema.org/image>",
            "<schema.org/logo>",
            "<schema.org/makesOffer>",
            "<schema.org/name>",
            "<schema.org/openingHoursSpecification>",
            "<schema.org/telephone>",
            "<schema.org/url>",
            "isa:<schema.org/AutomatedTeller>",
            "isa:<schema.org/BankOrCreditUnion>",
            "isa:<schema.org/FinancialService>"
        ],
        "count": 2.0
    },
    {
        "pset": [
            "<schema.org/address>",
            "<schema.org/description>",
            "<schema.org/foundingDate>",
            "<schema.org/geo>",
            "<schema.org/image>",
            "<schema.org/logo>",
            "<schema.org/name>",
            "<schema.org/openingHoursSpecification>",
            "<schema.org/telephone>",
            "<schema.org/url>",
            "isa:<schema.org/AutomatedTeller>",
            "isa:<schema.org/BankOrCreditUnion>",
            "isa:<schema.org/FinancialService>"
        ],
        "count": 2.0
    },
    {
        "pset": [
            "<schema.org/address>",
            "<schema.org/geo>",
            "<schema.org/makesOffer>",
            "<schema.org/name>",
            "<schema.org/openingHoursSpecification>",
            "<schema.org/telephone>",
            "<schema.org/url>",
            "isa:<schema.org/AutomatedTeller>",
            "isa:<schema.org/BankOrCreditUnion>",
            "isa:<schema.org/FinancialService>"
        ],
        "count": 1.0
    },
    {
        "pset": [
            "<schema.org/address>",
            "<schema.org/geo>",
            "<schema.org/name>",
            "<schema.org/telephone>",
            "<schema.org/url>",
            "isa:<schema.org/AutomatedTeller>",
            "isa:<schema.org/FinancialService>",
            "isa:<schema.org/FoodEstablishment>",
            "isa:<schema.org/GroceryStore>",
            "isa:<schema.org/LocalBusiness>",
            "isa:<schema.org/MedicalBusiness>",
            "isa:<schema.org/Pharmacy>",
            "isa:<schema.org/Store>"
        ],
        "count": 1.0
    },
    {
        "pset": [
            "<schema.org/address>",
            "<schema.org/geo>",
            "<schema.org/image>",
            "<schema.org/logo>",
            "<schema.org/name>",
            "<schema.org/url>",
            "isa:<schema.org/AutomatedTeller>"
        ],
        "count": 1.0
    },
    {
        "pset": [
            "<schema.org/address>",
            "<schema.org/geo>",
            "<schema.org/name>",
            "<schema.org/telephone>",
            "<schema.org/url>",
            "isa:<schema.org/AutomatedTeller>",
            "isa:<schema.org/BankOrCreditUnion>",
            "isa:<schema.org/FinancialService>",
            "isa:<schema.org/InsuranceAgency>",
            "isa:<schema.org/LocalBusiness>",
            "isa:<schema.org/MedicalBusiness>"
        ],
        "count": 1.0
    },
    {
        "pset": [
            "<schema.org/address>",
            "<schema.org/geo>",
            "<schema.org/image>",
            "<schema.org/name>",
            "<schema.org/openingHoursSpecification>",
            "<schema.org/priceRange>",
            "<schema.org/telephone>",
            "<schema.org/url>",
            "isa:<schema.org/AutomatedTeller>"
        ],
        "count": 1.0
    },
    {
        "pset": [
            "<schema.org/address>",
            "<schema.org/geo>",
            "<schema.org/image>",
            "<schema.org/name>",
            "<schema.org/openingHoursSpecification>",
            "<schema.org/sameAs>",
            "<schema.org/telephone>",
            "<schema.org/url>",
            "isa:<schema.org/AutomatedTeller>"
        ],
        "count": 1.0
    },
    {
        "pset": [
            "<schema.org/address>",
            "<schema.org/aggregateRating>",
            "<schema.org/geo>",
            "<schema.org/name>",
            "<schema.org/telephone>",
            "<schema.org/url>",
            "isa:<schema.org/AutomatedTeller>",
            "isa:<schema.org/BankOrCreditUnion>",
            "isa:<schema.org/BeautySalon>",
            "isa:<schema.org/ExerciseGym>",
            "isa:<schema.org/FinancialService>",
            "isa:<schema.org/LocalBusiness>",
            "isa:<schema.org/MedicalBusiness>",
            "isa:<schema.org/MovieTheater>",
            "isa:<schema.org/ShoppingCenter>"
        ],
        "count": 1.0
    },
    {
        "pset": [
            "<schema.org/acceptsReservations>",
            "<schema.org/address>",
            "<schema.org/description>",
            "<schema.org/foundingDate>",
            "<schema.org/geo>",
            "<schema.org/image>",
            "<schema.org/logo>",
            "<schema.org/makesOffer>",
            "<schema.org/name>",
            "<schema.org/openingHoursSpecification>",
            "<schema.org/telephone>",
            "<schema.org/url>",
            "isa:<schema.org/AutomatedTeller>",
            "isa:<schema.org/BankOrCreditUnion>"
        ],
        "count": 1.0
    },
    {
        "pset": [
            "<schema.org/OpeningHoursSpecification>",
            "<schema.org/description>",
            "<schema.org/image>",
            "<schema.org/name>",
            "<schema.org/url>",
            "isa:<schema.org/AutomatedTeller>"
        ],
        "count": 1.0
    },
    {
        "pset": [
            "<schema.org/address>",
            "<schema.org/geo>",
            "<schema.org/name>",
            "<schema.org/telephone>",
            "<schema.org/url>",
            "isa:<schema.org/AutomatedTeller>",
            "isa:<schema.org/Bakery>",
            "isa:<schema.org/FinancialService>",
            "isa:<schema.org/FoodEstablishment>",
            "isa:<schema.org/GroceryStore>",
            "isa:<schema.org/LocalBusiness>",
            "isa:<schema.org/MedicalBusiness>",
            "isa:<schema.org/Pharmacy>",
            "isa:<schema.org/Store>"
        ],
        "count": 1.0
    },
    {
        "pset": [
            "<schema.org/OpeningHoursSpecification>",
            "<schema.org/containedIn>",
            "<schema.org/description>",
            "<schema.org/image>",
            "<schema.org/name>",
            "<schema.org/url>",
            "isa:<schema.org/AutomatedTeller>"
        ],
        "count": 1.0
    },
    {
        "pset": [
            "<schema.org/address>",
            "<schema.org/geo>",
            "<schema.org/name>",
            "<schema.org/telephone>",
            "<schema.org/url>",
            "isa:<schema.org/AutomatedTeller>",
            "isa:<schema.org/FinancialService>",
            "isa:<schema.org/FoodEstablishment>",
            "isa:<schema.org/GroceryStore>",
            "isa:<schema.org/LocalBusiness>",
            "isa:<schema.org/Restaurant>",
            "isa:<schema.org/Store>"
        ],
        "count": 1.0
    },
    {
        "pset": [
            "<schema.org/address>",
            "<schema.org/geo>",
            "<schema.org/image>",
            "<schema.org/logo>",
            "<schema.org/name>",
            "<schema.org/telephone>",
            "<schema.org/url>",
            "isa:<schema.org/AutomatedTeller>",
            "isa:<schema.org/FinancialService>",
            "isa:<schema.org/FoodEstablishment>",
            "isa:<schema.org/GroceryStore>",
            "isa:<schema.org/LocalBusiness>",
            "isa:<schema.org/Store>"
        ],
        "count": 1.0
    },
    {
        "pset": [
            "<schema.org/address>",
            "<schema.org/geo>",
            "<schema.org/hasMap>",
            "<schema.org/image>",
            "<schema.org/name>",
            "<schema.org/telephone>",
            "<schema.org/url>",
            "isa:<schema.org/AutomatedTeller>"
        ],
        "count": 1.0
    },
    {
        "pset": [
            "<schema.org/address>",
            "<schema.org/geo>",
            "<schema.org/name>",
            "<schema.org/telephone>",
            "<schema.org/url>",
            "isa:<schema.org/AutomatedTeller>",
            "isa:<schema.org/BankOrCreditUnion>",
            "isa:<schema.org/FinancialService>",
            "isa:<schema.org/LocalBusiness>"
        ],
        "count": 1.0
    },
    {
        "pset": [
            "<schema.org/address>",
            "<schema.org/geo>",
            "<schema.org/image>",
            "<schema.org/name>",
            "<schema.org/priceRange>",
            "<schema.org/sameAs>",
            "<schema.org/telephone>",
            "<schema.org/url>",
            "isa:<schema.org/AutomatedTeller>"
        ],
        "count": 1.0
    },
    {
        "pset": [
            "<schema.org/address>",
            "<schema.org/geo>",
            "<schema.org/image>",
            "<schema.org/logo>",
            "<schema.org/name>",
            "<schema.org/telephone>",
            "<schema.org/url>",
            "isa:<schema.org/AutomatedTeller>",
            "isa:<schema.org/FinancialService>",
            "isa:<schema.org/LocalBusiness>"
        ],
        "count": 1.0
    },
    {
        "pset": [
            "<schema.org/address>",
            "<schema.org/faxNumber>",
            "<schema.org/geo>",
            "<schema.org/image>",
            "<schema.org/logo>",
            "<schema.org/name>",
            "<schema.org/openingHoursSpecification>",
            "<schema.org/telephone>",
            "<schema.org/url>",
            "isa:<schema.org/AutomatedTeller>"
        ],
        "count": 1.0
    },
    {
        "pset": [
            "<schema.org/address>",
            "<schema.org/email>",
            "<schema.org/geo>",
            "<schema.org/image>",
            "<schema.org/logo>",
            "<schema.org/name>",
            "<schema.org/openingHoursSpecification>",
            "<schema.org/telephone>",
            "<schema.org/url>",
            "isa:<schema.org/AutomatedTeller>",
            "isa:<schema.org/BankOrCreditUnion>"
        ],
        "count": 1.0
    },
    {
        "pset": [
            "<schema.org/address>",
            "<schema.org/geo>",
            "<schema.org/makesOffer>",
            "<schema.org/name>",
            "<schema.org/openingHoursSpecification>",
            "<schema.org/telephone>",
            "<schema.org/url>",
            "isa:<schema.org/AutomatedTeller>",
            "isa:<schema.org/BankOrCreditUnion>"
        ],
        "count": 1.0
    },
    {
        "pset": [
            "<schema.org/address>",
            "<schema.org/description>",
            "<schema.org/email>",
            "<schema.org/faxNumber>",
            "<schema.org/foundingDate>",
            "<schema.org/geo>",
            "<schema.org/image>",
            "<schema.org/logo>",
            "<schema.org/makesOffer>",
            "<schema.org/name>",
            "<schema.org/openingHoursSpecification>",
            "<schema.org/telephone>",
            "<schema.org/url>",
            "isa:<schema.org/AutomatedTeller>",
            "isa:<schema.org/BankOrCreditUnion>"
        ],
        "count": 1.0
    }
]