[
    {
        "pset": [
            "<schema.org/articleSection>",
            "<schema.org/author>",
            "<schema.org/creator>",
            "<schema.org/dateCreated>",
            "<schema.org/dateModified>",
            "<schema.org/datePublished>",
            "<schema.org/description>",
            "<schema.org/hasPart>",
            "<schema.org/headline>",
            "<schema.org/image>",
            "<schema.org/isAccessibleForFree>",
            "<schema.org/isPartOf>",
            "<schema.org/keywords>",
            "<schema.org/mainEntityOfPage>",
            "<schema.org/publisher>",
            "<schema.org/thumbnailUrl>",
            "<schema.org/timestamp>",
            "<schema.org/url>",
            "isa:<schema.org/BackgroundNewsArticle>"
        ],
        "count": 1069.0
    },
    {
        "pset": [
            "<schema.org/articleSection>",
            "<schema.org/author>",
            "<schema.org/copyrightHolder>",
            "<schema.org/copyrightYear>",
            "<schema.org/dateModified>",
            "<schema.org/datePublished>",
            "<schema.org/headline>",
            "<schema.org/image>",
            "<schema.org/inLanguage>",
            "<schema.org/isPartOf>",
            "<schema.org/mainEntityOfPage>",
            "<schema.org/publisher>",
            "<schema.org/thumbnailUrl>",
            "<schema.org/wordCount>",
            "isa:<schema.org/BackgroundNewsArticle>"
        ],
        "count": 864.0
    },
    {
        "pset": [
            "<schema.org/articleBody>",
            "<schema.org/articleSection>",
            "<schema.org/author>",
            "<schema.org/dateCreated>",
            "<schema.org/dateModified>",
            "<schema.org/datePublished>",
            "<schema.org/description>",
            "<schema.org/headline>",
            "<schema.org/image>",
            "<schema.org/keywords>",
            "<schema.org/mainEntityOfPage>",
            "<schema.org/publisher>",
            "<schema.org/speakable>",
            "<schema.org/thumbnailUrl>",
            "<schema.org/url>",
            "isa:<schema.org/BackgroundNewsArticle>"
        ],
        "count": 637.0
    },
    {
        "pset": [
            "<schema.org/author>",
            "<schema.org/copyrightHolder>",
            "<schema.org/copyrightYear>",
            "<schema.org/creator>",
            "<schema.org/dateModified>",
            "<schema.org/datePublished>",
            "<schema.org/description>",
            "<schema.org/headline>",
            "<schema.org/image>",
            "<schema.org/inLanguage>",
            "<schema.org/mainEntityOfPage>",
            "<schema.org/name>",
            "<schema.org/publisher>",
            "<schema.org/url>",
            "isa:<schema.org/BackgroundNewsArticle>"
        ],
        "count": 619.0
    },
    {
        "pset": [
            "<schema.org/articleSection>",
            "<schema.org/author>",
            "<schema.org/commentCount>",
            "<schema.org/copyrightHolder>",
            "<schema.org/copyrightYear>",
            "<schema.org/dateModified>",
            "<schema.org/datePublished>",
            "<schema.org/headline>",
            "<schema.org/image>",
            "<schema.org/inLanguage>",
            "<schema.org/isPartOf>",
            "<schema.org/keywords>",
            "<schema.org/mainEntityOfPage>",
            "<schema.org/potentialAction>",
            "<schema.org/publisher>",
            "<schema.org/thumbnailUrl>",
            "<schema.org/wordCount>",
            "isa:<schema.org/BackgroundNewsArticle>"
        ],
        "count": 618.0
    },
    {
        "pset": [
            "<schema.org/alternativeHeadline>",
            "<schema.org/articleBody>",
            "<schema.org/author>",
            "<schema.org/backstory>",
            "<schema.org/citation>",
            "<schema.org/dateModified>",
            "<schema.org/datePublished>",
            "<schema.org/dateline>",
            "<schema.org/description>",
            "<schema.org/headline>",
            "<schema.org/image>",
            "<schema.org/isAccessibleForFree>",
            "<schema.org/isPartOf>",
            "<schema.org/keywords>",
            "<schema.org/mainEntityOfPage>",
            "<schema.org/publisher>",
            "<schema.org/publishingPrinciples>",
            "<schema.org/video>",
            "isa:<schema.org/BackgroundNewsArticle>"
        ],
        "count": 503.0
    },
    {
        "pset": [
            "<schema.org/articleSection>",
            "<schema.org/author>",
            "<schema.org/commentCount>",
            "<schema.org/copyrightHolder>",
            "<schema.org/copyrightYear>",
            "<schema.org/dateModified>",
            "<schema.org/datePublished>",
            "<schema.org/headline>",
            "<schema.org/image>",
            "<schema.org/inLanguage>",
            "<schema.org/isPartOf>",
            "<schema.org/mainEntityOfPage>",
            "<schema.org/potentialAction>",
            "<schema.org/publisher>",
            "<schema.org/thumbnailUrl>",
            "<schema.org/wordCount>",
            "isa:<schema.org/BackgroundNewsArticle>"
        ],
        "count": 239.0
    },
    {
        "pset": [
            "<schema.org/author>",
            "<schema.org/creator>",
            "<schema.org/dateCreated>",
            "<schema.org/dateModified>",
            "<schema.org/datePublished>",
            "<schema.org/description>",
            "<schema.org/hasPart>",
            "<schema.org/headline>",
            "<schema.org/image>",
            "<schema.org/isAccessibleForFree>",
            "<schema.org/isPartOf>",
            "<schema.org/keywords>",
            "<schema.org/mainEntityOfPage>",
            "<schema.org/publisher>",
            "<schema.org/thumbnailUrl>",
            "<schema.org/timestamp>",
            "<schema.org/url>",
            "isa:<schema.org/BackgroundNewsArticle>"
        ],
        "count": 207.0
    },
    {
        "pset": [
            "<schema.org/author>",
            "<schema.org/datePublished>",
            "<schema.org/headline>",
            "<schema.org/image>",
            "isa:<schema.org/AnalysisNewsArticle>",
            "isa:<schema.org/BackgroundNewsArticle>",
            "isa:<schema.org/ReportageNewsArticle>"
        ],
        "count": 165.0
    },
    {
        "pset": [
            "<schema.org/alternativeHeadline>",
            "<schema.org/articleBody>",
            "<schema.org/articleSection>",
            "<schema.org/author>",
            "<schema.org/dateCreated>",
            "<schema.org/dateModified>",
            "<schema.org/datePublished>",
            "<schema.org/description>",
            "<schema.org/genre>",
            "<schema.org/hasPart>",
            "<schema.org/headline>",
            "<schema.org/image>",
            "<schema.org/inLanguage>",
            "<schema.org/isAccessibleForFree>",
            "<schema.org/locationCreated>",
            "<schema.org/mainEntityOfPage>",
            "<schema.org/publisher>",
            "<schema.org/publishingPrinciples>",
            "isa:<schema.org/BackgroundNewsArticle>"
        ],
        "count": 123.0
    },
    {
        "pset": [
            "<schema.org/author>",
            "<schema.org/backstory>",
            "<schema.org/correction>",
            "<schema.org/dateModified>",
            "<schema.org/datePublished>",
            "<schema.org/dateline>",
            "<schema.org/description>",
            "<schema.org/headline>",
            "<schema.org/image>",
            "<schema.org/mainEntityOfPage>",
            "<schema.org/publisher>",
            "<schema.org/publishingPrinciples>",
            "isa:<schema.org/BackgroundNewsArticle>"
        ],
        "count": 122.0
    },
    {
        "pset": [
            "<schema.org/articleSection>",
            "<schema.org/author>",
            "<schema.org/copyrightHolder>",
            "<schema.org/copyrightYear>",
            "<schema.org/dateModified>",
            "<schema.org/datePublished>",
            "<schema.org/headline>",
            "<schema.org/image>",
            "<schema.org/inLanguage>",
            "<schema.org/isPartOf>",
            "<schema.org/keywords>",
            "<schema.org/mainEntityOfPage>",
            "<schema.org/publisher>",
            "<schema.org/thumbnailUrl>",
            "<schema.org/wordCount>",
            "isa:<schema.org/BackgroundNewsArticle>"
        ],
        "count": 121.0
    },
    {
        "pset": [
            "<schema.org/author>",
            "<schema.org/datePublished>",
            "<schema.org/headline>",
            "<schema.org/image>",
            "<schema.org/publishingPrinciples>",
            "isa:<schema.org/BackgroundNewsArticle>",
            "isa:<schema.org/ReportageNewsArticle>"
        ],
        "count": 114.0
    },
    {
        "pset": [
            "<schema.org/alternativeHeadline>",
            "<schema.org/articleBody>",
            "<schema.org/author>",
            "<schema.org/backstory>",
            "<schema.org/citation>",
            "<schema.org/dateModified>",
            "<schema.org/datePublished>",
            "<schema.org/dateline>",
            "<schema.org/description>",
            "<schema.org/headline>",
            "<schema.org/image>",
            "<schema.org/isAccessibleForFree>",
            "<schema.org/isPartOf>",
            "<schema.org/keywords>",
            "<schema.org/mainEntityOfPage>",
            "<schema.org/publisher>",
            "<schema.org/publishingPrinciples>",
            "isa:<schema.org/BackgroundNewsArticle>"
        ],
        "count": 90.0
    },
    {
        "pset": [
            "<schema.org/author>",
            "<schema.org/datePublished>",
            "<schema.org/headline>",
            "<schema.org/image>",
            "isa:<schema.org/BackgroundNewsArticle>",
            "isa:<schema.org/ReportageNewsArticle>"
        ],
        "count": 86.0
    },
    {
        "pset": [
            "<schema.org/author>",
            "<schema.org/datePublished>",
            "<schema.org/headline>",
            "<schema.org/image>",
            "<schema.org/publishingPrinciples>",
            "isa:<schema.org/BackgroundNewsArticle>"
        ],
        "count": 84.0
    },
    {
        "pset": [
            "<schema.org/alternativeHeadline>",
            "<schema.org/articleBody>",
            "<schema.org/author>",
            "<schema.org/backstory>",
            "<schema.org/citation>",
            "<schema.org/dateModified>",
            "<schema.org/datePublished>",
            "<schema.org/dateline>",
            "<schema.org/description>",
            "<schema.org/headline>",
            "<schema.org/image>",
            "<schema.org/isAccessibleForFree>",
            "<schema.org/isPartOf>",
            "<schema.org/keywords>",
            "<schema.org/locationCreated>",
            "<schema.org/mainEntityOfPage>",
            "<schema.org/publisher>",
            "<schema.org/publishingPrinciples>",
            "<schema.org/video>",
            "isa:<schema.org/BackgroundNewsArticle>"
        ],
        "count": 69.0
    },
    {
        "pset": [
            "<schema.org/author>",
            "<schema.org/contentLocation>",
            "<schema.org/dateModified>",
            "<schema.org/datePublished>",
            "<schema.org/description>",
            "<schema.org/headline>",
            "<schema.org/image>",
            "<schema.org/locationCreated>",
            "<schema.org/name>",
            "<schema.org/providerMobility>",
            "<schema.org/publisher>",
            "<schema.org/url>",
            "isa:<schema.org/BackgroundNewsArticle>"
        ],
        "count": 66.0
    },
    {
        "pset": [
            "<schema.org/author>",
            "<schema.org/datePublished>",
            "<schema.org/headline>",
            "<schema.org/image>",
            "isa:<schema.org/BackgroundNewsArticle>"
        ],
        "count": 61.0
    },
    {
        "pset": [
            "<schema.org/articleBody>",
            "<schema.org/author>",
            "<schema.org/dateModified>",
            "<schema.org/datePublished>",
            "<schema.org/dateline>",
            "<schema.org/description>",
            "<schema.org/hasPart>",
            "<schema.org/headline>",
            "<schema.org/image>",
            "<schema.org/isAccessibleForFree>",
            "<schema.org/keywords>",
            "<schema.org/publisher>",
            "isa:<schema.org/BackgroundNewsArticle>",
            "isa:<schema.org/NewsArticle>"
        ],
        "count": 43.0
    },
    {
        "pset": [
            "<schema.org/alternativeHeadline>",
            "<schema.org/articleBody>",
            "<schema.org/author>",
            "<schema.org/backstory>",
            "<schema.org/dateModified>",
            "<schema.org/datePublished>",
            "<schema.org/dateline>",
            "<schema.org/description>",
            "<schema.org/headline>",
            "<schema.org/image>",
            "<schema.org/isAccessibleForFree>",
            "<schema.org/isPartOf>",
            "<schema.org/keywords>",
            "<schema.org/mainEntityOfPage>",
            "<schema.org/publisher>",
            "<schema.org/publishingPrinciples>",
            "isa:<schema.org/BackgroundNewsArticle>"
        ],
        "count": 40.0
    },
    {
        "pset": [
            "<schema.org/about>",
            "<schema.org/author>",
            "<schema.org/dateModified>",
            "<schema.org/datePublished>",
            "<schema.org/description>",
            "<schema.org/headline>",
            "<schema.org/image>",
            "<schema.org/name>",
            "<schema.org/publisher>",
            "isa:<schema.org/BackgroundNewsArticle>"
        ],
        "count": 34.0
    },
    {
        "pset": [
            "<schema.org/articleSection>",
            "<schema.org/author>",
            "<schema.org/creator>",
            "<schema.org/dateCreated>",
            "<schema.org/dateModified>",
            "<schema.org/datePublished>",
            "<schema.org/description>",
            "<schema.org/hasPart>",
            "<schema.org/headline>",
            "<schema.org/isAccessibleForFree>",
            "<schema.org/isPartOf>",
            "<schema.org/keywords>",
            "<schema.org/mainEntityOfPage>",
            "<schema.org/publisher>",
            "<schema.org/timestamp>",
            "<schema.org/url>",
            "isa:<schema.org/BackgroundNewsArticle>"
        ],
        "count": 32.0
    },
    {
        "pset": [
            "<schema.org/articleSection>",
            "<schema.org/author>",
            "<schema.org/dateModified>",
            "<schema.org/datePublished>",
            "<schema.org/description>",
            "<schema.org/headline>",
            "<schema.org/image>",
            "<schema.org/mainEntityOfPage>",
            "<schema.org/publisher>",
            "<schema.org/url>",
            "isa:<schema.org/BackgroundNewsArticle>"
        ],
        "count": 30.0
    },
    {
        "pset": [
            "<schema.org/alternativeHeadline>",
            "<schema.org/articleBody>",
            "<schema.org/author>",
            "<schema.org/backstory>",
            "<schema.org/dateModified>",
            "<schema.org/datePublished>",
            "<schema.org/dateline>",
            "<schema.org/description>",
            "<schema.org/headline>",
            "<schema.org/image>",
            "<schema.org/isAccessibleForFree>",
            "<schema.org/isPartOf>",
            "<schema.org/keywords>",
            "<schema.org/mainEntityOfPage>",
            "<schema.org/publisher>",
            "<schema.org/publishingPrinciples>",
            "<schema.org/video>",
            "isa:<schema.org/BackgroundNewsArticle>"
        ],
        "count": 28.0
    },
    {
        "pset": [
            "<schema.org/articleBody>",
            "<schema.org/author>",
            "<schema.org/dateCreated>",
            "<schema.org/dateModified>",
            "<schema.org/datePublished>",
            "<schema.org/description>",
            "<schema.org/headline>",
            "<schema.org/image>",
            "<schema.org/keywords>",
            "<schema.org/mainEntityOfPage>",
            "<schema.org/publisher>",
            "<schema.org/speakable>",
            "<schema.org/thumbnailUrl>",
            "<schema.org/url>",
            "isa:<schema.org/BackgroundNewsArticle>"
        ],
        "count": 24.0
    },
    {
        "pset": [
            "<schema.org/alternativeHeadline>",
            "<schema.org/articleBody>",
            "<schema.org/author>",
            "<schema.org/backstory>",
            "<schema.org/dateModified>",
            "<schema.org/datePublished>",
            "<schema.org/dateline>",
            "<schema.org/description>",
            "<schema.org/headline>",
            "<schema.org/image>",
            "<schema.org/keywords>",
            "<schema.org/mainEntityOfPage>",
            "<schema.org/publisher>",
            "isa:<schema.org/BackgroundNewsArticle>"
        ],
        "count": 23.0
    },
    {
        "pset": [
            "<schema.org/articleBody>",
            "<schema.org/articleSection>",
            "<schema.org/author>",
            "<schema.org/citation>",
            "<schema.org/dateCreated>",
            "<schema.org/dateModified>",
            "<schema.org/datePublished>",
            "<schema.org/description>",
            "<schema.org/headline>",
            "<schema.org/image>",
            "<schema.org/keywords>",
            "<schema.org/mainEntityOfPage>",
            "<schema.org/publisher>",
            "<schema.org/speakable>",
            "<schema.org/thumbnailUrl>",
            "<schema.org/url>",
            "isa:<schema.org/BackgroundNewsArticle>"
        ],
        "count": 20.0
    },
    {
        "pset": [
            "<schema.org/alternativeHeadline>",
            "<schema.org/articleBody>",
            "<schema.org/articleSection>",
            "<schema.org/author>",
            "<schema.org/dateCreated>",
            "<schema.org/dateModified>",
            "<schema.org/datePublished>",
            "<schema.org/description>",
            "<schema.org/genre>",
            "<schema.org/hasPart>",
            "<schema.org/headline>",
            "<schema.org/image>",
            "<schema.org/inLanguage>",
            "<schema.org/isAccessibleForFree>",
            "<schema.org/locationCreated>",
            "<schema.org/mainEntityOfPage>",
            "<schema.org/noBylinePolicy>",
            "<schema.org/publisher>",
            "<schema.org/publishingPrinciples>",
            "isa:<schema.org/BackgroundNewsArticle>"
        ],
        "count": 18.0
    },
    {
        "pset": [
            "<schema.org/about>",
            "<schema.org/author>",
            "<schema.org/dateModified>",
            "<schema.org/datePublished>",
            "<schema.org/description>",
            "<schema.org/headline>",
            "<schema.org/image>",
            "<schema.org/mainEntityOfPage>",
            "<schema.org/name>",
            "<schema.org/publisher>",
            "isa:<schema.org/BackgroundNewsArticle>"
        ],
        "count": 15.0
    },
    {
        "pset": [
            "<schema.org/articleSection>",
            "<schema.org/author>",
            "<schema.org/dateCreated>",
            "<schema.org/dateModified>",
            "<schema.org/datePublished>",
            "<schema.org/description>",
            "<schema.org/hasPart>",
            "<schema.org/headline>",
            "<schema.org/image>",
            "<schema.org/isAccessibleForFree>",
            "<schema.org/isPartOf>",
            "<schema.org/keywords>",
            "<schema.org/mainEntityOfPage>",
            "<schema.org/publisher>",
            "<schema.org/thumbnailUrl>",
            "<schema.org/timestamp>",
            "<schema.org/url>",
            "isa:<schema.org/BackgroundNewsArticle>"
        ],
        "count": 14.0
    },
    {
        "pset": [
            "<schema.org/author>",
            "<schema.org/datePublished>",
            "<schema.org/headline>",
            "<schema.org/image>",
            "isa:<schema.org/AnalysisNewsArticle>",
            "isa:<schema.org/BackgroundNewsArticle>"
        ],
        "count": 14.0
    },
    {
        "pset": [
            "<schema.org/articleBody>",
            "<schema.org/author>",
            "<schema.org/dateModified>",
            "<schema.org/datePublished>",
            "<schema.org/dateline>",
            "<schema.org/description>",
            "<schema.org/headline>",
            "<schema.org/image>",
            "<schema.org/isAccessibleForFree>",
            "<schema.org/keywords>",
            "<schema.org/publisher>",
            "isa:<schema.org/BackgroundNewsArticle>",
            "isa:<schema.org/NewsArticle>"
        ],
        "count": 13.0
    },
    {
        "pset": [
            "<schema.org/author>",
            "<schema.org/backstory>",
            "<schema.org/correction>",
            "<schema.org/dateModified>",
            "<schema.org/datePublished>",
            "<schema.org/dateline>",
            "<schema.org/description>",
            "<schema.org/headline>",
            "<schema.org/image>",
            "<schema.org/mainEntityOfPage>",
            "<schema.org/publisher>",
            "<schema.org/publishingPrinciples>",
            "<schema.org/thumbnailUrl>",
            "isa:<schema.org/BackgroundNewsArticle>"
        ],
        "count": 12.0
    },
    {
        "pset": [
            "<schema.org/author>",
            "<schema.org/dateModified>",
            "<schema.org/datePublished>",
            "<schema.org/description>",
            "<schema.org/headline>",
            "<schema.org/image>",
            "<schema.org/mainEntityOfPage>",
            "<schema.org/publisher>",
            "isa:<schema.org/BackgroundNewsArticle>"
        ],
        "count": 10.0
    },
    {
        "pset": [
            "<schema.org/alternativeHeadline>",
            "<schema.org/author>",
            "<schema.org/datePublished>",
            "<schema.org/headline>",
            "<schema.org/image>",
            "isa:<schema.org/BackgroundNewsArticle>"
        ],
        "count": 10.0
    },
    {
        "pset": [
            "<schema.org/articleBody>",
            "<schema.org/articleSection>",
            "<schema.org/author>",
            "<schema.org/copyrightHolder>",
            "<schema.org/copyrightYear>",
            "<schema.org/dateModified>",
            "<schema.org/datePublished>",
            "<schema.org/description>",
            "<schema.org/headline>",
            "<schema.org/image>",
            "<schema.org/inLanguage>",
            "<schema.org/isPartOf>",
            "<schema.org/keywords>",
            "<schema.org/mainEntityOfPage>",
            "<schema.org/publisher>",
            "<schema.org/speakable>",
            "<schema.org/thumbnailUrl>",
            "<schema.org/wordCount>",
            "isa:<schema.org/BackgroundNewsArticle>",
            "isa:<schema.org/NewsArticle>"
        ],
        "count": 10.0
    },
    {
        "pset": [
            "<schema.org/alternativeHeadline>",
            "<schema.org/articleBody>",
            "<schema.org/articleSection>",
            "<schema.org/author>",
            "<schema.org/dateCreated>",
            "<schema.org/dateModified>",
            "<schema.org/datePublished>",
            "<schema.org/description>",
            "<schema.org/genre>",
            "<schema.org/headline>",
            "<schema.org/image>",
            "<schema.org/inLanguage>",
            "<schema.org/isAccessibleForFree>",
            "<schema.org/locationCreated>",
            "<schema.org/mainEntityOfPage>",
            "<schema.org/publisher>",
            "<schema.org/publishingPrinciples>",
            "isa:<schema.org/BackgroundNewsArticle>"
        ],
        "count": 10.0
    },
    {
        "pset": [
            "<schema.org/author>",
            "<schema.org/dateCreated>",
            "<schema.org/dateModified>",
            "<schema.org/datePublished>",
            "<schema.org/description>",
            "<schema.org/hasPart>",
            "<schema.org/headline>",
            "<schema.org/image>",
            "<schema.org/isAccessibleForFree>",
            "<schema.org/isPartOf>",
            "<schema.org/keywords>",
            "<schema.org/mainEntityOfPage>",
            "<schema.org/publisher>",
            "<schema.org/thumbnailUrl>",
            "<schema.org/timestamp>",
            "<schema.org/url>",
            "isa:<schema.org/BackgroundNewsArticle>"
        ],
        "count": 8.0
    },
    {
        "pset": [
            "<schema.org/author>",
            "<schema.org/copyrightHolder>",
            "<schema.org/copyrightYear>",
            "<schema.org/dateModified>",
            "<schema.org/datePublished>",
            "<schema.org/headline>",
            "<schema.org/inLanguage>",
            "<schema.org/isPartOf>",
            "<schema.org/mainEntityOfPage>",
            "<schema.org/publisher>",
            "<schema.org/wordCount>",
            "isa:<schema.org/BackgroundNewsArticle>"
        ],
        "count": 8.0
    },
    {
        "pset": [
            "<schema.org/alternativeHeadline>",
            "<schema.org/articleBody>",
            "<schema.org/author>",
            "<schema.org/backstory>",
            "<schema.org/dateModified>",
            "<schema.org/datePublished>",
            "<schema.org/dateline>",
            "<schema.org/description>",
            "<schema.org/headline>",
            "<schema.org/image>",
            "<schema.org/keywords>",
            "<schema.org/mainEntityOfPage>",
            "<schema.org/publisher>",
            "<schema.org/video>",
            "isa:<schema.org/BackgroundNewsArticle>"
        ],
        "count": 7.0
    },
    {
        "pset": [
            "<schema.org/author>",
            "<schema.org/datePublished>",
            "<schema.org/headline>",
            "<schema.org/image>",
            "<schema.org/publishingPrinciples>",
            "isa:<schema.org/AnalysisNewsArticle>",
            "isa:<schema.org/BackgroundNewsArticle>",
            "isa:<schema.org/ReportageNewsArticle>"
        ],
        "count": 6.0
    },
    {
        "pset": [
            "<schema.org/articleSection>",
            "<schema.org/author>",
            "<schema.org/commentCount>",
            "<schema.org/copyrightHolder>",
            "<schema.org/copyrightYear>",
            "<schema.org/dateModified>",
            "<schema.org/datePublished>",
            "<schema.org/headline>",
            "<schema.org/inLanguage>",
            "<schema.org/isPartOf>",
            "<schema.org/keywords>",
            "<schema.org/mainEntityOfPage>",
            "<schema.org/potentialAction>",
            "<schema.org/publisher>",
            "<schema.org/wordCount>",
            "isa:<schema.org/BackgroundNewsArticle>"
        ],
        "count": 6.0
    },
    {
        "pset": [
            "<schema.org/articleSection>",
            "<schema.org/author>",
            "<schema.org/dateCreated>",
            "<schema.org/dateModified>",
            "<schema.org/datePublished>",
            "<schema.org/description>",
            "<schema.org/hasPart>",
            "<schema.org/headline>",
            "<schema.org/isAccessibleForFree>",
            "<schema.org/isPartOf>",
            "<schema.org/keywords>",
            "<schema.org/mainEntityOfPage>",
            "<schema.org/publisher>",
            "<schema.org/timestamp>",
            "<schema.org/url>",
            "isa:<schema.org/BackgroundNewsArticle>"
        ],
        "count": 6.0
    },
    {
        "pset": [
            "<schema.org/articleSection>",
            "<schema.org/author>",
            "<schema.org/creator>",
            "<schema.org/dateCreated>",
            "<schema.org/dateModified>",
            "<schema.org/datePublished>",
            "<schema.org/description>",
            "<schema.org/hasPart>",
            "<schema.org/headline>",
            "<schema.org/image>",
            "<schema.org/isAccessibleForFree>",
            "<schema.org/isPartOf>",
            "<schema.org/keywords>",
            "<schema.org/mainEntityOfPage>",
            "<schema.org/publisher>",
            "<schema.org/thumbnailUrl>",
            "<schema.org/url>",
            "isa:<schema.org/BackgroundNewsArticle>"
        ],
        "count": 6.0
    },
    {
        "pset": [
            "<schema.org/alternativeHeadline>",
            "<schema.org/articleBody>",
            "<schema.org/author>",
            "<schema.org/backstory>",
            "<schema.org/citation>",
            "<schema.org/correction>",
            "<schema.org/dateModified>",
            "<schema.org/datePublished>",
            "<schema.org/dateline>",
            "<schema.org/description>",
            "<schema.org/headline>",
            "<schema.org/image>",
            "<schema.org/isAccessibleForFree>",
            "<schema.org/isPartOf>",
            "<schema.org/keywords>",
            "<schema.org/mainEntityOfPage>",
            "<schema.org/publisher>",
            "<schema.org/publishingPrinciples>",
            "isa:<schema.org/BackgroundNewsArticle>"
        ],
        "count": 5.0
    },
    {
        "pset": [
            "<schema.org/about>",
            "<schema.org/author>",
            "<schema.org/headline>",
            "<schema.org/image>",
            "<schema.org/name>",
            "<schema.org/publisher>",
            "isa:<schema.org/BackgroundNewsArticle>"
        ],
        "count": 5.0
    },
    {
        "pset": [
            "<schema.org/author>",
            "<schema.org/dateModified>",
            "<schema.org/datePublished>",
            "<schema.org/dateline>",
            "<schema.org/description>",
            "<schema.org/headline>",
            "<schema.org/image>",
            "<schema.org/mainEntityOfPage>",
            "<schema.org/publisher>",
            "<schema.org/publishingPrinciples>",
            "isa:<schema.org/BackgroundNewsArticle>"
        ],
        "count": 4.0
    },
    {
        "pset": [
            "<schema.org/alternativeHeadline>",
            "<schema.org/articleBody>",
            "<schema.org/articleSection>",
            "<schema.org/author>",
            "<schema.org/dateCreated>",
            "<schema.org/dateModified>",
            "<schema.org/datePublished>",
            "<schema.org/description>",
            "<schema.org/genre>",
            "<schema.org/headline>",
            "<schema.org/image>",
            "<schema.org/inLanguage>",
            "<schema.org/isAccessibleForFree>",
            "<schema.org/locationCreated>",
            "<schema.org/mainEntityOfPage>",
            "<schema.org/noBylinePolicy>",
            "<schema.org/publisher>",
            "<schema.org/publishingPrinciples>",
            "isa:<schema.org/BackgroundNewsArticle>"
        ],
        "count": 4.0
    },
    {
        "pset": [
            "<schema.org/articleBody>",
            "<schema.org/articleSection>",
            "<schema.org/author>",
            "<schema.org/backstory>",
            "<schema.org/dateCreated>",
            "<schema.org/dateModified>",
            "<schema.org/datePublished>",
            "<schema.org/description>",
            "<schema.org/headline>",
            "<schema.org/image>",
            "<schema.org/keywords>",
            "<schema.org/mainEntityOfPage>",
            "<schema.org/publisher>",
            "<schema.org/speakable>",
            "<schema.org/thumbnailUrl>",
            "<schema.org/url>",
            "isa:<schema.org/BackgroundNewsArticle>"
        ],
        "count": 3.0
    },
    {
        "pset": [
            "<schema.org/author>",
            "<schema.org/creator>",
            "<schema.org/dateCreated>",
            "<schema.org/dateModified>",
            "<schema.org/datePublished>",
            "<schema.org/description>",
            "<schema.org/hasPart>",
            "<schema.org/headline>",
            "<schema.org/isAccessibleForFree>",
            "<schema.org/isPartOf>",
            "<schema.org/keywords>",
            "<schema.org/mainEntityOfPage>",
            "<schema.org/publisher>",
            "<schema.org/timestamp>",
            "<schema.org/url>",
            "isa:<schema.org/BackgroundNewsArticle>"
        ],
        "count": 3.0
    },
    {
        "pset": [
            "<schema.org/author>",
            "<schema.org/datePublished>",
            "<schema.org/headline>",
            "<schema.org/image>",
            "isa:<schema.org/AnalysisNewsArticle>",
            "isa:<schema.org/BackgroundNewsArticle>",
            "isa:<schema.org/OpinionNewsArticle>"
        ],
        "count": 3.0
    },
    {
        "pset": [
            "<schema.org/author>",
            "<schema.org/datePublished>",
            "<schema.org/headline>",
            "<schema.org/image>",
            "isa:<schema.org/BackgroundNewsArticle>",
            "isa:<schema.org/OpinionNewsArticle>"
        ],
        "count": 3.0
    },
    {
        "pset": [
            "<schema.org/about>",
            "<schema.org/author>",
            "<schema.org/image>",
            "<schema.org/publisher>",
            "isa:<schema.org/BackgroundNewsArticle>"
        ],
        "count": 3.0
    },
    {
        "pset": [
            "<schema.org/about>",
            "<schema.org/backstory>",
            "<schema.org/headline>",
            "<schema.org/image>",
            "<schema.org/url>",
            "isa:<schema.org/BackgroundNewsArticle>"
        ],
        "count": 2.0
    },
    {
        "pset": [
            "<schema.org/about>",
            "<schema.org/dateModified>",
            "<schema.org/datePublished>",
            "<schema.org/description>",
            "<schema.org/headline>",
            "<schema.org/image>",
            "<schema.org/mainEntityOfPage>",
            "<schema.org/name>",
            "<schema.org/publisher>",
            "isa:<schema.org/BackgroundNewsArticle>"
        ],
        "count": 2.0
    },
    {
        "pset": [
            "<schema.org/about>",
            "<schema.org/author>",
            "<schema.org/dateModified>",
            "<schema.org/datePublished>",
            "<schema.org/description>",
            "<schema.org/headline>",
            "<schema.org/mainEntityOfPage>",
            "<schema.org/name>",
            "<schema.org/publisher>",
            "isa:<schema.org/BackgroundNewsArticle>"
        ],
        "count": 2.0
    },
    {
        "pset": [
            "<schema.org/alternativeHeadline>",
            "<schema.org/articleBody>",
            "<schema.org/author>",
            "<schema.org/backstory>",
            "<schema.org/citation>",
            "<schema.org/dateModified>",
            "<schema.org/datePublished>",
            "<schema.org/dateline>",
            "<schema.org/description>",
            "<schema.org/headline>",
            "<schema.org/image>",
            "<schema.org/isAccessibleForFree>",
            "<schema.org/isPartOf>",
            "<schema.org/keywords>",
            "<schema.org/locationCreated>",
            "<schema.org/mainEntityOfPage>",
            "<schema.org/publisher>",
            "<schema.org/publishingPrinciples>",
            "isa:<schema.org/BackgroundNewsArticle>"
        ],
        "count": 2.0
    },
    {
        "pset": [
            "<schema.org/alternativeHeadline>",
            "<schema.org/articleBody>",
            "<schema.org/articleSection>",
            "<schema.org/author>",
            "<schema.org/correction>",
            "<schema.org/dateCreated>",
            "<schema.org/dateModified>",
            "<schema.org/datePublished>",
            "<schema.org/description>",
            "<schema.org/genre>",
            "<schema.org/headline>",
            "<schema.org/image>",
            "<schema.org/inLanguage>",
            "<schema.org/isAccessibleForFree>",
            "<schema.org/locationCreated>",
            "<schema.org/mainEntityOfPage>",
            "<schema.org/publisher>",
            "<schema.org/publishingPrinciples>",
            "isa:<schema.org/BackgroundNewsArticle>"
        ],
        "count": 2.0
    },
    {
        "pset": [
            "<schema.org/articleBody>",
            "<schema.org/articleSection>",
            "<schema.org/author>",
            "<schema.org/dateCreated>",
            "<schema.org/dateModified>",
            "<schema.org/datePublished>",
            "<schema.org/hasPart>",
            "<schema.org/headline>",
            "<schema.org/image>",
            "<schema.org/isAccessibleForFree>",
            "<schema.org/isPartOf>",
            "<schema.org/mainEntityOfPage>",
            "<schema.org/publisher>",
            "<schema.org/publishingPrinciples>",
            "<schema.org/thumbnailUrl>",
            "<schema.org/url>",
            "isa:<schema.org/BackgroundNewsArticle>"
        ],
        "count": 2.0
    },
    {
        "pset": [
            "<schema.org/author>",
            "<schema.org/datePublished>",
            "<schema.org/headline>",
            "<schema.org/image>",
            "<schema.org/publishingPrinciples>",
            "isa:<schema.org/AnalysisNewsArticle>",
            "isa:<schema.org/BackgroundNewsArticle>",
            "isa:<schema.org/OpinionNewsArticle>"
        ],
        "count": 2.0
    },
    {
        "pset": [
            "<schema.org/articleBody>",
            "<schema.org/articleSection>",
            "<schema.org/author>",
            "<schema.org/creator>",
            "<schema.org/dateCreated>",
            "<schema.org/dateModified>",
            "<schema.org/datePublished>",
            "<schema.org/hasPart>",
            "<schema.org/headline>",
            "<schema.org/image>",
            "<schema.org/isAccessibleForFree>",
            "<schema.org/isPartOf>",
            "<schema.org/keywords>",
            "<schema.org/mainEntityOfPage>",
            "<schema.org/publisher>",
            "<schema.org/publishingPrinciples>",
            "<schema.org/thumbnailUrl>",
            "<schema.org/url>",
            "isa:<schema.org/BackgroundNewsArticle>"
        ],
        "count": 2.0
    },
    {
        "pset": [
            "<schema.org/author>",
            "<schema.org/dateModified>",
            "<schema.org/datePublished>",
            "<schema.org/description>",
            "<schema.org/headline>",
            "<schema.org/image>",
            "<schema.org/mainEntityOfPage>",
            "<schema.org/publisher>",
            "<schema.org/publishingPrinciples>",
            "isa:<schema.org/BackgroundNewsArticle>"
        ],
        "count": 2.0
    },
    {
        "pset": [
            "<schema.org/alternativeHeadline>",
            "<schema.org/articleBody>",
            "<schema.org/author>",
            "<schema.org/backstory>",
            "<schema.org/citation>",
            "<schema.org/correction>",
            "<schema.org/dateModified>",
            "<schema.org/datePublished>",
            "<schema.org/dateline>",
            "<schema.org/description>",
            "<schema.org/headline>",
            "<schema.org/image>",
            "<schema.org/isAccessibleForFree>",
            "<schema.org/isPartOf>",
            "<schema.org/keywords>",
            "<schema.org/mainEntityOfPage>",
            "<schema.org/publisher>",
            "<schema.org/publishingPrinciples>",
            "<schema.org/video>",
            "isa:<schema.org/BackgroundNewsArticle>"
        ],
        "count": 2.0
    },
    {
        "pset": [
            "<schema.org/author>",
            "<schema.org/dateModified>",
            "<schema.org/datePublished>",
            "<schema.org/headline>",
            "<schema.org/image>",
            "<schema.org/mainEntityOfPage>",
            "<schema.org/publisher>",
            "isa:<schema.org/BackgroundNewsArticle>"
        ],
        "count": 2.0
    },
    {
        "pset": [
            "<schema.org/alternativeHeadline>",
            "<schema.org/articleBody>",
            "<schema.org/author>",
            "<schema.org/backstory>",
            "<schema.org/dateModified>",
            "<schema.org/datePublished>",
            "<schema.org/dateline>",
            "<schema.org/description>",
            "<schema.org/headline>",
            "<schema.org/image>",
            "<schema.org/isAccessibleForFree>",
            "<schema.org/isPartOf>",
            "<schema.org/keywords>",
            "<schema.org/mainEntityOfPage>",
            "<schema.org/publisher>",
            "<schema.org/video>",
            "isa:<schema.org/BackgroundNewsArticle>"
        ],
        "count": 2.0
    },
    {
        "pset": [
            "<schema.org/about>",
            "<schema.org/articleBody>",
            "<schema.org/articleSection>",
            "<schema.org/author>",
            "<schema.org/datePublished>",
            "<schema.org/image>",
            "<schema.org/name>",
            "<schema.org/publisher>",
            "<schema.org/url>",
            "isa:<schema.org/BackgroundNewsArticle>"
        ],
        "count": 1.0
    },
    {
        "pset": [
            "<schema.org/author>",
            "<schema.org/datePublished>",
            "<schema.org/dateline>",
            "<schema.org/description>",
            "<schema.org/headline>",
            "<schema.org/image>",
            "<schema.org/mainEntityOfPage>",
            "<schema.org/publisher>",
            "<schema.org/publishingPrinciples>",
            "isa:<schema.org/BackgroundNewsArticle>"
        ],
        "count": 1.0
    },
    {
        "pset": [
            "<schema.org/author>",
            "<schema.org/dateModified>",
            "<schema.org/datePublished>",
            "<schema.org/headline>",
            "<schema.org/image>",
            "<schema.org/isAccessibleForFree>",
            "<schema.org/mainEntityOfPage>",
            "<schema.org/name>",
            "<schema.org/publisher>",
            "isa:<schema.org/BackgroundNewsArticle>"
        ],
        "count": 1.0
    },
    {
        "pset": [
            "<schema.org/articleBody>",
            "<schema.org/author>",
            "<schema.org/dateModified>",
            "<schema.org/datePublished>",
            "<schema.org/dateline>",
            "<schema.org/description>",
            "<schema.org/hasPart>",
            "<schema.org/headline>",
            "<schema.org/image>",
            "<schema.org/isAccessibleForFree>",
            "<schema.org/publisher>",
            "isa:<schema.org/BackgroundNewsArticle>",
            "isa:<schema.org/NewsArticle>"
        ],
        "count": 1.0
    },
    {
        "pset": [
            "<schema.org/author>",
            "<schema.org/datePublished>",
            "<schema.org/headline>",
            "isa:<schema.org/AnalysisNewsArticle>",
            "isa:<schema.org/BackgroundNewsArticle>"
        ],
        "count": 1.0
    },
    {
        "pset": [
            "<schema.org/alternativeHeadline>",
            "<schema.org/articleBody>",
            "<schema.org/author>",
            "<schema.org/backstory>",
            "<schema.org/dateModified>",
            "<schema.org/datePublished>",
            "<schema.org/dateline>",
            "<schema.org/description>",
            "<schema.org/headline>",
            "<schema.org/image>",
            "<schema.org/isAccessibleForFree>",
            "<schema.org/isPartOf>",
            "<schema.org/keywords>",
            "<schema.org/mainEntityOfPage>",
            "<schema.org/publisher>",
            "isa:<schema.org/BackgroundNewsArticle>"
        ],
        "count": 1.0
    },
    {
        "pset": [
            "<schema.org/author>",
            "<schema.org/description>",
            "<schema.org/headline>",
            "<schema.org/mainEntityOfPage>",
            "<schema.org/publisher>",
            "<schema.org/url>",
            "isa:<schema.org/BackgroundNewsArticle>"
        ],
        "count": 1.0
    },
    {
        "pset": [
            "<schema.org/alternativeHeadline>",
            "<schema.org/articleBody>",
            "<schema.org/author>",
            "<schema.org/backstory>",
            "<schema.org/dateModified>",
            "<schema.org/datePublished>",
            "<schema.org/description>",
            "<schema.org/headline>",
            "<schema.org/image>",
            "<schema.org/isAccessibleForFree>",
            "<schema.org/isPartOf>",
            "<schema.org/keywords>",
            "<schema.org/mainEntityOfPage>",
            "<schema.org/publisher>",
            "<schema.org/publishingPrinciples>",
            "<schema.org/video>",
            "isa:<schema.org/BackgroundNewsArticle>"
        ],
        "count": 1.0
    },
    {
        "pset": [
            "<schema.org/about>",
            "<schema.org/articleBody>",
            "<schema.org/articleSection>",
            "<schema.org/author>",
            "<schema.org/datePublished>",
            "<schema.org/headline>",
            "<schema.org/image>",
            "<schema.org/name>",
            "<schema.org/publisher>",
            "<schema.org/url>",
            "isa:<schema.org/BackgroundNewsArticle>"
        ],
        "count": 1.0
    },
    {
        "pset": [
            "<schema.org/author>",
            "<schema.org/dateModified>",
            "<schema.org/datePublished>",
            "<schema.org/description>",
            "<schema.org/headline>",
            "<schema.org/image>",
            "<schema.org/mainEntityOfPage>",
            "<schema.org/publisher>",
            "<schema.org/speakable>",
            "isa:<schema.org/BackgroundNewsArticle>"
        ],
        "count": 1.0
    },
    {
        "pset": [
            "<schema.org/author>",
            "<schema.org/dateModified>",
            "<schema.org/datePublished>",
            "<schema.org/description>",
            "<schema.org/headline>",
            "<schema.org/image>",
            "<schema.org/mainEntityOfPage>",
            "isa:<schema.org/BackgroundNewsArticle>"
        ],
        "count": 1.0
    },
    {
        "pset": [
            "<schema.org/author>",
            "<schema.org/correction>",
            "<schema.org/datePublished>",
            "<schema.org/headline>",
            "<schema.org/image>",
            "<schema.org/publishingPrinciples>",
            "isa:<schema.org/BackgroundNewsArticle>",
            "isa:<schema.org/ReportageNewsArticle>"
        ],
        "count": 1.0
    },
    {
        "pset": [
            "<schema.org/author>",
            "<schema.org/dateCreated>",
            "<schema.org/dateModified>",
            "<schema.org/datePublished>",
            "<schema.org/description>",
            "<schema.org/hasPart>",
            "<schema.org/headline>",
            "<schema.org/isAccessibleForFree>",
            "<schema.org/isPartOf>",
            "<schema.org/keywords>",
            "<schema.org/mainEntityOfPage>",
            "<schema.org/publisher>",
            "<schema.org/timestamp>",
            "<schema.org/url>",
            "isa:<schema.org/BackgroundNewsArticle>"
        ],
        "count": 1.0
    },
    {
        "pset": [
            "<schema.org/articleSection>",
            "<schema.org/author>",
            "<schema.org/commentCount>",
            "<schema.org/copyrightHolder>",
            "<schema.org/copyrightYear>",
            "<schema.org/dateModified>",
            "<schema.org/datePublished>",
            "<schema.org/headline>",
            "<schema.org/image>",
            "<schema.org/inLanguage>",
            "<schema.org/isPartOf>",
            "<schema.org/keywords>",
            "<schema.org/locationCreated>",
            "<schema.org/mainEntityOfPage>",
            "<schema.org/potentialAction>",
            "<schema.org/publisher>",
            "<schema.org/thumbnailUrl>",
            "<schema.org/wordCount>",
            "isa:<schema.org/BackgroundNewsArticle>"
        ],
        "count": 1.0
    },
    {
        "pset": [
            "<schema.org/author>",
            "<schema.org/datePublished>",
            "<schema.org/headline>",
            "<schema.org/image>",
            "<schema.org/locationCreated>",
            "<schema.org/publishingPrinciples>",
            "isa:<schema.org/BackgroundNewsArticle>",
            "isa:<schema.org/ReportageNewsArticle>"
        ],
        "count": 1.0
    },
    {
        "pset": [
            "<schema.org/author>",
            "<schema.org/datePublished>",
            "<schema.org/headline>",
            "<schema.org/image>",
            "<schema.org/publishingPrinciples>",
            "isa:<schema.org/AnalysisNewsArticle>",
            "isa:<schema.org/BackgroundNewsArticle>"
        ],
        "count": 1.0
    },
    {
        "pset": [
            "<schema.org/author>",
            "<schema.org/correction>",
            "<schema.org/datePublished>",
            "<schema.org/headline>",
            "<schema.org/image>",
            "<schema.org/publishingPrinciples>",
            "isa:<schema.org/BackgroundNewsArticle>"
        ],
        "count": 1.0
    },
    {
        "pset": [
            "<schema.org/alternativeHeadline>",
            "<schema.org/articleBody>",
            "<schema.org/articleSection>",
            "<schema.org/dateModified>",
            "<schema.org/datePublished>",
            "<schema.org/description>",
            "<schema.org/hasPart>",
            "<schema.org/headline>",
            "<schema.org/image>",
            "<schema.org/isAccessibleForFree>",
            "<schema.org/keywords>",
            "<schema.org/mainEntityOfPage>",
            "<schema.org/publisher>",
            "<schema.org/publishingPrinciples>",
            "isa:<schema.org/BackgroundNewsArticle>"
        ],
        "count": 1.0
    },
    {
        "pset": [
            "<schema.org/articleSection>",
            "<schema.org/author>",
            "<schema.org/commentCount>",
            "<schema.org/copyrightHolder>",
            "<schema.org/copyrightYear>",
            "<schema.org/dateModified>",
            "<schema.org/datePublished>",
            "<schema.org/headline>",
            "<schema.org/inLanguage>",
            "<schema.org/isAccessibleForFree>",
            "<schema.org/isPartOf>",
            "<schema.org/keywords>",
            "<schema.org/mainEntityOfPage>",
            "<schema.org/potentialAction>",
            "<schema.org/publisher>",
            "<schema.org/wordCount>",
            "isa:<schema.org/BackgroundNewsArticle>"
        ],
        "count": 1.0
    },
    {
        "pset": [
            "<schema.org/author>",
            "<schema.org/datePublished>",
            "<schema.org/headline>",
            "<schema.org/image>",
            "<schema.org/publishingPrinciples>",
            "isa:<schema.org/BackgroundNewsArticle>",
            "isa:<schema.org/OpinionNewsArticle>"
        ],
        "count": 1.0
    }
]