[
    {
        "pset": [
            "<schema.org/name>",
            "isa:<schema.org/BoatTerminal>"
        ],
        "count": 282.0
    },
    {
        "pset": [
            "<schema.org/address>",
            "<schema.org/name>",
            "<schema.org/url>",
            "isa:<schema.org/BoatTerminal>"
        ],
        "count": 166.0
    },
    {
        "pset": [
            "<schema.org/description>",
            "<schema.org/geo>",
            "<schema.org/image>",
            "<schema.org/name>",
            "isa:<schema.org/BoatTerminal>"
        ],
        "count": 56.0
    },
    {
        "pset": [
            "<schema.org/address>",
            "<schema.org/name>",
            "<schema.org/telephone>",
            "<schema.org/url>",
            "isa:<schema.org/BoatTerminal>"
        ],
        "count": 50.0
    },
    {
        "pset": [
            "<schema.org/description>",
            "<schema.org/geo>",
            "<schema.org/name>",
            "isa:<schema.org/BoatTerminal>"
        ],
        "count": 39.0
    },
    {
        "pset": [
            "<schema.org/address>",
            "<schema.org/description>",
            "<schema.org/geo>",
            "<schema.org/image>",
            "<schema.org/name>",
            "<schema.org/telephone>",
            "<schema.org/url>",
            "isa:<schema.org/BoatTerminal>"
        ],
        "count": 28.0
    },
    {
        "pset": [
            "<schema.org/geo>",
            "<schema.org/name>",
            "isa:<schema.org/BoatTerminal>"
        ],
        "count": 6.0
    },
    {
        "pset": [
            "<schema.org/address>",
            "<schema.org/contactPoint>",
            "<schema.org/description>",
            "<schema.org/image>",
            "<schema.org/logo>",
            "<schema.org/name>",
            "<schema.org/url>",
            "isa:<schema.org/BoatTerminal>"
        ],
        "count": 2.0
    },
    {
        "pset": [
            "<schema.org/address>",
            "<schema.org/description>",
            "<schema.org/geo>",
            "<schema.org/image>",
            "<schema.org/isAccessibleForFree>",
            "<schema.org/name>",
            "<schema.org/publicAccess>",
            "isa:<schema.org/BoatTerminal>"
        ],
        "count": 2.0
    },
    {
        "pset": [
            "<schema.org/identifier>",
            "<schema.org/name>",
            "isa:<schema.org/BoatTerminal>"
        ],
        "count": 2.0
    },
    {
        "pset": [
            "<schema.org/address>",
            "<schema.org/description>",
            "<schema.org/image>",
            "<schema.org/name>",
            "<schema.org/telephone>",
            "<schema.org/url>",
            "isa:<schema.org/BoatTerminal>"
        ],
        "count": 1.0
    },
    {
        "pset": [
            "<schema.org/alternateName>",
            "<schema.org/image>",
            "<schema.org/name>",
            "<schema.org/position>",
            "<schema.org/url>",
            "isa:<schema.org/BoatTerminal>",
            "isa:<schema.org/ListItem>",
            "isa:<schema.org/RiverBodyofWater>"
        ],
        "count": 1.0
    }
]