[
    {
        "pset": [
            "<schema.org/publishedOn>",
            "<schema.org/startDate>",
            "isa:<schema.org/BroadcastEvent>"
        ],
        "count": 28338.0
    },
    {
        "pset": [
            "<schema.org/endDate>",
            "<schema.org/isLiveBroadcast>",
            "<schema.org/name>",
            "<schema.org/startDate>",
            "isa:<schema.org/BroadcastEvent>"
        ],
        "count": 22808.0
    },
    {
        "pset": [
            "<schema.org/endDate>",
            "<schema.org/isLiveBroadcast>",
            "<schema.org/startDate>",
            "isa:<schema.org/BroadcastEvent>"
        ],
        "count": 18572.0
    },
    {
        "pset": [
            "<schema.org/isLiveBroadcast>",
            "isa:<schema.org/BroadcastEvent>"
        ],
        "count": 17640.0
    },
    {
        "pset": [
            "<schema.org/publishedOn>",
            "isa:<schema.org/BroadcastEvent>"
        ],
        "count": 6336.0
    },
    {
        "pset": [
            "<schema.org/broadcastOfEvent>",
            "<schema.org/description>",
            "<schema.org/isLiveBroadcast>",
            "<schema.org/name>",
            "<schema.org/startDate>",
            "<schema.org/videoFormat>",
            "isa:<schema.org/BroadcastEvent>"
        ],
        "count": 5175.0
    },
    {
        "pset": [
            "<schema.org/broadcastOfEvent>",
            "<schema.org/description>",
            "<schema.org/eventAttendanceMode>",
            "<schema.org/eventStatus>",
            "<schema.org/image>",
            "<schema.org/isLiveBroadcast>",
            "<schema.org/name>",
            "<schema.org/startDate>",
            "<schema.org/videoFormat>",
            "isa:<schema.org/BroadcastEvent>"
        ],
        "count": 3881.0
    },
    {
        "pset": [
            "<schema.org/isLiveBroadcast>",
            "<schema.org/startDate>",
            "isa:<schema.org/BroadcastEvent>"
        ],
        "count": 3805.0
    },
    {
        "pset": [
            "<schema.org/endDate>",
            "<schema.org/publishedOn>",
            "<schema.org/startDate>",
            "isa:<schema.org/BroadcastEvent>"
        ],
        "count": 3177.0
    },
    {
        "pset": [
            "<schema.org/description>",
            "<schema.org/isLiveBroadcast>",
            "<schema.org/name>",
            "<schema.org/publishedOn>",
            "<schema.org/startDate>",
            "<schema.org/videoFormat>",
            "isa:<schema.org/BroadcastEvent>"
        ],
        "count": 2844.0
    },
    {
        "pset": [
            "<schema.org/endDate>",
            "<schema.org/name>",
            "<schema.org/publishedOn>",
            "<schema.org/startDate>",
            "isa:<schema.org/BroadcastEvent>"
        ],
        "count": 2812.0
    },
    {
        "pset": [
            "<schema.org/broadcastOfEvent>",
            "<schema.org/description>",
            "<schema.org/duration>",
            "<schema.org/endDate>",
            "<schema.org/isLiveBroadcast>",
            "<schema.org/name>",
            "<schema.org/publishedOn>",
            "<schema.org/videoFormat>",
            "isa:<schema.org/BroadcastEvent>"
        ],
        "count": 2806.0
    },
    {
        "pset": [
            "<schema.org/broadcastOfEvent>",
            "<schema.org/description>",
            "<schema.org/endDate>",
            "<schema.org/inLanguage>",
            "<schema.org/isAccessibleForFree>",
            "<schema.org/isLiveBroadcast>",
            "<schema.org/name>",
            "<schema.org/startDate>",
            "<schema.org/url>",
            "<schema.org/videoFormat>",
            "isa:<schema.org/BroadcastEvent>"
        ],
        "count": 2478.0
    },
    {
        "pset": [
            "<schema.org/description>",
            "<schema.org/location>",
            "<schema.org/name>",
            "<schema.org/startDate>",
            "<schema.org/url>",
            "isa:<schema.org/BroadcastEvent>"
        ],
        "count": 2410.0
    },
    {
        "pset": [
            "<schema.org/broadcastOfEvent>",
            "<schema.org/description>",
            "<schema.org/isLiveBroadcast>",
            "<schema.org/name>",
            "<schema.org/url>",
            "<schema.org/videoFormat>",
            "isa:<schema.org/BroadcastEvent>"
        ],
        "count": 1868.0
    },
    {
        "pset": [
            "<schema.org/endDate>",
            "<schema.org/inLanguage>",
            "<schema.org/isLiveBroadcast>",
            "<schema.org/name>",
            "<schema.org/publishedOn>",
            "<schema.org/startDate>",
            "<schema.org/url>",
            "isa:<schema.org/BroadcastEvent>"
        ],
        "count": 1664.0
    },
    {
        "pset": [
            "<schema.org/aggregateRating>",
            "<schema.org/competitor>",
            "<schema.org/description>",
            "<schema.org/name>",
            "<schema.org/startDate>",
            "isa:<schema.org/BroadcastEvent>"
        ],
        "count": 1510.0
    },
    {
        "pset": [
            "<schema.org/description>",
            "<schema.org/image>",
            "<schema.org/isLiveBroadcast>",
            "<schema.org/name>",
            "<schema.org/performer>",
            "<schema.org/url>",
            "<schema.org/videoFormat>",
            "isa:<schema.org/BroadcastEvent>"
        ],
        "count": 1338.0
    },
    {
        "pset": [
            "<schema.org/broadcastOfEvent>",
            "<schema.org/endDate>",
            "<schema.org/isAccessibleForFree>",
            "<schema.org/isLiveBroadcast>",
            "<schema.org/publishedOn>",
            "<schema.org/startDate>",
            "isa:<schema.org/BroadcastEvent>"
        ],
        "count": 1010.0
    },
    {
        "pset": [
            "<schema.org/broadcastOfEvent>",
            "<schema.org/description>",
            "<schema.org/name>",
            "<schema.org/startDate>",
            "isa:<schema.org/BroadcastEvent>"
        ],
        "count": 1009.0
    },
    {
        "pset": [
            "<schema.org/description>",
            "<schema.org/endDate>",
            "<schema.org/isLiveBroadcast>",
            "<schema.org/name>",
            "<schema.org/startDate>",
            "isa:<schema.org/BroadcastEvent>"
        ],
        "count": 887.0
    },
    {
        "pset": [
            "<schema.org/endDate>",
            "<schema.org/isAccessibleForFree>",
            "<schema.org/isLiveBroadcast>",
            "<schema.org/name>",
            "<schema.org/publishedBy>",
            "<schema.org/startDate>",
            "isa:<schema.org/BroadcastEvent>"
        ],
        "count": 845.0
    },
    {
        "pset": [
            "<schema.org/description>",
            "<schema.org/genre>",
            "<schema.org/image>",
            "<schema.org/name>",
            "<schema.org/startDate>",
            "isa:<schema.org/BroadcastEvent>"
        ],
        "count": 677.0
    },
    {
        "pset": [
            "<schema.org/duration>",
            "<schema.org/endDate>",
            "<schema.org/image>",
            "<schema.org/isLiveBroadcast>",
            "<schema.org/name>",
            "<schema.org/publishedBy>",
            "<schema.org/startDate>",
            "<schema.org/url>",
            "isa:<schema.org/BroadcastEvent>"
        ],
        "count": 670.0
    },
    {
        "pset": [
            "<schema.org/description>",
            "<schema.org/image>",
            "<schema.org/name>",
            "<schema.org/offers>",
            "<schema.org/startdate>",
            "<schema.org/url>",
            "isa:<schema.org/BroadcastEvent>"
        ],
        "count": 569.0
    },
    {
        "pset": [
            "<schema.org/publishedBy>",
            "<schema.org/publishedOn>",
            "isa:<schema.org/BroadcastEvent>"
        ],
        "count": 494.0
    },
    {
        "pset": [
            "<schema.org/description>",
            "<schema.org/endDate>",
            "<schema.org/inLanguage>",
            "<schema.org/isLiveBroadcast>",
            "<schema.org/name>",
            "<schema.org/publishedOn>",
            "<schema.org/startDate>",
            "<schema.org/videoFormat>",
            "<schema.org/workPerformed>",
            "isa:<schema.org/BroadcastEvent>"
        ],
        "count": 317.0
    },
    {
        "pset": [
            "<schema.org/contentUrl>",
            "<schema.org/embedUrl>",
            "<schema.org/endDate>",
            "<schema.org/isLiveBroadcast>",
            "<schema.org/name>",
            "<schema.org/startDate>",
            "<schema.org/thumbnailUrl>",
            "isa:<schema.org/BroadcastEvent>"
        ],
        "count": 315.0
    },
    {
        "pset": [
            "<schema.org/broadcastOfEvent>",
            "<schema.org/description>",
            "<schema.org/endDate>",
            "<schema.org/isLiveBroadcast>",
            "<schema.org/name>",
            "<schema.org/organizer>",
            "<schema.org/startDate>",
            "<schema.org/videoFormat>",
            "isa:<schema.org/BroadcastEvent>"
        ],
        "count": 313.0
    },
    {
        "pset": [
            "<schema.org/broadcastOfEvent>",
            "<schema.org/name>",
            "isa:<schema.org/BroadcastEvent>"
        ],
        "count": 271.0
    },
    {
        "pset": [
            "<schema.org/endDate>",
            "<schema.org/publishedOn>",
            "<schema.org/startDate>",
            "<schema.org/workPerformed>",
            "isa:<schema.org/BroadcastEvent>"
        ],
        "count": 200.0
    },
    {
        "pset": [
            "<schema.org/broadcastOfEvent>",
            "<schema.org/description>",
            "<schema.org/isLiveBroadcast>",
            "<schema.org/publishedOn>",
            "<schema.org/startDate>",
            "isa:<schema.org/BroadcastEvent>"
        ],
        "count": 189.0
    },
    {
        "pset": [
            "<schema.org/endDate>",
            "<schema.org/isLiveBroadcast>",
            "<schema.org/potentialAction>",
            "<schema.org/startDate>",
            "isa:<schema.org/BroadcastEvent>"
        ],
        "count": 167.0
    },
    {
        "pset": [
            "<schema.org/broadcastOfEvent>",
            "<schema.org/description>",
            "<schema.org/endDate>",
            "<schema.org/image>",
            "<schema.org/isLiveBroadcast>",
            "<schema.org/name>",
            "<schema.org/startDate>",
            "<schema.org/url>",
            "<schema.org/videoFormat>",
            "isa:<schema.org/BroadcastEvent>"
        ],
        "count": 166.0
    },
    {
        "pset": [
            "<schema.org/name>",
            "<schema.org/url>",
            "isa:<schema.org/BroadcastEvent>"
        ],
        "count": 154.0
    },
    {
        "pset": [
            "<schema.org/description>",
            "<schema.org/endDate>",
            "<schema.org/image>",
            "<schema.org/name>",
            "<schema.org/publishedOn>",
            "<schema.org/startDate>",
            "<schema.org/url>",
            "isa:<schema.org/BroadcastEvent>"
        ],
        "count": 152.0
    },
    {
        "pset": [
            "<schema.org/broadcastOfEvent>",
            "<schema.org/description>",
            "<schema.org/endDate>",
            "<schema.org/isLiveBroadcast>",
            "<schema.org/mainEntityOfPage>",
            "<schema.org/name>",
            "<schema.org/publishedOn>",
            "<schema.org/startDate>",
            "isa:<schema.org/BroadcastEvent>"
        ],
        "count": 144.0
    },
    {
        "pset": [
            "<schema.org/isLiveBroadcast>",
            "<schema.org/name>",
            "isa:<schema.org/BroadcastEvent>"
        ],
        "count": 140.0
    },
    {
        "pset": [
            "<schema.org/isLiveBroadcast>",
            "<schema.org/name>",
            "<schema.org/startDate>",
            "isa:<schema.org/BroadcastEvent>"
        ],
        "count": 139.0
    },
    {
        "pset": [
            "<schema.org/description>",
            "<schema.org/endDate>",
            "<schema.org/isLiveBroadcast>",
            "<schema.org/name>",
            "<schema.org/publishedOn>",
            "<schema.org/startDate>",
            "<schema.org/videoFormat>",
            "isa:<schema.org/BroadcastEvent>"
        ],
        "count": 138.0
    },
    {
        "pset": [
            "<schema.org/description>",
            "<schema.org/duration>",
            "<schema.org/endDate>",
            "<schema.org/image>",
            "<schema.org/isAccessibleForFree>",
            "<schema.org/location>",
            "<schema.org/name>",
            "<schema.org/startDate>",
            "<schema.org/url>",
            "isa:<schema.org/BroadcastEvent>",
            "isa:<schema.org/VirtualLocation>"
        ],
        "count": 134.0
    },
    {
        "pset": [
            "<schema.org/about>",
            "<schema.org/description>",
            "<schema.org/endDate>",
            "<schema.org/image>",
            "<schema.org/isAccessibleForFree>",
            "<schema.org/isLiveBroadcast>",
            "<schema.org/location>",
            "<schema.org/name>",
            "<schema.org/performer>",
            "<schema.org/publishedBy>",
            "<schema.org/startDate>",
            "<schema.org/url>",
            "isa:<schema.org/BroadcastEvent>"
        ],
        "count": 131.0
    },
    {
        "pset": [
            "<schema.org/endDate>",
            "<schema.org/isLiveBroadcast>",
            "<schema.org/publishedOn>",
            "<schema.org/startDate>",
            "isa:<schema.org/BroadcastEvent>"
        ],
        "count": 128.0
    },
    {
        "pset": [
            "<schema.org/broadcastOfEvent>",
            "<schema.org/description>",
            "<schema.org/isLiveBroadcast>",
            "<schema.org/name>",
            "<schema.org/publishedOn>",
            "<schema.org/startDate>",
            "<schema.org/videoFormat>",
            "isa:<schema.org/BroadcastEvent>"
        ],
        "count": 108.0
    },
    {
        "pset": [
            "<schema.org/broadcastOfEvent>",
            "<schema.org/description>",
            "<schema.org/endDate>",
            "<schema.org/isLiveBroadcast>",
            "<schema.org/name>",
            "<schema.org/startDate>",
            "isa:<schema.org/BroadcastEvent>"
        ],
        "count": 107.0
    },
    {
        "pset": [
            "<schema.org/actor>",
            "<schema.org/countryOfOrigin>",
            "<schema.org/datePublished>",
            "<schema.org/description>",
            "<schema.org/director>",
            "<schema.org/episodeNumber>",
            "<schema.org/genre>",
            "<schema.org/image>",
            "<schema.org/isLiveBroadcast>",
            "<schema.org/name>",
            "<schema.org/partOfSeason>",
            "<schema.org/partOfTVSeries>",
            "<schema.org/publishedOn>",
            "<schema.org/startDate>",
            "<schema.org/thumbnailUrl>",
            "<schema.org/url>",
            "<schema.org/workPerformed>",
            "isa:<schema.org/BroadcastEvent>",
            "isa:<schema.org/TVEpisode>"
        ],
        "count": 97.0
    },
    {
        "pset": [
            "<schema.org/broadcastOfEvent>",
            "<schema.org/description>",
            "<schema.org/isLiveBroadcast>",
            "<schema.org/name>",
            "<schema.org/startDate>",
            "<schema.org/url>",
            "<schema.org/videoFormat>",
            "isa:<schema.org/BroadcastEvent>"
        ],
        "count": 86.0
    },
    {
        "pset": [
            "<schema.org/description>",
            "<schema.org/endDate>",
            "<schema.org/isLiveBroadcast>",
            "<schema.org/name>",
            "<schema.org/publishedOn>",
            "<schema.org/startDate>",
            "isa:<schema.org/BroadcastEvent>"
        ],
        "count": 75.0
    },
    {
        "pset": [
            "<schema.org/isAccessibleForFree>",
            "<schema.org/isLiveBroadcast>",
            "<schema.org/publishedOn>",
            "<schema.org/startDate>",
            "<schema.org/videoFormat>",
            "isa:<schema.org/BroadcastEvent>"
        ],
        "count": 65.0
    },
    {
        "pset": [
            "<schema.org/broadcastOfEvent>",
            "<schema.org/description>",
            "<schema.org/image>",
            "<schema.org/inLanguage>",
            "<schema.org/isAccessibleForFree>",
            "<schema.org/isLiveBroadcast>",
            "<schema.org/name>",
            "<schema.org/url>",
            "<schema.org/videoFormat>",
            "isa:<schema.org/BroadcastEvent>"
        ],
        "count": 65.0
    },
    {
        "pset": [
            "<schema.org/broadcastOfEvent>",
            "<schema.org/description>",
            "<schema.org/inLanguage>",
            "<schema.org/isAvailableForFree>",
            "<schema.org/isLiveBroadcast>",
            "<schema.org/location>",
            "<schema.org/organizer>",
            "<schema.org/performers>",
            "<schema.org/subtitleLanguage>",
            "<schema.org/video>",
            "<schema.org/videoFormat>",
            "isa:<schema.org/BroadcastEvent>"
        ],
        "count": 63.0
    },
    {
        "pset": [
            "<schema.org/about>",
            "<schema.org/broadcastOfEvent>",
            "<schema.org/endDate>",
            "<schema.org/isLiveBroadcast>",
            "<schema.org/name>",
            "<schema.org/publishedOn>",
            "<schema.org/startDate>",
            "isa:<schema.org/BroadcastEvent>"
        ],
        "count": 58.0
    },
    {
        "pset": [
            "<schema.org/isLiveBroadcast>",
            "<schema.org/name>",
            "<schema.org/videoFormat>",
            "isa:<schema.org/BroadcastEvent>"
        ],
        "count": 57.0
    },
    {
        "pset": [
            "<schema.org/countryOfOrigin>",
            "<schema.org/datePublished>",
            "<schema.org/description>",
            "<schema.org/genre>",
            "<schema.org/isLiveBroadcast>",
            "<schema.org/name>",
            "<schema.org/publishedOn>",
            "<schema.org/startDate>",
            "<schema.org/thumbnailUrl>",
            "<schema.org/url>",
            "<schema.org/workPerformed>",
            "isa:<schema.org/BroadcastEvent>",
            "isa:<schema.org/CreativeWork>"
        ],
        "count": 55.0
    },
    {
        "pset": [
            "<schema.org/countryOfOrigin>",
            "<schema.org/datePublished>",
            "<schema.org/description>",
            "<schema.org/episodeNumber>",
            "<schema.org/genre>",
            "<schema.org/image>",
            "<schema.org/isLiveBroadcast>",
            "<schema.org/name>",
            "<schema.org/partOfSeason>",
            "<schema.org/partOfTVSeries>",
            "<schema.org/publishedOn>",
            "<schema.org/startDate>",
            "<schema.org/thumbnailUrl>",
            "<schema.org/url>",
            "<schema.org/workPerformed>",
            "isa:<schema.org/BroadcastEvent>",
            "isa:<schema.org/TVEpisode>"
        ],
        "count": 54.0
    },
    {
        "pset": [
            "<schema.org/broadcastOfEvent>",
            "<schema.org/description>",
            "<schema.org/endDate>",
            "<schema.org/isLiveBroadcast>",
            "<schema.org/name>",
            "<schema.org/startDate>",
            "<schema.org/url>",
            "isa:<schema.org/BroadcastEvent>"
        ],
        "count": 49.0
    },
    {
        "pset": [
            "<schema.org/doorTime>",
            "<schema.org/endDate>",
            "<schema.org/eventAttendanceMode>",
            "<schema.org/eventStatus>",
            "<schema.org/isAccessibleForFree>",
            "<schema.org/isLiveBroadcast>",
            "<schema.org/performer>",
            "<schema.org/publishedOn>",
            "<schema.org/startDate>",
            "isa:<schema.org/BroadcastEvent>"
        ],
        "count": 49.0
    },
    {
        "pset": [
            "<schema.org/description>",
            "<schema.org/genre>",
            "<schema.org/isLiveBroadcast>",
            "<schema.org/name>",
            "<schema.org/publishedOn>",
            "<schema.org/startDate>",
            "<schema.org/thumbnailUrl>",
            "<schema.org/url>",
            "<schema.org/workPerformed>",
            "isa:<schema.org/BroadcastEvent>",
            "isa:<schema.org/CreativeWork>"
        ],
        "count": 46.0
    },
    {
        "pset": [
            "<schema.org/about>",
            "<schema.org/description>",
            "<schema.org/eventAttendanceMode>",
            "<schema.org/image>",
            "<schema.org/inLanguage>",
            "<schema.org/isLiveBroadcast>",
            "<schema.org/location>",
            "<schema.org/name>",
            "<schema.org/organizer>",
            "<schema.org/url>",
            "isa:<schema.org/BroadcastEvent>"
        ],
        "count": 46.0
    },
    {
        "pset": [
            "<schema.org/description>",
            "<schema.org/isLiveBroadcast>",
            "<schema.org/name>",
            "<schema.org/publishedOn>",
            "<schema.org/startDate>",
            "<schema.org/thumbnailUrl>",
            "<schema.org/url>",
            "<schema.org/workPerformed>",
            "isa:<schema.org/BroadcastEvent>",
            "isa:<schema.org/CreativeWork>"
        ],
        "count": 44.0
    },
    {
        "pset": [
            "<schema.org/description>",
            "<schema.org/endDate>",
            "<schema.org/identifier>",
            "<schema.org/image>",
            "<schema.org/name>",
            "<schema.org/organizer>",
            "<schema.org/startDate>",
            "<schema.org/url>",
            "isa:<schema.org/BroadcastEvent>"
        ],
        "count": 43.0
    },
    {
        "pset": [
            "<schema.org/actor>",
            "<schema.org/countryOfOrigin>",
            "<schema.org/datePublished>",
            "<schema.org/description>",
            "<schema.org/director>",
            "<schema.org/genre>",
            "<schema.org/image>",
            "<schema.org/isLiveBroadcast>",
            "<schema.org/name>",
            "<schema.org/publishedOn>",
            "<schema.org/startDate>",
            "<schema.org/thumbnailUrl>",
            "<schema.org/url>",
            "<schema.org/workPerformed>",
            "isa:<schema.org/BroadcastEvent>",
            "isa:<schema.org/Movie>"
        ],
        "count": 42.0
    },
    {
        "pset": [
            "<schema.org/image>",
            "<schema.org/name>",
            "<schema.org/offers>",
            "<schema.org/startdate>",
            "<schema.org/url>",
            "isa:<schema.org/BroadcastEvent>"
        ],
        "count": 39.0
    },
    {
        "pset": [
            "<schema.org/endDate>",
            "<schema.org/inLanguage>",
            "<schema.org/isLiveBroadcast>",
            "<schema.org/potentialAction>",
            "<schema.org/startDate>",
            "isa:<schema.org/BroadcastEvent>"
        ],
        "count": 37.0
    },
    {
        "pset": [
            "<schema.org/actor>",
            "<schema.org/countryOfOrigin>",
            "<schema.org/datePublished>",
            "<schema.org/description>",
            "<schema.org/episodeNumber>",
            "<schema.org/genre>",
            "<schema.org/image>",
            "<schema.org/isLiveBroadcast>",
            "<schema.org/name>",
            "<schema.org/partOfSeason>",
            "<schema.org/partOfTVSeries>",
            "<schema.org/publishedOn>",
            "<schema.org/startDate>",
            "<schema.org/thumbnailUrl>",
            "<schema.org/url>",
            "<schema.org/workPerformed>",
            "isa:<schema.org/BroadcastEvent>",
            "isa:<schema.org/TVEpisode>"
        ],
        "count": 37.0
    },
    {
        "pset": [
            "<schema.org/Organizer>",
            "<schema.org/description>",
            "<schema.org/endDate>",
            "<schema.org/eventAttendanceMode>",
            "<schema.org/eventStatus>",
            "<schema.org/image>",
            "<schema.org/location>",
            "<schema.org/name>",
            "<schema.org/startDate>",
            "isa:<schema.org/BroadcastEvent>"
        ],
        "count": 37.0
    },
    {
        "pset": [
            "<schema.org/broadcastOfEvent>",
            "<schema.org/publishedOn>",
            "isa:<schema.org/BroadcastEvent>"
        ],
        "count": 36.0
    },
    {
        "pset": [
            "<schema.org/description>",
            "<schema.org/endDate>",
            "<schema.org/image>",
            "<schema.org/isLiveBroadcast>",
            "<schema.org/name>",
            "<schema.org/organizer>",
            "<schema.org/startDate>",
            "isa:<schema.org/BroadcastEvent>"
        ],
        "count": 34.0
    },
    {
        "pset": [
            "<schema.org/description>",
            "<schema.org/isLiveBroadcast>",
            "<schema.org/name>",
            "<schema.org/startDate>",
            "isa:<schema.org/BroadcastEvent>"
        ],
        "count": 33.0
    },
    {
        "pset": [
            "<schema.org/name>",
            "<schema.org/startDate>",
            "isa:<schema.org/BroadcastEvent>"
        ],
        "count": 32.0
    },
    {
        "pset": [
            "<schema.org/author>",
            "<schema.org/description>",
            "<schema.org/endDate>",
            "<schema.org/eventAttendanceMode>",
            "<schema.org/eventStatus>",
            "<schema.org/image>",
            "<schema.org/inLanguage>",
            "<schema.org/isAccessibleForFree>",
            "<schema.org/location>",
            "<schema.org/name>",
            "<schema.org/organizer>",
            "<schema.org/publisher>",
            "<schema.org/startDate>",
            "<schema.org/url>",
            "isa:<schema.org/BroadcastEvent>",
            "isa:<schema.org/MedicalWebPage>"
        ],
        "count": 32.0
    },
    {
        "pset": [
            "<schema.org/broadcastOfEvent>",
            "<schema.org/description>",
            "<schema.org/eventAttendanceMode>",
            "<schema.org/eventStatus>",
            "<schema.org/image>",
            "<schema.org/isLiveBroadcast>",
            "<schema.org/name>",
            "<schema.org/offers>",
            "<schema.org/startDate>",
            "<schema.org/videoFormat>",
            "isa:<schema.org/BroadcastEvent>"
        ],
        "count": 31.0
    },
    {
        "pset": [
            "<schema.org/broadcastOfEvent>",
            "<schema.org/description>",
            "<schema.org/endDate>",
            "<schema.org/isLiveBroadcast>",
            "<schema.org/name>",
            "<schema.org/startDate>",
            "<schema.org/url>",
            "<schema.org/videoFormat>",
            "isa:<schema.org/BroadcastEvent>"
        ],
        "count": 30.0
    },
    {
        "pset": [
            "<schema.org/actor>",
            "<schema.org/countryOfOrigin>",
            "<schema.org/datePublished>",
            "<schema.org/description>",
            "<schema.org/director>",
            "<schema.org/episodeNumber>",
            "<schema.org/genre>",
            "<schema.org/image>",
            "<schema.org/isLiveBroadcast>",
            "<schema.org/name>",
            "<schema.org/partOfTVSeries>",
            "<schema.org/publishedOn>",
            "<schema.org/startDate>",
            "<schema.org/thumbnailUrl>",
            "<schema.org/url>",
            "<schema.org/workPerformed>",
            "isa:<schema.org/BroadcastEvent>",
            "isa:<schema.org/TVEpisode>"
        ],
        "count": 28.0
    },
    {
        "pset": [
            "<schema.org/description>",
            "<schema.org/isAccessibleForFree>",
            "<schema.org/isLiveBroadcast>",
            "<schema.org/name>",
            "<schema.org/publishedOn>",
            "<schema.org/url>",
            "isa:<schema.org/BroadcastEvent>"
        ],
        "count": 28.0
    },
    {
        "pset": [
            "<schema.org/description>",
            "<schema.org/isLiveBroadcast>",
            "<schema.org/name>",
            "<schema.org/publishedOn>",
            "<schema.org/startDate>",
            "<schema.org/url>",
            "isa:<schema.org/BroadcastEvent>"
        ],
        "count": 27.0
    },
    {
        "pset": [
            "<schema.org/description>",
            "<schema.org/endDate>",
            "<schema.org/image>",
            "<schema.org/name>",
            "<schema.org/performer>",
            "<schema.org/startDate>",
            "<schema.org/url>",
            "isa:<schema.org/BroadcastEvent>"
        ],
        "count": 26.0
    },
    {
        "pset": [
            "<schema.org/broadcastOfEvent>",
            "<schema.org/description>",
            "<schema.org/image>",
            "<schema.org/isLiveBroadcast>",
            "<schema.org/name>",
            "<schema.org/startDate>",
            "<schema.org/videoFormat>",
            "isa:<schema.org/BroadcastEvent>"
        ],
        "count": 26.0
    },
    {
        "pset": [
            "<schema.org/description>",
            "<schema.org/endDate>",
            "<schema.org/image>",
            "<schema.org/isLiveBroadcast>",
            "<schema.org/name>",
            "<schema.org/offers>",
            "<schema.org/performer>",
            "<schema.org/startDate>",
            "<schema.org/url>",
            "isa:<schema.org/BroadcastEvent>"
        ],
        "count": 23.0
    },
    {
        "pset": [
            "<schema.org/broadcastOfEvent>",
            "<schema.org/duration>",
            "<schema.org/endDate>",
            "<schema.org/name>",
            "<schema.org/startDate>",
            "<schema.org/url>",
            "isa:<schema.org/BroadcastEvent>"
        ],
        "count": 22.0
    },
    {
        "pset": [
            "<schema.org/aggregateRating>",
            "<schema.org/description>",
            "<schema.org/doorTime>",
            "<schema.org/duration>",
            "<schema.org/inLanguage>",
            "<schema.org/name>",
            "isa:<schema.org/BroadcastEvent>"
        ],
        "count": 21.0
    },
    {
        "pset": [
            "<schema.org/description>",
            "<schema.org/endDate>",
            "<schema.org/isAccessibleForFree>",
            "<schema.org/isLiveBroadcast>",
            "<schema.org/name>",
            "<schema.org/organizer>",
            "<schema.org/publishedOn>",
            "<schema.org/startDate>",
            "<schema.org/workPerformed>",
            "isa:<schema.org/BroadcastEvent>"
        ],
        "count": 20.0
    },
    {
        "pset": [
            "<schema.org/description>",
            "<schema.org/endDate>",
            "<schema.org/eventStatus>",
            "<schema.org/location>",
            "<schema.org/name>",
            "<schema.org/organizer>",
            "<schema.org/performer>",
            "<schema.org/startDate>",
            "<schema.org/thumbnailUrl>",
            "<schema.org/uploadDate>",
            "<schema.org/url>",
            "isa:<schema.org/BroadcastEvent>"
        ],
        "count": 19.0
    },
    {
        "pset": [
            "<schema.org/endDate>",
            "<schema.org/inLanguage>",
            "<schema.org/startDate>",
            "isa:<schema.org/BroadcastEvent>"
        ],
        "count": 18.0
    },
    {
        "pset": [
            "<schema.org/broadcastOfEvent>",
            "<schema.org/description>",
            "<schema.org/isLiveBroadcast>",
            "<schema.org/name>",
            "<schema.org/publishedOn>",
            "<schema.org/startDate>",
            "isa:<schema.org/BroadcastEvent>"
        ],
        "count": 18.0
    },
    {
        "pset": [
            "<schema.org/image>",
            "<schema.org/name>",
            "isa:<schema.org/BroadcastEvent>"
        ],
        "count": 18.0
    },
    {
        "pset": [
            "<schema.org/actor>",
            "<schema.org/additionalType>",
            "<schema.org/description>",
            "<schema.org/eventAttendanceMode>",
            "<schema.org/image>",
            "<schema.org/inLanguage>",
            "<schema.org/location>",
            "<schema.org/name>",
            "<schema.org/offers>",
            "<schema.org/organizer>",
            "<schema.org/performer>",
            "<schema.org/publishedBy>",
            "<schema.org/recordedIn>",
            "<schema.org/startDate>",
            "<schema.org/url>",
            "isa:<schema.org/BroadcastEvent>",
            "isa:<schema.org/BusinessEvent>",
            "isa:<schema.org/EducationEvent>"
        ],
        "count": 18.0
    },
    {
        "pset": [
            "<schema.org/countryOfOrigin>",
            "<schema.org/datePublished>",
            "<schema.org/description>",
            "<schema.org/genre>",
            "<schema.org/isLiveBroadcast>",
            "<schema.org/name>",
            "<schema.org/publishedOn>",
            "<schema.org/startDate>",
            "<schema.org/url>",
            "<schema.org/workPerformed>",
            "isa:<schema.org/BroadcastEvent>",
            "isa:<schema.org/CreativeWork>"
        ],
        "count": 17.0
    },
    {
        "pset": [
            "<schema.org/Organizer>",
            "<schema.org/description>",
            "<schema.org/endDate>",
            "<schema.org/eventAttendanceMode>",
            "<schema.org/eventStatus>",
            "<schema.org/image>",
            "<schema.org/location>",
            "<schema.org/name>",
            "<schema.org/performer>",
            "<schema.org/startDate>",
            "isa:<schema.org/BroadcastEvent>"
        ],
        "count": 17.0
    },
    {
        "pset": [
            "<schema.org/broadcastOfEvent>",
            "<schema.org/description>",
            "<schema.org/isLiveBroadcast>",
            "<schema.org/startDate>",
            "isa:<schema.org/BroadcastEvent>"
        ],
        "count": 16.0
    },
    {
        "pset": [
            "<schema.org/description>",
            "<schema.org/endDate>",
            "<schema.org/free>",
            "<schema.org/image>",
            "<schema.org/isAccessibleForFree>",
            "<schema.org/maximumAttendeeCapacity>",
            "<schema.org/name>",
            "<schema.org/offers>",
            "<schema.org/remainingAttendeeCapacity>",
            "<schema.org/startDate>",
            "<schema.org/url>",
            "isa:<schema.org/BroadcastEvent>"
        ],
        "count": 15.0
    },
    {
        "pset": [
            "<schema.org/description>",
            "<schema.org/genre>",
            "<schema.org/isLiveBroadcast>",
            "<schema.org/name>",
            "<schema.org/publishedOn>",
            "<schema.org/startDate>",
            "<schema.org/url>",
            "<schema.org/workPerformed>",
            "isa:<schema.org/BroadcastEvent>",
            "isa:<schema.org/CreativeWork>"
        ],
        "count": 15.0
    },
    {
        "pset": [
            "<schema.org/description>",
            "<schema.org/genre>",
            "<schema.org/name>",
            "<schema.org/startDate>",
            "isa:<schema.org/BroadcastEvent>"
        ],
        "count": 15.0
    },
    {
        "pset": [
            "<schema.org/description>",
            "<schema.org/image>",
            "<schema.org/isLiveBroadcast>",
            "<schema.org/location>",
            "<schema.org/name>",
            "<schema.org/startDate>",
            "<schema.org/url>",
            "<schema.org/videoFormat>",
            "isa:<schema.org/BroadcastEvent>"
        ],
        "count": 15.0
    },
    {
        "pset": [
            "<schema.org/description>",
            "<schema.org/duration>",
            "<schema.org/isLiveBroadcast>",
            "<schema.org/name>",
            "<schema.org/startDate>",
            "isa:<schema.org/BroadcastEvent>"
        ],
        "count": 14.0
    },
    {
        "pset": [
            "<schema.org/broadcastOfEvent>",
            "<schema.org/description>",
            "<schema.org/inLanguage>",
            "<schema.org/isAccessibleForFree>",
            "<schema.org/isLiveBroadcast>",
            "<schema.org/name>",
            "<schema.org/url>",
            "<schema.org/videoFormat>",
            "isa:<schema.org/BroadcastEvent>"
        ],
        "count": 14.0
    },
    {
        "pset": [
            "<schema.org/broadcastOfEvent>",
            "<schema.org/description>",
            "<schema.org/endDate>",
            "<schema.org/isAccessibleForFree>",
            "<schema.org/isLiveBroadcast>",
            "<schema.org/name>",
            "<schema.org/startDate>",
            "<schema.org/url>",
            "<schema.org/videoFormat>",
            "isa:<schema.org/BroadcastEvent>"
        ],
        "count": 14.0
    },
    {
        "pset": [
            "<schema.org/countryOfOrigin>",
            "<schema.org/datePublished>",
            "<schema.org/description>",
            "<schema.org/director>",
            "<schema.org/genre>",
            "<schema.org/image>",
            "<schema.org/isLiveBroadcast>",
            "<schema.org/name>",
            "<schema.org/publishedOn>",
            "<schema.org/startDate>",
            "<schema.org/thumbnailUrl>",
            "<schema.org/url>",
            "<schema.org/workPerformed>",
            "isa:<schema.org/BroadcastEvent>",
            "isa:<schema.org/Movie>"
        ],
        "count": 14.0
    },
    {
        "pset": [
            "<schema.org/isLiveBroadcast>",
            "<schema.org/name>",
            "<schema.org/publishedOn>",
            "<schema.org/startDate>",
            "<schema.org/thumbnailUrl>",
            "<schema.org/url>",
            "<schema.org/workPerformed>",
            "isa:<schema.org/BroadcastEvent>",
            "isa:<schema.org/CreativeWork>"
        ],
        "count": 13.0
    },
    {
        "pset": [
            "<schema.org/broadcastOfEvent>",
            "<schema.org/description>",
            "<schema.org/image>",
            "<schema.org/isLiveBroadcast>",
            "<schema.org/name>",
            "<schema.org/startDate>",
            "<schema.org/url>",
            "isa:<schema.org/BroadcastEvent>"
        ],
        "count": 13.0
    },
    {
        "pset": [
            "<schema.org/description>",
            "<schema.org/endDate>",
            "<schema.org/eventAttendanceMode>",
            "<schema.org/eventStatus>",
            "<schema.org/hasPart>",
            "<schema.org/image>",
            "<schema.org/isAccessibleForFree>",
            "<schema.org/isLiveBroadcast>",
            "<schema.org/location>",
            "<schema.org/name>",
            "<schema.org/offers>",
            "<schema.org/organizer>",
            "<schema.org/performer>",
            "<schema.org/publishedOn>",
            "<schema.org/startDate>",
            "isa:<schema.org/BroadcastEvent>"
        ],
        "count": 11.0
    },
    {
        "pset": [
            "<schema.org/description>",
            "<schema.org/duration>",
            "<schema.org/identifier>",
            "<schema.org/image>",
            "<schema.org/isLiveBroadcast>",
            "<schema.org/name>",
            "<schema.org/startDate>",
            "isa:<schema.org/BroadcastEvent>"
        ],
        "count": 11.0
    },
    {
        "pset": [
            "<schema.org/countryOfOrigin>",
            "<schema.org/datePublished>",
            "<schema.org/description>",
            "<schema.org/episodeNumber>",
            "<schema.org/genre>",
            "<schema.org/image>",
            "<schema.org/isLiveBroadcast>",
            "<schema.org/name>",
            "<schema.org/partOfTVSeries>",
            "<schema.org/publishedOn>",
            "<schema.org/startDate>",
            "<schema.org/thumbnailUrl>",
            "<schema.org/url>",
            "<schema.org/workPerformed>",
            "isa:<schema.org/BroadcastEvent>",
            "isa:<schema.org/TVEpisode>"
        ],
        "count": 11.0
    },
    {
        "pset": [
            "<schema.org/description>",
            "<schema.org/image>",
            "<schema.org/isLiveBroadcast>",
            "<schema.org/name>",
            "<schema.org/organizer>",
            "isa:<schema.org/BroadcastEvent>"
        ],
        "count": 10.0
    },
    {
        "pset": [
            "<schema.org/endDate>",
            "<schema.org/startDate>",
            "isa:<schema.org/BroadcastEvent>"
        ],
        "count": 10.0
    },
    {
        "pset": [
            "<schema.org/description>",
            "<schema.org/endDate>",
            "<schema.org/isLiveBroadcast>",
            "<schema.org/name>",
            "<schema.org/startDate>",
            "<schema.org/thumbnailUrl>",
            "<schema.org/uploadDate>",
            "isa:<schema.org/BroadcastEvent>"
        ],
        "count": 10.0
    },
    {
        "pset": [
            "<schema.org/description>",
            "<schema.org/endDate>",
            "<schema.org/name>",
            "<schema.org/publishedOn>",
            "<schema.org/startDate>",
            "isa:<schema.org/BroadcastEvent>"
        ],
        "count": 9.0
    },
    {
        "pset": [
            "<schema.org/broadcastOfEvent>",
            "<schema.org/description>",
            "<schema.org/inLanguage>",
            "<schema.org/isLiveBroadcast>",
            "<schema.org/name>",
            "<schema.org/url>",
            "<schema.org/videoFormat>",
            "isa:<schema.org/BroadcastEvent>"
        ],
        "count": 9.0
    },
    {
        "pset": [
            "<schema.org/endDate>",
            "<schema.org/name>",
            "<schema.org/publishedOn>",
            "<schema.org/startDate>",
            "<schema.org/workPerformed>",
            "isa:<schema.org/BroadcastEvent>"
        ],
        "count": 9.0
    },
    {
        "pset": [
            "<schema.org/description>",
            "<schema.org/endDate>",
            "<schema.org/inLanguage>",
            "<schema.org/name>",
            "<schema.org/publishedOn>",
            "<schema.org/startDate>",
            "isa:<schema.org/BroadcastEvent>"
        ],
        "count": 9.0
    },
    {
        "pset": [
            "<schema.org/countryOfOrigin>",
            "<schema.org/description>",
            "<schema.org/genre>",
            "<schema.org/isLiveBroadcast>",
            "<schema.org/name>",
            "<schema.org/publishedOn>",
            "<schema.org/startDate>",
            "<schema.org/thumbnailUrl>",
            "<schema.org/url>",
            "<schema.org/workPerformed>",
            "isa:<schema.org/BroadcastEvent>",
            "isa:<schema.org/CreativeWork>"
        ],
        "count": 9.0
    },
    {
        "pset": [
            "<schema.org/broadcastOfEvent>",
            "<schema.org/description>",
            "<schema.org/eventAttendanceMode>",
            "<schema.org/image>",
            "<schema.org/isLiveBroadcast>",
            "<schema.org/name>",
            "<schema.org/startDate>",
            "<schema.org/videoFormat>",
            "isa:<schema.org/BroadcastEvent>"
        ],
        "count": 8.0
    },
    {
        "pset": [
            "<schema.org/endDate>",
            "<schema.org/isLiveBroadcast>",
            "<schema.org/sameAs>",
            "<schema.org/startDate>",
            "isa:<schema.org/BroadcastEvent>"
        ],
        "count": 8.0
    },
    {
        "pset": [
            "<schema.org/about>",
            "<schema.org/description>",
            "<schema.org/endDate>",
            "<schema.org/image>",
            "<schema.org/isAccessibleForFree>",
            "<schema.org/isLiveBroadcast>",
            "<schema.org/location>",
            "<schema.org/name>",
            "<schema.org/publishedBy>",
            "<schema.org/startDate>",
            "<schema.org/url>",
            "isa:<schema.org/BroadcastEvent>"
        ],
        "count": 8.0
    },
    {
        "pset": [
            "<schema.org/isLiveBroadcast>",
            "<schema.org/publishedOn>",
            "<schema.org/startDate>",
            "isa:<schema.org/BroadcastEvent>"
        ],
        "count": 7.0
    },
    {
        "pset": [
            "<schema.org/broadcastOfEvent>",
            "<schema.org/description>",
            "<schema.org/inLanguage>",
            "<schema.org/isAvailableForFree>",
            "<schema.org/isLiveBroadcast>",
            "<schema.org/location>",
            "<schema.org/organizer>",
            "<schema.org/performers>",
            "<schema.org/subtitleLanguage>",
            "<schema.org/videoFormat>",
            "isa:<schema.org/BroadcastEvent>"
        ],
        "count": 7.0
    },
    {
        "pset": [
            "<schema.org/description>",
            "<schema.org/inLanguage>",
            "<schema.org/isLiveBroadcast>",
            "<schema.org/name>",
            "<schema.org/publishedOn>",
            "<schema.org/startDate>",
            "<schema.org/videoFormat>",
            "<schema.org/workPerformed>",
            "isa:<schema.org/BroadcastEvent>"
        ],
        "count": 7.0
    },
    {
        "pset": [
            "<schema.org/actor>",
            "<schema.org/countryOfOrigin>",
            "<schema.org/datePublished>",
            "<schema.org/description>",
            "<schema.org/episodeNumber>",
            "<schema.org/genre>",
            "<schema.org/image>",
            "<schema.org/isLiveBroadcast>",
            "<schema.org/name>",
            "<schema.org/partOfTVSeries>",
            "<schema.org/publishedOn>",
            "<schema.org/startDate>",
            "<schema.org/thumbnailUrl>",
            "<schema.org/url>",
            "<schema.org/workPerformed>",
            "isa:<schema.org/BroadcastEvent>",
            "isa:<schema.org/TVEpisode>"
        ],
        "count": 7.0
    },
    {
        "pset": [
            "<schema.org/endDate>",
            "<schema.org/isLiveBroadCast>",
            "<schema.org/startData>",
            "<schema.org/startDate>",
            "isa:<schema.org/BroadcastEvent>"
        ],
        "count": 7.0
    },
    {
        "pset": [
            "<schema.org/description>",
            "<schema.org/inLanguage>",
            "<schema.org/isAccessibleForFree>",
            "<schema.org/name>",
            "<schema.org/performer>",
            "<schema.org/publishedBy>",
            "<schema.org/startDate>",
            "<schema.org/url>",
            "isa:<schema.org/BroadcastEvent>"
        ],
        "count": 6.0
    },
    {
        "pset": [
            "<schema.org/description>",
            "<schema.org/image>",
            "<schema.org/inLanguage>",
            "<schema.org/mainEntityOfPage>",
            "<schema.org/name>",
            "<schema.org/url>",
            "isa:<schema.org/BroadcastEvent>"
        ],
        "count": 6.0
    },
    {
        "pset": [
            "<schema.org/broadcastOfEvent>",
            "<schema.org/description>",
            "<schema.org/image>",
            "<schema.org/isLiveBroadcast>",
            "<schema.org/name>",
            "<schema.org/startDate>",
            "<schema.org/url>",
            "<schema.org/videoFormat>",
            "isa:<schema.org/BroadcastEvent>"
        ],
        "count": 6.0
    },
    {
        "pset": [
            "<schema.org/description>",
            "<schema.org/isLiveBroadcast>",
            "<schema.org/name>",
            "isa:<schema.org/BroadcastEvent>"
        ],
        "count": 6.0
    },
    {
        "pset": [
            "<schema.org/description>",
            "<schema.org/endDate>",
            "<schema.org/image>",
            "<schema.org/inLanguage>",
            "<schema.org/isLiveBroadcast>",
            "<schema.org/name>",
            "<schema.org/publishedOn>",
            "<schema.org/startDate>",
            "isa:<schema.org/BroadcastEvent>"
        ],
        "count": 6.0
    },
    {
        "pset": [
            "<schema.org/countryOfOrigin>",
            "<schema.org/datePublished>",
            "<schema.org/description>",
            "<schema.org/director>",
            "<schema.org/genre>",
            "<schema.org/isLiveBroadcast>",
            "<schema.org/name>",
            "<schema.org/publishedOn>",
            "<schema.org/startDate>",
            "<schema.org/thumbnailUrl>",
            "<schema.org/url>",
            "<schema.org/workPerformed>",
            "isa:<schema.org/BroadcastEvent>",
            "isa:<schema.org/CreativeWork>"
        ],
        "count": 6.0
    },
    {
        "pset": [
            "<schema.org/genre>",
            "<schema.org/isLiveBroadcast>",
            "<schema.org/name>",
            "<schema.org/publishedOn>",
            "<schema.org/startDate>",
            "<schema.org/url>",
            "<schema.org/workPerformed>",
            "isa:<schema.org/BroadcastEvent>",
            "isa:<schema.org/CreativeWork>"
        ],
        "count": 6.0
    },
    {
        "pset": [
            "<schema.org/broadcastOfEvent>",
            "<schema.org/description>",
            "<schema.org/isLiveBroadcast>",
            "<schema.org/name>",
            "<schema.org/videoFormat>",
            "isa:<schema.org/BroadcastEvent>"
        ],
        "count": 6.0
    },
    {
        "pset": [
            "<schema.org/startDate>",
            "isa:<schema.org/BroadcastEvent>"
        ],
        "count": 6.0
    },
    {
        "pset": [
            "<schema.org/isLiveBroadcast>",
            "<schema.org/name>",
            "<schema.org/publishedOn>",
            "<schema.org/startDate>",
            "<schema.org/url>",
            "isa:<schema.org/BroadcastEvent>"
        ],
        "count": 6.0
    },
    {
        "pset": [
            "<schema.org/broadcastOfEvent>",
            "<schema.org/description>",
            "<schema.org/isLiveBroadcast>",
            "<schema.org/startDate>",
            "<schema.org/title>",
            "<schema.org/videoFormat>",
            "isa:<schema.org/BroadcastEvent>"
        ],
        "count": 6.0
    },
    {
        "pset": [
            "<schema.org/broadcastOfEvent>",
            "<schema.org/description>",
            "<schema.org/isLiveBroadcast>",
            "<schema.org/name>",
            "isa:<schema.org/BroadcastEvent>"
        ],
        "count": 5.0
    },
    {
        "pset": [
            "<schema.org/description>",
            "<schema.org/endDate>",
            "<schema.org/image>",
            "<schema.org/inLanguage>",
            "<schema.org/name>",
            "<schema.org/publishedOn>",
            "<schema.org/sameAs>",
            "<schema.org/startDate>",
            "<schema.org/url>",
            "<schema.org/videoFormat>",
            "<schema.org/workPerformed>",
            "isa:<schema.org/BroadcastEvent>"
        ],
        "count": 5.0
    },
    {
        "pset": [
            "<schema.org/description>",
            "<schema.org/image>",
            "<schema.org/location>",
            "<schema.org/name>",
            "<schema.org/startDate>",
            "<schema.org/url>",
            "isa:<schema.org/BroadcastEvent>"
        ],
        "count": 5.0
    },
    {
        "pset": [
            "<schema.org/actor>",
            "<schema.org/countryOfOrigin>",
            "<schema.org/datePublished>",
            "<schema.org/description>",
            "<schema.org/genre>",
            "<schema.org/isLiveBroadcast>",
            "<schema.org/name>",
            "<schema.org/publishedOn>",
            "<schema.org/startDate>",
            "<schema.org/thumbnailUrl>",
            "<schema.org/url>",
            "<schema.org/workPerformed>",
            "isa:<schema.org/BroadcastEvent>",
            "isa:<schema.org/CreativeWork>"
        ],
        "count": 5.0
    },
    {
        "pset": [
            "<schema.org/endDate>",
            "<schema.org/isLiveBroadcast>",
            "<schema.org/name>",
            "<schema.org/publishedOn>",
            "<schema.org/startDate>",
            "isa:<schema.org/BroadcastEvent>"
        ],
        "count": 4.0
    },
    {
        "pset": [
            "<schema.org/description>",
            "<schema.org/endDate>",
            "<schema.org/free>",
            "<schema.org/isAccessibleForFree>",
            "<schema.org/maximumAttendeeCapacity>",
            "<schema.org/name>",
            "<schema.org/offers>",
            "<schema.org/remainingAttendeeCapacity>",
            "<schema.org/startDate>",
            "<schema.org/url>",
            "isa:<schema.org/BroadcastEvent>"
        ],
        "count": 4.0
    },
    {
        "pset": [
            "<schema.org/actor>",
            "<schema.org/datePublished>",
            "<schema.org/description>",
            "<schema.org/genre>",
            "<schema.org/isLiveBroadcast>",
            "<schema.org/name>",
            "<schema.org/publishedOn>",
            "<schema.org/startDate>",
            "<schema.org/url>",
            "<schema.org/workPerformed>",
            "isa:<schema.org/BroadcastEvent>",
            "isa:<schema.org/CreativeWork>"
        ],
        "count": 4.0
    },
    {
        "pset": [
            "<schema.org/broadcastOfEvent>",
            "<schema.org/description>",
            "<schema.org/endDate>",
            "<schema.org/isLiveBroadcast>",
            "<schema.org/name>",
            "<schema.org/startDate>",
            "<schema.org/videoFormat>",
            "isa:<schema.org/BroadcastEvent>"
        ],
        "count": 4.0
    },
    {
        "pset": [
            "<schema.org/broadcastOfEvent>",
            "<schema.org/description>",
            "<schema.org/inLanguage>",
            "<schema.org/isAccessibleForFree>",
            "<schema.org/isLiveBroadcast>",
            "<schema.org/name>",
            "<schema.org/startDate>",
            "<schema.org/url>",
            "<schema.org/videoFormat>",
            "isa:<schema.org/BroadcastEvent>"
        ],
        "count": 4.0
    },
    {
        "pset": [
            "<schema.org/endDate>",
            "<schema.org/location>",
            "<schema.org/publishedOn>",
            "<schema.org/startDate>",
            "isa:<schema.org/BroadcastEvent>"
        ],
        "count": 4.0
    },
    {
        "pset": [
            "<schema.org/isLiveBroadcast>",
            "<schema.org/name>",
            "<schema.org/publishedOn>",
            "<schema.org/startDate>",
            "isa:<schema.org/BroadcastEvent>"
        ],
        "count": 4.0
    },
    {
        "pset": [
            "<schema.org/isLiveBroadcast>",
            "<schema.org/keywords>",
            "<schema.org/startDate>",
            "isa:<schema.org/BroadcastEvent>"
        ],
        "count": 4.0
    },
    {
        "pset": [
            "<schema.org/broadcastOfEvent>",
            "<schema.org/description>",
            "<schema.org/isLiveBroadcast>",
            "<schema.org/name>",
            "<schema.org/startDate>",
            "isa:<schema.org/BroadcastEvent>"
        ],
        "count": 4.0
    },
    {
        "pset": [
            "<schema.org/description>",
            "<schema.org/endDate>",
            "<schema.org/image>",
            "<schema.org/isLiveBroadcast>",
            "<schema.org/location>",
            "<schema.org/name>",
            "<schema.org/startDate>",
            "<schema.org/url>",
            "<schema.org/videoFormat>",
            "isa:<schema.org/BroadcastEvent>"
        ],
        "count": 4.0
    },
    {
        "pset": [
            "<schema.org/countryOfOrigin>",
            "<schema.org/datePublished>",
            "<schema.org/description>",
            "<schema.org/genre>",
            "<schema.org/image>",
            "<schema.org/isLiveBroadcast>",
            "<schema.org/name>",
            "<schema.org/partOfTVSeries>",
            "<schema.org/publishedOn>",
            "<schema.org/startDate>",
            "<schema.org/thumbnailUrl>",
            "<schema.org/url>",
            "<schema.org/workPerformed>",
            "isa:<schema.org/BroadcastEvent>",
            "isa:<schema.org/TVEpisode>"
        ],
        "count": 4.0
    },
    {
        "pset": [
            "<schema.org/countryOfOrigin>",
            "<schema.org/datePublished>",
            "<schema.org/description>",
            "<schema.org/genre>",
            "<schema.org/image>",
            "<schema.org/isLiveBroadcast>",
            "<schema.org/name>",
            "<schema.org/partOfSeason>",
            "<schema.org/partOfTVSeries>",
            "<schema.org/publishedOn>",
            "<schema.org/startDate>",
            "<schema.org/thumbnailUrl>",
            "<schema.org/url>",
            "<schema.org/workPerformed>",
            "isa:<schema.org/BroadcastEvent>",
            "isa:<schema.org/TVEpisode>"
        ],
        "count": 3.0
    },
    {
        "pset": [
            "<schema.org/isLiveBroadcast>",
            "<schema.org/name>",
            "<schema.org/publishedOn>",
            "<schema.org/startDate>",
            "<schema.org/url>",
            "<schema.org/workPerformed>",
            "isa:<schema.org/BroadcastEvent>",
            "isa:<schema.org/CreativeWork>"
        ],
        "count": 3.0
    },
    {
        "pset": [
            "<schema.org/description>",
            "<schema.org/doorTime>",
            "<schema.org/endDate>",
            "<schema.org/image>",
            "<schema.org/location>",
            "<schema.org/name>",
            "<schema.org/startDate>",
            "<schema.org/url>",
            "isa:<schema.org/BroadcastEvent>"
        ],
        "count": 3.0
    },
    {
        "pset": [
            "<schema.org/description>",
            "<schema.org/endDate>",
            "<schema.org/inLanguage>",
            "<schema.org/isLiveBroadcast>",
            "<schema.org/name>",
            "<schema.org/publishedOn>",
            "<schema.org/startDate>",
            "<schema.org/subjectOf>",
            "<schema.org/videoFormat>",
            "<schema.org/workPerformed>",
            "isa:<schema.org/BroadcastEvent>"
        ],
        "count": 3.0
    },
    {
        "pset": [
            "<schema.org/inLanguage>",
            "<schema.org/isLiveBroadcast>",
            "<schema.org/name>",
            "<schema.org/offers>",
            "<schema.org/publishedOn>",
            "<schema.org/startDate>",
            "isa:<schema.org/BroadcastEvent>"
        ],
        "count": 3.0
    },
    {
        "pset": [
            "<schema.org/description>",
            "<schema.org/endDate>",
            "<schema.org/eventAttendanceMode>",
            "<schema.org/eventStatus>",
            "<schema.org/image>",
            "<schema.org/inLanguage>",
            "<schema.org/isAccessibleForFree>",
            "<schema.org/isLiveBroadcast>",
            "<schema.org/location>",
            "<schema.org/maximumAttendeeCapacity>",
            "<schema.org/name>",
            "<schema.org/organizer>",
            "<schema.org/potentialAction>",
            "<schema.org/publishedBy>",
            "<schema.org/startDate>",
            "<schema.org/url>",
            "isa:<schema.org/BroadcastEvent>"
        ],
        "count": 3.0
    },
    {
        "pset": [
            "<schema.org/alternateName>",
            "<schema.org/endDate>",
            "<schema.org/location>",
            "<schema.org/name>",
            "<schema.org/startDate>",
            "<schema.org/url>",
            "isa:<schema.org/BroadcastEvent>"
        ],
        "count": 3.0
    },
    {
        "pset": [
            "<schema.org/broadcastOfEvent>",
            "<schema.org/description>",
            "<schema.org/name>",
            "isa:<schema.org/BroadcastEvent>"
        ],
        "count": 3.0
    },
    {
        "pset": [
            "<schema.org/description>",
            "<schema.org/isLiveBroadcast>",
            "<schema.org/name>",
            "<schema.org/publishedOn>",
            "<schema.org/startDate>",
            "<schema.org/url>",
            "<schema.org/workPerformed>",
            "isa:<schema.org/BroadcastEvent>",
            "isa:<schema.org/CreativeWork>"
        ],
        "count": 3.0
    },
    {
        "pset": [
            "<schema.org/countryOfOrigin>",
            "<schema.org/datePublished>",
            "<schema.org/description>",
            "<schema.org/isLiveBroadcast>",
            "<schema.org/name>",
            "<schema.org/publishedOn>",
            "<schema.org/startDate>",
            "<schema.org/url>",
            "<schema.org/workPerformed>",
            "isa:<schema.org/BroadcastEvent>",
            "isa:<schema.org/CreativeWork>"
        ],
        "count": 3.0
    },
    {
        "pset": [
            "<schema.org/countryOfOrigin>",
            "<schema.org/datePublished>",
            "<schema.org/description>",
            "<schema.org/director>",
            "<schema.org/episodeNumber>",
            "<schema.org/genre>",
            "<schema.org/image>",
            "<schema.org/isLiveBroadcast>",
            "<schema.org/name>",
            "<schema.org/partOfSeason>",
            "<schema.org/partOfTVSeries>",
            "<schema.org/publishedOn>",
            "<schema.org/startDate>",
            "<schema.org/thumbnailUrl>",
            "<schema.org/url>",
            "<schema.org/workPerformed>",
            "isa:<schema.org/BroadcastEvent>",
            "isa:<schema.org/TVEpisode>"
        ],
        "count": 2.0
    },
    {
        "pset": [
            "<schema.org/endDate>",
            "<schema.org/image>",
            "<schema.org/inLanguage>",
            "<schema.org/isLiveBroadcast>",
            "<schema.org/name>",
            "<schema.org/publishedOn>",
            "<schema.org/startDate>",
            "isa:<schema.org/BroadcastEvent>"
        ],
        "count": 2.0
    },
    {
        "pset": [
            "<schema.org/isLiveBroadcast>",
            "<schema.org/publishedOn>",
            "isa:<schema.org/BroadcastEvent>"
        ],
        "count": 2.0
    },
    {
        "pset": [
            "<schema.org/description>",
            "<schema.org/inLanguage>",
            "<schema.org/name>",
            "<schema.org/publishedOn>",
            "<schema.org/startDate>",
            "isa:<schema.org/BroadcastEvent>"
        ],
        "count": 2.0
    },
    {
        "pset": [
            "<schema.org/url>",
            "isa:<schema.org/BroadcastEvent>"
        ],
        "count": 2.0
    },
    {
        "pset": [
            "<schema.org/description>",
            "<schema.org/endDate>",
            "<schema.org/isLiveBroadcast>",
            "<schema.org/mainEntityOfPage>",
            "<schema.org/name>",
            "<schema.org/publishedOn>",
            "<schema.org/startDate>",
            "<schema.org/url>",
            "<schema.org/videoFormat>",
            "isa:<schema.org/BroadcastEvent>"
        ],
        "count": 2.0
    },
    {
        "pset": [
            "<schema.org/broadcastOfEvent>",
            "<schema.org/description>",
            "<schema.org/endDate>",
            "<schema.org/eventAttendanceMode>",
            "<schema.org/eventStatus>",
            "<schema.org/image>",
            "<schema.org/isLiveBroadcast>",
            "<schema.org/name>",
            "<schema.org/offers>",
            "<schema.org/organizer>",
            "<schema.org/startDate>",
            "<schema.org/videoFormat>",
            "isa:<schema.org/BroadcastEvent>"
        ],
        "count": 2.0
    },
    {
        "pset": [
            "<schema.org/genre>",
            "<schema.org/isLiveBroadcast>",
            "<schema.org/name>",
            "<schema.org/publishedOn>",
            "<schema.org/startDate>",
            "<schema.org/thumbnailUrl>",
            "<schema.org/url>",
            "<schema.org/workPerformed>",
            "isa:<schema.org/BroadcastEvent>",
            "isa:<schema.org/CreativeWork>"
        ],
        "count": 2.0
    },
    {
        "pset": [
            "<schema.org/actor>",
            "<schema.org/additionalType>",
            "<schema.org/description>",
            "<schema.org/eventAttendanceMode>",
            "<schema.org/image>",
            "<schema.org/inLanguage>",
            "<schema.org/location>",
            "<schema.org/name>",
            "<schema.org/offers>",
            "<schema.org/organizer>",
            "<schema.org/performer>",
            "<schema.org/startDate>",
            "<schema.org/url>",
            "isa:<schema.org/BroadcastEvent>",
            "isa:<schema.org/BusinessEvent>",
            "isa:<schema.org/EducationEvent>",
            "isa:<schema.org/OnDemandEvent>"
        ],
        "count": 2.0
    },
    {
        "pset": [
            "<schema.org/endDate>",
            "<schema.org/eventAttendanceMode>",
            "<schema.org/eventStatus>",
            "<schema.org/location>",
            "<schema.org/name>",
            "<schema.org/startDate>",
            "<schema.org/url>",
            "isa:<schema.org/BroadcastEvent>"
        ],
        "count": 2.0
    },
    {
        "pset": [
            "<schema.org/countryOfOrigin>",
            "<schema.org/datePublished>",
            "<schema.org/genre>",
            "<schema.org/isLiveBroadcast>",
            "<schema.org/name>",
            "<schema.org/publishedOn>",
            "<schema.org/startDate>",
            "<schema.org/url>",
            "<schema.org/workPerformed>",
            "isa:<schema.org/BroadcastEvent>",
            "isa:<schema.org/CreativeWork>"
        ],
        "count": 2.0
    },
    {
        "pset": [
            "<schema.org/description>",
            "<schema.org/endDate>",
            "<schema.org/image>",
            "<schema.org/isLiveBroadcast>",
            "<schema.org/location>",
            "<schema.org/name>",
            "<schema.org/organizer>",
            "<schema.org/performer>",
            "<schema.org/publishedOn>",
            "<schema.org/startDate>",
            "<schema.org/url>",
            "isa:<schema.org/BroadcastEvent>"
        ],
        "count": 2.0
    },
    {
        "pset": [
            "<schema.org/countryOfOrigin>",
            "<schema.org/datePublished>",
            "<schema.org/description>",
            "<schema.org/genre>",
            "<schema.org/image>",
            "<schema.org/isLiveBroadcast>",
            "<schema.org/name>",
            "<schema.org/publishedOn>",
            "<schema.org/startDate>",
            "<schema.org/thumbnailUrl>",
            "<schema.org/url>",
            "<schema.org/workPerformed>",
            "isa:<schema.org/BroadcastEvent>",
            "isa:<schema.org/Movie>"
        ],
        "count": 2.0
    },
    {
        "pset": [
            "<schema.org/broadcastOfEvent>",
            "<schema.org/endDate>",
            "<schema.org/isLiveBroadcast>",
            "<schema.org/startDate>",
            "isa:<schema.org/BroadcastEvent>"
        ],
        "count": 2.0
    },
    {
        "pset": [
            "<schema.org/description>",
            "<schema.org/endDate>",
            "<schema.org/inLanguage>",
            "<schema.org/isLiveBroadcast>",
            "<schema.org/name>",
            "<schema.org/performer>",
            "<schema.org/publishedOn>",
            "<schema.org/startDate>",
            "<schema.org/subtitleLanguage>",
            "<schema.org/videoFormat>",
            "<schema.org/workPerformed>",
            "isa:<schema.org/BroadcastEvent>"
        ],
        "count": 1.0
    },
    {
        "pset": [
            "<schema.org/datePublished>",
            "<schema.org/genre>",
            "<schema.org/isLiveBroadcast>",
            "<schema.org/name>",
            "<schema.org/publishedOn>",
            "<schema.org/startDate>",
            "<schema.org/url>",
            "<schema.org/workPerformed>",
            "isa:<schema.org/BroadcastEvent>",
            "isa:<schema.org/CreativeWork>"
        ],
        "count": 1.0
    },
    {
        "pset": [
            "isa:<schema.org/BroadcastEvent>"
        ],
        "count": 1.0
    },
    {
        "pset": [
            "<schema.org/description>",
            "<schema.org/image>",
            "<schema.org/name>",
            "<schema.org/publishedBy>",
            "<schema.org/publishedOn>",
            "<schema.org/startDate>",
            "<schema.org/url>",
            "isa:<schema.org/BroadcastEvent>"
        ],
        "count": 1.0
    },
    {
        "pset": [
            "<schema.org/countryOfOrigin>",
            "<schema.org/datePublished>",
            "<schema.org/description>",
            "<schema.org/director>",
            "<schema.org/genre>",
            "<schema.org/image>",
            "<schema.org/isLiveBroadcast>",
            "<schema.org/name>",
            "<schema.org/partOfSeason>",
            "<schema.org/partOfTVSeries>",
            "<schema.org/publishedOn>",
            "<schema.org/startDate>",
            "<schema.org/thumbnailUrl>",
            "<schema.org/url>",
            "<schema.org/workPerformed>",
            "isa:<schema.org/BroadcastEvent>",
            "isa:<schema.org/TVEpisode>"
        ],
        "count": 1.0
    },
    {
        "pset": [
            "<schema.org/actor>",
            "<schema.org/countryOfOrigin>",
            "<schema.org/datePublished>",
            "<schema.org/description>",
            "<schema.org/director>",
            "<schema.org/genre>",
            "<schema.org/isLiveBroadcast>",
            "<schema.org/name>",
            "<schema.org/publishedOn>",
            "<schema.org/startDate>",
            "<schema.org/url>",
            "<schema.org/workPerformed>",
            "isa:<schema.org/BroadcastEvent>",
            "isa:<schema.org/CreativeWork>"
        ],
        "count": 1.0
    },
    {
        "pset": [
            "<schema.org/description>",
            "<schema.org/endDate>",
            "<schema.org/image>",
            "<schema.org/location>",
            "<schema.org/name>",
            "<schema.org/startDate>",
            "<schema.org/url>",
            "isa:<schema.org/BroadcastEvent>"
        ],
        "count": 1.0
    },
    {
        "pset": [
            "<schema.org/actor>",
            "<schema.org/countryOfOrigin>",
            "<schema.org/datePublished>",
            "<schema.org/description>",
            "<schema.org/genre>",
            "<schema.org/image>",
            "<schema.org/isLiveBroadcast>",
            "<schema.org/name>",
            "<schema.org/partOfTVSeries>",
            "<schema.org/publishedOn>",
            "<schema.org/startDate>",
            "<schema.org/thumbnailUrl>",
            "<schema.org/url>",
            "<schema.org/workPerformed>",
            "isa:<schema.org/BroadcastEvent>",
            "isa:<schema.org/TVEpisode>"
        ],
        "count": 1.0
    },
    {
        "pset": [
            "<schema.org/description>",
            "<schema.org/genre>",
            "<schema.org/image>",
            "<schema.org/isLiveBroadcast>",
            "<schema.org/name>",
            "<schema.org/partOfSeason>",
            "<schema.org/partOfTVSeries>",
            "<schema.org/publishedOn>",
            "<schema.org/startDate>",
            "<schema.org/thumbnailUrl>",
            "<schema.org/url>",
            "<schema.org/workPerformed>",
            "isa:<schema.org/BroadcastEvent>",
            "isa:<schema.org/TVEpisode>"
        ],
        "count": 1.0
    },
    {
        "pset": [
            "<schema.org/datePublished>",
            "<schema.org/description>",
            "<schema.org/genre>",
            "<schema.org/isLiveBroadcast>",
            "<schema.org/name>",
            "<schema.org/publishedOn>",
            "<schema.org/startDate>",
            "<schema.org/url>",
            "<schema.org/workPerformed>",
            "isa:<schema.org/BroadcastEvent>",
            "isa:<schema.org/CreativeWork>"
        ],
        "count": 1.0
    },
    {
        "pset": [
            "<schema.org/countryOfOrigin>",
            "<schema.org/datePublished>",
            "<schema.org/isLiveBroadcast>",
            "<schema.org/name>",
            "<schema.org/publishedOn>",
            "<schema.org/startDate>",
            "<schema.org/url>",
            "<schema.org/workPerformed>",
            "isa:<schema.org/BroadcastEvent>",
            "isa:<schema.org/CreativeWork>"
        ],
        "count": 1.0
    },
    {
        "pset": [
            "<schema.org/countryOfOrigin>",
            "<schema.org/datePublished>",
            "<schema.org/description>",
            "<schema.org/director>",
            "<schema.org/genre>",
            "<schema.org/isLiveBroadcast>",
            "<schema.org/name>",
            "<schema.org/publishedOn>",
            "<schema.org/startDate>",
            "<schema.org/url>",
            "<schema.org/workPerformed>",
            "isa:<schema.org/BroadcastEvent>",
            "isa:<schema.org/CreativeWork>"
        ],
        "count": 1.0
    },
    {
        "pset": [
            "<schema.org/alternateName>",
            "<schema.org/name>",
            "<schema.org/url>",
            "isa:<schema.org/BroadcastEvent>"
        ],
        "count": 1.0
    },
    {
        "pset": [
            "<schema.org/countryOfOrigin>",
            "<schema.org/datePublished>",
            "<schema.org/description>",
            "<schema.org/director>",
            "<schema.org/episodeNumber>",
            "<schema.org/genre>",
            "<schema.org/image>",
            "<schema.org/isLiveBroadcast>",
            "<schema.org/name>",
            "<schema.org/partOfTVSeries>",
            "<schema.org/publishedOn>",
            "<schema.org/startDate>",
            "<schema.org/thumbnailUrl>",
            "<schema.org/url>",
            "<schema.org/workPerformed>",
            "isa:<schema.org/BroadcastEvent>",
            "isa:<schema.org/TVEpisode>"
        ],
        "count": 1.0
    },
    {
        "pset": [
            "<schema.org/countryOfOrigin>",
            "<schema.org/description>",
            "<schema.org/episodeNumber>",
            "<schema.org/genre>",
            "<schema.org/image>",
            "<schema.org/isLiveBroadcast>",
            "<schema.org/name>",
            "<schema.org/partOfSeason>",
            "<schema.org/partOfTVSeries>",
            "<schema.org/publishedOn>",
            "<schema.org/startDate>",
            "<schema.org/thumbnailUrl>",
            "<schema.org/url>",
            "<schema.org/workPerformed>",
            "isa:<schema.org/BroadcastEvent>",
            "isa:<schema.org/TVEpisode>"
        ],
        "count": 1.0
    },
    {
        "pset": [
            "<schema.org/location>",
            "<schema.org/publishedOn>",
            "isa:<schema.org/BroadcastEvent>"
        ],
        "count": 1.0
    },
    {
        "pset": [
            "<schema.org/description>",
            "<schema.org/inLanguage>",
            "<schema.org/isAccessibleForFree>",
            "<schema.org/name>",
            "<schema.org/performer>",
            "<schema.org/publishedBy>",
            "<schema.org/publishedOn>",
            "<schema.org/startDate>",
            "<schema.org/url>",
            "isa:<schema.org/BroadcastEvent>"
        ],
        "count": 1.0
    },
    {
        "pset": [
            "<schema.org/broadcastOfEvent>",
            "<schema.org/description>",
            "<schema.org/endDate>",
            "<schema.org/eventAttendanceMode>",
            "<schema.org/eventStatus>",
            "<schema.org/image>",
            "<schema.org/isLiveBroadcast>",
            "<schema.org/startDate>",
            "isa:<schema.org/BroadcastEvent>"
        ],
        "count": 1.0
    },
    {
        "pset": [
            "<schema.org/countryOfOrigin>",
            "<schema.org/datePublished>",
            "<schema.org/description>",
            "<schema.org/director>",
            "<schema.org/genre>",
            "<schema.org/image>",
            "<schema.org/isLiveBroadcast>",
            "<schema.org/name>",
            "<schema.org/partOfTVSeries>",
            "<schema.org/publishedOn>",
            "<schema.org/startDate>",
            "<schema.org/thumbnailUrl>",
            "<schema.org/url>",
            "<schema.org/workPerformed>",
            "isa:<schema.org/BroadcastEvent>",
            "isa:<schema.org/TVEpisode>"
        ],
        "count": 1.0
    },
    {
        "pset": [
            "<schema.org/description>",
            "<schema.org/episodeNumber>",
            "<schema.org/genre>",
            "<schema.org/image>",
            "<schema.org/isLiveBroadcast>",
            "<schema.org/name>",
            "<schema.org/partOfTVSeries>",
            "<schema.org/publishedOn>",
            "<schema.org/startDate>",
            "<schema.org/thumbnailUrl>",
            "<schema.org/url>",
            "<schema.org/workPerformed>",
            "isa:<schema.org/BroadcastEvent>",
            "isa:<schema.org/TVEpisode>"
        ],
        "count": 1.0
    },
    {
        "pset": [
            "<schema.org/endDate>",
            "<schema.org/image>",
            "<schema.org/inLanguage>",
            "<schema.org/isAccessibleForFree>",
            "<schema.org/isLiveBroadcast>",
            "<schema.org/organizer>",
            "<schema.org/performer>",
            "<schema.org/startDate>",
            "<schema.org/url>",
            "isa:<schema.org/BroadcastEvent>"
        ],
        "count": 1.0
    },
    {
        "pset": [
            "<schema.org/countryOfOrigin>",
            "<schema.org/description>",
            "<schema.org/episodeNumber>",
            "<schema.org/genre>",
            "<schema.org/image>",
            "<schema.org/isLiveBroadcast>",
            "<schema.org/name>",
            "<schema.org/partOfTVSeries>",
            "<schema.org/publishedOn>",
            "<schema.org/startDate>",
            "<schema.org/thumbnailUrl>",
            "<schema.org/url>",
            "<schema.org/workPerformed>",
            "isa:<schema.org/BroadcastEvent>",
            "isa:<schema.org/TVEpisode>"
        ],
        "count": 1.0
    },
    {
        "pset": [
            "<schema.org/endDate>",
            "<schema.org/isLiveBroadcast>",
            "<schema.org/startDate>",
            "<schema.org/videoFormat>",
            "isa:<schema.org/BroadcastEvent>"
        ],
        "count": 1.0
    },
    {
        "pset": [
            "<schema.org/actor>",
            "<schema.org/countryOfOrigin>",
            "<schema.org/datePublished>",
            "<schema.org/description>",
            "<schema.org/director>",
            "<schema.org/genre>",
            "<schema.org/isLiveBroadcast>",
            "<schema.org/name>",
            "<schema.org/publishedOn>",
            "<schema.org/startDate>",
            "<schema.org/thumbnailUrl>",
            "<schema.org/url>",
            "<schema.org/workPerformed>",
            "isa:<schema.org/BroadcastEvent>",
            "isa:<schema.org/CreativeWork>"
        ],
        "count": 1.0
    },
    {
        "pset": [
            "<schema.org/description>",
            "<schema.org/endDate>",
            "<schema.org/inLanguage>",
            "<schema.org/name>",
            "<schema.org/publishedOn>",
            "<schema.org/startDate>",
            "<schema.org/subtitleLanguage>",
            "<schema.org/videoFormat>",
            "<schema.org/workPerformed>",
            "isa:<schema.org/BroadcastEvent>"
        ],
        "count": 1.0
    },
    {
        "pset": [
            "<schema.org/endDate>",
            "<schema.org/name>",
            "<schema.org/startDate>",
            "isa:<schema.org/BroadcastEvent>"
        ],
        "count": 1.0
    },
    {
        "pset": [
            "<schema.org/description>",
            "<schema.org/endDate>",
            "<schema.org/image>",
            "<schema.org/name>",
            "<schema.org/startDate>",
            "<schema.org/url>",
            "isa:<schema.org/BroadcastEvent>"
        ],
        "count": 1.0
    },
    {
        "pset": [
            "<schema.org/datePublished>",
            "<schema.org/description>",
            "<schema.org/genre>",
            "<schema.org/isLiveBroadcast>",
            "<schema.org/name>",
            "<schema.org/publishedOn>",
            "<schema.org/startDate>",
            "<schema.org/thumbnailUrl>",
            "<schema.org/url>",
            "<schema.org/workPerformed>",
            "isa:<schema.org/BroadcastEvent>",
            "isa:<schema.org/CreativeWork>"
        ],
        "count": 1.0
    },
    {
        "pset": [
            "<schema.org/URL>",
            "<schema.org/about>",
            "<schema.org/audience>",
            "<schema.org/endDate>",
            "<schema.org/isLiveBroadcast>",
            "<schema.org/location>",
            "<schema.org/mainEntityofPage>",
            "<schema.org/organizer>",
            "<schema.org/startDate>",
            "isa:<schema.org/BroadcastEvent>"
        ],
        "count": 1.0
    },
    {
        "pset": [
            "<schema.org/broadcastOfEvent>",
            "<schema.org/description>",
            "<schema.org/endDate>",
            "<schema.org/image>",
            "<schema.org/inLanguage>",
            "<schema.org/isAccessibleForFree>",
            "<schema.org/isLiveBroadcast>",
            "<schema.org/name>",
            "<schema.org/startDate>",
            "<schema.org/url>",
            "<schema.org/videoFormat>",
            "isa:<schema.org/BroadcastEvent>"
        ],
        "count": 1.0
    },
    {
        "pset": [
            "<schema.org/description>",
            "<schema.org/endDate>",
            "<schema.org/inLanguage>",
            "<schema.org/isLiveBroadcast>",
            "<schema.org/name>",
            "<schema.org/publishedOn>",
            "<schema.org/startDate>",
            "<schema.org/subtitleLanguage>",
            "<schema.org/videoFormat>",
            "<schema.org/workPerformed>",
            "isa:<schema.org/BroadcastEvent>"
        ],
        "count": 1.0
    },
    {
        "pset": [
            "<schema.org/datePublished>",
            "<schema.org/description>",
            "<schema.org/episodeNumber>",
            "<schema.org/genre>",
            "<schema.org/image>",
            "<schema.org/isLiveBroadcast>",
            "<schema.org/name>",
            "<schema.org/partOfTVSeries>",
            "<schema.org/publishedOn>",
            "<schema.org/startDate>",
            "<schema.org/thumbnailUrl>",
            "<schema.org/url>",
            "<schema.org/workPerformed>",
            "isa:<schema.org/BroadcastEvent>",
            "isa:<schema.org/TVEpisode>"
        ],
        "count": 1.0
    },
    {
        "pset": [
            "<schema.org/description>",
            "<schema.org/endDate>",
            "<schema.org/isLiveBroadcast>",
            "<schema.org/location>",
            "<schema.org/name>",
            "<schema.org/organizer>",
            "<schema.org/startDate>",
            "<schema.org/videoFormat>",
            "isa:<schema.org/BroadcastEvent>"
        ],
        "count": 1.0
    },
    {
        "pset": [
            "<schema.org/countryOfOrigin>",
            "<schema.org/description>",
            "<schema.org/genre>",
            "<schema.org/image>",
            "<schema.org/isLiveBroadcast>",
            "<schema.org/name>",
            "<schema.org/publishedOn>",
            "<schema.org/startDate>",
            "<schema.org/thumbnailUrl>",
            "<schema.org/url>",
            "<schema.org/workPerformed>",
            "isa:<schema.org/BroadcastEvent>",
            "isa:<schema.org/Movie>"
        ],
        "count": 1.0
    },
    {
        "pset": [
            "<schema.org/alternateName>",
            "<schema.org/location>",
            "<schema.org/name>",
            "<schema.org/startDate>",
            "<schema.org/url>",
            "isa:<schema.org/BroadcastEvent>"
        ],
        "count": 1.0
    },
    {
        "pset": [
            "<schema.org/broadcastOfEvent>",
            "<schema.org/description>",
            "<schema.org/endDate>",
            "<schema.org/eventAttendanceMode>",
            "<schema.org/eventStatus>",
            "<schema.org/image>",
            "<schema.org/location>",
            "<schema.org/name>",
            "<schema.org/organizer>",
            "<schema.org/startDate>",
            "<schema.org/typicalAgeRange>",
            "<schema.org/url>",
            "isa:<schema.org/BroadcastEvent>"
        ],
        "count": 1.0
    },
    {
        "pset": [
            "<schema.org/countryOfOrigin>",
            "<schema.org/datePublished>",
            "<schema.org/director>",
            "<schema.org/genre>",
            "<schema.org/isLiveBroadcast>",
            "<schema.org/name>",
            "<schema.org/publishedOn>",
            "<schema.org/startDate>",
            "<schema.org/url>",
            "<schema.org/workPerformed>",
            "isa:<schema.org/BroadcastEvent>",
            "isa:<schema.org/CreativeWork>"
        ],
        "count": 1.0
    }
]