[
    {
        "pset": [
            "<schema.org/broadcaster>",
            "<schema.org/name>",
            "isa:<schema.org/BroadcastService>"
        ],
        "count": 21900.0
    },
    {
        "pset": [
            "<schema.org/areaServed>",
            "<schema.org/broadcastAffiliateOf>",
            "<schema.org/broadcastDisplayName>",
            "<schema.org/name>",
            "<schema.org/videoformat>",
            "isa:<schema.org/BroadcastService>"
        ],
        "count": 21799.0
    },
    {
        "pset": [
            "<schema.org/url>",
            "isa:<schema.org/BroadcastService>"
        ],
        "count": 16223.0
    },
    {
        "pset": [
            "<schema.org/broadcastAffiliateOf>",
            "<schema.org/broadcastDisplayName>",
            "<schema.org/name>",
            "isa:<schema.org/BroadcastService>"
        ],
        "count": 12358.0
    },
    {
        "pset": [
            "<schema.org/name>",
            "<schema.org/url>",
            "isa:<schema.org/BroadcastService>"
        ],
        "count": 8427.0
    },
    {
        "pset": [
            "<schema.org/name>",
            "isa:<schema.org/BroadcastService>"
        ],
        "count": 8108.0
    },
    {
        "pset": [
            "<schema.org/broadcastDisplayName>",
            "<schema.org/image>",
            "<schema.org/name>",
            "<schema.org/url>",
            "isa:<schema.org/BroadcastService>"
        ],
        "count": 2844.0
    },
    {
        "pset": [
            "<schema.org/broadcastAffiliateOf>",
            "<schema.org/broadcastDisplayName>",
            "<schema.org/broadcaster>",
            "<schema.org/name>",
            "isa:<schema.org/BroadcastService>"
        ],
        "count": 1587.0
    },
    {
        "pset": [
            "<schema.org/description>",
            "<schema.org/image>",
            "<schema.org/name>",
            "isa:<schema.org/BroadcastService>"
        ],
        "count": 1270.0
    },
    {
        "pset": [
            "<schema.org/broadcaster>",
            "isa:<schema.org/BroadcastService>"
        ],
        "count": 1240.0
    },
    {
        "pset": [
            "<schema.org/image>",
            "<schema.org/name>",
            "isa:<schema.org/BroadcastService>"
        ],
        "count": 1042.0
    },
    {
        "pset": [
            "<schema.org/areaServed>",
            "<schema.org/broadcastDisplayName>",
            "isa:<schema.org/BroadcastService>"
        ],
        "count": 1010.0
    },
    {
        "pset": [
            "<schema.org/broadcastDisplayName>",
            "<schema.org/broadcastFrequency>",
            "<schema.org/broadcastTimezone>",
            "<schema.org/broadcaster>",
            "<schema.org/category>",
            "<schema.org/logo>",
            "<schema.org/name>",
            "isa:<schema.org/BroadcastService>"
        ],
        "count": 976.0
    },
    {
        "pset": [
            "<schema.org/broadcastAffiliateOf>",
            "<schema.org/broadcastDisplayName>",
            "<schema.org/description>",
            "<schema.org/name>",
            "isa:<schema.org/BroadcastService>"
        ],
        "count": 810.0
    },
    {
        "pset": [
            "<schema.org/areaServed>",
            "<schema.org/broadcastAffiliateOf>",
            "<schema.org/name>",
            "<schema.org/url>",
            "isa:<schema.org/BroadcastService>"
        ],
        "count": 703.0
    },
    {
        "pset": [
            "<schema.org/areaServed>",
            "<schema.org/broadcastAffiliateOf>",
            "<schema.org/broadcastDisplayName>",
            "<schema.org/broadcastFrequency>",
            "<schema.org/description>",
            "<schema.org/name>",
            "<schema.org/sameAs>",
            "isa:<schema.org/BroadcastService>"
        ],
        "count": 688.0
    },
    {
        "pset": [
            "<schema.org/hasBroadcastChannel>",
            "isa:<schema.org/BroadcastService>"
        ],
        "count": 377.0
    },
    {
        "pset": [
            "<schema.org/broadcastDisplayName>",
            "<schema.org/broadcastTimezone>",
            "<schema.org/broadcaster>",
            "<schema.org/category>",
            "<schema.org/logo>",
            "<schema.org/name>",
            "isa:<schema.org/BroadcastService>"
        ],
        "count": 369.0
    },
    {
        "pset": [
            "<schema.org/alternateName>",
            "<schema.org/image>",
            "<schema.org/name>",
            "isa:<schema.org/BroadcastService>"
        ],
        "count": 158.0
    },
    {
        "pset": [
            "<schema.org/logo>",
            "<schema.org/name>",
            "<schema.org/url>",
            "isa:<schema.org/BroadcastService>"
        ],
        "count": 148.0
    },
    {
        "pset": [
            "<schema.org/broadcastDisplayName>",
            "<schema.org/image>",
            "<schema.org/name>",
            "isa:<schema.org/BroadcastService>"
        ],
        "count": 120.0
    },
    {
        "pset": [
            "<schema.org/broadcastDisplayName>",
            "isa:<schema.org/BroadcastService>"
        ],
        "count": 108.0
    },
    {
        "pset": [
            "<schema.org/broadcastDisplayName>",
            "<schema.org/broadcastFrequency>",
            "<schema.org/broadcastTimezone>",
            "<schema.org/description>",
            "<schema.org/logo>",
            "<schema.org/name>",
            "<schema.org/url>",
            "isa:<schema.org/BroadcastService>"
        ],
        "count": 97.0
    },
    {
        "pset": [
            "<schema.org/areaServed>",
            "<schema.org/broadcastAffiliateOf>",
            "<schema.org/broadcastDisplayName>",
            "<schema.org/image>",
            "<schema.org/name>",
            "isa:<schema.org/BroadcastService>"
        ],
        "count": 79.0
    },
    {
        "pset": [
            "<schema.org/areaServed>",
            "<schema.org/broadcastAffiliateOf>",
            "<schema.org/broadcastDisplayName>",
            "<schema.org/broadcastFrequency>",
            "<schema.org/name>",
            "isa:<schema.org/BroadcastService>"
        ],
        "count": 75.0
    },
    {
        "pset": [
            "isa:<schema.org/BroadcastService>"
        ],
        "count": 68.0
    },
    {
        "pset": [
            "<schema.org/broadcastAffiliateOf>",
            "<schema.org/broadcastDisplayName>",
            "<schema.org/broadcastTimezone>",
            "<schema.org/name>",
            "<schema.org/videoFormat>",
            "isa:<schema.org/BroadcastService>"
        ],
        "count": 52.0
    },
    {
        "pset": [
            "<schema.org/broadcastDisplayName>",
            "<schema.org/broadcastFrequency>",
            "<schema.org/broadcastTimezone>",
            "<schema.org/description>",
            "<schema.org/logo>",
            "<schema.org/name>",
            "isa:<schema.org/BroadcastService>"
        ],
        "count": 47.0
    },
    {
        "pset": [
            "<schema.org/broadcastAffiliateOf>",
            "<schema.org/broadcastDisplayName>",
            "isa:<schema.org/BroadcastService>"
        ],
        "count": 46.0
    },
    {
        "pset": [
            "<schema.org/broadcastDisplayName>",
            "<schema.org/broadcastTimezone>",
            "<schema.org/description>",
            "<schema.org/logo>",
            "<schema.org/name>",
            "<schema.org/url>",
            "isa:<schema.org/BroadcastService>"
        ],
        "count": 39.0
    },
    {
        "pset": [
            "<schema.org/broadcastDisplayName>",
            "<schema.org/description>",
            "<schema.org/name>",
            "<schema.org/url>",
            "isa:<schema.org/BroadcastService>"
        ],
        "count": 39.0
    },
    {
        "pset": [
            "<schema.org/broadcastDisplayName>",
            "<schema.org/url>",
            "isa:<schema.org/BroadcastService>"
        ],
        "count": 36.0
    },
    {
        "pset": [
            "<schema.org/broadcastDisplayName>",
            "<schema.org/broadcastTimezone>",
            "<schema.org/logo>",
            "<schema.org/name>",
            "<schema.org/sameAs>",
            "<schema.org/url>",
            "<schema.org/videoFormat>",
            "isa:<schema.org/BroadcastService>"
        ],
        "count": 33.0
    },
    {
        "pset": [
            "<schema.org/logo>",
            "<schema.org/name>",
            "isa:<schema.org/BroadcastService>"
        ],
        "count": 30.0
    },
    {
        "pset": [
            "<schema.org/broadcastDisplayName>",
            "<schema.org/broadcastTimezone>",
            "<schema.org/description>",
            "<schema.org/logo>",
            "<schema.org/name>",
            "isa:<schema.org/BroadcastService>"
        ],
        "count": 30.0
    },
    {
        "pset": [
            "<schema.org/alternateName>",
            "<schema.org/broadcastAffiliateOf>",
            "<schema.org/broadcastDisplayName>",
            "<schema.org/callSign>",
            "<schema.org/description>",
            "<schema.org/logo>",
            "<schema.org/name>",
            "<schema.org/sameAs>",
            "<schema.org/url>",
            "isa:<schema.org/BroadcastService>"
        ],
        "count": 21.0
    },
    {
        "pset": [
            "<schema.org/provider>",
            "<schema.org/providerMobility>",
            "isa:<schema.org/BroadcastService>"
        ],
        "count": 18.0
    },
    {
        "pset": [
            "<schema.org/broadcastDisplayName>",
            "<schema.org/name>",
            "<schema.org/potentialAction>",
            "<schema.org/url>",
            "isa:<schema.org/BroadcastService>"
        ],
        "count": 15.0
    },
    {
        "pset": [
            "<schema.org/broadcastDisplayName>",
            "<schema.org/name>",
            "<schema.org/url>",
            "isa:<schema.org/BroadcastService>"
        ],
        "count": 10.0
    },
    {
        "pset": [
            "<schema.org/areaServed>",
            "<schema.org/broadcastAffiliateOf>",
            "<schema.org/broadcastDisplayName>",
            "<schema.org/name>",
            "isa:<schema.org/BroadcastService>"
        ],
        "count": 9.0
    },
    {
        "pset": [
            "<schema.org/broadcastDisplayName>",
            "<schema.org/broadcastFrequency>",
            "<schema.org/name>",
            "isa:<schema.org/BroadcastService>"
        ],
        "count": 8.0
    },
    {
        "pset": [
            "<schema.org/additionalType>",
            "<schema.org/alternateName>",
            "<schema.org/broadcastDisplayName>",
            "<schema.org/copyrightYear>",
            "<schema.org/image>",
            "<schema.org/inLanguage>",
            "<schema.org/logo>",
            "<schema.org/name>",
            "<schema.org/url>",
            "isa:<schema.org/BroadcastService>"
        ],
        "count": 3.0
    },
    {
        "pset": [
            "<schema.org/broadcaster>",
            "<schema.org/name>",
            "<schema.org/url>",
            "isa:<schema.org/BroadcastService>"
        ],
        "count": 2.0
    },
    {
        "pset": [
            "<schema.org/broadcastDisplayName>",
            "<schema.org/name>",
            "isa:<schema.org/BroadcastService>"
        ],
        "count": 2.0
    },
    {
        "pset": [
            "<schema.org/broadcastAffiliateOf>",
            "<schema.org/broadcastDisplayName>",
            "<schema.org/broadcastFrequency>",
            "<schema.org/broadcaster>",
            "<schema.org/description>",
            "<schema.org/inLanguage>",
            "<schema.org/logo>",
            "<schema.org/name>",
            "<schema.org/url>",
            "<schema.org/videoFormat>",
            "isa:<schema.org/BroadcastService>"
        ],
        "count": 2.0
    },
    {
        "pset": [
            "<schema.org/broadcastDisplayName>",
            "<schema.org/broadcastTimezone>",
            "<schema.org/logo>",
            "<schema.org/name>",
            "isa:<schema.org/BroadcastService>"
        ],
        "count": 1.0
    },
    {
        "pset": [
            "<schema.org/description>",
            "<schema.org/image>",
            "<schema.org/name>",
            "<schema.org/url>",
            "isa:<schema.org/BroadcastService>"
        ],
        "count": 1.0
    },
    {
        "pset": [
            "<schema.org/broadcastDisplayName>",
            "<schema.org/inLanguage>",
            "<schema.org/logo>",
            "<schema.org/name>",
            "<schema.org/sameAs>",
            "<schema.org/slogan>",
            "<schema.org/url>",
            "isa:<schema.org/BroadcastService>"
        ],
        "count": 1.0
    }
]