[
    {
        "pset": [
            "<schema.org/name>",
            "isa:<schema.org/CableOrSatelliteService>"
        ],
        "count": 79162.0
    },
    {
        "pset": [
            "<schema.org/availableChannel>",
            "<schema.org/name>",
            "isa:<schema.org/CableOrSatelliteService>"
        ],
        "count": 20701.0
    },
    {
        "pset": [
            "<schema.org/areaServed>",
            "<schema.org/name>",
            "<schema.org/provider>",
            "isa:<schema.org/CableOrSatelliteService>"
        ],
        "count": 76.0
    },
    {
        "pset": [
            "<schema.org/description>",
            "<schema.org/image>",
            "<schema.org/logo>",
            "<schema.org/name>",
            "<schema.org/url>",
            "isa:<schema.org/CableOrSatelliteService>"
        ],
        "count": 39.0
    },
    {
        "pset": [
            "<schema.org/alternateName>",
            "<schema.org/name>",
            "isa:<schema.org/CableOrSatelliteService>"
        ],
        "count": 25.0
    },
    {
        "pset": [
            "isa:<schema.org/CableOrSatelliteService>"
        ],
        "count": 12.0
    },
    {
        "pset": [
            "<schema.org/alternateName>",
            "<schema.org/availableChannel>",
            "<schema.org/award>",
            "<schema.org/brand>",
            "<schema.org/description>",
            "<schema.org/isRelatedTo>",
            "<schema.org/isSimilarTo>",
            "<schema.org/logo>",
            "<schema.org/name>",
            "<schema.org/provider>",
            "<schema.org/providerMobility>",
            "<schema.org/sameAs>",
            "<schema.org/url>",
            "isa:<schema.org/CableOrSatelliteService>"
        ],
        "count": 10.0
    },
    {
        "pset": [
            "<schema.org/brand>",
            "<schema.org/name>",
            "<schema.org/provider>",
            "<schema.org/url>",
            "isa:<schema.org/CableOrSatelliteService>"
        ],
        "count": 8.0
    },
    {
        "pset": [
            "<schema.org/description>",
            "<schema.org/name>",
            "isa:<schema.org/CableOrSatelliteService>"
        ],
        "count": 4.0
    },
    {
        "pset": [
            "<schema.org/brand>",
            "<schema.org/description>",
            "<schema.org/image>",
            "<schema.org/name>",
            "<schema.org/offers>",
            "isa:<schema.org/CableOrSatelliteService>"
        ],
        "count": 2.0
    },
    {
        "pset": [
            "<schema.org/name>",
            "<schema.org/provider>",
            "isa:<schema.org/CableOrSatelliteService>"
        ],
        "count": 2.0
    },
    {
        "pset": [
            "<schema.org/category>",
            "<schema.org/image>",
            "<schema.org/name>",
            "<schema.org/url>",
            "isa:<schema.org/CableOrSatelliteService>"
        ],
        "count": 1.0
    },
    {
        "pset": [
            "<schema.org/alternateName>",
            "<schema.org/inBroadcastLineup>",
            "<schema.org/name>",
            "isa:<schema.org/CableOrSatelliteService>",
            "isa:<schema.org/TelevisionChannel>"
        ],
        "count": 1.0
    },
    {
        "pset": [
            "<schema.org/inBroadcastLineup>",
            "<schema.org/name>",
            "isa:<schema.org/CableOrSatelliteService>",
            "isa:<schema.org/TelevisionChannel>"
        ],
        "count": 1.0
    }
]