[
    {
        "pset": [
            "<schema.org/description>",
            "<schema.org/geo>",
            "<schema.org/name>",
            "isa:<schema.org/CampingPitch>"
        ],
        "count": 15302.0
    },
    {
        "pset": [
            "<schema.org/amenityFeature>",
            "<schema.org/description>",
            "<schema.org/floorSize>",
            "<schema.org/maximumAttendeeCapacity>",
            "<schema.org/name>",
            "<schema.org/numberOfRooms>",
            "<schema.org/petsAllowed>",
            "<schema.org/photo>",
            "<schema.org/url>",
            "isa:<schema.org/CampingPitch>"
        ],
        "count": 6430.0
    },
    {
        "pset": [
            "<schema.org/name>",
            "isa:<schema.org/CampingPitch>"
        ],
        "count": 3263.0
    },
    {
        "pset": [
            "<schema.org/amenityFeature>",
            "<schema.org/description>",
            "<schema.org/floorSize>",
            "<schema.org/maximumAttendeeCapacity>",
            "<schema.org/name>",
            "<schema.org/numberOfRooms>",
            "<schema.org/photo>",
            "<schema.org/url>",
            "isa:<schema.org/CampingPitch>"
        ],
        "count": 2477.0
    },
    {
        "pset": [
            "<schema.org/amenityFeature>",
            "<schema.org/branchCode>",
            "<schema.org/name>",
            "<schema.org/photo>",
            "<schema.org/url>",
            "isa:<schema.org/CampingPitch>"
        ],
        "count": 1962.0
    },
    {
        "pset": [
            "<schema.org/branchCode>",
            "<schema.org/name>",
            "<schema.org/photo>",
            "<schema.org/url>",
            "isa:<schema.org/CampingPitch>"
        ],
        "count": 759.0
    },
    {
        "pset": [
            "<schema.org/accommodationCategory>",
            "<schema.org/description>",
            "<schema.org/floorSize>",
            "<schema.org/image>",
            "<schema.org/name>",
            "<schema.org/numberOfRooms>",
            "<schema.org/url>",
            "isa:<schema.org/CampingPitch>"
        ],
        "count": 328.0
    },
    {
        "pset": [
            "<schema.org/branchCode>",
            "<schema.org/floorSize>",
            "<schema.org/numberOfRooms>",
            "<schema.org/permittedUsage>",
            "<schema.org/petsAllowed>",
            "<schema.org/smokingAllowed>",
            "isa:<schema.org/CampingPitch>"
        ],
        "count": 307.0
    },
    {
        "pset": [
            "<schema.org/amenityFeature>",
            "<schema.org/description>",
            "<schema.org/floorSize>",
            "<schema.org/maximumAttendeeCapacity>",
            "<schema.org/name>",
            "<schema.org/petsAllowed>",
            "<schema.org/photo>",
            "<schema.org/url>",
            "isa:<schema.org/CampingPitch>"
        ],
        "count": 304.0
    },
    {
        "pset": [
            "<schema.org/amenityFeature>",
            "<schema.org/description>",
            "<schema.org/maximumAttendeeCapacity>",
            "<schema.org/name>",
            "<schema.org/numberOfRooms>",
            "<schema.org/petsAllowed>",
            "<schema.org/photo>",
            "<schema.org/url>",
            "isa:<schema.org/CampingPitch>"
        ],
        "count": 240.0
    },
    {
        "pset": [
            "<schema.org/accommodationCategory>",
            "<schema.org/description>",
            "<schema.org/floorSize>",
            "<schema.org/geo>",
            "<schema.org/image>",
            "<schema.org/name>",
            "<schema.org/numberOfRooms>",
            "<schema.org/url>",
            "isa:<schema.org/CampingPitch>"
        ],
        "count": 189.0
    },
    {
        "pset": [
            "<schema.org/amenityFeature>",
            "<schema.org/description>",
            "<schema.org/floorSize>",
            "<schema.org/maximumAttendeeCapacity>",
            "<schema.org/name>",
            "<schema.org/photo>",
            "<schema.org/url>",
            "isa:<schema.org/CampingPitch>"
        ],
        "count": 178.0
    },
    {
        "pset": [
            "<schema.org/amenityFeature>",
            "<schema.org/description>",
            "<schema.org/maximumAttendeeCapacity>",
            "<schema.org/name>",
            "<schema.org/numberOfRooms>",
            "<schema.org/photo>",
            "<schema.org/url>",
            "isa:<schema.org/CampingPitch>"
        ],
        "count": 165.0
    },
    {
        "pset": [
            "<schema.org/description>",
            "<schema.org/image>",
            "<schema.org/name>",
            "<schema.org/offers>",
            "<schema.org/petsAllowed>",
            "<schema.org/url>",
            "isa:<schema.org/CampingPitch>",
            "isa:<schema.org/Product>"
        ],
        "count": 99.0
    },
    {
        "pset": [
            "<schema.org/description>",
            "<schema.org/name>",
            "isa:<schema.org/CampingPitch>"
        ],
        "count": 90.0
    },
    {
        "pset": [
            "<schema.org/address>",
            "<schema.org/aggregateRating>",
            "<schema.org/image>",
            "<schema.org/name>",
            "<schema.org/url>",
            "isa:<schema.org/CampingPitch>"
        ],
        "count": 84.0
    },
    {
        "pset": [
            "<schema.org/address>",
            "<schema.org/description>",
            "<schema.org/image>",
            "<schema.org/name>",
            "<schema.org/telephone>",
            "<schema.org/url>",
            "isa:<schema.org/CampingPitch>"
        ],
        "count": 71.0
    },
    {
        "pset": [
            "<schema.org/branchCode>",
            "<schema.org/floorSize>",
            "<schema.org/permittedUsage>",
            "<schema.org/petsAllowed>",
            "<schema.org/smokingAllowed>",
            "isa:<schema.org/CampingPitch>"
        ],
        "count": 59.0
    },
    {
        "pset": [
            "<schema.org/description>",
            "<schema.org/image>",
            "<schema.org/name>",
            "<schema.org/petsAllowed>",
            "<schema.org/url>",
            "isa:<schema.org/CampingPitch>"
        ],
        "count": 35.0
    },
    {
        "pset": [
            "<schema.org/description>",
            "<schema.org/name>",
            "<schema.org/offers>",
            "<schema.org/petsAllowed>",
            "<schema.org/url>",
            "isa:<schema.org/CampingPitch>",
            "isa:<schema.org/Product>"
        ],
        "count": 23.0
    },
    {
        "pset": [
            "<schema.org/floorSize>",
            "<schema.org/petsAllowed>",
            "isa:<schema.org/CampingPitch>"
        ],
        "count": 22.0
    },
    {
        "pset": [
            "<schema.org/address>",
            "<schema.org/image>",
            "<schema.org/name>",
            "<schema.org/url>",
            "isa:<schema.org/CampingPitch>"
        ],
        "count": 20.0
    },
    {
        "pset": [
            "<schema.org/address>",
            "<schema.org/description>",
            "<schema.org/geo>",
            "<schema.org/image>",
            "<schema.org/name>",
            "<schema.org/review>",
            "<schema.org/sameAs>",
            "<schema.org/url>",
            "isa:<schema.org/CampingPitch>"
        ],
        "count": 14.0
    },
    {
        "pset": [
            "<schema.org/aggregateRating>",
            "<schema.org/description>",
            "<schema.org/image>",
            "<schema.org/name>",
            "<schema.org/offers>",
            "<schema.org/petsAllowed>",
            "<schema.org/review>",
            "<schema.org/url>",
            "isa:<schema.org/CampingPitch>",
            "isa:<schema.org/Product>"
        ],
        "count": 14.0
    },
    {
        "pset": [
            "<schema.org/amenityFeature>",
            "<schema.org/description>",
            "<schema.org/maximumAttendeeCapacity>",
            "<schema.org/name>",
            "<schema.org/petsAllowed>",
            "<schema.org/photo>",
            "<schema.org/url>",
            "isa:<schema.org/CampingPitch>"
        ],
        "count": 11.0
    },
    {
        "pset": [
            "<schema.org/amenityFeature>",
            "<schema.org/description>",
            "<schema.org/maximumAttendeeCapacity>",
            "<schema.org/name>",
            "<schema.org/photo>",
            "<schema.org/url>",
            "isa:<schema.org/CampingPitch>"
        ],
        "count": 7.0
    },
    {
        "pset": [
            "<schema.org/accommodationCategory>",
            "<schema.org/address>",
            "<schema.org/description>",
            "<schema.org/identifier>",
            "<schema.org/latitude>",
            "<schema.org/longitude>",
            "<schema.org/name>",
            "<schema.org/photo>",
            "isa:<schema.org/CampingPitch>"
        ],
        "count": 7.0
    },
    {
        "pset": [
            "<schema.org/description>",
            "<schema.org/image>",
            "<schema.org/name>",
            "isa:<schema.org/CampingPitch>"
        ],
        "count": 6.0
    },
    {
        "pset": [
            "<schema.org/address>",
            "<schema.org/description>",
            "<schema.org/name>",
            "<schema.org/telephone>",
            "<schema.org/url>",
            "isa:<schema.org/CampingPitch>"
        ],
        "count": 6.0
    },
    {
        "pset": [
            "<schema.org/amenityFeature>",
            "<schema.org/description>",
            "<schema.org/image>",
            "<schema.org/name>",
            "<schema.org/url>",
            "isa:<schema.org/CampingPitch>"
        ],
        "count": 3.0
    },
    {
        "pset": [
            "<schema.org/aggregateRating>",
            "<schema.org/description>",
            "<schema.org/name>",
            "<schema.org/offers>",
            "<schema.org/petsAllowed>",
            "<schema.org/review>",
            "<schema.org/url>",
            "isa:<schema.org/CampingPitch>",
            "isa:<schema.org/Product>"
        ],
        "count": 3.0
    },
    {
        "pset": [
            "<schema.org/address>",
            "<schema.org/description>",
            "<schema.org/geo>",
            "<schema.org/name>",
            "<schema.org/review>",
            "<schema.org/url>",
            "isa:<schema.org/CampingPitch>"
        ],
        "count": 2.0
    },
    {
        "pset": [
            "<schema.org/accommodationCategory>",
            "<schema.org/address>",
            "<schema.org/amenityFeature>",
            "<schema.org/description>",
            "<schema.org/identifier>",
            "<schema.org/latitude>",
            "<schema.org/longitude>",
            "<schema.org/name>",
            "<schema.org/photo>",
            "isa:<schema.org/CampingPitch>"
        ],
        "count": 2.0
    },
    {
        "pset": [
            "<schema.org/address>",
            "<schema.org/description>",
            "<schema.org/geo>",
            "<schema.org/image>",
            "<schema.org/name>",
            "<schema.org/telephone>",
            "<schema.org/url>",
            "isa:<schema.org/CampingPitch>"
        ],
        "count": 2.0
    },
    {
        "pset": [
            "<schema.org/address>",
            "<schema.org/alternateName>",
            "<schema.org/description>",
            "<schema.org/image>",
            "<schema.org/logo>",
            "<schema.org/name>",
            "<schema.org/sameAs>",
            "<schema.org/telephone>",
            "<schema.org/url>",
            "isa:<schema.org/CampingPitch>"
        ],
        "count": 1.0
    },
    {
        "pset": [
            "<schema.org/description>",
            "<schema.org/name>",
            "<schema.org/url>",
            "isa:<schema.org/CampingPitch>"
        ],
        "count": 1.0
    },
    {
        "pset": [
            "<schema.org/description>",
            "<schema.org/floorLevel>",
            "<schema.org/logo>",
            "<schema.org/name>",
            "<schema.org/petsAllowed>",
            "<schema.org/photo>",
            "<schema.org/specialOpeningHoursSpecification>",
            "<schema.org/url>",
            "isa:<schema.org/CampingPitch>"
        ],
        "count": 1.0
    },
    {
        "pset": [
            "<schema.org/amenityFeature>",
            "<schema.org/description>",
            "<schema.org/image>",
            "<schema.org/mainEntityOfPage>",
            "<schema.org/maximumAttendeeCapacity>",
            "<schema.org/name>",
            "<schema.org/photo>",
            "<schema.org/publisher>",
            "<schema.org/url>",
            "isa:<schema.org/CampingPitch>",
            "isa:<schema.org/WebPage>"
        ],
        "count": 1.0
    },
    {
        "pset": [
            "<schema.org/image>",
            "<schema.org/name>",
            "<schema.org/sameAs>",
            "isa:<schema.org/CampingPitch>",
            "isa:<schema.org/TouristAttraction>"
        ],
        "count": 1.0
    },
    {
        "pset": [
            "<schema.org/accommodationCategory>",
            "<schema.org/address>",
            "<schema.org/description>",
            "<schema.org/identifier>",
            "<schema.org/latitude>",
            "<schema.org/longitude>",
            "<schema.org/name>",
            "<schema.org/numberOfBedrooms>",
            "<schema.org/photo>",
            "isa:<schema.org/CampingPitch>"
        ],
        "count": 1.0
    },
    {
        "pset": [
            "<schema.org/accommodationCategory>",
            "<schema.org/address>",
            "<schema.org/amenityFeature>",
            "<schema.org/description>",
            "<schema.org/identifier>",
            "<schema.org/latitude>",
            "<schema.org/longitude>",
            "<schema.org/name>",
            "isa:<schema.org/CampingPitch>"
        ],
        "count": 1.0
    },
    {
        "pset": [
            "<schema.org/accommodationCategory>",
            "<schema.org/address>",
            "<schema.org/amenityFeature>",
            "<schema.org/description>",
            "<schema.org/identifier>",
            "<schema.org/latitude>",
            "<schema.org/longitude>",
            "<schema.org/name>",
            "<schema.org/numberOfBedrooms>",
            "isa:<schema.org/CampingPitch>"
        ],
        "count": 1.0
    },
    {
        "pset": [
            "<schema.org/accommodationCategory>",
            "<schema.org/address>",
            "<schema.org/description>",
            "<schema.org/identifier>",
            "<schema.org/latitude>",
            "<schema.org/longitude>",
            "<schema.org/name>",
            "isa:<schema.org/CampingPitch>"
        ],
        "count": 1.0
    }
]