[
    {
        "pset": [
            "<schema.org/identifier>",
            "isa:<schema.org/CategoryCode>"
        ],
        "count": 6935.0
    },
    {
        "pset": [
            "<schema.org/codeValue>",
            "<schema.org/inCodeSet>",
            "<schema.org/name>",
            "<schema.org/url>",
            "isa:<schema.org/CategoryCode>"
        ],
        "count": 3988.0
    },
    {
        "pset": [
            "<schema.org/codeValue>",
            "<schema.org/inCodeSet>",
            "<schema.org/sameAs>",
            "<schema.org/url>",
            "isa:<schema.org/CategoryCode>"
        ],
        "count": 3963.0
    },
    {
        "pset": [
            "<schema.org/description>",
            "<schema.org/inCodeSet>",
            "<schema.org/name>",
            "isa:<schema.org/CategoryCode>"
        ],
        "count": 1640.0
    },
    {
        "pset": [
            "<schema.org/name>",
            "isa:<schema.org/CategoryCode>"
        ],
        "count": 632.0
    },
    {
        "pset": [
            "<schema.org/disambiguatingDescription>",
            "<schema.org/mentions>",
            "<schema.org/name>",
            "<schema.org/potentialAction>",
            "<schema.org/url>",
            "isa:<schema.org/CategoryCode>"
        ],
        "count": 237.0
    },
    {
        "pset": [
            "<schema.org/inCodeSet>",
            "isa:<schema.org/CategoryCode>"
        ],
        "count": 92.0
    },
    {
        "pset": [
            "<schema.org/identifier>",
            "<schema.org/termCode>",
            "isa:<schema.org/CategoryCode>"
        ],
        "count": 78.0
    },
    {
        "pset": [
            "<schema.org/inCodeSet>",
            "<schema.org/name>",
            "isa:<schema.org/CategoryCode>"
        ],
        "count": 58.0
    },
    {
        "pset": [
            "<schema.org/codeValue>",
            "<schema.org/description>",
            "<schema.org/identifier>",
            "<schema.org/image>",
            "<schema.org/name>",
            "<schema.org/url>",
            "isa:<schema.org/CategoryCode>"
        ],
        "count": 25.0
    },
    {
        "pset": [
            "<schema.org/description>",
            "<schema.org/name>",
            "isa:<schema.org/CategoryCode>"
        ],
        "count": 23.0
    },
    {
        "pset": [
            "<schema.org/description>",
            "<schema.org/image>",
            "<schema.org/name>",
            "<schema.org/url>",
            "isa:<schema.org/CategoryCode>"
        ],
        "count": 20.0
    },
    {
        "pset": [
            "<schema.org/disambiguatingDescription>",
            "<schema.org/name>",
            "<schema.org/potentialAction>",
            "<schema.org/url>",
            "isa:<schema.org/CategoryCode>"
        ],
        "count": 18.0
    },
    {
        "pset": [
            "<schema.org/name>",
            "<schema.org/subjectOf>",
            "<schema.org/url>",
            "isa:<schema.org/CategoryCode>"
        ],
        "count": 6.0
    },
    {
        "pset": [
            "<schema.org/additionalType>",
            "<schema.org/name>",
            "<schema.org/subjectOf>",
            "<schema.org/url>",
            "isa:<schema.org/CategoryCode>"
        ],
        "count": 5.0
    },
    {
        "pset": [
            "<schema.org/inCodeSet>",
            "<schema.org/name>",
            "<schema.org/url>",
            "isa:<schema.org/CategoryCode>"
        ],
        "count": 4.0
    },
    {
        "pset": [
            "<schema.org/name>",
            "<schema.org/url>",
            "isa:<schema.org/CategoryCode>"
        ],
        "count": 2.0
    },
    {
        "pset": [
            "<schema.org/codeValue>",
            "<schema.org/name>",
            "<schema.org/url>",
            "isa:<schema.org/CategoryCode>"
        ],
        "count": 1.0
    },
    {
        "pset": [
            "<schema.org/codeValue>",
            "<schema.org/inCodeSet>",
            "isa:<schema.org/CategoryCode>"
        ],
        "count": 1.0
    },
    {
        "pset": [
            "<schema.org/inDefinedTermSet>",
            "<schema.org/name>",
            "isa:<schema.org/CategoryCode>"
        ],
        "count": 1.0
    }
]