[
    {
        "pset": [
            "<schema.org/name>",
            "isa:<schema.org/Cemetery>"
        ],
        "count": 1969.0
    },
    {
        "pset": [
            "<schema.org/address>",
            "<schema.org/geo>",
            "<schema.org/name>",
            "isa:<schema.org/Cemetery>"
        ],
        "count": 429.0
    },
    {
        "pset": [
            "<schema.org/address>",
            "<schema.org/geo>",
            "<schema.org/name>",
            "<schema.org/url>",
            "isa:<schema.org/Cemetery>"
        ],
        "count": 306.0
    },
    {
        "pset": [
            "<schema.org/URL>",
            "<schema.org/address>",
            "<schema.org/description>",
            "<schema.org/geo>",
            "<schema.org/image>",
            "<schema.org/isAccessibleForFree>",
            "<schema.org/name>",
            "<schema.org/publicAccess>",
            "isa:<schema.org/Cemetery>"
        ],
        "count": 138.0
    },
    {
        "pset": [
            "<schema.org/address>",
            "<schema.org/description>",
            "<schema.org/geo>",
            "<schema.org/image>",
            "<schema.org/name>",
            "isa:<schema.org/Cemetery>"
        ],
        "count": 105.0
    },
    {
        "pset": [
            "<schema.org/address>",
            "<schema.org/availableLanguage>",
            "<schema.org/description>",
            "<schema.org/name>",
            "<schema.org/openingHours>",
            "<schema.org/publicAccess>",
            "<schema.org/touristType>",
            "isa:<schema.org/Cemetery>",
            "isa:<schema.org/TouristAttraction>"
        ],
        "count": 62.0
    },
    {
        "pset": [
            "<schema.org/address>",
            "<schema.org/amenityFeature>",
            "<schema.org/description>",
            "<schema.org/geo>",
            "<schema.org/geocovers>",
            "<schema.org/geotouches>",
            "<schema.org/hasMap>",
            "<schema.org/isAccessibleForFree>",
            "<schema.org/name>",
            "<schema.org/openingHours>",
            "<schema.org/publicAccess>",
            "<schema.org/sameAs>",
            "<schema.org/telephone>",
            "<schema.org/tourbookingpage>",
            "isa:<schema.org/Cemetery>"
        ],
        "count": 51.0
    },
    {
        "pset": [
            "<schema.org/address>",
            "<schema.org/description>",
            "<schema.org/geo>",
            "<schema.org/image>",
            "<schema.org/isAccessibleForFree>",
            "<schema.org/name>",
            "<schema.org/publicAccess>",
            "<schema.org/sameAs>",
            "<schema.org/touristType>",
            "isa:<schema.org/Cemetery>",
            "isa:<schema.org/TouristAttraction>"
        ],
        "count": 33.0
    },
    {
        "pset": [
            "<schema.org/additionalProperty>",
            "<schema.org/address>",
            "<schema.org/latitude>",
            "<schema.org/longitude>",
            "<schema.org/name>",
            "<schema.org/sameAs>",
            "<schema.org/telephone>",
            "<schema.org/url>",
            "isa:<schema.org/Cemetery>"
        ],
        "count": 32.0
    },
    {
        "pset": [
            "<schema.org/additionalType>",
            "<schema.org/address>",
            "<schema.org/alternateName>",
            "<schema.org/areaServed>",
            "<schema.org/description>",
            "<schema.org/image>",
            "<schema.org/location>",
            "<schema.org/logo>",
            "<schema.org/name>",
            "<schema.org/priceRange>",
            "<schema.org/telephone>",
            "<schema.org/url>",
            "isa:<schema.org/Cemetery>",
            "isa:<schema.org/LocalBusiness>"
        ],
        "count": 30.0
    },
    {
        "pset": [
            "<schema.org/address>",
            "<schema.org/description>",
            "<schema.org/geo>",
            "<schema.org/image>",
            "<schema.org/isAccessibleForFree>",
            "<schema.org/logo>",
            "<schema.org/name>",
            "<schema.org/publicAccess>",
            "<schema.org/touristType>",
            "<schema.org/url>",
            "isa:<schema.org/Cemetery>",
            "isa:<schema.org/TouristAttraction>"
        ],
        "count": 25.0
    },
    {
        "pset": [
            "<schema.org/address>",
            "<schema.org/description>",
            "<schema.org/name>",
            "isa:<schema.org/Cemetery>"
        ],
        "count": 19.0
    },
    {
        "pset": [
            "<schema.org/address>",
            "<schema.org/hasMap>",
            "<schema.org/image>",
            "<schema.org/name>",
            "<schema.org/telephone>",
            "isa:<schema.org/Cemetery>",
            "isa:<schema.org/TouristAttraction>"
        ],
        "count": 16.0
    },
    {
        "pset": [
            "<schema.org/additionalProperty>",
            "<schema.org/address>",
            "<schema.org/description>",
            "<schema.org/latitude>",
            "<schema.org/longitude>",
            "<schema.org/name>",
            "<schema.org/sameAs>",
            "<schema.org/telephone>",
            "<schema.org/url>",
            "isa:<schema.org/Cemetery>"
        ],
        "count": 13.0
    },
    {
        "pset": [
            "<schema.org/address>",
            "<schema.org/description>",
            "<schema.org/geo>",
            "<schema.org/image>",
            "<schema.org/name>",
            "<schema.org/review>",
            "<schema.org/sameAs>",
            "<schema.org/telephone>",
            "<schema.org/url>",
            "isa:<schema.org/Cemetery>"
        ],
        "count": 13.0
    },
    {
        "pset": [
            "<schema.org/address>",
            "<schema.org/image>",
            "<schema.org/name>",
            "<schema.org/priceRange>",
            "<schema.org/telephone>",
            "<schema.org/url>",
            "isa:<schema.org/Cemetery>"
        ],
        "count": 11.0
    },
    {
        "pset": [
            "<schema.org/address>",
            "<schema.org/description>",
            "<schema.org/geo>",
            "<schema.org/image>",
            "<schema.org/name>",
            "<schema.org/telephone>",
            "<schema.org/url>",
            "isa:<schema.org/Cemetery>"
        ],
        "count": 6.0
    },
    {
        "pset": [
            "<schema.org/address>",
            "<schema.org/geo>",
            "<schema.org/image>",
            "<schema.org/name>",
            "isa:<schema.org/Cemetery>"
        ],
        "count": 5.0
    },
    {
        "pset": [
            "<schema.org/address>",
            "<schema.org/description>",
            "<schema.org/geo>",
            "<schema.org/image>",
            "<schema.org/isAccessibleForFree>",
            "<schema.org/name>",
            "<schema.org/publicAccess>",
            "<schema.org/touristType>",
            "isa:<schema.org/Cemetery>",
            "isa:<schema.org/TouristAttraction>"
        ],
        "count": 5.0
    },
    {
        "pset": [
            "<schema.org/address>",
            "<schema.org/description>",
            "<schema.org/geo>",
            "<schema.org/hasMap>",
            "<schema.org/image>",
            "<schema.org/name>",
            "isa:<schema.org/Cemetery>"
        ],
        "count": 4.0
    },
    {
        "pset": [
            "<schema.org/address>",
            "<schema.org/hasMap>",
            "<schema.org/image>",
            "<schema.org/name>",
            "isa:<schema.org/Cemetery>",
            "isa:<schema.org/TouristAttraction>"
        ],
        "count": 4.0
    },
    {
        "pset": [
            "<schema.org/address>",
            "<schema.org/contactPoint>",
            "<schema.org/description>",
            "<schema.org/hasMap>",
            "<schema.org/image>",
            "<schema.org/logo>",
            "<schema.org/name>",
            "<schema.org/openingHours>",
            "<schema.org/url>",
            "isa:<schema.org/Cemetery>",
            "isa:<schema.org/Organization>"
        ],
        "count": 3.0
    },
    {
        "pset": [
            "<schema.org/address>",
            "<schema.org/alternateName>",
            "<schema.org/description>",
            "<schema.org/geo>",
            "<schema.org/hasMap>",
            "<schema.org/image>",
            "<schema.org/name>",
            "isa:<schema.org/Cemetery>"
        ],
        "count": 3.0
    },
    {
        "pset": [
            "<schema.org/additionalType>",
            "<schema.org/address>",
            "<schema.org/description>",
            "<schema.org/disambiguatingDescription>",
            "<schema.org/email>",
            "<schema.org/faxNumber>",
            "<schema.org/identifier>",
            "<schema.org/image>",
            "<schema.org/name>",
            "<schema.org/telephone>",
            "<schema.org/url>",
            "isa:<schema.org/Cemetery>"
        ],
        "count": 3.0
    },
    {
        "pset": [
            "<schema.org/address>",
            "<schema.org/description>",
            "<schema.org/email>",
            "<schema.org/image>",
            "<schema.org/name>",
            "<schema.org/servesCuisine>",
            "<schema.org/telephone>",
            "isa:<schema.org/Cemetery>"
        ],
        "count": 2.0
    },
    {
        "pset": [
            "<schema.org/address>",
            "<schema.org/hasMap>",
            "<schema.org/name>",
            "<schema.org/telephone>",
            "isa:<schema.org/Cemetery>",
            "isa:<schema.org/TouristAttraction>"
        ],
        "count": 2.0
    },
    {
        "pset": [
            "<schema.org/additionalProperty>",
            "<schema.org/address>",
            "<schema.org/description>",
            "<schema.org/name>",
            "<schema.org/sameAs>",
            "<schema.org/telephone>",
            "<schema.org/url>",
            "isa:<schema.org/Cemetery>"
        ],
        "count": 2.0
    },
    {
        "pset": [
            "<schema.org/description>",
            "<schema.org/eventStatus>",
            "<schema.org/identifier>",
            "<schema.org/image>",
            "<schema.org/location>",
            "<schema.org/name>",
            "<schema.org/url>",
            "isa:<schema.org/Cemetery>"
        ],
        "count": 2.0
    },
    {
        "pset": [
            "<schema.org/address>",
            "<schema.org/geo>",
            "<schema.org/image>",
            "<schema.org/name>",
            "<schema.org/url>",
            "isa:<schema.org/Cemetery>"
        ],
        "count": 2.0
    },
    {
        "pset": [
            "<schema.org/address>",
            "<schema.org/description>",
            "<schema.org/geo>",
            "<schema.org/image>",
            "<schema.org/name>",
            "<schema.org/url>",
            "isa:<schema.org/Cemetery>"
        ],
        "count": 2.0
    },
    {
        "pset": [
            "<schema.org/additionalProperty>",
            "<schema.org/address>",
            "<schema.org/description>",
            "<schema.org/latitude>",
            "<schema.org/longitude>",
            "<schema.org/name>",
            "<schema.org/telephone>",
            "<schema.org/url>",
            "isa:<schema.org/Cemetery>"
        ],
        "count": 2.0
    },
    {
        "pset": [
            "<schema.org/description>",
            "<schema.org/name>",
            "<schema.org/photo>",
            "<schema.org/url>",
            "isa:<schema.org/Cemetery>"
        ],
        "count": 2.0
    },
    {
        "pset": [
            "<schema.org/address>",
            "<schema.org/geo>",
            "<schema.org/name>",
            "<schema.org/telephone>",
            "<schema.org/url>",
            "isa:<schema.org/Cemetery>",
            "isa:<schema.org/LocalBusiness>",
            "isa:<schema.org/TouristAttraction>"
        ],
        "count": 1.0
    },
    {
        "pset": [
            "<schema.org/address>",
            "<schema.org/description>",
            "<schema.org/email>",
            "<schema.org/faxNumber>",
            "<schema.org/image>",
            "<schema.org/name>",
            "<schema.org/openingHours>",
            "<schema.org/servesCuisine>",
            "<schema.org/telephone>",
            "isa:<schema.org/Cemetery>"
        ],
        "count": 1.0
    },
    {
        "pset": [
            "<schema.org/address>",
            "isa:<schema.org/Cemetery>"
        ],
        "count": 1.0
    },
    {
        "pset": [
            "<schema.org/address>",
            "<schema.org/aggregateRating>",
            "<schema.org/description>",
            "<schema.org/geo>",
            "<schema.org/image>",
            "<schema.org/name>",
            "<schema.org/openingHoursSpecification>",
            "<schema.org/paymentAccepted>",
            "<schema.org/priceRange>",
            "<schema.org/servesCuisine>",
            "<schema.org/telephone>",
            "<schema.org/url>",
            "isa:<schema.org/AutoBodyShop>",
            "isa:<schema.org/AutoRental>",
            "isa:<schema.org/AutoRepair>",
            "isa:<schema.org/AutoWash>",
            "isa:<schema.org/Bakery>",
            "isa:<schema.org/BankOrCreditUnion>",
            "isa:<schema.org/BarOrPub>",
            "isa:<schema.org/BookStore>",
            "isa:<schema.org/Cemetery>",
            "isa:<schema.org/Dentist>",
            "isa:<schema.org/DryCleaningOrLaundry>",
            "isa:<schema.org/Electrician>",
            "isa:<schema.org/Florist>",
            "isa:<schema.org/GasStation>",
            "isa:<schema.org/HairSalon>",
            "isa:<schema.org/HealthAndBeautyBusiness>",
            "isa:<schema.org/IceCreamShop>",
            "isa:<schema.org/LocalBusiness>",
            "isa:<schema.org/Notary>",
            "isa:<schema.org/Pharmacy>",
            "isa:<schema.org/Plumber>",
            "isa:<schema.org/RealEstateAgent>",
            "isa:<schema.org/Restaurant>",
            "isa:<schema.org/RoofingContractor>",
            "isa:<schema.org/Store>",
            "isa:<schema.org/TravelAgency>",
            "isa:<schema.org/VeterinaryCare>"
        ],
        "count": 1.0
    },
    {
        "pset": [
            "<schema.org/address>",
            "<schema.org/name>",
            "isa:<schema.org/Cemetery>"
        ],
        "count": 1.0
    },
    {
        "pset": [
            "<schema.org/address>",
            "<schema.org/aggregateRating>",
            "<schema.org/description>",
            "<schema.org/geo>",
            "<schema.org/image>",
            "<schema.org/name>",
            "<schema.org/review>",
            "<schema.org/sameAs>",
            "<schema.org/telephone>",
            "<schema.org/url>",
            "isa:<schema.org/Cemetery>"
        ],
        "count": 1.0
    },
    {
        "pset": [
            "<schema.org/address>",
            "<schema.org/breadcrumb>",
            "<schema.org/dateModified>",
            "<schema.org/datePublished>",
            "<schema.org/description>",
            "<schema.org/geo>",
            "<schema.org/image>",
            "<schema.org/inLanguage>",
            "<schema.org/isPartOf>",
            "<schema.org/name>",
            "<schema.org/openingHoursSpecification>",
            "<schema.org/potentialAction>",
            "<schema.org/sameAs>",
            "<schema.org/telephone>",
            "<schema.org/url>",
            "isa:<schema.org/Cemetery>",
            "isa:<schema.org/WebPage>"
        ],
        "count": 1.0
    },
    {
        "pset": [
            "<schema.org/address>",
            "<schema.org/description>",
            "<schema.org/image>",
            "<schema.org/name>",
            "<schema.org/servesCuisine>",
            "isa:<schema.org/Cemetery>"
        ],
        "count": 1.0
    },
    {
        "pset": [
            "<schema.org/address>",
            "<schema.org/availableLanguage>",
            "<schema.org/description>",
            "<schema.org/image>",
            "<schema.org/name>",
            "<schema.org/touristType>",
            "isa:<schema.org/Cemetery>",
            "isa:<schema.org/DefenceEstablishment>",
            "isa:<schema.org/LandmarksOrHistoricalBuildings>",
            "isa:<schema.org/Tourist%20Destination>",
            "isa:<schema.org/TouristAttraction>"
        ],
        "count": 1.0
    },
    {
        "pset": [
            "<schema.org/address>",
            "<schema.org/description>",
            "<schema.org/geo>",
            "<schema.org/hasMap>",
            "<schema.org/image>",
            "<schema.org/isicV4>",
            "<schema.org/keywords>",
            "<schema.org/logo>",
            "<schema.org/name>",
            "<schema.org/openinghours>",
            "<schema.org/photo>",
            "<schema.org/publicAccess>",
            "<schema.org/slogan>",
            "<schema.org/telephone>",
            "<schema.org/url>",
            "isa:<schema.org/Cemetery>"
        ],
        "count": 1.0
    },
    {
        "pset": [
            "<schema.org/address>",
            "<schema.org/availableLanguage>",
            "<schema.org/description>",
            "<schema.org/image>",
            "<schema.org/itemListElement>",
            "<schema.org/name>",
            "<schema.org/touristType>",
            "isa:<schema.org/Cemetery>",
            "isa:<schema.org/DefenceEstablishment>",
            "isa:<schema.org/Itemlist>",
            "isa:<schema.org/LandmarksOrHistoricalBuildings>",
            "isa:<schema.org/Tourist%20Destination>",
            "isa:<schema.org/TouristAttraction>"
        ],
        "count": 1.0
    },
    {
        "pset": [
            "<schema.org/name>",
            "<schema.org/position>",
            "<schema.org/url>",
            "isa:<schema.org/Cemetery>",
            "isa:<schema.org/ListItem>"
        ],
        "count": 1.0
    },
    {
        "pset": [
            "<schema.org/address>",
            "<schema.org/aggregateRating>",
            "<schema.org/geo>",
            "<schema.org/name>",
            "<schema.org/url>",
            "isa:<schema.org/Cemetery>"
        ],
        "count": 1.0
    },
    {
        "pset": [
            "<schema.org/address>",
            "<schema.org/name>",
            "<schema.org/openingHours>",
            "<schema.org/url>",
            "isa:<schema.org/Cemetery>"
        ],
        "count": 1.0
    },
    {
        "pset": [
            "<schema.org/address>",
            "<schema.org/aggregateRating>",
            "<schema.org/description>",
            "<schema.org/geo>",
            "<schema.org/image>",
            "<schema.org/name>",
            "<schema.org/openingHoursSpecification>",
            "<schema.org/paymentAccepted>",
            "<schema.org/servesCuisine>",
            "<schema.org/telephone>",
            "<schema.org/url>",
            "isa:<schema.org/AutoBodyShop>",
            "isa:<schema.org/AutoRental>",
            "isa:<schema.org/AutoRepair>",
            "isa:<schema.org/Bakery>",
            "isa:<schema.org/BankOrCreditUnion>",
            "isa:<schema.org/BarOrPub>",
            "isa:<schema.org/BedAndBreakfast>",
            "isa:<schema.org/BookStore>",
            "isa:<schema.org/Cemetery>",
            "isa:<schema.org/Dentist>",
            "isa:<schema.org/DryCleaningOrLaundry>",
            "isa:<schema.org/Electrician>",
            "isa:<schema.org/EmergencyService>",
            "isa:<schema.org/FinancialService>",
            "isa:<schema.org/Florist>",
            "isa:<schema.org/GasStation>",
            "isa:<schema.org/HairSalon>",
            "isa:<schema.org/HealthAndBeautyBusiness>",
            "isa:<schema.org/HousePainter>",
            "isa:<schema.org/IceCreamShop>",
            "isa:<schema.org/JewelryStore>",
            "isa:<schema.org/LocalBusiness>",
            "isa:<schema.org/Locksmith>",
            "isa:<schema.org/Notary>",
            "isa:<schema.org/Pharmacy>",
            "isa:<schema.org/Plumber>",
            "isa:<schema.org/PostOffice>",
            "isa:<schema.org/RealEstateAgent>",
            "isa:<schema.org/Restaurant>",
            "isa:<schema.org/Store>",
            "isa:<schema.org/TravelAgency>",
            "isa:<schema.org/VeterinaryCare>"
        ],
        "count": 1.0
    },
    {
        "pset": [
            "<schema.org/address>",
            "<schema.org/description>",
            "<schema.org/geo>",
            "<schema.org/image>",
            "<schema.org/isAccessibleForFree>",
            "<schema.org/name>",
            "<schema.org/publicAccess>",
            "<schema.org/review>",
            "<schema.org/sameAs>",
            "<schema.org/touristType>",
            "isa:<schema.org/Cemetery>",
            "isa:<schema.org/TouristAttraction>"
        ],
        "count": 1.0
    }
]