[
    {
        "pset": [
            "<schema.org/endOffset>",
            "<schema.org/name>",
            "<schema.org/startOffset>",
            "<schema.org/url>",
            "isa:<schema.org/Clip>"
        ],
        "count": 172557.0
    },
    {
        "pset": [
            "<schema.org/name>",
            "<schema.org/startOffset>",
            "<schema.org/url>",
            "isa:<schema.org/Clip>"
        ],
        "count": 22162.0
    },
    {
        "pset": [
            "<schema.org/description>",
            "<schema.org/potentialAction>",
            "isa:<schema.org/Clip>"
        ],
        "count": 13364.0
    },
    {
        "pset": [
            "<schema.org/description>",
            "<schema.org/endOffset>",
            "<schema.org/name>",
            "<schema.org/startOffset>",
            "<schema.org/url>",
            "isa:<schema.org/Clip>"
        ],
        "count": 4330.0
    },
    {
        "pset": [
            "<schema.org/description>",
            "<schema.org/potentialAction>",
            "<schema.org/timeRequired>",
            "isa:<schema.org/Clip>"
        ],
        "count": 3454.0
    },
    {
        "pset": [
            "<schema.org/dateModified>",
            "<schema.org/datePublished>",
            "<schema.org/description>",
            "<schema.org/image>",
            "<schema.org/mainEntityOfPage>",
            "isa:<schema.org/Clip>"
        ],
        "count": 1381.0
    },
    {
        "pset": [
            "<schema.org/endOffset>",
            "<schema.org/name>",
            "<schema.org/startOffset>",
            "isa:<schema.org/Clip>"
        ],
        "count": 952.0
    },
    {
        "pset": [
            "<schema.org/endOffset>",
            "<schema.org/learningResourceType>",
            "<schema.org/name>",
            "<schema.org/startOffset>",
            "<schema.org/url>",
            "isa:<schema.org/Clip>",
            "isa:<schema.org/LearningResource>"
        ],
        "count": 906.0
    },
    {
        "pset": [
            "isa:<schema.org/Clip>"
        ],
        "count": 734.0
    },
    {
        "pset": [
            "<schema.org/alternateName>",
            "<schema.org/associatedMedia>",
            "<schema.org/dateModified>",
            "<schema.org/datePublished>",
            "<schema.org/description>",
            "<schema.org/headline>",
            "<schema.org/image>",
            "<schema.org/name>",
            "<schema.org/publisher>",
            "<schema.org/thumbnailUrl>",
            "isa:<schema.org/Clip>"
        ],
        "count": 624.0
    },
    {
        "pset": [
            "<schema.org/description>",
            "<schema.org/timeRequired>",
            "isa:<schema.org/Clip>"
        ],
        "count": 336.0
    },
    {
        "pset": [
            "<schema.org/endOffset>",
            "<schema.org/learningResourceType>",
            "<schema.org/name>",
            "<schema.org/startOffset>",
            "<schema.org/text>",
            "<schema.org/url>",
            "isa:<schema.org/Clip>",
            "isa:<schema.org/LearningResource>"
        ],
        "count": 318.0
    },
    {
        "pset": [
            "<schema.org/description>",
            "<schema.org/image>",
            "<schema.org/name>",
            "<schema.org/url>",
            "isa:<schema.org/Clip>"
        ],
        "count": 309.0
    },
    {
        "pset": [
            "<schema.org/description>",
            "isa:<schema.org/Clip>"
        ],
        "count": 110.0
    },
    {
        "pset": [
            "<schema.org/creator>",
            "<schema.org/datePublished>",
            "<schema.org/image>",
            "<schema.org/keywords>",
            "<schema.org/name>",
            "<schema.org/video>",
            "isa:<schema.org/Clip>"
        ],
        "count": 107.0
    },
    {
        "pset": [
            "<schema.org/description>",
            "<schema.org/name>",
            "<schema.org/thumbnailUrl>",
            "isa:<schema.org/Clip>"
        ],
        "count": 79.0
    },
    {
        "pset": [
            "<schema.org/alternateName>",
            "<schema.org/associatedMedia>",
            "<schema.org/dateModified>",
            "<schema.org/datePublished>",
            "<schema.org/description>",
            "<schema.org/headline>",
            "<schema.org/image>",
            "<schema.org/name>",
            "<schema.org/publisher>",
            "<schema.org/thumbnailUrl>",
            "<schema.org/video>",
            "isa:<schema.org/Clip>"
        ],
        "count": 67.0
    },
    {
        "pset": [
            "<schema.org/dateModified>",
            "<schema.org/datePublished>",
            "<schema.org/description>",
            "<schema.org/mainEntityOfPage>",
            "isa:<schema.org/Clip>"
        ],
        "count": 65.0
    },
    {
        "pset": [
            "<schema.org/name>",
            "<schema.org/url>",
            "isa:<schema.org/Clip>"
        ],
        "count": 58.0
    },
    {
        "pset": [
            "<schema.org/alternateName>",
            "<schema.org/associatedMedia>",
            "<schema.org/dateCreated>",
            "<schema.org/dateModified>",
            "<schema.org/datePublished>",
            "<schema.org/description>",
            "<schema.org/headline>",
            "<schema.org/image>",
            "<schema.org/name>",
            "<schema.org/publisher>",
            "<schema.org/thumbnailUrl>",
            "isa:<schema.org/Clip>"
        ],
        "count": 51.0
    },
    {
        "pset": [
            "<schema.org/author>",
            "<schema.org/copyrightHolder>",
            "<schema.org/copyrightYear>",
            "<schema.org/dateCreated>",
            "<schema.org/dateModified>",
            "<schema.org/datePublished>",
            "<schema.org/description>",
            "<schema.org/headline>",
            "<schema.org/image>",
            "<schema.org/inLanguage>",
            "<schema.org/keywords>",
            "<schema.org/mainEntityOfPage>",
            "<schema.org/name>",
            "<schema.org/publisher>",
            "<schema.org/url>",
            "isa:<schema.org/Clip>"
        ],
        "count": 42.0
    },
    {
        "pset": [
            "<schema.org/alternateName>",
            "<schema.org/associatedMedia>",
            "<schema.org/audio>",
            "<schema.org/dateModified>",
            "<schema.org/datePublished>",
            "<schema.org/description>",
            "<schema.org/headline>",
            "<schema.org/image>",
            "<schema.org/name>",
            "<schema.org/publisher>",
            "<schema.org/thumbnailUrl>",
            "isa:<schema.org/Clip>"
        ],
        "count": 36.0
    },
    {
        "pset": [
            "<schema.org/clipNumber>",
            "<schema.org/endOffset>",
            "<schema.org/name>",
            "<schema.org/startOffset>",
            "<schema.org/url>",
            "isa:<schema.org/Clip>"
        ],
        "count": 36.0
    },
    {
        "pset": [
            "<schema.org/endOffset>",
            "<schema.org/isAccessibleForFree>",
            "<schema.org/name>",
            "<schema.org/startOffset>",
            "<schema.org/url>",
            "isa:<schema.org/Clip>"
        ],
        "count": 34.0
    },
    {
        "pset": [
            "<schema.org/name>",
            "isa:<schema.org/Clip>"
        ],
        "count": 33.0
    },
    {
        "pset": [
            "<schema.org/endOffset>",
            "<schema.org/startOffset>",
            "<schema.org/url>",
            "isa:<schema.org/Clip>"
        ],
        "count": 24.0
    },
    {
        "pset": [
            "<schema.org/description>",
            "<schema.org/name>",
            "<schema.org/video>",
            "isa:<schema.org/Clip>"
        ],
        "count": 18.0
    },
    {
        "pset": [
            "<schema.org/alternateName>",
            "<schema.org/associatedMedia>",
            "<schema.org/dateCreated>",
            "<schema.org/dateModified>",
            "<schema.org/datePublished>",
            "<schema.org/description>",
            "<schema.org/headline>",
            "<schema.org/image>",
            "<schema.org/name>",
            "<schema.org/publisher>",
            "<schema.org/thumbnailUrl>",
            "<schema.org/video>",
            "isa:<schema.org/Clip>"
        ],
        "count": 16.0
    },
    {
        "pset": [
            "<schema.org/name>",
            "<schema.org/startOffset>",
            "isa:<schema.org/Clip>"
        ],
        "count": 14.0
    },
    {
        "pset": [
            "<schema.org/alternateName>",
            "<schema.org/associatedMedia>",
            "<schema.org/audio>",
            "<schema.org/dateCreated>",
            "<schema.org/dateModified>",
            "<schema.org/datePublished>",
            "<schema.org/description>",
            "<schema.org/headline>",
            "<schema.org/image>",
            "<schema.org/name>",
            "<schema.org/publisher>",
            "<schema.org/thumbnailUrl>",
            "isa:<schema.org/Clip>"
        ],
        "count": 13.0
    },
    {
        "pset": [
            "<schema.org/alternateName>",
            "<schema.org/associatedMedia>",
            "<schema.org/dateModified>",
            "<schema.org/datePublished>",
            "<schema.org/description>",
            "<schema.org/headline>",
            "<schema.org/name>",
            "<schema.org/publisher>",
            "<schema.org/thumbnailUrl>",
            "isa:<schema.org/Clip>"
        ],
        "count": 10.0
    },
    {
        "pset": [
            "<schema.org/alternateName>",
            "<schema.org/associatedMedia>",
            "<schema.org/audio>",
            "<schema.org/dateModified>",
            "<schema.org/datePublished>",
            "<schema.org/description>",
            "<schema.org/headline>",
            "<schema.org/image>",
            "<schema.org/name>",
            "<schema.org/publisher>",
            "<schema.org/thumbnailUrl>",
            "<schema.org/video>",
            "isa:<schema.org/Clip>"
        ],
        "count": 7.0
    },
    {
        "pset": [
            "<schema.org/creator>",
            "<schema.org/endOffset>",
            "<schema.org/isAccessibleForFree>",
            "<schema.org/isFamilyFriendly>",
            "<schema.org/isPartOf>",
            "<schema.org/name>",
            "<schema.org/startOffset>",
            "<schema.org/url>",
            "isa:<schema.org/Clip>"
        ],
        "count": 6.0
    },
    {
        "pset": [
            "<schema.org/endOffset>",
            "<schema.org/name>",
            "<schema.org/startOffset>",
            "<schema.org/thumbnailUrl>",
            "<schema.org/url>",
            "isa:<schema.org/Clip>"
        ],
        "count": 6.0
    },
    {
        "pset": [
            "<schema.org/description>",
            "<schema.org/name>",
            "<schema.org/timeRequired>",
            "isa:<schema.org/Clip>"
        ],
        "count": 6.0
    },
    {
        "pset": [
            "<schema.org/endOffset>",
            "<schema.org/name>",
            "<schema.org/startOffset>",
            "<schema.org/url>",
            "isa:<schema.org/Clip>",
            "isa:<schema.org/LearningResource>"
        ],
        "count": 4.0
    },
    {
        "pset": [
            "<schema.org/description>",
            "<schema.org/name>",
            "<schema.org/startOffset>",
            "<schema.org/url>",
            "isa:<schema.org/Clip>"
        ],
        "count": 3.0
    },
    {
        "pset": [
            "<schema.org/endOffset>",
            "<schema.org/name>",
            "<schema.org/startOffset>",
            "<schema.org/text>",
            "<schema.org/url>",
            "isa:<schema.org/Clip>",
            "isa:<schema.org/LearningResource>"
        ],
        "count": 3.0
    },
    {
        "pset": [
            "<schema.org/description>",
            "<schema.org/name>",
            "<schema.org/startOffset>",
            "<schema.org/timeRequired>",
            "<schema.org/url>",
            "isa:<schema.org/Clip>"
        ],
        "count": 3.0
    },
    {
        "pset": [
            "<schema.org/author>",
            "<schema.org/copyrightHolder>",
            "<schema.org/copyrightYear>",
            "<schema.org/creator>",
            "<schema.org/dateModified>",
            "<schema.org/datePublished>",
            "<schema.org/description>",
            "<schema.org/headline>",
            "<schema.org/image>",
            "<schema.org/inLanguage>",
            "<schema.org/mainEntityOfPage>",
            "<schema.org/name>",
            "<schema.org/publisher>",
            "<schema.org/url>",
            "isa:<schema.org/Clip>"
        ],
        "count": 3.0
    },
    {
        "pset": [
            "<schema.org/endOffset>",
            "<schema.org/interactionStatistic>",
            "<schema.org/name>",
            "<schema.org/startOffset>",
            "<schema.org/url>",
            "isa:<schema.org/Clip>"
        ],
        "count": 3.0
    },
    {
        "pset": [
            "<schema.org/description>",
            "<schema.org/name>",
            "<schema.org/timeRequired>",
            "<schema.org/url>",
            "isa:<schema.org/Clip>"
        ],
        "count": 2.0
    },
    {
        "pset": [
            "<schema.org/url>",
            "isa:<schema.org/Clip>"
        ],
        "count": 2.0
    },
    {
        "pset": [
            "<schema.org/alternateName>",
            "<schema.org/associatedMedia>",
            "<schema.org/dateModified>",
            "<schema.org/datePublished>",
            "<schema.org/description>",
            "<schema.org/headline>",
            "<schema.org/name>",
            "<schema.org/publisher>",
            "<schema.org/thumbnailUrl>",
            "<schema.org/video>",
            "isa:<schema.org/Clip>"
        ],
        "count": 2.0
    },
    {
        "pset": [
            "<schema.org/about>",
            "<schema.org/copyrightHolder>",
            "<schema.org/description>",
            "<schema.org/exampleOfWork>",
            "<schema.org/image>",
            "<schema.org/isAccessibleForFree>",
            "<schema.org/isFamilyFriendly>",
            "<schema.org/mainEntityOfPage>",
            "<schema.org/name>",
            "<schema.org/publisher>",
            "<schema.org/thumbnailUrl>",
            "<schema.org/timeRequired>",
            "<schema.org/url>",
            "<schema.org/workExample>",
            "isa:<schema.org/Clip>"
        ],
        "count": 1.0
    },
    {
        "pset": [
            "<schema.org/about>",
            "<schema.org/associatedMedia>",
            "<schema.org/copyrightHolder>",
            "<schema.org/description>",
            "<schema.org/exampleOfWork>",
            "<schema.org/headline>",
            "<schema.org/image>",
            "<schema.org/inLanguage>",
            "<schema.org/interactionStatistic>",
            "<schema.org/interactivityType>",
            "<schema.org/isAccessibleForFree>",
            "<schema.org/isBasedOn>",
            "<schema.org/isFamilyFriendly>",
            "<schema.org/isPartOf>",
            "<schema.org/mainEntityOfPage>",
            "<schema.org/name>",
            "<schema.org/startOffset>",
            "<schema.org/thumbnailUrl>",
            "<schema.org/timeRequired>",
            "<schema.org/url>",
            "<schema.org/workExample>",
            "isa:<schema.org/Clip>"
        ],
        "count": 1.0
    },
    {
        "pset": [
            "<schema.org/description>",
            "<schema.org/isFamilyFriendly>",
            "<schema.org/isPartOf>",
            "<schema.org/learningResourceType>",
            "<schema.org/mainEntity>",
            "<schema.org/name>",
            "<schema.org/timeRequired>",
            "isa:<schema.org/Clip>"
        ],
        "count": 1.0
    },
    {
        "pset": [
            "<schema.org/about>",
            "<schema.org/associatedMedia>",
            "<schema.org/contentLocation>",
            "<schema.org/copyrightHolder>",
            "<schema.org/copyrightNotice>",
            "<schema.org/countryOfOrigin>",
            "<schema.org/dateCreated>",
            "<schema.org/datePublished>",
            "<schema.org/description>",
            "<schema.org/educationalLevel>",
            "<schema.org/exampleOfWork>",
            "<schema.org/image>",
            "<schema.org/inLanguage>",
            "<schema.org/interactionStatistic>",
            "<schema.org/interactivityType>",
            "<schema.org/isAccessibleForFree>",
            "<schema.org/isBasedOn>",
            "<schema.org/isFamilyFriendly>",
            "<schema.org/mainEntityOfPage>",
            "<schema.org/name>",
            "<schema.org/publisher>",
            "<schema.org/sameAs>",
            "<schema.org/startOffset>",
            "<schema.org/teaches>",
            "<schema.org/thumbnailUrl>",
            "<schema.org/timeRequired>",
            "<schema.org/url>",
            "<schema.org/workExample>",
            "isa:<schema.org/Clip>"
        ],
        "count": 1.0
    },
    {
        "pset": [
            "<schema.org/endOffset>",
            "<schema.org/name>",
            "<schema.org/url>",
            "isa:<schema.org/Clip>"
        ],
        "count": 1.0
    },
    {
        "pset": [
            "<schema.org/about>",
            "<schema.org/copyrightHolder>",
            "<schema.org/description>",
            "<schema.org/image>",
            "<schema.org/isBasedOn>",
            "<schema.org/isFamilyFriendly>",
            "<schema.org/mainEntityOfPage>",
            "<schema.org/name>",
            "<schema.org/publisher>",
            "<schema.org/sameAs>",
            "<schema.org/startOffset>",
            "<schema.org/subjectOf>",
            "<schema.org/timeRequired>",
            "<schema.org/url>",
            "<schema.org/workExample>",
            "isa:<schema.org/Clip>"
        ],
        "count": 1.0
    },
    {
        "pset": [
            "<schema.org/about>",
            "<schema.org/copyrightHolder>",
            "<schema.org/description>",
            "<schema.org/exampleOfWork>",
            "<schema.org/image>",
            "<schema.org/inLanguage>",
            "<schema.org/isAccessibleForFree>",
            "<schema.org/isBasedOn>",
            "<schema.org/isFamilyFriendly>",
            "<schema.org/isPartOf>",
            "<schema.org/mainEntityOfPage>",
            "<schema.org/name>",
            "<schema.org/publisher>",
            "<schema.org/sameAs>",
            "<schema.org/thumbnailUrl>",
            "<schema.org/timeRequired>",
            "<schema.org/url>",
            "<schema.org/workExample>",
            "isa:<schema.org/Clip>"
        ],
        "count": 1.0
    },
    {
        "pset": [
            "<schema.org/description>",
            "<schema.org/name>",
            "<schema.org/potentialAction>",
            "<schema.org/subjectOf>",
            "<schema.org/timeRequired>",
            "<schema.org/url>",
            "isa:<schema.org/Clip>"
        ],
        "count": 1.0
    },
    {
        "pset": [
            "<schema.org/about>",
            "<schema.org/copyrightHolder>",
            "<schema.org/description>",
            "<schema.org/exampleOfWork>",
            "<schema.org/headline>",
            "<schema.org/image>",
            "<schema.org/inLanguage>",
            "<schema.org/interactionStatistic>",
            "<schema.org/interactivityType>",
            "<schema.org/isAccessibleForFree>",
            "<schema.org/isFamilyFriendly>",
            "<schema.org/mainEntityOfPage>",
            "<schema.org/name>",
            "<schema.org/publisher>",
            "<schema.org/sameAs>",
            "<schema.org/subjectOf>",
            "<schema.org/thumbnailUrl>",
            "<schema.org/timeRequired>",
            "<schema.org/url>",
            "isa:<schema.org/Clip>"
        ],
        "count": 1.0
    },
    {
        "pset": [
            "<schema.org/about>",
            "<schema.org/copyrightHolder>",
            "<schema.org/creator>",
            "<schema.org/description>",
            "<schema.org/headline>",
            "<schema.org/image>",
            "<schema.org/inLanguage>",
            "<schema.org/interactionStatistic>",
            "<schema.org/interactivityType>",
            "<schema.org/isAccessibleForFree>",
            "<schema.org/isFamilyFriendly>",
            "<schema.org/mainEntityOfPage>",
            "<schema.org/name>",
            "<schema.org/provider>",
            "<schema.org/subjectOf>",
            "<schema.org/thumbnailUrl>",
            "<schema.org/timeRequired>",
            "<schema.org/workExample>",
            "isa:<schema.org/Clip>"
        ],
        "count": 1.0
    },
    {
        "pset": [
            "<schema.org/breadcrumb>",
            "<schema.org/dateModified>",
            "<schema.org/datePublished>",
            "<schema.org/description>",
            "<schema.org/endOffset>",
            "<schema.org/image>",
            "<schema.org/inLanguage>",
            "<schema.org/isPartOf>",
            "<schema.org/name>",
            "<schema.org/potentialAction>",
            "<schema.org/primaryImageOfPage>",
            "<schema.org/startOffset>",
            "<schema.org/thumbnailUrl>",
            "<schema.org/url>",
            "isa:<schema.org/Clip>",
            "isa:<schema.org/WebPage>"
        ],
        "count": 1.0
    },
    {
        "pset": [
            "<schema.org/about>",
            "<schema.org/copyrightHolder>",
            "<schema.org/description>",
            "<schema.org/exampleOfWork>",
            "<schema.org/isAccessibleForFree>",
            "<schema.org/isBasedOn>",
            "<schema.org/mainEntityOfPage>",
            "<schema.org/name>",
            "<schema.org/publisher>",
            "<schema.org/sameAs>",
            "<schema.org/subjectOf>",
            "<schema.org/timeRequired>",
            "<schema.org/url>",
            "isa:<schema.org/Clip>"
        ],
        "count": 1.0
    },
    {
        "pset": [
            "<schema.org/about>",
            "<schema.org/copyrightHolder>",
            "<schema.org/description>",
            "<schema.org/exampleOfWork>",
            "<schema.org/image>",
            "<schema.org/inLanguage>",
            "<schema.org/interactionStatistic>",
            "<schema.org/interactivityType>",
            "<schema.org/isAccessibleForFree>",
            "<schema.org/isFamilyFriendly>",
            "<schema.org/mainEntityOfPage>",
            "<schema.org/name>",
            "<schema.org/publisher>",
            "<schema.org/sameAs>",
            "<schema.org/subjectOf>",
            "<schema.org/thumbnailUrl>",
            "<schema.org/timeRequired>",
            "<schema.org/url>",
            "isa:<schema.org/Clip>"
        ],
        "count": 1.0
    },
    {
        "pset": [
            "<schema.org/about>",
            "<schema.org/associatedMedia>",
            "<schema.org/copyrightHolder>",
            "<schema.org/countryOfOrigin>",
            "<schema.org/description>",
            "<schema.org/exampleOfWork>",
            "<schema.org/image>",
            "<schema.org/inLanguage>",
            "<schema.org/isAccessibleForFree>",
            "<schema.org/isBasedOn>",
            "<schema.org/isFamilyFriendly>",
            "<schema.org/mainEntityOfPage>",
            "<schema.org/name>",
            "<schema.org/publisher>",
            "<schema.org/startOffset>",
            "<schema.org/subjectOf>",
            "<schema.org/thumbnailUrl>",
            "<schema.org/timeRequired>",
            "<schema.org/url>",
            "<schema.org/workExample>",
            "isa:<schema.org/Clip>"
        ],
        "count": 1.0
    },
    {
        "pset": [
            "<schema.org/alternateName>",
            "<schema.org/associatedMedia>",
            "<schema.org/dateModified>",
            "<schema.org/datePublished>",
            "<schema.org/description>",
            "<schema.org/headline>",
            "<schema.org/name>",
            "<schema.org/publisher>",
            "isa:<schema.org/Clip>"
        ],
        "count": 1.0
    },
    {
        "pset": [
            "<schema.org/about>",
            "<schema.org/associatedMedia>",
            "<schema.org/countryOfOrigin>",
            "<schema.org/description>",
            "<schema.org/exampleOfWork>",
            "<schema.org/inLanguage>",
            "<schema.org/isAccessibleForFree>",
            "<schema.org/isBasedOn>",
            "<schema.org/isFamilyFriendly>",
            "<schema.org/isPartOf>",
            "<schema.org/mainEntityOfPage>",
            "<schema.org/name>",
            "<schema.org/potentialAction>",
            "<schema.org/startOffset>",
            "<schema.org/thumbnailUrl>",
            "<schema.org/timeRequired>",
            "<schema.org/url>",
            "<schema.org/workExample>",
            "isa:<schema.org/Clip>"
        ],
        "count": 1.0
    },
    {
        "pset": [
            "<schema.org/about>",
            "<schema.org/copyrightHolder>",
            "<schema.org/description>",
            "<schema.org/exampleOfWork>",
            "<schema.org/headline>",
            "<schema.org/inLanguage>",
            "<schema.org/isAccessibleForFree>",
            "<schema.org/isBasedOn>",
            "<schema.org/isFamilyFriendly>",
            "<schema.org/mainEntityOfPage>",
            "<schema.org/name>",
            "<schema.org/producer>",
            "<schema.org/publisher>",
            "<schema.org/sameAs>",
            "<schema.org/startOffset>",
            "<schema.org/subjectOf>",
            "<schema.org/timeRequired>",
            "<schema.org/url>",
            "<schema.org/workExample>",
            "isa:<schema.org/Clip>"
        ],
        "count": 1.0
    },
    {
        "pset": [
            "<schema.org/about>",
            "<schema.org/copyrightHolder>",
            "<schema.org/countryOfOrigin>",
            "<schema.org/dateCreated>",
            "<schema.org/datePublished>",
            "<schema.org/description>",
            "<schema.org/endOffset>",
            "<schema.org/exampleOfWork>",
            "<schema.org/headline>",
            "<schema.org/image>",
            "<schema.org/inLanguage>",
            "<schema.org/isAccessibleForFree>",
            "<schema.org/isBasedOn>",
            "<schema.org/isFamilyFriendly>",
            "<schema.org/mainEntityOfPage>",
            "<schema.org/name>",
            "<schema.org/producer>",
            "<schema.org/sameAs>",
            "<schema.org/startOffset>",
            "<schema.org/thumbnailUrl>",
            "<schema.org/timeRequired>",
            "<schema.org/url>",
            "isa:<schema.org/Clip>"
        ],
        "count": 1.0
    },
    {
        "pset": [
            "<schema.org/about>",
            "<schema.org/description>",
            "<schema.org/exampleOfWork>",
            "<schema.org/inLanguage>",
            "<schema.org/isAccessibleForFree>",
            "<schema.org/isFamilyFriendly>",
            "<schema.org/isPartOf>",
            "<schema.org/mainEntityOfPage>",
            "<schema.org/name>",
            "<schema.org/startOffset>",
            "<schema.org/timeRequired>",
            "<schema.org/url>",
            "<schema.org/workExample>",
            "isa:<schema.org/Clip>"
        ],
        "count": 1.0
    },
    {
        "pset": [
            "<schema.org/about>",
            "<schema.org/associatedMedia>",
            "<schema.org/copyrightHolder>",
            "<schema.org/description>",
            "<schema.org/exampleOfWork>",
            "<schema.org/image>",
            "<schema.org/isAccessibleForFree>",
            "<schema.org/isFamilyFriendly>",
            "<schema.org/mainEntityOfPage>",
            "<schema.org/name>",
            "<schema.org/publisher>",
            "<schema.org/startOffset>",
            "<schema.org/thumbnailUrl>",
            "<schema.org/timeRequired>",
            "<schema.org/url>",
            "<schema.org/workExample>",
            "isa:<schema.org/Clip>"
        ],
        "count": 1.0
    },
    {
        "pset": [
            "<schema.org/about>",
            "<schema.org/associatedMedia>",
            "<schema.org/copyrightHolder>",
            "<schema.org/description>",
            "<schema.org/exampleOfWork>",
            "<schema.org/image>",
            "<schema.org/inLanguage>",
            "<schema.org/interactionStatistic>",
            "<schema.org/interactivityType>",
            "<schema.org/isAccessibleForFree>",
            "<schema.org/isBasedOn>",
            "<schema.org/isFamilyFriendly>",
            "<schema.org/mainEntityOfPage>",
            "<schema.org/name>",
            "<schema.org/publisher>",
            "<schema.org/thumbnailUrl>",
            "<schema.org/timeRequired>",
            "<schema.org/url>",
            "<schema.org/workExample>",
            "isa:<schema.org/Clip>"
        ],
        "count": 1.0
    },
    {
        "pset": [
            "<schema.org/about>",
            "<schema.org/copyrightHolder>",
            "<schema.org/datePublished>",
            "<schema.org/description>",
            "<schema.org/educationalLevel>",
            "<schema.org/educationalUse>",
            "<schema.org/exampleOfWork>",
            "<schema.org/headline>",
            "<schema.org/image>",
            "<schema.org/inLanguage>",
            "<schema.org/interactionStatistic>",
            "<schema.org/interactivityType>",
            "<schema.org/isAccessibleForFree>",
            "<schema.org/isFamilyFriendly>",
            "<schema.org/isPartOf>",
            "<schema.org/mainEntityOfPage>",
            "<schema.org/name>",
            "<schema.org/potentialAction>",
            "<schema.org/publisher>",
            "<schema.org/timeRequired>",
            "<schema.org/url>",
            "isa:<schema.org/Clip>"
        ],
        "count": 1.0
    },
    {
        "pset": [
            "<schema.org/about>",
            "<schema.org/copyrightHolder>",
            "<schema.org/description>",
            "<schema.org/educationalLevel>",
            "<schema.org/educationalUse>",
            "<schema.org/exampleOfWork>",
            "<schema.org/image>",
            "<schema.org/inLanguage>",
            "<schema.org/interactionStatistic>",
            "<schema.org/interactivityType>",
            "<schema.org/isAccessibleForFree>",
            "<schema.org/isBasedOn>",
            "<schema.org/isFamilyFriendly>",
            "<schema.org/isPartOf>",
            "<schema.org/mainEntityOfPage>",
            "<schema.org/name>",
            "<schema.org/potentialAction>",
            "<schema.org/publisher>",
            "<schema.org/sameAs>",
            "<schema.org/timeRequired>",
            "<schema.org/url>",
            "isa:<schema.org/Clip>"
        ],
        "count": 1.0
    },
    {
        "pset": [
            "<schema.org/about>",
            "<schema.org/copyrightHolder>",
            "<schema.org/copyrightYear>",
            "<schema.org/datePublished>",
            "<schema.org/description>",
            "<schema.org/educationalLevel>",
            "<schema.org/educationalUse>",
            "<schema.org/exampleOfWork>",
            "<schema.org/headline>",
            "<schema.org/image>",
            "<schema.org/interactionStatistic>",
            "<schema.org/interactivityType>",
            "<schema.org/isAccessibleForFree>",
            "<schema.org/isFamilyFriendly>",
            "<schema.org/isPartOf>",
            "<schema.org/learningResourceType>",
            "<schema.org/mainEntityOfPage>",
            "<schema.org/name>",
            "<schema.org/potentialAction>",
            "<schema.org/publisher>",
            "<schema.org/timeRequired>",
            "<schema.org/url>",
            "isa:<schema.org/Clip>"
        ],
        "count": 1.0
    },
    {
        "pset": [
            "<schema.org/about>",
            "<schema.org/associatedMedia>",
            "<schema.org/copyrightHolder>",
            "<schema.org/countryOfOrigin>",
            "<schema.org/datePublished>",
            "<schema.org/description>",
            "<schema.org/educationalLevel>",
            "<schema.org/educationalUse>",
            "<schema.org/exampleOfWork>",
            "<schema.org/headline>",
            "<schema.org/image>",
            "<schema.org/inLanguage>",
            "<schema.org/interactionStatistic>",
            "<schema.org/interactivityType>",
            "<schema.org/isAccessibleForFree>",
            "<schema.org/isBasedOn>",
            "<schema.org/isFamilyFriendly>",
            "<schema.org/mainEntityOfPage>",
            "<schema.org/name>",
            "<schema.org/publisher>",
            "<schema.org/sameAs>",
            "<schema.org/startOffset>",
            "<schema.org/thumbnailUrl>",
            "<schema.org/timeRequired>",
            "<schema.org/url>",
            "<schema.org/workExample>",
            "isa:<schema.org/Clip>"
        ],
        "count": 1.0
    },
    {
        "pset": [
            "<schema.org/about>",
            "<schema.org/author>",
            "<schema.org/copyrightHolder>",
            "<schema.org/countryOfOrigin>",
            "<schema.org/dateCreated>",
            "<schema.org/description>",
            "<schema.org/exampleOfWork>",
            "<schema.org/headline>",
            "<schema.org/isAccessibleForFree>",
            "<schema.org/isFamilyFriendly>",
            "<schema.org/mainEntityOfPage>",
            "<schema.org/name>",
            "<schema.org/producer>",
            "<schema.org/startOffset>",
            "<schema.org/subjectOf>",
            "<schema.org/thumbnailUrl>",
            "<schema.org/timeRequired>",
            "<schema.org/url>",
            "<schema.org/workExample>",
            "isa:<schema.org/Clip>"
        ],
        "count": 1.0
    },
    {
        "pset": [
            "<schema.org/about>",
            "<schema.org/associatedMedia>",
            "<schema.org/copyrightHolder>",
            "<schema.org/description>",
            "<schema.org/exampleOfWork>",
            "<schema.org/image>",
            "<schema.org/interactionStatistic>",
            "<schema.org/interactivityType>",
            "<schema.org/isAccessibleForFree>",
            "<schema.org/isBasedOn>",
            "<schema.org/isFamilyFriendly>",
            "<schema.org/mainEntityOfPage>",
            "<schema.org/name>",
            "<schema.org/producer>",
            "<schema.org/sameAs>",
            "<schema.org/subjectOf>",
            "<schema.org/thumbnailUrl>",
            "<schema.org/timeRequired>",
            "<schema.org/url>",
            "<schema.org/video>",
            "<schema.org/workExample>",
            "isa:<schema.org/Clip>"
        ],
        "count": 1.0
    },
    {
        "pset": [
            "<schema.org/about>",
            "<schema.org/copyrightHolder>",
            "<schema.org/countryOfOrigin>",
            "<schema.org/datePublished>",
            "<schema.org/description>",
            "<schema.org/exampleOfWork>",
            "<schema.org/image>",
            "<schema.org/inLanguage>",
            "<schema.org/interactionStatistic>",
            "<schema.org/interactivityType>",
            "<schema.org/isAccessibleForFree>",
            "<schema.org/isBasedOn>",
            "<schema.org/isFamilyFriendly>",
            "<schema.org/mainEntityOfPage>",
            "<schema.org/name>",
            "<schema.org/publisher>",
            "<schema.org/sameAs>",
            "<schema.org/startOffset>",
            "<schema.org/subjectOf>",
            "<schema.org/thumbnailUrl>",
            "<schema.org/timeRequired>",
            "<schema.org/url>",
            "isa:<schema.org/Clip>"
        ],
        "count": 1.0
    },
    {
        "pset": [
            "<schema.org/about>",
            "<schema.org/copyrightHolder>",
            "<schema.org/description>",
            "<schema.org/exampleOfWork>",
            "<schema.org/headline>",
            "<schema.org/image>",
            "<schema.org/inLanguage>",
            "<schema.org/isAccessibleForFree>",
            "<schema.org/isBasedOn>",
            "<schema.org/isFamilyFriendly>",
            "<schema.org/mainEntityOfPage>",
            "<schema.org/name>",
            "<schema.org/publisher>",
            "<schema.org/thumbnailUrl>",
            "<schema.org/timeRequired>",
            "<schema.org/url>",
            "isa:<schema.org/Clip>"
        ],
        "count": 1.0
    },
    {
        "pset": [
            "<schema.org/copyrightHolder>",
            "<schema.org/creator>",
            "<schema.org/dateCreated>",
            "<schema.org/datePublished>",
            "<schema.org/description>",
            "<schema.org/headline>",
            "<schema.org/inLanguage>",
            "<schema.org/mainEntityOfPage>",
            "<schema.org/name>",
            "<schema.org/publisher>",
            "<schema.org/timeRequired>",
            "isa:<schema.org/Clip>"
        ],
        "count": 1.0
    },
    {
        "pset": [
            "<schema.org/endOffset>",
            "<schema.org/name>",
            "isa:<schema.org/Clip>"
        ],
        "count": 1.0
    }
]