[
    {
        "pset": [
            "<schema.org/name>",
            "isa:<schema.org/ComputerLanguage>"
        ],
        "count": 322.0
    },
    {
        "pset": [
            "<schema.org/name>",
            "<schema.org/url>",
            "isa:<schema.org/ComputerLanguage>"
        ],
        "count": 28.0
    },
    {
        "pset": [
            "<schema.org/description>",
            "<schema.org/image>",
            "<schema.org/name>",
            "isa:<schema.org/ComputerLanguage>"
        ],
        "count": 18.0
    },
    {
        "pset": [
            "<schema.org/url>",
            "isa:<schema.org/ComputerLanguage>"
        ],
        "count": 6.0
    },
    {
        "pset": [
            "<schema.org/identifier>",
            "<schema.org/image>",
            "<schema.org/name>",
            "<schema.org/url>",
            "isa:<schema.org/ComputerLanguage>"
        ],
        "count": 1.0
    },
    {
        "pset": [
            "<schema.org/alternateName>",
            "<schema.org/description>",
            "<schema.org/image>",
            "<schema.org/name>",
            "isa:<schema.org/ComputerLanguage>"
        ],
        "count": 1.0
    },
    {
        "pset": [
            "<schema.org/alternateName>",
            "<schema.org/name>",
            "isa:<schema.org/ComputerLanguage>"
        ],
        "count": 1.0
    },
    {
        "pset": [
            "<schema.org/description>",
            "<schema.org/disambiguatingDescription>",
            "<schema.org/image>",
            "<schema.org/name>",
            "isa:<schema.org/ComputerLanguage>"
        ],
        "count": 1.0
    }
]