[
    {
        "pset": [
            "<schema.org/text>",
            "isa:<schema.org/CorrectionComment>"
        ],
        "count": 108910.0
    },
    {
        "pset": [
            "<schema.org/datePublished>",
            "<schema.org/text>",
            "isa:<schema.org/CorrectionComment>"
        ],
        "count": 2969.0
    },
    {
        "pset": [
            "<schema.org/datePublished>",
            "<schema.org/name>",
            "isa:<schema.org/CorrectionComment>"
        ],
        "count": 57.0
    },
    {
        "pset": [
            "isa:<schema.org/CorrectionComment>"
        ],
        "count": 5.0
    }
]