[
    {
        "pset": [
            "<schema.org/logo>",
            "<schema.org/name>",
            "<schema.org/sameAs>",
            "<schema.org/url>",
            "isa:<schema.org/CurrencyConversionService>",
            "isa:<schema.org/Organization>"
        ],
        "count": 115.0
    },
    {
        "pset": [
            "<schema.org/provider>",
            "<schema.org/serviceType>",
            "<schema.org/termsOfService>",
            "isa:<schema.org/CurrencyConversionService>"
        ],
        "count": 8.0
    },
    {
        "pset": [
            "<schema.org/provider>",
            "isa:<schema.org/CurrencyConversionService>"
        ],
        "count": 1.0
    }
]