[
    {
        "pset": [
            "<schema.org/dataFeedElement>",
            "isa:<schema.org/DataFeed>"
        ],
        "count": 11697.0
    },
    {
        "pset": [
            "<schema.org/dataFeedElement>",
            "<schema.org/dateModified>",
            "<schema.org/description>",
            "<schema.org/name>",
            "isa:<schema.org/DataFeed>"
        ],
        "count": 3923.0
    },
    {
        "pset": [
            "<schema.org/dataFeedElement>",
            "<schema.org/dateModified>",
            "isa:<schema.org/DataFeed>"
        ],
        "count": 3843.0
    },
    {
        "pset": [
            "<schema.org/dataFeedElement>",
            "<schema.org/description>",
            "<schema.org/name>",
            "isa:<schema.org/DataFeed>"
        ],
        "count": 1928.0
    },
    {
        "pset": [
            "<schema.org/dataFeedElement>",
            "<schema.org/name>",
            "isa:<schema.org/DataFeed>"
        ],
        "count": 1928.0
    },
    {
        "pset": [
            "<schema.org/creator>",
            "<schema.org/dataFeedElement>",
            "<schema.org/description>",
            "<schema.org/license>",
            "<schema.org/name>",
            "isa:<schema.org/DataFeed>"
        ],
        "count": 1595.0
    },
    {
        "pset": [
            "<schema.org/dataFeedElement>",
            "<schema.org/dateModified>",
            "<schema.org/description>",
            "<schema.org/keywords>",
            "<schema.org/name>",
            "isa:<schema.org/DataFeed>"
        ],
        "count": 915.0
    },
    {
        "pset": [
            "<schema.org/creator>",
            "<schema.org/dataFeedElement>",
            "<schema.org/dateCreated>",
            "<schema.org/dateModified>",
            "<schema.org/description>",
            "<schema.org/name>",
            "<schema.org/variableMeasured>",
            "isa:<schema.org/DataFeed>"
        ],
        "count": 623.0
    },
    {
        "pset": [
            "<schema.org/creator>",
            "<schema.org/dataFeedElement>",
            "<schema.org/description>",
            "<schema.org/image>",
            "<schema.org/name>",
            "<schema.org/provider>",
            "<schema.org/url>",
            "isa:<schema.org/DataFeed>"
        ],
        "count": 507.0
    },
    {
        "pset": [
            "<schema.org/audience>",
            "<schema.org/description>",
            "<schema.org/mainEntityOfPage>",
            "<schema.org/name>",
            "isa:<schema.org/DataFeed>"
        ],
        "count": 315.0
    },
    {
        "pset": [
            "<schema.org/creator>",
            "<schema.org/dataFeedElement>",
            "<schema.org/dateModified>",
            "<schema.org/description>",
            "<schema.org/image>",
            "<schema.org/license>",
            "<schema.org/name>",
            "<schema.org/publisher>",
            "isa:<schema.org/DataFeed>"
        ],
        "count": 267.0
    },
    {
        "pset": [
            "<schema.org/dataFeedElement>",
            "<schema.org/image>",
            "<schema.org/offers>",
            "isa:<schema.org/DataFeed>",
            "isa:<schema.org/Product>"
        ],
        "count": 142.0
    },
    {
        "pset": [
            "<schema.org/bookEdition>",
            "<schema.org/bookFormat>",
            "<schema.org/dataFeedElement>",
            "<schema.org/dateModified>",
            "<schema.org/inLanguage>",
            "<schema.org/isbn>",
            "<schema.org/name>",
            "<schema.org/url>",
            "<schema.org/workExample>",
            "isa:<schema.org/Book>",
            "isa:<schema.org/DataFeed>"
        ],
        "count": 85.0
    },
    {
        "pset": [
            "<schema.org/contentLocation>",
            "<schema.org/creator>",
            "<schema.org/description>",
            "<schema.org/image>",
            "<schema.org/name>",
            "<schema.org/provider>",
            "<schema.org/url>",
            "<schema.org/variableMeasured>",
            "isa:<schema.org/DataFeed>"
        ],
        "count": 72.0
    },
    {
        "pset": [
            "<schema.org/dataFeedElement>",
            "<schema.org/dateModified>",
            "<schema.org/datePublished>",
            "isa:<schema.org/DataFeed>"
        ],
        "count": 71.0
    },
    {
        "pset": [
            "<schema.org/creator>",
            "<schema.org/description>",
            "<schema.org/license>",
            "<schema.org/name>",
            "isa:<schema.org/DataFeed>"
        ],
        "count": 24.0
    },
    {
        "pset": [
            "<schema.org/author>",
            "<schema.org/dataFeedElement>",
            "<schema.org/dateModified>",
            "<schema.org/description>",
            "<schema.org/image>",
            "<schema.org/name>",
            "<schema.org/offers>",
            "<schema.org/sku>",
            "isa:<schema.org/Book>",
            "isa:<schema.org/DataFeed>",
            "isa:<schema.org/Product>"
        ],
        "count": 17.0
    },
    {
        "pset": [
            "<schema.org/description>",
            "<schema.org/mainEntityOfPage>",
            "<schema.org/name>",
            "isa:<schema.org/DataFeed>"
        ],
        "count": 15.0
    },
    {
        "pset": [
            "<schema.org/creator>",
            "<schema.org/dataFeedElement>",
            "<schema.org/dateModified>",
            "<schema.org/description>",
            "<schema.org/license>",
            "<schema.org/name>",
            "isa:<schema.org/DataFeed>"
        ],
        "count": 15.0
    },
    {
        "pset": [
            "<schema.org/dataFeedElement>",
            "<schema.org/dateModified>",
            "<schema.org/description>",
            "<schema.org/license>",
            "<schema.org/name>",
            "isa:<schema.org/DataFeed>"
        ],
        "count": 10.0
    },
    {
        "pset": [
            "<schema.org/about>",
            "<schema.org/accessMode>",
            "<schema.org/alternativeHeadline>",
            "<schema.org/audio>",
            "<schema.org/creator>",
            "<schema.org/dataFeedElement>",
            "<schema.org/dateModified>",
            "<schema.org/description>",
            "<schema.org/headline>",
            "<schema.org/isPartOf>",
            "<schema.org/keywords>",
            "<schema.org/license>",
            "<schema.org/name>",
            "<schema.org/video>",
            "isa:<schema.org/DataFeed>"
        ],
        "count": 10.0
    },
    {
        "pset": [
            "<schema.org/creator>",
            "<schema.org/dataFeedElement>",
            "<schema.org/description>",
            "<schema.org/license>",
            "<schema.org/name>",
            "<schema.org/url>",
            "isa:<schema.org/DataFeed>"
        ],
        "count": 10.0
    },
    {
        "pset": [
            "<schema.org/dataFeedElement>",
            "<schema.org/name>",
            "<schema.org/url>",
            "isa:<schema.org/DataFeed>"
        ],
        "count": 10.0
    },
    {
        "pset": [
            "<schema.org/about>",
            "<schema.org/accessMode>",
            "<schema.org/alternativeHeadline>",
            "<schema.org/audio>",
            "<schema.org/contentLocation>",
            "<schema.org/creator>",
            "<schema.org/dataFeedElement>",
            "<schema.org/dateModified>",
            "<schema.org/description>",
            "<schema.org/headline>",
            "<schema.org/isPartOf>",
            "<schema.org/keywords>",
            "<schema.org/license>",
            "<schema.org/name>",
            "<schema.org/video>",
            "isa:<schema.org/DataFeed>"
        ],
        "count": 9.0
    },
    {
        "pset": [
            "<schema.org/name>",
            "isa:<schema.org/DataFeed>"
        ],
        "count": 9.0
    },
    {
        "pset": [
            "<schema.org/dataFeedElement>",
            "<schema.org/dateModified>",
            "<schema.org/datePublished>",
            "<schema.org/isAccessibleForFree>",
            "<schema.org/isbn>",
            "<schema.org/name>",
            "<schema.org/thumbnailUrl>",
            "<schema.org/url>",
            "isa:<schema.org/DataFeed>"
        ],
        "count": 6.0
    },
    {
        "pset": [
            "<schema.org/dataFeedElement>",
            "<schema.org/description>",
            "<schema.org/license>",
            "<schema.org/name>",
            "isa:<schema.org/DataFeed>"
        ],
        "count": 5.0
    },
    {
        "pset": [
            "isa:<schema.org/DataFeed>"
        ],
        "count": 4.0
    },
    {
        "pset": [
            "<schema.org/about>",
            "<schema.org/accessMode>",
            "<schema.org/alternativeHeadline>",
            "<schema.org/audio>",
            "<schema.org/contentLocation>",
            "<schema.org/creator>",
            "<schema.org/dataFeedElement>",
            "<schema.org/dateModified>",
            "<schema.org/description>",
            "<schema.org/headline>",
            "<schema.org/isPartOf>",
            "<schema.org/keywords>",
            "<schema.org/license>",
            "<schema.org/video>",
            "isa:<schema.org/DataFeed>"
        ],
        "count": 2.0
    },
    {
        "pset": [
            "<schema.org/dataFeedElement>",
            "<schema.org/dateModified>",
            "<schema.org/datePublished>",
            "<schema.org/isAccessibleForFree>",
            "<schema.org/name>",
            "<schema.org/thumbnailUrl>",
            "<schema.org/url>",
            "isa:<schema.org/DataFeed>"
        ],
        "count": 2.0
    },
    {
        "pset": [
            "<schema.org/creator>",
            "<schema.org/description>",
            "<schema.org/image>",
            "<schema.org/name>",
            "<schema.org/provider>",
            "<schema.org/url>",
            "isa:<schema.org/DataFeed>"
        ],
        "count": 2.0
    },
    {
        "pset": [
            "<schema.org/name>",
            "<schema.org/url>",
            "isa:<schema.org/DataFeed>"
        ],
        "count": 2.0
    },
    {
        "pset": [
            "<schema.org/about>",
            "<schema.org/accessMode>",
            "<schema.org/alternativeHeadline>",
            "<schema.org/contentLocation>",
            "<schema.org/creator>",
            "<schema.org/dataFeedElement>",
            "<schema.org/dateModified>",
            "<schema.org/description>",
            "<schema.org/headline>",
            "<schema.org/isPartOf>",
            "<schema.org/keywords>",
            "<schema.org/license>",
            "<schema.org/name>",
            "<schema.org/video>",
            "isa:<schema.org/DataFeed>"
        ],
        "count": 2.0
    },
    {
        "pset": [
            "<schema.org/about>",
            "<schema.org/accessMode>",
            "<schema.org/alternativeHeadline>",
            "<schema.org/audio>",
            "<schema.org/contentLocation>",
            "<schema.org/creator>",
            "<schema.org/dateModified>",
            "<schema.org/description>",
            "<schema.org/headline>",
            "<schema.org/keywords>",
            "<schema.org/name>",
            "<schema.org/video>",
            "isa:<schema.org/DataFeed>"
        ],
        "count": 1.0
    },
    {
        "pset": [
            "<schema.org/about>",
            "<schema.org/alternativeHeadline>",
            "<schema.org/audio>",
            "<schema.org/contentLocation>",
            "<schema.org/dataFeedElement>",
            "<schema.org/dateModified>",
            "<schema.org/description>",
            "<schema.org/headline>",
            "<schema.org/isPartOf>",
            "<schema.org/keywords>",
            "<schema.org/license>",
            "<schema.org/name>",
            "<schema.org/video>",
            "isa:<schema.org/DataFeed>"
        ],
        "count": 1.0
    },
    {
        "pset": [
            "<schema.org/about>",
            "<schema.org/accessMode>",
            "<schema.org/alternativeHeadline>",
            "<schema.org/contentLocation>",
            "<schema.org/dataFeedElement>",
            "<schema.org/description>",
            "<schema.org/headline>",
            "<schema.org/isFamilyFriendly>",
            "<schema.org/isPartOf>",
            "<schema.org/keywords>",
            "<schema.org/name>",
            "<schema.org/url>",
            "isa:<schema.org/DataFeed>"
        ],
        "count": 1.0
    },
    {
        "pset": [
            "<schema.org/dateModified>",
            "isa:<schema.org/DataFeed>"
        ],
        "count": 1.0
    },
    {
        "pset": [
            "<schema.org/creator>",
            "<schema.org/dataFeedElement>",
            "<schema.org/description>",
            "<schema.org/name>",
            "isa:<schema.org/DataFeed>"
        ],
        "count": 1.0
    },
    {
        "pset": [
            "<schema.org/author>",
            "<schema.org/dataFeedElement>",
            "<schema.org/description>",
            "<schema.org/image>",
            "<schema.org/license>",
            "<schema.org/name>",
            "<schema.org/url>",
            "isa:<schema.org/DataFeed>"
        ],
        "count": 1.0
    },
    {
        "pset": [
            "<schema.org/accessMode>",
            "<schema.org/alternativeHeadline>",
            "<schema.org/creator>",
            "<schema.org/dataFeedElement>",
            "<schema.org/dateModified>",
            "<schema.org/description>",
            "<schema.org/headline>",
            "<schema.org/isPartOf>",
            "<schema.org/keywords>",
            "<schema.org/license>",
            "<schema.org/name>",
            "isa:<schema.org/DataFeed>"
        ],
        "count": 1.0
    }
]