[
    {
        "pset": [
            "<schema.org/logo>",
            "<schema.org/name>",
            "<schema.org/sameAs>",
            "<schema.org/url>",
            "isa:<schema.org/DiagnosticLab>"
        ],
        "count": 3651.0
    },
    {
        "pset": [
            "<schema.org/alternateName>",
            "<schema.org/logo>",
            "<schema.org/name>",
            "<schema.org/sameAs>",
            "<schema.org/url>",
            "isa:<schema.org/DiagnosticLab>"
        ],
        "count": 3335.0
    },
    {
        "pset": [
            "<schema.org/address>",
            "<schema.org/alternateName>",
            "<schema.org/availableTest>",
            "<schema.org/image>",
            "<schema.org/name>",
            "<schema.org/openingHoursSpecification>",
            "<schema.org/priceRange>",
            "<schema.org/sameAs>",
            "<schema.org/telephone>",
            "<schema.org/url>",
            "isa:<schema.org/DiagnosticLab>",
            "isa:<schema.org/MedicalClinic>"
        ],
        "count": 2577.0
    },
    {
        "pset": [
            "<schema.org/alternateName>",
            "<schema.org/contactPoint>",
            "<schema.org/logo>",
            "<schema.org/name>",
            "<schema.org/sameAs>",
            "<schema.org/url>",
            "isa:<schema.org/DiagnosticLab>"
        ],
        "count": 2325.0
    },
    {
        "pset": [
            "<schema.org/address>",
            "<schema.org/alternateName>",
            "<schema.org/areaServed>",
            "<schema.org/brand>",
            "<schema.org/contactPoint>",
            "<schema.org/description>",
            "<schema.org/image>",
            "<schema.org/name>",
            "<schema.org/telephone>",
            "<schema.org/url>",
            "isa:<schema.org/DiagnosticLab>"
        ],
        "count": 1044.0
    },
    {
        "pset": [
            "<schema.org/address>",
            "<schema.org/availableTest>",
            "<schema.org/image>",
            "<schema.org/medicalSpecialty>",
            "<schema.org/name>",
            "<schema.org/price>",
            "<schema.org/priceCurrency>",
            "<schema.org/url>",
            "isa:<schema.org/DiagnosticLab>",
            "isa:<schema.org/offer>"
        ],
        "count": 826.0
    },
    {
        "pset": [
            "<schema.org/address>",
            "<schema.org/geo>",
            "<schema.org/image>",
            "<schema.org/name>",
            "<schema.org/openingHoursSpecification>",
            "<schema.org/sameAs>",
            "<schema.org/telephone>",
            "<schema.org/url>",
            "isa:<schema.org/DiagnosticLab>"
        ],
        "count": 739.0
    },
    {
        "pset": [
            "<schema.org/contactPoint>",
            "<schema.org/logo>",
            "<schema.org/name>",
            "<schema.org/sameAs>",
            "<schema.org/url>",
            "isa:<schema.org/DiagnosticLab>"
        ],
        "count": 671.0
    },
    {
        "pset": [
            "<schema.org/address>",
            "<schema.org/aggregateRating>",
            "<schema.org/brand>",
            "<schema.org/image>",
            "<schema.org/mainEntityOfPage>",
            "<schema.org/name>",
            "<schema.org/review>",
            "<schema.org/telephone>",
            "<schema.org/url>",
            "isa:<schema.org/DiagnosticLab>"
        ],
        "count": 595.0
    },
    {
        "pset": [
            "<schema.org/address>",
            "<schema.org/image>",
            "<schema.org/logo>",
            "<schema.org/name>",
            "<schema.org/sameAs>",
            "<schema.org/telephone>",
            "<schema.org/url>",
            "isa:<schema.org/DiagnosticLab>"
        ],
        "count": 561.0
    },
    {
        "pset": [
            "<schema.org/address>",
            "<schema.org/alternateName>",
            "<schema.org/contactPoint>",
            "<schema.org/logo>",
            "<schema.org/name>",
            "<schema.org/sameAs>",
            "<schema.org/url>",
            "isa:<schema.org/DiagnosticLab>"
        ],
        "count": 501.0
    },
    {
        "pset": [
            "<schema.org/address>",
            "<schema.org/aggregateRating>",
            "<schema.org/name>",
            "<schema.org/url>",
            "isa:<schema.org/DiagnosticLab>"
        ],
        "count": 489.0
    },
    {
        "pset": [
            "<schema.org/address>",
            "<schema.org/areaServed>",
            "<schema.org/brand>",
            "<schema.org/contactPoint>",
            "<schema.org/description>",
            "<schema.org/image>",
            "<schema.org/name>",
            "<schema.org/telephone>",
            "<schema.org/url>",
            "isa:<schema.org/DiagnosticLab>"
        ],
        "count": 439.0
    },
    {
        "pset": [
            "<schema.org/alternateName>",
            "<schema.org/logo>",
            "<schema.org/name>",
            "<schema.org/url>",
            "isa:<schema.org/DiagnosticLab>"
        ],
        "count": 379.0
    },
    {
        "pset": [
            "<schema.org/aggregateRating>",
            "<schema.org/name>",
            "isa:<schema.org/DiagnosticLab>"
        ],
        "count": 314.0
    },
    {
        "pset": [
            "<schema.org/address>",
            "<schema.org/aggregateRating>",
            "<schema.org/alternateName>",
            "<schema.org/areaServed>",
            "<schema.org/brand>",
            "<schema.org/contactPoint>",
            "<schema.org/description>",
            "<schema.org/image>",
            "<schema.org/name>",
            "<schema.org/telephone>",
            "<schema.org/url>",
            "isa:<schema.org/DiagnosticLab>"
        ],
        "count": 297.0
    },
    {
        "pset": [
            "<schema.org/address>",
            "<schema.org/availableTest>",
            "<schema.org/brand>",
            "<schema.org/description>",
            "<schema.org/makesOffer>",
            "<schema.org/name>",
            "<schema.org/url>",
            "isa:<schema.org/DiagnosticLab>"
        ],
        "count": 175.0
    },
    {
        "pset": [
            "<schema.org/logo>",
            "<schema.org/name>",
            "<schema.org/url>",
            "isa:<schema.org/DiagnosticLab>"
        ],
        "count": 164.0
    },
    {
        "pset": [
            "<schema.org/address>",
            "<schema.org/alternateName>",
            "<schema.org/description>",
            "<schema.org/email>",
            "<schema.org/knowsAbout>",
            "<schema.org/logo>",
            "<schema.org/name>",
            "<schema.org/sameAs>",
            "<schema.org/slogan>",
            "<schema.org/telephone>",
            "<schema.org/url>",
            "isa:<schema.org/DiagnosticLab>"
        ],
        "count": 160.0
    },
    {
        "pset": [
            "<schema.org/address>",
            "<schema.org/image>",
            "<schema.org/name>",
            "<schema.org/openingHoursSpecification>",
            "<schema.org/priceRange>",
            "<schema.org/telephone>",
            "<schema.org/url>",
            "isa:<schema.org/DiagnosticLab>"
        ],
        "count": 155.0
    },
    {
        "pset": [
            "<schema.org/alternateName>",
            "<schema.org/name>",
            "isa:<schema.org/DiagnosticLab>"
        ],
        "count": 128.0
    },
    {
        "pset": [
            "<schema.org/address>",
            "<schema.org/aggregateRating>",
            "<schema.org/areaServed>",
            "<schema.org/brand>",
            "<schema.org/contactPoint>",
            "<schema.org/description>",
            "<schema.org/image>",
            "<schema.org/name>",
            "<schema.org/telephone>",
            "<schema.org/url>",
            "isa:<schema.org/DiagnosticLab>"
        ],
        "count": 122.0
    },
    {
        "pset": [
            "<schema.org/address>",
            "<schema.org/description>",
            "<schema.org/image>",
            "<schema.org/name>",
            "<schema.org/telephone>",
            "<schema.org/url>",
            "isa:<schema.org/DiagnosticLab>"
        ],
        "count": 117.0
    },
    {
        "pset": [
            "<schema.org/alternateName>",
            "<schema.org/contactPoint>",
            "<schema.org/logo>",
            "<schema.org/name>",
            "<schema.org/url>",
            "isa:<schema.org/DiagnosticLab>"
        ],
        "count": 91.0
    },
    {
        "pset": [
            "<schema.org/aggregateRating>",
            "<schema.org/brand>",
            "<schema.org/image>",
            "<schema.org/mainEntityOfPage>",
            "<schema.org/name>",
            "<schema.org/review>",
            "<schema.org/telephone>",
            "<schema.org/url>",
            "isa:<schema.org/DiagnosticLab>"
        ],
        "count": 75.0
    },
    {
        "pset": [
            "<schema.org/contactPoint>",
            "<schema.org/logo>",
            "<schema.org/name>",
            "<schema.org/url>",
            "isa:<schema.org/DiagnosticLab>"
        ],
        "count": 69.0
    },
    {
        "pset": [
            "<schema.org/name>",
            "<schema.org/url>",
            "isa:<schema.org/DiagnosticLab>"
        ],
        "count": 66.0
    },
    {
        "pset": [
            "<schema.org/address>",
            "<schema.org/geo>",
            "<schema.org/image>",
            "<schema.org/name>",
            "<schema.org/openingHoursSpecification>",
            "<schema.org/telephone>",
            "<schema.org/url>",
            "isa:<schema.org/DiagnosticLab>"
        ],
        "count": 52.0
    },
    {
        "pset": [
            "<schema.org/address>",
            "<schema.org/description>",
            "<schema.org/name>",
            "<schema.org/url>",
            "isa:<schema.org/DiagnosticLab>"
        ],
        "count": 51.0
    },
    {
        "pset": [
            "<schema.org/logo>",
            "<schema.org/mainEntityOfPage>",
            "<schema.org/name>",
            "<schema.org/sameAs>",
            "<schema.org/url>",
            "isa:<schema.org/DiagnosticLab>"
        ],
        "count": 41.0
    },
    {
        "pset": [
            "<schema.org/address>",
            "<schema.org/alternateName>",
            "<schema.org/availableTest>",
            "<schema.org/description>",
            "<schema.org/image>",
            "<schema.org/mainEntityOfPage>",
            "<schema.org/name>",
            "<schema.org/openingHoursSpecification>",
            "<schema.org/potentialAction>",
            "<schema.org/priceRange>",
            "<schema.org/sameAs>",
            "<schema.org/telephone>",
            "<schema.org/url>",
            "isa:<schema.org/DiagnosticLab>",
            "isa:<schema.org/MedicalClinic>"
        ],
        "count": 39.0
    },
    {
        "pset": [
            "<schema.org/image>",
            "<schema.org/name>",
            "<schema.org/url>",
            "isa:<schema.org/DiagnosticLab>"
        ],
        "count": 38.0
    },
    {
        "pset": [
            "<schema.org/address>",
            "<schema.org/image>",
            "<schema.org/name>",
            "<schema.org/telephone>",
            "<schema.org/url>",
            "isa:<schema.org/DiagnosticLab>"
        ],
        "count": 35.0
    },
    {
        "pset": [
            "<schema.org/address>",
            "<schema.org/image>",
            "<schema.org/name>",
            "<schema.org/priceRange>",
            "<schema.org/telephone>",
            "<schema.org/url>",
            "isa:<schema.org/DiagnosticLab>"
        ],
        "count": 25.0
    },
    {
        "pset": [
            "<schema.org/aggregateRating>",
            "<schema.org/image>",
            "<schema.org/name>",
            "<schema.org/url>",
            "isa:<schema.org/DiagnosticLab>"
        ],
        "count": 23.0
    },
    {
        "pset": [
            "<schema.org/address>",
            "<schema.org/contactPoint>",
            "<schema.org/description>",
            "<schema.org/name>",
            "<schema.org/url>",
            "isa:<schema.org/DiagnosticLab>"
        ],
        "count": 20.0
    },
    {
        "pset": [
            "<schema.org/address>",
            "<schema.org/contactPoint>",
            "<schema.org/description>",
            "<schema.org/geo>",
            "<schema.org/logo>",
            "<schema.org/name>",
            "<schema.org/url>",
            "isa:<schema.org/DiagnosticLab>"
        ],
        "count": 18.0
    },
    {
        "pset": [
            "<schema.org/address>",
            "<schema.org/contactPoint>",
            "<schema.org/description>",
            "<schema.org/geo>",
            "<schema.org/hasMap>",
            "<schema.org/image>",
            "<schema.org/logo>",
            "<schema.org/name>",
            "<schema.org/openingHours>",
            "<schema.org/url>",
            "isa:<schema.org/DiagnosticLab>"
        ],
        "count": 15.0
    },
    {
        "pset": [
            "<schema.org/address>",
            "<schema.org/name>",
            "<schema.org/telephone>",
            "<schema.org/url>",
            "isa:<schema.org/DiagnosticLab>"
        ],
        "count": 15.0
    },
    {
        "pset": [
            "<schema.org/address>",
            "<schema.org/aggregateRating>",
            "<schema.org/contactPoint>",
            "<schema.org/description>",
            "<schema.org/image>",
            "<schema.org/logo>",
            "<schema.org/name>",
            "<schema.org/url>",
            "isa:<schema.org/DiagnosticLab>"
        ],
        "count": 13.0
    },
    {
        "pset": [
            "<schema.org/address>",
            "<schema.org/geo>",
            "<schema.org/image>",
            "<schema.org/name>",
            "<schema.org/telephone>",
            "<schema.org/url>",
            "isa:<schema.org/DiagnosticLab>"
        ],
        "count": 11.0
    },
    {
        "pset": [
            "<schema.org/address>",
            "<schema.org/contactPoint>",
            "<schema.org/email>",
            "<schema.org/location>",
            "<schema.org/logo>",
            "<schema.org/name>",
            "<schema.org/url>",
            "isa:<schema.org/DiagnosticLab>",
            "isa:<schema.org/Organization>"
        ],
        "count": 11.0
    },
    {
        "pset": [
            "<schema.org/availableTest>",
            "<schema.org/image>",
            "<schema.org/name>",
            "<schema.org/sameAs>",
            "<schema.org/telephone>",
            "<schema.org/url>",
            "isa:<schema.org/DiagnosticLab>"
        ],
        "count": 10.0
    },
    {
        "pset": [
            "<schema.org/logo>",
            "<schema.org/name>",
            "<schema.org/url>",
            "isa:<schema.org/DiagnosticLab>",
            "isa:<schema.org/Organization>"
        ],
        "count": 9.0
    },
    {
        "pset": [
            "<schema.org/address>",
            "<schema.org/contactPoint>",
            "<schema.org/description>",
            "<schema.org/logo>",
            "<schema.org/name>",
            "<schema.org/url>",
            "isa:<schema.org/DiagnosticLab>"
        ],
        "count": 9.0
    },
    {
        "pset": [
            "<schema.org/address>",
            "<schema.org/contactPoint>",
            "<schema.org/description>",
            "<schema.org/image>",
            "<schema.org/logo>",
            "<schema.org/name>",
            "<schema.org/openingHours>",
            "<schema.org/sameAs>",
            "<schema.org/url>",
            "isa:<schema.org/DiagnosticLab>"
        ],
        "count": 8.0
    },
    {
        "pset": [
            "<schema.org/aggregateRating>",
            "<schema.org/image>",
            "<schema.org/name>",
            "<schema.org/review>",
            "<schema.org/url>",
            "isa:<schema.org/DiagnosticLab>"
        ],
        "count": 8.0
    },
    {
        "pset": [
            "<schema.org/address>",
            "<schema.org/description>",
            "<schema.org/geo>",
            "<schema.org/hasMap>",
            "<schema.org/image>",
            "<schema.org/logo>",
            "<schema.org/name>",
            "<schema.org/openingHours>",
            "<schema.org/priceRange>",
            "<schema.org/telephone>",
            "<schema.org/url>",
            "isa:<schema.org/DiagnosticLab>"
        ],
        "count": 8.0
    },
    {
        "pset": [
            "<schema.org/address>",
            "<schema.org/image>",
            "<schema.org/location>",
            "<schema.org/logo>",
            "<schema.org/mainEntityOfPage>",
            "<schema.org/name>",
            "<schema.org/parentOrganization>",
            "<schema.org/url>",
            "isa:<schema.org/DiagnosticLab>"
        ],
        "count": 8.0
    },
    {
        "pset": [
            "<schema.org/description>",
            "<schema.org/image>",
            "<schema.org/mainEntityOfPage>",
            "<schema.org/name>",
            "<schema.org/potentialAction>",
            "<schema.org/url>",
            "isa:<schema.org/DiagnosticLab>"
        ],
        "count": 5.0
    },
    {
        "pset": [
            "<schema.org/address>",
            "<schema.org/alternateName>",
            "<schema.org/email>",
            "<schema.org/founder>",
            "<schema.org/logo>",
            "<schema.org/name>",
            "<schema.org/openingHours>",
            "<schema.org/sameAs>",
            "<schema.org/telephone>",
            "<schema.org/url>",
            "isa:<schema.org/DiagnosticLab>"
        ],
        "count": 5.0
    },
    {
        "pset": [
            "<schema.org/address>",
            "<schema.org/contactPoint>",
            "<schema.org/description>",
            "<schema.org/geo>",
            "<schema.org/hasMap>",
            "<schema.org/logo>",
            "<schema.org/name>",
            "<schema.org/openingHours>",
            "<schema.org/url>",
            "isa:<schema.org/DiagnosticLab>"
        ],
        "count": 5.0
    },
    {
        "pset": [
            "<schema.org/address>",
            "<schema.org/aggregateRating>",
            "<schema.org/contactPoint>",
            "<schema.org/description>",
            "<schema.org/image>",
            "<schema.org/logo>",
            "<schema.org/makesOffer>",
            "<schema.org/name>",
            "<schema.org/slogan>",
            "<schema.org/telephone>",
            "<schema.org/url>",
            "isa:<schema.org/DiagnosticLab>"
        ],
        "count": 5.0
    },
    {
        "pset": [
            "<schema.org/address>",
            "<schema.org/contactPoint>",
            "<schema.org/description>",
            "<schema.org/image>",
            "<schema.org/logo>",
            "<schema.org/name>",
            "<schema.org/url>",
            "isa:<schema.org/DiagnosticLab>"
        ],
        "count": 4.0
    },
    {
        "pset": [
            "<schema.org/contactPoint>",
            "<schema.org/description>",
            "<schema.org/name>",
            "<schema.org/url>",
            "isa:<schema.org/DiagnosticLab>"
        ],
        "count": 4.0
    },
    {
        "pset": [
            "<schema.org/alternateName>",
            "<schema.org/description>",
            "<schema.org/logo>",
            "<schema.org/name>",
            "<schema.org/sameAs>",
            "<schema.org/url>",
            "isa:<schema.org/DiagnosticLab>"
        ],
        "count": 4.0
    },
    {
        "pset": [
            "<schema.org/address>",
            "<schema.org/brand>",
            "<schema.org/description>",
            "<schema.org/email>",
            "<schema.org/faxNumber>",
            "<schema.org/image>",
            "<schema.org/knowsLanguage>",
            "<schema.org/legalName>",
            "<schema.org/logo>",
            "<schema.org/medicalSpecialty>",
            "<schema.org/member>",
            "<schema.org/memberOf>",
            "<schema.org/name>",
            "<schema.org/numberOfEmployees>",
            "<schema.org/telephone>",
            "<schema.org/url>",
            "isa:<schema.org/DiagnosticLab>"
        ],
        "count": 4.0
    },
    {
        "pset": [
            "<schema.org/address>",
            "<schema.org/contactPoint>",
            "<schema.org/description>",
            "<schema.org/name>",
            "<schema.org/openingHours>",
            "<schema.org/url>",
            "isa:<schema.org/DiagnosticLab>"
        ],
        "count": 3.0
    },
    {
        "pset": [
            "<schema.org/address>",
            "<schema.org/description>",
            "<schema.org/geo>",
            "<schema.org/image>",
            "<schema.org/logo>",
            "<schema.org/makesOffer>",
            "<schema.org/name>",
            "<schema.org/openingHoursSpecification>",
            "<schema.org/sameAs>",
            "<schema.org/telephone>",
            "<schema.org/url>",
            "isa:<schema.org/DiagnosticLab>"
        ],
        "count": 3.0
    },
    {
        "pset": [
            "<schema.org/address>",
            "<schema.org/alternateName>",
            "<schema.org/areaServed>",
            "<schema.org/brand>",
            "<schema.org/contactPoint>",
            "<schema.org/description>",
            "<schema.org/faxNumber>",
            "<schema.org/image>",
            "<schema.org/name>",
            "<schema.org/telephone>",
            "<schema.org/url>",
            "isa:<schema.org/DiagnosticLab>"
        ],
        "count": 3.0
    },
    {
        "pset": [
            "<schema.org/address>",
            "<schema.org/description>",
            "<schema.org/faxNumber>",
            "<schema.org/image>",
            "<schema.org/logo>",
            "<schema.org/name>",
            "<schema.org/sameAs>",
            "<schema.org/telephone>",
            "<schema.org/url>",
            "isa:<schema.org/DiagnosticLab>"
        ],
        "count": 3.0
    },
    {
        "pset": [
            "<schema.org/name>",
            "<schema.org/url>",
            "isa:<schema.org/DiagnosticLab>",
            "isa:<schema.org/Organization>"
        ],
        "count": 2.0
    },
    {
        "pset": [
            "<schema.org/address>",
            "<schema.org/email>",
            "<schema.org/location>",
            "<schema.org/logo>",
            "<schema.org/name>",
            "<schema.org/url>",
            "isa:<schema.org/DiagnosticLab>",
            "isa:<schema.org/Organization>"
        ],
        "count": 2.0
    },
    {
        "pset": [
            "<schema.org/name>",
            "<schema.org/sameAs>",
            "<schema.org/url>",
            "isa:<schema.org/DiagnosticLab>"
        ],
        "count": 2.0
    },
    {
        "pset": [
            "<schema.org/areaServed>",
            "<schema.org/image>",
            "<schema.org/name>",
            "<schema.org/potentialAction>",
            "<schema.org/url>",
            "isa:<schema.org/DiagnosticLab>"
        ],
        "count": 2.0
    },
    {
        "pset": [
            "<schema.org/address>",
            "<schema.org/aggregateRating>",
            "<schema.org/award>",
            "<schema.org/brand>",
            "<schema.org/description>",
            "<schema.org/email>",
            "<schema.org/faxNumber>",
            "<schema.org/image>",
            "<schema.org/knowsAbout>",
            "<schema.org/knowsLanguage>",
            "<schema.org/legalName>",
            "<schema.org/logo>",
            "<schema.org/medicalSpecialty>",
            "<schema.org/member>",
            "<schema.org/memberOf>",
            "<schema.org/name>",
            "<schema.org/numberOfEmployees>",
            "<schema.org/review>",
            "<schema.org/telephone>",
            "<schema.org/url>",
            "isa:<schema.org/DiagnosticLab>"
        ],
        "count": 2.0
    },
    {
        "pset": [
            "<schema.org/address>",
            "<schema.org/geo>",
            "<schema.org/image>",
            "<schema.org/name>",
            "<schema.org/openingHours>",
            "<schema.org/telephone>",
            "<schema.org/url>",
            "isa:<schema.org/DiagnosticLab>"
        ],
        "count": 2.0
    },
    {
        "pset": [
            "<schema.org/address>",
            "<schema.org/brand>",
            "<schema.org/description>",
            "<schema.org/email>",
            "<schema.org/faxNumber>",
            "<schema.org/image>",
            "<schema.org/legalName>",
            "<schema.org/logo>",
            "<schema.org/medicalSpecialty>",
            "<schema.org/member>",
            "<schema.org/memberOf>",
            "<schema.org/name>",
            "<schema.org/numberOfEmployees>",
            "<schema.org/telephone>",
            "<schema.org/url>",
            "isa:<schema.org/DiagnosticLab>"
        ],
        "count": 2.0
    },
    {
        "pset": [
            "<schema.org/address>",
            "<schema.org/description>",
            "<schema.org/image>",
            "<schema.org/logo>",
            "<schema.org/name>",
            "<schema.org/openingHours>",
            "<schema.org/telephone>",
            "<schema.org/url>",
            "isa:<schema.org/DiagnosticLab>"
        ],
        "count": 2.0
    },
    {
        "pset": [
            "<schema.org/contactPoint>",
            "<schema.org/logo>",
            "<schema.org/name>",
            "<schema.org/url>",
            "isa:<schema.org/DiagnosticLab>",
            "isa:<schema.org/Organization>"
        ],
        "count": 2.0
    },
    {
        "pset": [
            "<schema.org/description>",
            "<schema.org/image>",
            "<schema.org/name>",
            "<schema.org/url>",
            "isa:<schema.org/DiagnosticLab>"
        ],
        "count": 1.0
    },
    {
        "pset": [
            "<schema.org/address>",
            "<schema.org/contactPoint>",
            "<schema.org/hasPos>",
            "<schema.org/logo>",
            "<schema.org/name>",
            "<schema.org/url>",
            "isa:<schema.org/DiagnosticLab>"
        ],
        "count": 1.0
    },
    {
        "pset": [
            "<schema.org/address>",
            "<schema.org/description>",
            "<schema.org/hasMap>",
            "<schema.org/logo>",
            "<schema.org/name>",
            "<schema.org/telephone>",
            "<schema.org/url>",
            "isa:<schema.org/DiagnosticLab>"
        ],
        "count": 1.0
    },
    {
        "pset": [
            "<schema.org/address>",
            "<schema.org/alternateName>",
            "<schema.org/contactPoint>",
            "<schema.org/email>",
            "<schema.org/faxNumber>",
            "<schema.org/founder>",
            "<schema.org/image>",
            "<schema.org/logo>",
            "<schema.org/name>",
            "<schema.org/telephone>",
            "<schema.org/url>",
            "isa:<schema.org/DiagnosticLab>"
        ],
        "count": 1.0
    },
    {
        "pset": [
            "<schema.org/address>",
            "<schema.org/contactPoint>",
            "<schema.org/email>",
            "<schema.org/logo>",
            "<schema.org/name>",
            "<schema.org/sameAs>",
            "<schema.org/telephone>",
            "<schema.org/url>",
            "isa:<schema.org/DiagnosticLab>"
        ],
        "count": 1.0
    },
    {
        "pset": [
            "<schema.org/description>",
            "<schema.org/image>",
            "<schema.org/mainEntityOfPage>",
            "<schema.org/name>",
            "<schema.org/url>",
            "isa:<schema.org/DiagnosticLab>"
        ],
        "count": 1.0
    },
    {
        "pset": [
            "<schema.org/email>",
            "<schema.org/logo>",
            "<schema.org/name>",
            "<schema.org/url>",
            "isa:<schema.org/DiagnosticLab>",
            "isa:<schema.org/Organization>"
        ],
        "count": 1.0
    },
    {
        "pset": [
            "<schema.org/availableTest>",
            "<schema.org/description>",
            "<schema.org/logo>",
            "<schema.org/name>",
            "<schema.org/sameAs>",
            "<schema.org/telephone>",
            "<schema.org/url>",
            "isa:<schema.org/DiagnosticLab>"
        ],
        "count": 1.0
    },
    {
        "pset": [
            "<schema.org/description>",
            "<schema.org/geo>",
            "<schema.org/image>",
            "<schema.org/logo>",
            "<schema.org/name>",
            "<schema.org/url>",
            "isa:<schema.org/DiagnosticLab>"
        ],
        "count": 1.0
    },
    {
        "pset": [
            "<schema.org/address>",
            "<schema.org/contactPoint>",
            "<schema.org/description>",
            "<schema.org/geo>",
            "<schema.org/hasMap>",
            "<schema.org/name>",
            "<schema.org/openingHours>",
            "<schema.org/url>",
            "isa:<schema.org/DiagnosticLab>"
        ],
        "count": 1.0
    },
    {
        "pset": [
            "<schema.org/address>",
            "<schema.org/contactPoint>",
            "<schema.org/logo>",
            "<schema.org/name>",
            "<schema.org/sameAs>",
            "<schema.org/url>",
            "isa:<schema.org/DiagnosticLab>"
        ],
        "count": 1.0
    },
    {
        "pset": [
            "<schema.org/address>",
            "<schema.org/contactPoint>",
            "<schema.org/description>",
            "<schema.org/logo>",
            "<schema.org/name>",
            "<schema.org/openingHours>",
            "<schema.org/url>",
            "isa:<schema.org/DiagnosticLab>"
        ],
        "count": 1.0
    },
    {
        "pset": [
            "<schema.org/address>",
            "<schema.org/areaServed>",
            "<schema.org/email>",
            "<schema.org/image>",
            "<schema.org/location>",
            "<schema.org/logo>",
            "<schema.org/name>",
            "<schema.org/priceRange>",
            "<schema.org/sameAs>",
            "<schema.org/telephone>",
            "<schema.org/url>",
            "<schema.org/vatID>",
            "isa:<schema.org/DiagnosticLab>"
        ],
        "count": 1.0
    },
    {
        "pset": [
            "<schema.org/address>",
            "<schema.org/areaServed>",
            "<schema.org/email>",
            "<schema.org/faxNumber>",
            "<schema.org/image>",
            "<schema.org/logo>",
            "<schema.org/name>",
            "<schema.org/openingHoursSpecification>",
            "<schema.org/sameAs>",
            "<schema.org/taxID>",
            "<schema.org/telephone>",
            "<schema.org/url>",
            "<schema.org/vatID>",
            "isa:<schema.org/DiagnosticLab>",
            "isa:<schema.org/Organization>",
            "isa:<schema.org/Place>"
        ],
        "count": 1.0
    },
    {
        "pset": [
            "<schema.org/address>",
            "<schema.org/description>",
            "<schema.org/image>",
            "<schema.org/name>",
            "<schema.org/openingHours>",
            "<schema.org/url>",
            "isa:<schema.org/DiagnosticLab>"
        ],
        "count": 1.0
    },
    {
        "pset": [
            "<schema.org/name>",
            "isa:<schema.org/DiagnosticLab>"
        ],
        "count": 1.0
    },
    {
        "pset": [
            "<schema.org/address>",
            "<schema.org/contactPoint>",
            "<schema.org/description>",
            "<schema.org/geo>",
            "<schema.org/hasMap>",
            "<schema.org/image>",
            "<schema.org/logo>",
            "<schema.org/name>",
            "<schema.org/url>",
            "isa:<schema.org/DiagnosticLab>"
        ],
        "count": 1.0
    },
    {
        "pset": [
            "<schema.org/address>",
            "<schema.org/description>",
            "<schema.org/geo>",
            "<schema.org/image>",
            "<schema.org/logo>",
            "<schema.org/makesOffer>",
            "<schema.org/name>",
            "<schema.org/openingHoursSpecification>",
            "<schema.org/telephone>",
            "<schema.org/url>",
            "isa:<schema.org/DiagnosticLab>"
        ],
        "count": 1.0
    },
    {
        "pset": [
            "<schema.org/address>",
            "<schema.org/description>",
            "<schema.org/faxNumber>",
            "<schema.org/image>",
            "<schema.org/location>",
            "<schema.org/logo>",
            "<schema.org/name>",
            "<schema.org/sameAs>",
            "<schema.org/telephone>",
            "<schema.org/url>",
            "isa:<schema.org/DiagnosticLab>"
        ],
        "count": 1.0
    },
    {
        "pset": [
            "<schema.org/address>",
            "<schema.org/description>",
            "<schema.org/faxNumber>",
            "<schema.org/founder>",
            "<schema.org/foundingDate>",
            "<schema.org/image>",
            "<schema.org/logo>",
            "<schema.org/name>",
            "<schema.org/telephone>",
            "<schema.org/url>",
            "isa:<schema.org/DiagnosticLab>"
        ],
        "count": 1.0
    },
    {
        "pset": [
            "<schema.org/address>",
            "<schema.org/alternateName>",
            "<schema.org/logo>",
            "<schema.org/name>",
            "<schema.org/openingHours>",
            "<schema.org/sameAs>",
            "<schema.org/telephone>",
            "<schema.org/url>",
            "isa:<schema.org/DiagnosticLab>"
        ],
        "count": 1.0
    },
    {
        "pset": [
            "<schema.org/areaServed>",
            "<schema.org/availableTest>",
            "<schema.org/description>",
            "<schema.org/location>",
            "<schema.org/logo>",
            "<schema.org/name>",
            "<schema.org/sameAs>",
            "<schema.org/telephone>",
            "<schema.org/url>",
            "isa:<schema.org/DiagnosticLab>"
        ],
        "count": 1.0
    },
    {
        "pset": [
            "<schema.org/address>",
            "<schema.org/email>",
            "<schema.org/image>",
            "<schema.org/logo>",
            "<schema.org/name>",
            "<schema.org/openingHoursSpecification>",
            "<schema.org/sameAs>",
            "<schema.org/telephone>",
            "<schema.org/url>",
            "isa:<schema.org/DiagnosticLab>",
            "isa:<schema.org/Organization>",
            "isa:<schema.org/Place>"
        ],
        "count": 1.0
    },
    {
        "pset": [
            "<schema.org/address>",
            "<schema.org/contactPoint>",
            "<schema.org/image>",
            "<schema.org/logo>",
            "<schema.org/name>",
            "<schema.org/priceRange>",
            "<schema.org/sameAs>",
            "<schema.org/telephone>",
            "<schema.org/url>",
            "isa:<schema.org/DiagnosticLab>"
        ],
        "count": 1.0
    },
    {
        "pset": [
            "<schema.org/address>",
            "<schema.org/alternateName>",
            "<schema.org/contactPoint>",
            "<schema.org/description>",
            "<schema.org/email>",
            "<schema.org/faxNumber>",
            "<schema.org/geo>",
            "<schema.org/hasMap>",
            "<schema.org/logo>",
            "<schema.org/name>",
            "<schema.org/openingHours>",
            "<schema.org/sameAs>",
            "<schema.org/telePhone>",
            "<schema.org/url>",
            "isa:<schema.org/DiagnosticLab>"
        ],
        "count": 1.0
    },
    {
        "pset": [
            "<schema.org/address>",
            "<schema.org/image>",
            "<schema.org/location>",
            "<schema.org/logo>",
            "<schema.org/mainEntityOfPage>",
            "<schema.org/name>",
            "<schema.org/parentOrganization>",
            "<schema.org/telephone>",
            "<schema.org/url>",
            "isa:<schema.org/DiagnosticLab>"
        ],
        "count": 1.0
    },
    {
        "pset": [
            "<schema.org/address>",
            "<schema.org/contactPoint>",
            "<schema.org/name>",
            "<schema.org/url>",
            "isa:<schema.org/DiagnosticLab>"
        ],
        "count": 1.0
    },
    {
        "pset": [
            "<schema.org/address>",
            "<schema.org/description>",
            "<schema.org/geo>",
            "<schema.org/image>",
            "<schema.org/name>",
            "<schema.org/openingHoursSpecification>",
            "isa:<schema.org/DiagnosticLab>"
        ],
        "count": 1.0
    },
    {
        "pset": [
            "<schema.org/address>",
            "<schema.org/aggregateRating>",
            "<schema.org/brand>",
            "<schema.org/description>",
            "<schema.org/email>",
            "<schema.org/faxNumber>",
            "<schema.org/image>",
            "<schema.org/knowsLanguage>",
            "<schema.org/legalName>",
            "<schema.org/logo>",
            "<schema.org/medicalSpecialty>",
            "<schema.org/member>",
            "<schema.org/memberOf>",
            "<schema.org/name>",
            "<schema.org/numberOfEmployees>",
            "<schema.org/review>",
            "<schema.org/telephone>",
            "<schema.org/url>",
            "isa:<schema.org/DiagnosticLab>"
        ],
        "count": 1.0
    },
    {
        "pset": [
            "<schema.org/address>",
            "<schema.org/logo>",
            "<schema.org/name>",
            "<schema.org/openingHoursSpecification>",
            "<schema.org/telephone>",
            "<schema.org/url>",
            "isa:<schema.org/DiagnosticLab>"
        ],
        "count": 1.0
    },
    {
        "pset": [
            "<schema.org/address>",
            "<schema.org/contactPoint>",
            "<schema.org/email>",
            "<schema.org/geo>",
            "<schema.org/hasMap>",
            "<schema.org/logo>",
            "<schema.org/name>",
            "<schema.org/url>",
            "isa:<schema.org/DiagnosticLab>",
            "isa:<schema.org/Organization>"
        ],
        "count": 1.0
    },
    {
        "pset": [
            "<schema.org/address>",
            "<schema.org/contactPoint>",
            "<schema.org/description>",
            "<schema.org/geo>",
            "<schema.org/logo>",
            "<schema.org/name>",
            "<schema.org/openingHours>",
            "<schema.org/url>",
            "isa:<schema.org/DiagnosticLab>"
        ],
        "count": 1.0
    }
]