[
    {
        "pset": [
            "<schema.org/url>",
            "isa:<schema.org/DigitalDocument>"
        ],
        "count": 93481.0
    },
    {
        "pset": [
            "<schema.org/name>",
            "<schema.org/url>",
            "isa:<schema.org/DigitalDocument>",
            "isa:<schema.org/Product>"
        ],
        "count": 15585.0
    },
    {
        "pset": [
            "<schema.org/description>",
            "<schema.org/genre>",
            "<schema.org/headline>",
            "<schema.org/identifier>",
            "<schema.org/isBasedOn>",
            "<schema.org/name>",
            "<schema.org/thumbnailURL>",
            "<schema.org/url>",
            "isa:<schema.org/DigitalDocument>"
        ],
        "count": 8909.0
    },
    {
        "pset": [
            "<schema.org/aggregateRating>",
            "<schema.org/name>",
            "isa:<schema.org/DigitalDocument>"
        ],
        "count": 6333.0
    },
    {
        "pset": [
            "isa:<schema.org/DigitalDocument>"
        ],
        "count": 6180.0
    },
    {
        "pset": [
            "<schema.org/aggregateRating>",
            "<schema.org/brand>",
            "<schema.org/description>",
            "<schema.org/image>",
            "<schema.org/isRelatedTo>",
            "<schema.org/mainEntityOfPage>",
            "<schema.org/manufacturer>",
            "<schema.org/mpn>",
            "<schema.org/name>",
            "<schema.org/offers>",
            "<schema.org/review>",
            "<schema.org/sku>",
            "isa:<schema.org/DigitalDocument>",
            "isa:<schema.org/Product>"
        ],
        "count": 5652.0
    },
    {
        "pset": [
            "<schema.org/description>",
            "<schema.org/genre>",
            "<schema.org/headline>",
            "<schema.org/identifier>",
            "<schema.org/isBasedOn>",
            "<schema.org/isPartOf>",
            "<schema.org/name>",
            "<schema.org/thumbnailURL>",
            "<schema.org/url>",
            "isa:<schema.org/DigitalDocument>"
        ],
        "count": 4677.0
    },
    {
        "pset": [
            "<schema.org/aggregateRating>",
            "<schema.org/brand>",
            "<schema.org/description>",
            "<schema.org/image>",
            "<schema.org/mainEntityOfPage>",
            "<schema.org/manufacturer>",
            "<schema.org/mpn>",
            "<schema.org/name>",
            "<schema.org/offers>",
            "<schema.org/review>",
            "<schema.org/sku>",
            "isa:<schema.org/DigitalDocument>",
            "isa:<schema.org/Product>"
        ],
        "count": 2259.0
    },
    {
        "pset": [
            "<schema.org/author>",
            "<schema.org/description>",
            "<schema.org/image>",
            "<schema.org/name>",
            "<schema.org/text>",
            "isa:<schema.org/DigitalDocument>"
        ],
        "count": 2251.0
    },
    {
        "pset": [
            "<schema.org/name>",
            "isa:<schema.org/DigitalDocument>"
        ],
        "count": 1920.0
    },
    {
        "pset": [
            "<schema.org/dateModified>",
            "<schema.org/datePublished>",
            "<schema.org/headline>",
            "<schema.org/image>",
            "<schema.org/isAccessibleForFree>",
            "isa:<schema.org/DigitalDocument>"
        ],
        "count": 1118.0
    },
    {
        "pset": [
            "<schema.org/aggregateRating>",
            "<schema.org/brand>",
            "<schema.org/image>",
            "<schema.org/mainEntityOfPage>",
            "<schema.org/manufacturer>",
            "<schema.org/mpn>",
            "<schema.org/name>",
            "<schema.org/offers>",
            "<schema.org/review>",
            "<schema.org/sku>",
            "isa:<schema.org/DigitalDocument>",
            "isa:<schema.org/Product>"
        ],
        "count": 1080.0
    },
    {
        "pset": [
            "<schema.org/about>",
            "<schema.org/author>",
            "<schema.org/datePublished>",
            "<schema.org/genre>",
            "<schema.org/hasDigitalDocumentPermission>",
            "<schema.org/identifier>",
            "<schema.org/inLanguage>",
            "<schema.org/keywords>",
            "<schema.org/name>",
            "<schema.org/url>",
            "isa:<schema.org/DigitalDocument>"
        ],
        "count": 884.0
    },
    {
        "pset": [
            "<schema.org/author>",
            "<schema.org/name>",
            "<schema.org/position>",
            "<schema.org/url>",
            "isa:<schema.org/DigitalDocument>"
        ],
        "count": 765.0
    },
    {
        "pset": [
            "<schema.org/creator>",
            "<schema.org/discussionUrl>",
            "<schema.org/name>",
            "<schema.org/url>",
            "isa:<schema.org/DigitalDocument>"
        ],
        "count": 744.0
    },
    {
        "pset": [
            "<schema.org/author>",
            "<schema.org/dateModified>",
            "<schema.org/datePublished>",
            "<schema.org/headline>",
            "<schema.org/inLanguage>",
            "<schema.org/keywords>",
            "<schema.org/mainEntityOfPage>",
            "<schema.org/publisher>",
            "isa:<schema.org/DigitalDocument>"
        ],
        "count": 681.0
    },
    {
        "pset": [
            "<schema.org/author>",
            "<schema.org/dateModified>",
            "<schema.org/datePublished>",
            "<schema.org/description>",
            "<schema.org/interactivityType>",
            "<schema.org/isAccessibleForFree>",
            "<schema.org/isFamilyFriendly>",
            "<schema.org/keywords>",
            "<schema.org/name>",
            "<schema.org/publisher>",
            "<schema.org/thumbnailUrl>",
            "isa:<schema.org/DigitalDocument>"
        ],
        "count": 519.0
    },
    {
        "pset": [
            "<schema.org/author>",
            "<schema.org/name>",
            "<schema.org/url>",
            "isa:<schema.org/DigitalDocument>"
        ],
        "count": 447.0
    },
    {
        "pset": [
            "<schema.org/abstract>",
            "<schema.org/author>",
            "<schema.org/datePublished>",
            "<schema.org/image>",
            "<schema.org/name>",
            "isa:<schema.org/DigitalDocument>"
        ],
        "count": 307.0
    },
    {
        "pset": [
            "<schema.org/About>",
            "<schema.org/Url>",
            "<schema.org/creator>",
            "<schema.org/inLanguage>",
            "<schema.org/keywords>",
            "isa:<schema.org/DigitalDocument>"
        ],
        "count": 283.0
    },
    {
        "pset": [
            "<schema.org/name>",
            "<schema.org/url>",
            "isa:<schema.org/DigitalDocument>"
        ],
        "count": 281.0
    },
    {
        "pset": [
            "<schema.org/description>",
            "<schema.org/name>",
            "<schema.org/offers>",
            "<schema.org/url>",
            "isa:<schema.org/DigitalDocument>"
        ],
        "count": 266.0
    },
    {
        "pset": [
            "<schema.org/description>",
            "<schema.org/encoding>",
            "<schema.org/name>",
            "<schema.org/thumbnailUrl>",
            "isa:<schema.org/DigitalDocument>"
        ],
        "count": 241.0
    },
    {
        "pset": [
            "<schema.org/abstract>",
            "<schema.org/image>",
            "<schema.org/name>",
            "<schema.org/url>",
            "isa:<schema.org/DigitalDocument>"
        ],
        "count": 237.0
    },
    {
        "pset": [
            "<schema.org/author>",
            "<schema.org/dateCreated>",
            "<schema.org/datePublished>",
            "<schema.org/description>",
            "<schema.org/name>",
            "<schema.org/review>",
            "<schema.org/url>",
            "isa:<schema.org/DigitalDocument>"
        ],
        "count": 234.0
    },
    {
        "pset": [
            "<schema.org/about>",
            "<schema.org/author>",
            "<schema.org/datePublished>",
            "<schema.org/description>",
            "<schema.org/genre>",
            "<schema.org/hasDigitalDocumentPermission>",
            "<schema.org/identifier>",
            "<schema.org/inLanguage>",
            "<schema.org/keywords>",
            "<schema.org/name>",
            "<schema.org/url>",
            "isa:<schema.org/DigitalDocument>"
        ],
        "count": 196.0
    },
    {
        "pset": [
            "<schema.org/author>",
            "<schema.org/contentLocation>",
            "<schema.org/fileFormat>",
            "<schema.org/publisher>",
            "<schema.org/url>",
            "isa:<schema.org/DigitalDocument>"
        ],
        "count": 186.0
    },
    {
        "pset": [
            "<schema.org/about>",
            "<schema.org/abstract>",
            "<schema.org/archivedAt>",
            "<schema.org/author>",
            "<schema.org/contentUrl>",
            "<schema.org/datePublished>",
            "<schema.org/description>",
            "<schema.org/embedURL>",
            "<schema.org/genre>",
            "<schema.org/headline>",
            "<schema.org/image>",
            "<schema.org/inLanguage>",
            "<schema.org/isAccessibleForFree>",
            "<schema.org/isFamilyFriendly>",
            "<schema.org/keywords>",
            "<schema.org/locationCreated>",
            "<schema.org/name>",
            "<schema.org/potentialAction>",
            "<schema.org/publisher>",
            "<schema.org/recordedAt>",
            "<schema.org/teaches>",
            "<schema.org/thumbnailUrl>",
            "<schema.org/uploadDate>",
            "isa:<schema.org/DigitalDocument>"
        ],
        "count": 186.0
    },
    {
        "pset": [
            "<schema.org/author>",
            "<schema.org/copyrightHolder>",
            "<schema.org/copyrightYear>",
            "<schema.org/creator>",
            "<schema.org/dateModified>",
            "<schema.org/datePublished>",
            "<schema.org/description>",
            "<schema.org/headline>",
            "<schema.org/inLanguage>",
            "<schema.org/mainEntityOfPage>",
            "<schema.org/name>",
            "<schema.org/publisher>",
            "<schema.org/url>",
            "isa:<schema.org/DigitalDocument>"
        ],
        "count": 182.0
    },
    {
        "pset": [
            "<schema.org/encodingFormat>",
            "<schema.org/potentialAction>",
            "<schema.org/publisher>",
            "isa:<schema.org/DigitalDocument>"
        ],
        "count": 161.0
    },
    {
        "pset": [
            "<schema.org/author>",
            "<schema.org/description>",
            "<schema.org/image>",
            "<schema.org/mainEntityOfPage>",
            "<schema.org/name>",
            "<schema.org/url>",
            "isa:<schema.org/DigitalDocument>"
        ],
        "count": 141.0
    },
    {
        "pset": [
            "<schema.org/author>",
            "<schema.org/encodingFormat>",
            "<schema.org/hasDigitalDocumentPermission>",
            "<schema.org/name>",
            "<schema.org/potentialAction>",
            "<schema.org/url>",
            "isa:<schema.org/DigitalDocument>"
        ],
        "count": 141.0
    },
    {
        "pset": [
            "<schema.org/about>",
            "<schema.org/associatedMedia>",
            "<schema.org/author>",
            "<schema.org/dateModified>",
            "<schema.org/datePublished>",
            "<schema.org/description>",
            "<schema.org/headline>",
            "<schema.org/isAccessibleForFree>",
            "<schema.org/name>",
            "isa:<schema.org/DigitalDocument>"
        ],
        "count": 141.0
    },
    {
        "pset": [
            "<schema.org/author>",
            "<schema.org/contentLocation>",
            "<schema.org/publisher>",
            "<schema.org/url>",
            "isa:<schema.org/DigitalDocument>"
        ],
        "count": 131.0
    },
    {
        "pset": [
            "<schema.org/description>",
            "<schema.org/name>",
            "<schema.org/url>",
            "isa:<schema.org/DigitalDocument>"
        ],
        "count": 119.0
    },
    {
        "pset": [
            "<schema.org/author>",
            "<schema.org/description>",
            "<schema.org/name>",
            "<schema.org/url>",
            "isa:<schema.org/DigitalDocument>"
        ],
        "count": 115.0
    },
    {
        "pset": [
            "<schema.org/author>",
            "<schema.org/description>",
            "<schema.org/hasDigitalDocumentPermission>",
            "<schema.org/name>",
            "<schema.org/url>",
            "isa:<schema.org/DigitalDocument>"
        ],
        "count": 106.0
    },
    {
        "pset": [
            "<schema.org/abstract>",
            "<schema.org/audience>",
            "<schema.org/author>",
            "<schema.org/copyrightHolder>",
            "<schema.org/creativeWorkStatus>",
            "<schema.org/dateCreated>",
            "<schema.org/isAccessibleForFree>",
            "<schema.org/isPartOf>",
            "<schema.org/learningResourceType>",
            "<schema.org/name>",
            "<schema.org/url>",
            "isa:<schema.org/DigitalDocument>"
        ],
        "count": 101.0
    },
    {
        "pset": [
            "<schema.org/encodingFormat>",
            "<schema.org/position>",
            "<schema.org/url>",
            "isa:<schema.org/DigitalDocument>"
        ],
        "count": 100.0
    },
    {
        "pset": [
            "<schema.org/additionalType>",
            "<schema.org/image>",
            "<schema.org/name>",
            "<schema.org/publisher>",
            "isa:<schema.org/DigitalDocument>"
        ],
        "count": 97.0
    },
    {
        "pset": [
            "<schema.org/about>",
            "<schema.org/author>",
            "<schema.org/datePublished>",
            "<schema.org/genre>",
            "<schema.org/hasDigitalDocumentPermission>",
            "<schema.org/identifier>",
            "<schema.org/name>",
            "<schema.org/url>",
            "isa:<schema.org/DigitalDocument>"
        ],
        "count": 96.0
    },
    {
        "pset": [
            "<schema.org/about>",
            "<schema.org/author>",
            "<schema.org/dateModified>",
            "<schema.org/datePublished>",
            "<schema.org/description>",
            "<schema.org/image>",
            "<schema.org/mainEntityOfPage>",
            "<schema.org/name>",
            "<schema.org/publisher>",
            "<schema.org/thumbnailUrl>",
            "isa:<schema.org/DigitalDocument>"
        ],
        "count": 91.0
    },
    {
        "pset": [
            "<schema.org/articleBody>",
            "<schema.org/datePublished>",
            "<schema.org/headline>",
            "<schema.org/mainEntityOfPage>",
            "<schema.org/url>",
            "isa:<schema.org/DigitalDocument>"
        ],
        "count": 89.0
    },
    {
        "pset": [
            "<schema.org/author>",
            "<schema.org/contentRating>",
            "<schema.org/description>",
            "<schema.org/image>",
            "<schema.org/name>",
            "<schema.org/potentialAction>",
            "isa:<schema.org/DigitalDocument>"
        ],
        "count": 89.0
    },
    {
        "pset": [
            "<schema.org/about>",
            "<schema.org/associatedMedia>",
            "<schema.org/author>",
            "<schema.org/dateModified>",
            "<schema.org/datePublished>",
            "<schema.org/description>",
            "<schema.org/encodingFormat>",
            "<schema.org/headline>",
            "<schema.org/isAccessibleForFree>",
            "<schema.org/mainEntityOfPage>",
            "<schema.org/name>",
            "isa:<schema.org/DigitalDocument>"
        ],
        "count": 88.0
    },
    {
        "pset": [
            "<schema.org/hasDigitalDocumentPermission>",
            "<schema.org/name>",
            "<schema.org/url>",
            "isa:<schema.org/DigitalDocument>"
        ],
        "count": 84.0
    },
    {
        "pset": [
            "<schema.org/about>",
            "<schema.org/author>",
            "<schema.org/datePublished>",
            "<schema.org/description>",
            "<schema.org/genre>",
            "<schema.org/hasDigitalDocumentPermission>",
            "<schema.org/identifier>",
            "<schema.org/name>",
            "<schema.org/url>",
            "isa:<schema.org/DigitalDocument>"
        ],
        "count": 76.0
    },
    {
        "pset": [
            "<schema.org/description>",
            "<schema.org/genre>",
            "<schema.org/headline>",
            "<schema.org/identifier>",
            "<schema.org/isPartOf>",
            "<schema.org/name>",
            "<schema.org/thumbnailURL>",
            "<schema.org/url>",
            "isa:<schema.org/DigitalDocument>"
        ],
        "count": 74.0
    },
    {
        "pset": [
            "<schema.org/description>",
            "<schema.org/hasDigitalDocumentPermission>",
            "<schema.org/name>",
            "<schema.org/url>",
            "isa:<schema.org/DigitalDocument>"
        ],
        "count": 60.0
    },
    {
        "pset": [
            "<schema.org/keywords>",
            "<schema.org/name>",
            "<schema.org/publisher>",
            "<schema.org/sameAs>",
            "<schema.org/url>",
            "isa:<schema.org/DigitalDocument>"
        ],
        "count": 58.0
    },
    {
        "pset": [
            "<schema.org/author>",
            "<schema.org/description>",
            "<schema.org/image>",
            "<schema.org/name>",
            "<schema.org/position>",
            "<schema.org/url>",
            "isa:<schema.org/DigitalDocument>"
        ],
        "count": 57.0
    },
    {
        "pset": [
            "<schema.org/author>",
            "<schema.org/copyrightHolder>",
            "<schema.org/copyrightYear>",
            "<schema.org/creator>",
            "<schema.org/dateModified>",
            "<schema.org/datePublished>",
            "<schema.org/description>",
            "<schema.org/headline>",
            "<schema.org/image>",
            "<schema.org/inLanguage>",
            "<schema.org/mainEntityOfPage>",
            "<schema.org/name>",
            "<schema.org/publisher>",
            "<schema.org/url>",
            "isa:<schema.org/DigitalDocument>"
        ],
        "count": 57.0
    },
    {
        "pset": [
            "<schema.org/author>",
            "<schema.org/description>",
            "<schema.org/image>",
            "<schema.org/mainEntityOfPage>",
            "<schema.org/name>",
            "isa:<schema.org/DigitalDocument>"
        ],
        "count": 54.0
    },
    {
        "pset": [
            "<schema.org/accessMode>",
            "<schema.org/accessModeSufficient>",
            "<schema.org/accessibilitySummary>",
            "<schema.org/author>",
            "<schema.org/headline>",
            "<schema.org/inLanguage>",
            "<schema.org/interactivityType>",
            "<schema.org/isAccessibleForFree>",
            "<schema.org/license>",
            "<schema.org/name>",
            "<schema.org/thumbnailUrl>",
            "isa:<schema.org/DigitalDocument>"
        ],
        "count": 49.0
    },
    {
        "pset": [
            "<schema.org/datePublished>",
            "<schema.org/educationalUse>",
            "<schema.org/inLanguage>",
            "<schema.org/keywords>",
            "<schema.org/learningResourceType>",
            "<schema.org/name>",
            "<schema.org/thumbnailUrl>",
            "isa:<schema.org/DigitalDocument>"
        ],
        "count": 44.0
    },
    {
        "pset": [
            "<schema.org/creator>",
            "<schema.org/dateCreated>",
            "<schema.org/description>",
            "<schema.org/image>",
            "<schema.org/material>",
            "<schema.org/name>",
            "<schema.org/url>",
            "isa:<schema.org/DigitalDocument>"
        ],
        "count": 44.0
    },
    {
        "pset": [
            "<schema.org/about>",
            "<schema.org/associatedMedia>",
            "<schema.org/author>",
            "<schema.org/dateModified>",
            "<schema.org/datePublished>",
            "<schema.org/description>",
            "<schema.org/encodingFormat>",
            "<schema.org/headline>",
            "<schema.org/isAccessibleForFree>",
            "<schema.org/license>",
            "<schema.org/mainEntityOfPage>",
            "<schema.org/name>",
            "isa:<schema.org/DigitalDocument>"
        ],
        "count": 43.0
    },
    {
        "pset": [
            "<schema.org/name>",
            "<schema.org/sameAs>",
            "<schema.org/url>",
            "isa:<schema.org/DigitalDocument>"
        ],
        "count": 41.0
    },
    {
        "pset": [
            "<schema.org/fileFormat>",
            "<schema.org/name>",
            "<schema.org/url>",
            "isa:<schema.org/DigitalDocument>"
        ],
        "count": 37.0
    },
    {
        "pset": [
            "<schema.org/description>",
            "<schema.org/educationalUse>",
            "<schema.org/fileFormat>",
            "<schema.org/genre>",
            "<schema.org/headline>",
            "<schema.org/image>",
            "<schema.org/thumbnailUrl>",
            "isa:<schema.org/DigitalDocument>"
        ],
        "count": 36.0
    },
    {
        "pset": [
            "<schema.org/disambiguatingDescription>",
            "<schema.org/encodingFormat>",
            "<schema.org/potentialAction>",
            "<schema.org/publisher>",
            "isa:<schema.org/DigitalDocument>"
        ],
        "count": 32.0
    },
    {
        "pset": [
            "<schema.org/copyrightHolder>",
            "<schema.org/copyrightYear>",
            "<schema.org/creator>",
            "<schema.org/datePublished>",
            "<schema.org/identifier>",
            "<schema.org/inLanguage>",
            "<schema.org/name>",
            "<schema.org/thumbnailUrl>",
            "<schema.org/url>",
            "isa:<schema.org/DigitalDocument>"
        ],
        "count": 32.0
    },
    {
        "pset": [
            "<schema.org/about>",
            "<schema.org/author>",
            "<schema.org/datePublished>",
            "<schema.org/genre>",
            "<schema.org/hasDigitalDocumentPermission>",
            "<schema.org/identifier>",
            "<schema.org/inLanguage>",
            "<schema.org/name>",
            "<schema.org/url>",
            "isa:<schema.org/DigitalDocument>"
        ],
        "count": 31.0
    },
    {
        "pset": [
            "<schema.org/author>",
            "<schema.org/contentLocation>",
            "<schema.org/image>",
            "<schema.org/name>",
            "<schema.org/provider>",
            "<schema.org/url>",
            "isa:<schema.org/DigitalDocument>"
        ],
        "count": 30.0
    },
    {
        "pset": [
            "<schema.org/about>",
            "<schema.org/author>",
            "<schema.org/datePublished>",
            "<schema.org/genre>",
            "<schema.org/hasDigitalDocumentPermission>",
            "<schema.org/identifier>",
            "<schema.org/inLanguage>",
            "<schema.org/keywords>",
            "<schema.org/name>",
            "<schema.org/url>",
            "<schema.org/version>",
            "isa:<schema.org/DigitalDocument>"
        ],
        "count": 27.0
    },
    {
        "pset": [
            "<schema.org/author>",
            "<schema.org/copyrightHolder>",
            "<schema.org/dateModified>",
            "<schema.org/datePublished>",
            "<schema.org/hasDigitalDocumentPermission>",
            "<schema.org/headline>",
            "<schema.org/image>",
            "<schema.org/inLanguage>",
            "<schema.org/publisher>",
            "<schema.org/thumbnailUrl>",
            "<schema.org/url>",
            "isa:<schema.org/DigitalDocument>"
        ],
        "count": 25.0
    },
    {
        "pset": [
            "<schema.org/abstract>",
            "<schema.org/dateModified>",
            "<schema.org/datePublished>",
            "<schema.org/encodingFormat>",
            "<schema.org/hasDigitalDocumentPermission>",
            "<schema.org/headline>",
            "<schema.org/image>",
            "<schema.org/url>",
            "isa:<schema.org/DigitalDocument>"
        ],
        "count": 25.0
    },
    {
        "pset": [
            "<schema.org/author>",
            "<schema.org/hasDigitalDocumentPermission>",
            "<schema.org/image>",
            "<schema.org/name>",
            "<schema.org/url>",
            "isa:<schema.org/DigitalDocument>"
        ],
        "count": 25.0
    },
    {
        "pset": [
            "<schema.org/associatedMedia>",
            "<schema.org/author>",
            "<schema.org/dateModified>",
            "<schema.org/datePublished>",
            "<schema.org/description>",
            "<schema.org/encodingFormat>",
            "<schema.org/headline>",
            "<schema.org/isAccessibleForFree>",
            "<schema.org/license>",
            "<schema.org/mainEntityOfPage>",
            "<schema.org/name>",
            "isa:<schema.org/DigitalDocument>"
        ],
        "count": 24.0
    },
    {
        "pset": [
            "<schema.org/author>",
            "<schema.org/dateModified>",
            "<schema.org/datePublished>",
            "<schema.org/image>",
            "<schema.org/mainEntityOfPage>",
            "<schema.org/name>",
            "<schema.org/publisher>",
            "isa:<schema.org/DigitalDocument>"
        ],
        "count": 23.0
    },
    {
        "pset": [
            "<schema.org/dateCreated>",
            "<schema.org/description>",
            "<schema.org/image>",
            "<schema.org/material>",
            "<schema.org/name>",
            "<schema.org/url>",
            "isa:<schema.org/DigitalDocument>"
        ],
        "count": 22.0
    },
    {
        "pset": [
            "<schema.org/Url>",
            "<schema.org/creator>",
            "<schema.org/inLanguage>",
            "<schema.org/keywords>",
            "isa:<schema.org/DigitalDocument>"
        ],
        "count": 21.0
    },
    {
        "pset": [
            "<schema.org/author>",
            "<schema.org/description>",
            "<schema.org/image>",
            "<schema.org/name>",
            "<schema.org/url>",
            "isa:<schema.org/DigitalDocument>"
        ],
        "count": 21.0
    },
    {
        "pset": [
            "<schema.org/encodingFormat>",
            "<schema.org/headline>",
            "<schema.org/url>",
            "isa:<schema.org/DigitalDocument>"
        ],
        "count": 19.0
    },
    {
        "pset": [
            "<schema.org/associatedMedia>",
            "<schema.org/author>",
            "<schema.org/dateModified>",
            "<schema.org/datePublished>",
            "<schema.org/description>",
            "<schema.org/encodingFormat>",
            "<schema.org/headline>",
            "<schema.org/isAccessibleForFree>",
            "<schema.org/mainEntityOfPage>",
            "<schema.org/name>",
            "isa:<schema.org/DigitalDocument>"
        ],
        "count": 19.0
    },
    {
        "pset": [
            "<schema.org/alternativeHeadline>",
            "<schema.org/author>",
            "<schema.org/contributor>",
            "<schema.org/copyrightHolder>",
            "<schema.org/copyrightYear>",
            "<schema.org/dateCreated>",
            "<schema.org/dateModified>",
            "<schema.org/datePublished>",
            "<schema.org/description>",
            "<schema.org/headline>",
            "<schema.org/identifier>",
            "<schema.org/image>",
            "<schema.org/inLanguage>",
            "<schema.org/keywords>",
            "<schema.org/mainEntity>",
            "<schema.org/name>",
            "<schema.org/publisher>",
            "<schema.org/text>",
            "<schema.org/thumbnailUrl>",
            "<schema.org/url>",
            "isa:<schema.org/DigitalDocument>"
        ],
        "count": 17.0
    },
    {
        "pset": [
            "<schema.org/abstract>",
            "<schema.org/contributor>",
            "<schema.org/creator>",
            "<schema.org/datePublished>",
            "<schema.org/name>",
            "<schema.org/sourceOrganization>",
            "<schema.org/thumbnailUrl>",
            "isa:<schema.org/DigitalDocument>"
        ],
        "count": 17.0
    },
    {
        "pset": [
            "<schema.org/author>",
            "<schema.org/contentLocation>",
            "<schema.org/description>",
            "<schema.org/image>",
            "<schema.org/name>",
            "<schema.org/provider>",
            "<schema.org/url>",
            "isa:<schema.org/DigitalDocument>"
        ],
        "count": 15.0
    },
    {
        "pset": [
            "<schema.org/associatedMedia>",
            "<schema.org/author>",
            "<schema.org/dateModified>",
            "<schema.org/datePublished>",
            "<schema.org/encodingFormat>",
            "<schema.org/headline>",
            "<schema.org/isAccessibleForFree>",
            "<schema.org/mainEntityOfPage>",
            "<schema.org/name>",
            "isa:<schema.org/DigitalDocument>"
        ],
        "count": 15.0
    },
    {
        "pset": [
            "<schema.org/about>",
            "<schema.org/author>",
            "<schema.org/datePublished>",
            "<schema.org/genre>",
            "<schema.org/hasDigitalDocumentPermission>",
            "<schema.org/identifier>",
            "<schema.org/keywords>",
            "<schema.org/name>",
            "<schema.org/url>",
            "isa:<schema.org/DigitalDocument>"
        ],
        "count": 13.0
    },
    {
        "pset": [
            "<schema.org/description>",
            "<schema.org/encodingFormat>",
            "<schema.org/potentialAction>",
            "<schema.org/publisher>",
            "isa:<schema.org/DigitalDocument>"
        ],
        "count": 13.0
    },
    {
        "pset": [
            "<schema.org/about>",
            "<schema.org/author>",
            "<schema.org/datePublished>",
            "<schema.org/description>",
            "<schema.org/genre>",
            "<schema.org/hasDigitalDocumentPermission>",
            "<schema.org/identifier>",
            "<schema.org/keywords>",
            "<schema.org/name>",
            "<schema.org/url>",
            "isa:<schema.org/DigitalDocument>"
        ],
        "count": 13.0
    },
    {
        "pset": [
            "<schema.org/author>",
            "<schema.org/hasDigitalDocumentPermission>",
            "<schema.org/name>",
            "<schema.org/url>",
            "isa:<schema.org/DigitalDocument>"
        ],
        "count": 12.0
    },
    {
        "pset": [
            "<schema.org/author>",
            "<schema.org/description>",
            "<schema.org/mainEntityOfPage>",
            "<schema.org/name>",
            "<schema.org/url>",
            "isa:<schema.org/DigitalDocument>"
        ],
        "count": 12.0
    },
    {
        "pset": [
            "<schema.org/abstract>",
            "<schema.org/creator>",
            "<schema.org/datePublished>",
            "<schema.org/name>",
            "<schema.org/sourceOrganization>",
            "<schema.org/thumbnailUrl>",
            "<schema.org/url>",
            "isa:<schema.org/DigitalDocument>"
        ],
        "count": 12.0
    },
    {
        "pset": [
            "<schema.org/about>",
            "<schema.org/author>",
            "<schema.org/fileFormat>",
            "<schema.org/name>",
            "<schema.org/thumbnailUrl>",
            "isa:<schema.org/DigitalDocument>"
        ],
        "count": 12.0
    },
    {
        "pset": [
            "<schema.org/About>",
            "<schema.org/Url>",
            "<schema.org/creator>",
            "<schema.org/inLanguage>",
            "isa:<schema.org/DigitalDocument>"
        ],
        "count": 12.0
    },
    {
        "pset": [
            "<schema.org/author>",
            "<schema.org/copyrightHolder>",
            "<schema.org/copyrightYear>",
            "<schema.org/dateCreated>",
            "<schema.org/dateModified>",
            "<schema.org/datePublished>",
            "<schema.org/description>",
            "<schema.org/headline>",
            "<schema.org/image>",
            "<schema.org/inLanguage>",
            "<schema.org/keywords>",
            "<schema.org/mainEntityOfPage>",
            "<schema.org/name>",
            "<schema.org/publisher>",
            "<schema.org/url>",
            "isa:<schema.org/DigitalDocument>"
        ],
        "count": 11.0
    },
    {
        "pset": [
            "<schema.org/about>",
            "<schema.org/author>",
            "<schema.org/datePublished>",
            "<schema.org/description>",
            "<schema.org/genre>",
            "<schema.org/hasDigitalDocumentPermission>",
            "<schema.org/identifier>",
            "<schema.org/inLanguage>",
            "<schema.org/keywords>",
            "<schema.org/name>",
            "<schema.org/url>",
            "<schema.org/version>",
            "isa:<schema.org/DigitalDocument>"
        ],
        "count": 10.0
    },
    {
        "pset": [
            "<schema.org/author>",
            "<schema.org/dateModified>",
            "<schema.org/datePublished>",
            "<schema.org/description>",
            "<schema.org/interactivityType>",
            "<schema.org/isAccessibleForFree>",
            "<schema.org/isFamilyFriendly>",
            "<schema.org/name>",
            "<schema.org/publisher>",
            "<schema.org/thumbnailUrl>",
            "isa:<schema.org/DigitalDocument>"
        ],
        "count": 10.0
    },
    {
        "pset": [
            "<schema.org/author>",
            "<schema.org/image>",
            "<schema.org/mainEntityOfPage>",
            "<schema.org/name>",
            "<schema.org/url>",
            "isa:<schema.org/DigitalDocument>"
        ],
        "count": 9.0
    },
    {
        "pset": [
            "<schema.org/abstract>",
            "<schema.org/contributor>",
            "<schema.org/creator>",
            "<schema.org/datePublished>",
            "<schema.org/name>",
            "<schema.org/sourceOrganization>",
            "<schema.org/thumbnailUrl>",
            "<schema.org/url>",
            "isa:<schema.org/DigitalDocument>"
        ],
        "count": 9.0
    },
    {
        "pset": [
            "<schema.org/about>",
            "<schema.org/associatedMedia>",
            "<schema.org/author>",
            "<schema.org/dateModified>",
            "<schema.org/datePublished>",
            "<schema.org/description>",
            "<schema.org/headline>",
            "<schema.org/isAccessibleForFree>",
            "<schema.org/license>",
            "<schema.org/name>",
            "isa:<schema.org/DigitalDocument>"
        ],
        "count": 8.0
    },
    {
        "pset": [
            "<schema.org/name>",
            "<schema.org/thumbnailUrl>",
            "<schema.org/url>",
            "isa:<schema.org/DigitalDocument>"
        ],
        "count": 8.0
    },
    {
        "pset": [
            "<schema.org/author>",
            "<schema.org/description>",
            "<schema.org/fileFormat>",
            "<schema.org/name>",
            "<schema.org/url>",
            "isa:<schema.org/DigitalDocument>"
        ],
        "count": 7.0
    },
    {
        "pset": [
            "<schema.org/commentCount>",
            "<schema.org/datePublished>",
            "<schema.org/description>",
            "<schema.org/headline>",
            "<schema.org/image>",
            "<schema.org/mainEntityOfPage>",
            "<schema.org/name>",
            "<schema.org/publisher>",
            "<schema.org/url>",
            "isa:<schema.org/DigitalDocument>"
        ],
        "count": 7.0
    },
    {
        "pset": [
            "<schema.org/name>",
            "<schema.org/publisher>",
            "<schema.org/url>",
            "isa:<schema.org/DigitalDocument>"
        ],
        "count": 7.0
    },
    {
        "pset": [
            "<schema.org/creator>",
            "<schema.org/dateCreated>",
            "<schema.org/description>",
            "<schema.org/material>",
            "<schema.org/name>",
            "<schema.org/url>",
            "isa:<schema.org/DigitalDocument>"
        ],
        "count": 6.0
    },
    {
        "pset": [
            "<schema.org/description>",
            "<schema.org/image>",
            "<schema.org/name>",
            "isa:<schema.org/DigitalDocument>"
        ],
        "count": 6.0
    },
    {
        "pset": [
            "<schema.org/dateModified>",
            "<schema.org/datePublished>",
            "<schema.org/description>",
            "<schema.org/headline>",
            "<schema.org/image>",
            "<schema.org/name>",
            "<schema.org/publisher>",
            "<schema.org/url>",
            "isa:<schema.org/DigitalDocument>"
        ],
        "count": 6.0
    },
    {
        "pset": [
            "<schema.org/creator>",
            "<schema.org/dateCreated>",
            "<schema.org/image>",
            "<schema.org/material>",
            "<schema.org/name>",
            "<schema.org/url>",
            "isa:<schema.org/DigitalDocument>"
        ],
        "count": 5.0
    },
    {
        "pset": [
            "<schema.org/dateCreated>",
            "<schema.org/description>",
            "<schema.org/material>",
            "<schema.org/name>",
            "<schema.org/url>",
            "isa:<schema.org/DigitalDocument>"
        ],
        "count": 5.0
    },
    {
        "pset": [
            "<schema.org/author>",
            "<schema.org/dateModified>",
            "<schema.org/datePublished>",
            "<schema.org/description>",
            "<schema.org/encodingFormat>",
            "<schema.org/headline>",
            "<schema.org/identifier>",
            "<schema.org/inLanguage>",
            "<schema.org/name>",
            "<schema.org/publisher>",
            "<schema.org/url>",
            "isa:<schema.org/DigitalDocument>"
        ],
        "count": 5.0
    },
    {
        "pset": [
            "<schema.org/about>",
            "<schema.org/author>",
            "<schema.org/hasDigitalDocumentPermission>",
            "<schema.org/name>",
            "isa:<schema.org/DigitalDocument>"
        ],
        "count": 5.0
    },
    {
        "pset": [
            "<schema.org/about>",
            "<schema.org/author>",
            "<schema.org/datePublished>",
            "<schema.org/description>",
            "<schema.org/genre>",
            "<schema.org/hasDigitalDocumentPermission>",
            "<schema.org/identifier>",
            "<schema.org/inLanguage>",
            "<schema.org/name>",
            "<schema.org/url>",
            "<schema.org/version>",
            "isa:<schema.org/DigitalDocument>"
        ],
        "count": 4.0
    },
    {
        "pset": [
            "<schema.org/description>",
            "<schema.org/headline>",
            "<schema.org/name>",
            "<schema.org/url>",
            "isa:<schema.org/DigitalDocument>"
        ],
        "count": 4.0
    },
    {
        "pset": [
            "<schema.org/genre>",
            "<schema.org/hasDigitalDocumentPermission>",
            "<schema.org/headline>",
            "<schema.org/inLanguage>",
            "<schema.org/name>",
            "isa:<schema.org/DigitalDocument>"
        ],
        "count": 4.0
    },
    {
        "pset": [
            "<schema.org/author>",
            "<schema.org/dateModified>",
            "<schema.org/datePublished>",
            "<schema.org/description>",
            "<schema.org/headline>",
            "<schema.org/mainEntityOfPage>",
            "<schema.org/publisher>",
            "isa:<schema.org/DigitalDocument>"
        ],
        "count": 4.0
    },
    {
        "pset": [
            "<schema.org/author>",
            "<schema.org/description>",
            "<schema.org/mainEntityOfPage>",
            "<schema.org/name>",
            "isa:<schema.org/DigitalDocument>"
        ],
        "count": 4.0
    },
    {
        "pset": [
            "<schema.org/aggregateRating>",
            "<schema.org/brand>",
            "<schema.org/description>",
            "<schema.org/image>",
            "<schema.org/mainEntityOfPage>",
            "<schema.org/manufacturer>",
            "<schema.org/name>",
            "<schema.org/offers>",
            "<schema.org/review>",
            "<schema.org/sku>",
            "isa:<schema.org/DigitalDocument>",
            "isa:<schema.org/Product>"
        ],
        "count": 4.0
    },
    {
        "pset": [
            "<schema.org/description>",
            "<schema.org/fileFormat>",
            "<schema.org/name>",
            "<schema.org/url>",
            "isa:<schema.org/DigitalDocument>"
        ],
        "count": 3.0
    },
    {
        "pset": [
            "<schema.org/description>",
            "<schema.org/name>",
            "<schema.org/sameAs>",
            "isa:<schema.org/DigitalDocument>"
        ],
        "count": 3.0
    },
    {
        "pset": [
            "<schema.org/author>",
            "<schema.org/dateModified>",
            "<schema.org/datePublished>",
            "<schema.org/interactivityType>",
            "<schema.org/isAccessibleForFree>",
            "<schema.org/isFamilyFriendly>",
            "<schema.org/keywords>",
            "<schema.org/name>",
            "<schema.org/publisher>",
            "<schema.org/thumbnailUrl>",
            "isa:<schema.org/DigitalDocument>"
        ],
        "count": 3.0
    },
    {
        "pset": [
            "<schema.org/author>",
            "<schema.org/dateModified>",
            "<schema.org/datePublished>",
            "<schema.org/description>",
            "<schema.org/encodingFormat>",
            "<schema.org/headline>",
            "<schema.org/inLanguage>",
            "<schema.org/name>",
            "<schema.org/publisher>",
            "<schema.org/url>",
            "isa:<schema.org/DigitalDocument>"
        ],
        "count": 3.0
    },
    {
        "pset": [
            "<schema.org/about>",
            "<schema.org/author>",
            "<schema.org/dateModified>",
            "<schema.org/datePublished>",
            "<schema.org/description>",
            "<schema.org/image>",
            "<schema.org/inLanguage>",
            "<schema.org/mainEntityOfPage>",
            "<schema.org/name>",
            "<schema.org/publisher>",
            "<schema.org/url>",
            "isa:<schema.org/DigitalDocument>"
        ],
        "count": 3.0
    },
    {
        "pset": [
            "<schema.org/description>",
            "<schema.org/image>",
            "<schema.org/name>",
            "<schema.org/potentialAction>",
            "<schema.org/url>",
            "isa:<schema.org/DigitalDocument>"
        ],
        "count": 3.0
    },
    {
        "pset": [
            "<schema.org/author>",
            "<schema.org/hasDigitalDocumentPermission>",
            "<schema.org/name>",
            "isa:<schema.org/DigitalDocument>"
        ],
        "count": 3.0
    },
    {
        "pset": [
            "<schema.org/author>",
            "<schema.org/commentCount>",
            "<schema.org/datePublished>",
            "<schema.org/description>",
            "<schema.org/headline>",
            "<schema.org/image>",
            "<schema.org/mainEntityOfPage>",
            "<schema.org/name>",
            "<schema.org/publisher>",
            "<schema.org/url>",
            "isa:<schema.org/DigitalDocument>"
        ],
        "count": 3.0
    },
    {
        "pset": [
            "<schema.org/about>",
            "<schema.org/author>",
            "<schema.org/datePublished>",
            "<schema.org/description>",
            "<schema.org/genre>",
            "<schema.org/hasDigitalDocumentPermission>",
            "<schema.org/identifier>",
            "<schema.org/inLanguage>",
            "<schema.org/name>",
            "<schema.org/url>",
            "isa:<schema.org/DigitalDocument>"
        ],
        "count": 3.0
    },
    {
        "pset": [
            "<schema.org/author>",
            "<schema.org/image>",
            "<schema.org/mainEntityOfPage>",
            "<schema.org/name>",
            "isa:<schema.org/DigitalDocument>"
        ],
        "count": 3.0
    },
    {
        "pset": [
            "<schema.org/about>",
            "<schema.org/abstract>",
            "<schema.org/url>",
            "isa:<schema.org/DigitalDocument>"
        ],
        "count": 2.0
    },
    {
        "pset": [
            "<schema.org/description>",
            "<schema.org/hasDigitalDocumentPermission>",
            "<schema.org/name>",
            "<schema.org/object>",
            "<schema.org/url>",
            "isa:<schema.org/DigitalDocument>"
        ],
        "count": 2.0
    },
    {
        "pset": [
            "<schema.org/author>",
            "<schema.org/description>",
            "<schema.org/image>",
            "<schema.org/mainEntityOfPage>",
            "<schema.org/name>",
            "<schema.org/publisher>",
            "<schema.org/url>",
            "isa:<schema.org/DigitalDocument>"
        ],
        "count": 2.0
    },
    {
        "pset": [
            "<schema.org/about>",
            "<schema.org/author>",
            "<schema.org/dateModified>",
            "<schema.org/datePublished>",
            "<schema.org/description>",
            "<schema.org/image>",
            "<schema.org/inLanguage>",
            "<schema.org/mainEntityOfPage>",
            "<schema.org/name>",
            "<schema.org/publisher>",
            "<schema.org/url>",
            "<schema.org/workTranslation>",
            "isa:<schema.org/DigitalDocument>"
        ],
        "count": 2.0
    },
    {
        "pset": [
            "<schema.org/description>",
            "<schema.org/hasDigitalDocumentPermission>",
            "<schema.org/image>",
            "<schema.org/name>",
            "<schema.org/url>",
            "isa:<schema.org/DigitalDocument>"
        ],
        "count": 2.0
    },
    {
        "pset": [
            "<schema.org/author>",
            "<schema.org/dateModified>",
            "<schema.org/datePublished>",
            "<schema.org/description>",
            "<schema.org/headline>",
            "<schema.org/mainEntityOfPage>",
            "isa:<schema.org/DigitalDocument>"
        ],
        "count": 2.0
    },
    {
        "pset": [
            "<schema.org/alternateName>",
            "<schema.org/keywords>",
            "<schema.org/name>",
            "<schema.org/publisher>",
            "<schema.org/sameAs>",
            "<schema.org/url>",
            "isa:<schema.org/DigitalDocument>"
        ],
        "count": 2.0
    },
    {
        "pset": [
            "<schema.org/author>",
            "<schema.org/copyrightHolder>",
            "<schema.org/copyrightYear>",
            "<schema.org/dateCreated>",
            "<schema.org/dateModified>",
            "<schema.org/datePublished>",
            "<schema.org/description>",
            "<schema.org/headline>",
            "<schema.org/inLanguage>",
            "<schema.org/keywords>",
            "<schema.org/mainEntityOfPage>",
            "<schema.org/name>",
            "<schema.org/publisher>",
            "<schema.org/url>",
            "isa:<schema.org/DigitalDocument>"
        ],
        "count": 2.0
    },
    {
        "pset": [
            "<schema.org/author>",
            "<schema.org/mainEntityOfPage>",
            "<schema.org/name>",
            "<schema.org/url>",
            "isa:<schema.org/DigitalDocument>"
        ],
        "count": 2.0
    },
    {
        "pset": [
            "<schema.org/associatedMedia>",
            "<schema.org/author>",
            "<schema.org/dateModified>",
            "<schema.org/datePublished>",
            "<schema.org/description>",
            "<schema.org/headline>",
            "<schema.org/isAccessibleForFree>",
            "<schema.org/name>",
            "isa:<schema.org/DigitalDocument>"
        ],
        "count": 1.0
    },
    {
        "pset": [
            "<schema.org/archivedAt>",
            "<schema.org/author>",
            "<schema.org/datePublished>",
            "<schema.org/name>",
            "isa:<schema.org/DigitalDocument>"
        ],
        "count": 1.0
    },
    {
        "pset": [
            "<schema.org/image>",
            "isa:<schema.org/DigitalDocument>"
        ],
        "count": 1.0
    },
    {
        "pset": [
            "<schema.org/author>",
            "<schema.org/breadcrumb>",
            "<schema.org/dateModified>",
            "<schema.org/datePublished>",
            "<schema.org/description>",
            "<schema.org/identifier>",
            "<schema.org/inLanguage>",
            "<schema.org/isPartOf>",
            "<schema.org/keywords>",
            "<schema.org/name>",
            "<schema.org/offers>",
            "<schema.org/potentialAction>",
            "<schema.org/sameAs>",
            "<schema.org/url>",
            "isa:<schema.org/DigitalDocument>",
            "isa:<schema.org/WebPage>"
        ],
        "count": 1.0
    },
    {
        "pset": [
            "<schema.org/associatedMedia>",
            "<schema.org/author>",
            "<schema.org/dateModified>",
            "<schema.org/datePublished>",
            "<schema.org/description>",
            "<schema.org/headline>",
            "<schema.org/isAccessibleForFree>",
            "<schema.org/license>",
            "<schema.org/name>",
            "isa:<schema.org/DigitalDocument>"
        ],
        "count": 1.0
    },
    {
        "pset": [
            "<schema.org/about>",
            "<schema.org/accessMode>",
            "<schema.org/accessModeSufficient>",
            "<schema.org/alternativeHeadline>",
            "<schema.org/associatedMedia>",
            "<schema.org/author>",
            "<schema.org/contentLocation>",
            "<schema.org/contributor>",
            "<schema.org/copyrightHolder>",
            "<schema.org/creator>",
            "<schema.org/hasDigitalDocumentPermission>",
            "<schema.org/inLanguage>",
            "<schema.org/isAccessibleForFree>",
            "<schema.org/isFamilyFriendly>",
            "<schema.org/isPartOf>",
            "<schema.org/keywords>",
            "<schema.org/learningResourceType>",
            "<schema.org/license>",
            "<schema.org/mainEntity>",
            "<schema.org/mainEntityOfPage>",
            "<schema.org/mentions>",
            "<schema.org/name>",
            "isa:<schema.org/DigitalDocument>"
        ],
        "count": 1.0
    },
    {
        "pset": [
            "<schema.org/accessMode>",
            "<schema.org/description>",
            "<schema.org/encodingFormat>",
            "<schema.org/hasDigitalDocumentPermission>",
            "<schema.org/headline>",
            "<schema.org/inLanguage>",
            "<schema.org/mainEntityOfPage>",
            "<schema.org/name>",
            "<schema.org/subjectOf>",
            "<schema.org/url>",
            "isa:<schema.org/DigitalDocument>"
        ],
        "count": 1.0
    },
    {
        "pset": [
            "<schema.org/fileFormat>",
            "<schema.org/url>",
            "isa:<schema.org/DigitalDocument>"
        ],
        "count": 1.0
    },
    {
        "pset": [
            "<schema.org/datePublished>",
            "<schema.org/description>",
            "<schema.org/identifier>",
            "<schema.org/inLanguage>",
            "<schema.org/name>",
            "<schema.org/url>",
            "isa:<schema.org/DigitalDocument>"
        ],
        "count": 1.0
    },
    {
        "pset": [
            "<schema.org/description>",
            "<schema.org/name>",
            "isa:<schema.org/DigitalDocument>"
        ],
        "count": 1.0
    },
    {
        "pset": [
            "<schema.org/accessMode>",
            "<schema.org/description>",
            "<schema.org/encodingFormat>",
            "<schema.org/hasDigitalDocumentPermission>",
            "<schema.org/headline>",
            "<schema.org/inLanguage>",
            "<schema.org/isPartOf>",
            "<schema.org/mainEntityOfPage>",
            "<schema.org/name>",
            "<schema.org/url>",
            "isa:<schema.org/DigitalDocument>"
        ],
        "count": 1.0
    },
    {
        "pset": [
            "<schema.org/description>",
            "<schema.org/fileFormat>",
            "<schema.org/name>",
            "<schema.org/text>",
            "isa:<schema.org/DigitalDocument>"
        ],
        "count": 1.0
    },
    {
        "pset": [
            "<schema.org/encodingFormat>",
            "<schema.org/hasDigitalDocumentPermission>",
            "<schema.org/url>",
            "isa:<schema.org/DigitalDocument>"
        ],
        "count": 1.0
    },
    {
        "pset": [
            "<schema.org/alternateName>",
            "<schema.org/description>",
            "<schema.org/fileFormat>",
            "<schema.org/name>",
            "<schema.org/text>",
            "isa:<schema.org/DigitalDocument>"
        ],
        "count": 1.0
    },
    {
        "pset": [
            "<schema.org/Author>",
            "<schema.org/HasDigitalDocumentPermission>",
            "<schema.org/Name>",
            "isa:<schema.org/DigitalDocument>"
        ],
        "count": 1.0
    },
    {
        "pset": [
            "<schema.org/datePublished>",
            "<schema.org/description>",
            "<schema.org/inLanguage>",
            "<schema.org/name>",
            "<schema.org/url>",
            "isa:<schema.org/DigitalDocument>"
        ],
        "count": 1.0
    },
    {
        "pset": [
            "<schema.org/about>",
            "<schema.org/associatedMedia>",
            "<schema.org/author>",
            "<schema.org/contributor>",
            "<schema.org/copyrightHolder>",
            "<schema.org/countryOfOrigin>",
            "<schema.org/description>",
            "<schema.org/hasDigitalDocumentPermission>",
            "<schema.org/headline>",
            "<schema.org/inLanguage>",
            "<schema.org/isAccessibleForFree>",
            "<schema.org/isFamilyFriendly>",
            "<schema.org/license>",
            "<schema.org/mainEntity>",
            "<schema.org/mainEntityOfPage>",
            "<schema.org/name>",
            "<schema.org/sourceOrganization>",
            "<schema.org/typicalAgeRange>",
            "<schema.org/url>",
            "isa:<schema.org/DigitalDocument>"
        ],
        "count": 1.0
    },
    {
        "pset": [
            "<schema.org/additionalType>",
            "<schema.org/fileFormat>",
            "<schema.org/name>",
            "<schema.org/url>",
            "isa:<schema.org/DigitalDocument>"
        ],
        "count": 1.0
    }
]