[
    {
        "pset": [
            "<schema.org/name>",
            "isa:<schema.org/DrugStrength>"
        ],
        "count": 52540.0
    },
    {
        "pset": [
            "<schema.org/activeIngredient>",
            "<schema.org/strengthUnit>",
            "<schema.org/strengthValue>",
            "isa:<schema.org/DrugStrength>"
        ],
        "count": 10046.0
    },
    {
        "pset": [
            "<schema.org/strengthUnit>",
            "isa:<schema.org/DrugStrength>"
        ],
        "count": 3982.0
    },
    {
        "pset": [
            "<schema.org/activeIngredient>",
            "isa:<schema.org/DrugStrength>"
        ],
        "count": 314.0
    },
    {
        "pset": [
            "<schema.org/strengthUnit>",
            "<schema.org/strengthValue>",
            "isa:<schema.org/DrugStrength>"
        ],
        "count": 171.0
    },
    {
        "pset": [
            "<schema.org/strengthValue>",
            "isa:<schema.org/DrugStrength>"
        ],
        "count": 21.0
    },
    {
        "pset": [
            "<schema.org/URL>",
            "<schema.org/about>",
            "<schema.org/abstract>",
            "<schema.org/activeingredient>",
            "<schema.org/administrationRoute>",
            "<schema.org/adverseOutcome>",
            "<schema.org/audience>",
            "<schema.org/breadcrumb>",
            "<schema.org/breastfeedingWarning>",
            "<schema.org/description>",
            "<schema.org/dosageform>",
            "<schema.org/drug>",
            "<schema.org/guideline>",
            "<schema.org/headline>",
            "<schema.org/image>",
            "<schema.org/isProprietary>",
            "<schema.org/keywords>",
            "<schema.org/manufacturer>",
            "<schema.org/name>",
            "<schema.org/prescribingInfo>",
            "<schema.org/recognizingauthority>",
            "<schema.org/sameas>",
            "<schema.org/seriousAdverseOutcome>",
            "<schema.org/speakable>",
            "<schema.org/strengthUnit>",
            "<schema.org/strengthValue>",
            "<schema.org/text>",
            "isa:<schema.org/Drug>",
            "isa:<schema.org/DrugStrength>",
            "isa:<schema.org/MedicalWebPage>",
            "isa:<schema.org/Medicaltherapy>",
            "isa:<schema.org/approvedindication>"
        ],
        "count": 3.0
    },
    {
        "pset": [
            "<schema.org/URL>",
            "<schema.org/about>",
            "<schema.org/activeingredient>",
            "<schema.org/administrationRoute>",
            "<schema.org/adverseOutcome>",
            "<schema.org/audience>",
            "<schema.org/breadcrumb>",
            "<schema.org/description>",
            "<schema.org/drug>",
            "<schema.org/drugUnit>",
            "<schema.org/guideline>",
            "<schema.org/headline>",
            "<schema.org/healthCondition>",
            "<schema.org/image>",
            "<schema.org/isProprietary>",
            "<schema.org/keywords>",
            "<schema.org/manufacturer>",
            "<schema.org/name>",
            "<schema.org/prescribingInfo>",
            "<schema.org/recognizingauthority>",
            "<schema.org/speakable>",
            "<schema.org/strengthUnit>",
            "<schema.org/strengthValue>",
            "<schema.org/warning>",
            "isa:<schema.org/Drug>",
            "isa:<schema.org/DrugStrength>",
            "isa:<schema.org/MedicalStudy>",
            "isa:<schema.org/MedicalWebPage>",
            "isa:<schema.org/Medicaltherapy>",
            "isa:<schema.org/approvedindication>"
        ],
        "count": 3.0
    },
    {
        "pset": [
            "<schema.org/URL>",
            "<schema.org/about>",
            "<schema.org/abstract>",
            "<schema.org/activeingredient>",
            "<schema.org/administrationRoute>",
            "<schema.org/audience>",
            "<schema.org/breadcrumb>",
            "<schema.org/description>",
            "<schema.org/drug>",
            "<schema.org/drugUnit>",
            "<schema.org/guideline>",
            "<schema.org/headline>",
            "<schema.org/healthCondition>",
            "<schema.org/image>",
            "<schema.org/isProprietary>",
            "<schema.org/keywords>",
            "<schema.org/manufacturer>",
            "<schema.org/name>",
            "<schema.org/prescribingInfo>",
            "<schema.org/recognizingauthority>",
            "<schema.org/speakable>",
            "<schema.org/strengthUnit>",
            "<schema.org/strengthValue>",
            "<schema.org/warning>",
            "isa:<schema.org/Drug>",
            "isa:<schema.org/DrugStrength>",
            "isa:<schema.org/MedicalStudy>",
            "isa:<schema.org/MedicalWebPage>",
            "isa:<schema.org/Medicaltherapy>",
            "isa:<schema.org/approvedindication>"
        ],
        "count": 2.0
    },
    {
        "pset": [
            "<schema.org/URL>",
            "<schema.org/about>",
            "<schema.org/abstract>",
            "<schema.org/activeingredient>",
            "<schema.org/administrationRoute>",
            "<schema.org/audience>",
            "<schema.org/breadcrumb>",
            "<schema.org/contraindication>",
            "<schema.org/description>",
            "<schema.org/drug>",
            "<schema.org/drugUnit>",
            "<schema.org/guideline>",
            "<schema.org/headline>",
            "<schema.org/healthCondition>",
            "<schema.org/image>",
            "<schema.org/isProprietary>",
            "<schema.org/keywords>",
            "<schema.org/manufacturer>",
            "<schema.org/name>",
            "<schema.org/prescribingInfo>",
            "<schema.org/recognizingauthority>",
            "<schema.org/speakable>",
            "<schema.org/strengthUnit>",
            "<schema.org/strengthValue>",
            "<schema.org/warning>",
            "isa:<schema.org/Drug>",
            "isa:<schema.org/DrugStrength>",
            "isa:<schema.org/MedicalStudy>",
            "isa:<schema.org/MedicalWebPage>",
            "isa:<schema.org/Medicaltherapy>",
            "isa:<schema.org/approvedindication>"
        ],
        "count": 2.0
    },
    {
        "pset": [
            "<schema.org/URL>",
            "<schema.org/about>",
            "<schema.org/abstract>",
            "<schema.org/activeingredient>",
            "<schema.org/administrationRoute>",
            "<schema.org/adverseOutcome>",
            "<schema.org/audience>",
            "<schema.org/breadcrumb>",
            "<schema.org/description>",
            "<schema.org/drug>",
            "<schema.org/drugUnit>",
            "<schema.org/guideline>",
            "<schema.org/headline>",
            "<schema.org/image>",
            "<schema.org/interactingDrug>",
            "<schema.org/isProprietary>",
            "<schema.org/keywords>",
            "<schema.org/manufacturer>",
            "<schema.org/mechanismOfAction>",
            "<schema.org/name>",
            "<schema.org/prescribingInfo>",
            "<schema.org/recognizingauthority>",
            "<schema.org/sameas>",
            "<schema.org/seriousAdverseOutcome>",
            "<schema.org/speakable>",
            "<schema.org/strengthUnit>",
            "<schema.org/strengthValue>",
            "<schema.org/text>",
            "<schema.org/warning>",
            "isa:<schema.org/Drug>",
            "isa:<schema.org/DrugCost>",
            "isa:<schema.org/DrugStrength>",
            "isa:<schema.org/MedicalWebPage>",
            "isa:<schema.org/Medicaltherapy>",
            "isa:<schema.org/approvedindication>"
        ],
        "count": 2.0
    },
    {
        "pset": [
            "<schema.org/URL>",
            "<schema.org/about>",
            "<schema.org/abstract>",
            "<schema.org/activeingredient>",
            "<schema.org/administrationRoute>",
            "<schema.org/adverseOutcome>",
            "<schema.org/audience>",
            "<schema.org/breadcrumb>",
            "<schema.org/description>",
            "<schema.org/drug>",
            "<schema.org/drugUnit>",
            "<schema.org/guideline>",
            "<schema.org/headline>",
            "<schema.org/image>",
            "<schema.org/interactingDrug>",
            "<schema.org/isProprietary>",
            "<schema.org/keywords>",
            "<schema.org/manufacturer>",
            "<schema.org/mechanismOfAction>",
            "<schema.org/name>",
            "<schema.org/prescribingInfo>",
            "<schema.org/recognizingauthority>",
            "<schema.org/sameas>",
            "<schema.org/seriousAdverseOutcome>",
            "<schema.org/speakable>",
            "<schema.org/strengthUnit>",
            "<schema.org/strengthValue>",
            "<schema.org/text>",
            "<schema.org/warning>",
            "isa:<schema.org/Drug>",
            "isa:<schema.org/DrugStrength>",
            "isa:<schema.org/MedicalWebPage>",
            "isa:<schema.org/Medicaltherapy>",
            "isa:<schema.org/approvedindication>"
        ],
        "count": 2.0
    },
    {
        "pset": [
            "<schema.org/URL>",
            "<schema.org/about>",
            "<schema.org/abstract>",
            "<schema.org/activeingredient>",
            "<schema.org/administrationRoute>",
            "<schema.org/adverseOutcome>",
            "<schema.org/audience>",
            "<schema.org/breadcrumb>",
            "<schema.org/description>",
            "<schema.org/drug>",
            "<schema.org/drugUnit>",
            "<schema.org/guideline>",
            "<schema.org/headline>",
            "<schema.org/healthCondition>",
            "<schema.org/image>",
            "<schema.org/isProprietary>",
            "<schema.org/keywords>",
            "<schema.org/manufacturer>",
            "<schema.org/name>",
            "<schema.org/prescribingInfo>",
            "<schema.org/recognizingauthority>",
            "<schema.org/speakable>",
            "<schema.org/strengthUnit>",
            "<schema.org/strengthValue>",
            "<schema.org/study>",
            "<schema.org/warning>",
            "isa:<schema.org/Drug>",
            "isa:<schema.org/DrugStrength>",
            "isa:<schema.org/MedicalStudy>",
            "isa:<schema.org/MedicalWebPage>",
            "isa:<schema.org/Medicaltherapy>",
            "isa:<schema.org/approvedindication>"
        ],
        "count": 1.0
    },
    {
        "pset": [
            "<schema.org/URL>",
            "<schema.org/about>",
            "<schema.org/abstract>",
            "<schema.org/activeingredient>",
            "<schema.org/administrationRoute>",
            "<schema.org/adverseOutcome>",
            "<schema.org/audience>",
            "<schema.org/breadcrumb>",
            "<schema.org/breastfeedingWarning>",
            "<schema.org/description>",
            "<schema.org/dosageform>",
            "<schema.org/drug>",
            "<schema.org/guideline>",
            "<schema.org/headline>",
            "<schema.org/image>",
            "<schema.org/isProprietary>",
            "<schema.org/keywords>",
            "<schema.org/manufacturer>",
            "<schema.org/name>",
            "<schema.org/prescribingInfo>",
            "<schema.org/recognizingauthority>",
            "<schema.org/sameas>",
            "<schema.org/seriousAdverseOutcome>",
            "<schema.org/speakable>",
            "<schema.org/strengthUnit>",
            "<schema.org/strengthValue>",
            "<schema.org/text>",
            "isa:<schema.org/Drug>",
            "isa:<schema.org/DrugCost>",
            "isa:<schema.org/DrugStrength>",
            "isa:<schema.org/MedicalWebPage>",
            "isa:<schema.org/Medicaltherapy>",
            "isa:<schema.org/approvedindication>"
        ],
        "count": 1.0
    },
    {
        "pset": [
            "<schema.org/URL>",
            "<schema.org/about>",
            "<schema.org/abstract>",
            "<schema.org/activeingredient>",
            "<schema.org/administrationRoute>",
            "<schema.org/adverseOutcome>",
            "<schema.org/audience>",
            "<schema.org/breadcrumb>",
            "<schema.org/breastfeedingWarning>",
            "<schema.org/description>",
            "<schema.org/dosageform>",
            "<schema.org/drug>",
            "<schema.org/guideline>",
            "<schema.org/headline>",
            "<schema.org/image>",
            "<schema.org/isProprietary>",
            "<schema.org/keywords>",
            "<schema.org/manufacturer>",
            "<schema.org/mechanismOfAction>",
            "<schema.org/name>",
            "<schema.org/prescribingInfo>",
            "<schema.org/recognizingauthority>",
            "<schema.org/sameas>",
            "<schema.org/seriousAdverseOutcome>",
            "<schema.org/speakable>",
            "<schema.org/strengthUnit>",
            "<schema.org/strengthValue>",
            "<schema.org/text>",
            "isa:<schema.org/Drug>",
            "isa:<schema.org/DrugStrength>",
            "isa:<schema.org/MedicalWebPage>",
            "isa:<schema.org/Medicaltherapy>",
            "isa:<schema.org/approvedindication>"
        ],
        "count": 1.0
    },
    {
        "pset": [
            "<schema.org/URL>",
            "<schema.org/about>",
            "<schema.org/abstract>",
            "<schema.org/activeingredient>",
            "<schema.org/administrationRoute>",
            "<schema.org/adverseOutcome>",
            "<schema.org/audience>",
            "<schema.org/breadcrumb>",
            "<schema.org/description>",
            "<schema.org/drug>",
            "<schema.org/drugUnit>",
            "<schema.org/guideline>",
            "<schema.org/headline>",
            "<schema.org/healthCondition>",
            "<schema.org/image>",
            "<schema.org/interactingDrug>",
            "<schema.org/isProprietary>",
            "<schema.org/keywords>",
            "<schema.org/manufacturer>",
            "<schema.org/mechanismOfAction>",
            "<schema.org/name>",
            "<schema.org/prescribingInfo>",
            "<schema.org/recognizingauthority>",
            "<schema.org/sameas>",
            "<schema.org/seriousAdverseOutcome>",
            "<schema.org/speakable>",
            "<schema.org/strengthUnit>",
            "<schema.org/strengthValue>",
            "<schema.org/study>",
            "<schema.org/text>",
            "<schema.org/warning>",
            "isa:<schema.org/Drug>",
            "isa:<schema.org/DrugStrength>",
            "isa:<schema.org/MedicalStudy>",
            "isa:<schema.org/MedicalWebPage>",
            "isa:<schema.org/Medicaltherapy>",
            "isa:<schema.org/approvedindication>"
        ],
        "count": 1.0
    },
    {
        "pset": [
            "<schema.org/URL>",
            "<schema.org/about>",
            "<schema.org/abstract>",
            "<schema.org/activeingredient>",
            "<schema.org/administrationRoute>",
            "<schema.org/adverseOutcome>",
            "<schema.org/audience>",
            "<schema.org/breadcrumb>",
            "<schema.org/drug>",
            "<schema.org/drugUnit>",
            "<schema.org/guideline>",
            "<schema.org/headline>",
            "<schema.org/image>",
            "<schema.org/interactingDrug>",
            "<schema.org/isProprietary>",
            "<schema.org/keywords>",
            "<schema.org/manufacturer>",
            "<schema.org/mechanismOfAction>",
            "<schema.org/name>",
            "<schema.org/prescribingInfo>",
            "<schema.org/recognizingauthority>",
            "<schema.org/sameas>",
            "<schema.org/seriousAdverseOutcome>",
            "<schema.org/speakable>",
            "<schema.org/strengthUnit>",
            "<schema.org/strengthValue>",
            "<schema.org/text>",
            "<schema.org/warning>",
            "isa:<schema.org/Drug>",
            "isa:<schema.org/DrugStrength>",
            "isa:<schema.org/MedicalWebPage>",
            "isa:<schema.org/Medicaltherapy>",
            "isa:<schema.org/approvedindication>"
        ],
        "count": 1.0
    },
    {
        "pset": [
            "<schema.org/URL>",
            "<schema.org/about>",
            "<schema.org/abstract>",
            "<schema.org/activeingredient>",
            "<schema.org/administrationRoute>",
            "<schema.org/adverseOutcome>",
            "<schema.org/audience>",
            "<schema.org/breadcrumb>",
            "<schema.org/breastfeedingWarning>",
            "<schema.org/description>",
            "<schema.org/dosageform>",
            "<schema.org/drug>",
            "<schema.org/guideline>",
            "<schema.org/image>",
            "<schema.org/isProprietary>",
            "<schema.org/keywords>",
            "<schema.org/manufacturer>",
            "<schema.org/name>",
            "<schema.org/prescribingInfo>",
            "<schema.org/recognizingauthority>",
            "<schema.org/sameas>",
            "<schema.org/seriousAdverseOutcome>",
            "<schema.org/speakable>",
            "<schema.org/strengthUnit>",
            "<schema.org/strengthValue>",
            "<schema.org/text>",
            "<schema.org/trialDesign>",
            "isa:<schema.org/Drug>",
            "isa:<schema.org/DrugStrength>",
            "isa:<schema.org/MedicalTrial>",
            "isa:<schema.org/MedicalWebPage>",
            "isa:<schema.org/Medicaltherapy>",
            "isa:<schema.org/approvedindication>"
        ],
        "count": 1.0
    },
    {
        "pset": [
            "<schema.org/URL>",
            "<schema.org/about>",
            "<schema.org/abstract>",
            "<schema.org/activeingredient>",
            "<schema.org/administrationRoute>",
            "<schema.org/adverseOutcome>",
            "<schema.org/audience>",
            "<schema.org/breadcrumb>",
            "<schema.org/breastfeedingWarning>",
            "<schema.org/description>",
            "<schema.org/dosageform>",
            "<schema.org/drug>",
            "<schema.org/guideline>",
            "<schema.org/headline>",
            "<schema.org/image>",
            "<schema.org/isProprietary>",
            "<schema.org/keywords>",
            "<schema.org/mainEntity>",
            "<schema.org/manufacturer>",
            "<schema.org/name>",
            "<schema.org/prescribingInfo>",
            "<schema.org/recognizingauthority>",
            "<schema.org/sameas>",
            "<schema.org/seriousAdverseOutcome>",
            "<schema.org/speakable>",
            "<schema.org/strengthUnit>",
            "<schema.org/strengthValue>",
            "isa:<schema.org/Drug>",
            "isa:<schema.org/DrugStrength>",
            "isa:<schema.org/MedicalWebPage>",
            "isa:<schema.org/Medicaltherapy>",
            "isa:<schema.org/approvedindication>"
        ],
        "count": 1.0
    },
    {
        "pset": [
            "<schema.org/URL>",
            "<schema.org/about>",
            "<schema.org/abstract>",
            "<schema.org/activeingredient>",
            "<schema.org/administrationRoute>",
            "<schema.org/adverseOutcome>",
            "<schema.org/audience>",
            "<schema.org/breadcrumb>",
            "<schema.org/description>",
            "<schema.org/drug>",
            "<schema.org/drugUnit>",
            "<schema.org/guideline>",
            "<schema.org/image>",
            "<schema.org/interactingDrug>",
            "<schema.org/isProprietary>",
            "<schema.org/keywords>",
            "<schema.org/manufacturer>",
            "<schema.org/mechanismOfAction>",
            "<schema.org/name>",
            "<schema.org/prescribingInfo>",
            "<schema.org/primaryImageOfPage>",
            "<schema.org/recognizingauthority>",
            "<schema.org/sameas>",
            "<schema.org/seriousAdverseOutcome>",
            "<schema.org/speakable>",
            "<schema.org/strengthUnit>",
            "<schema.org/strengthValue>",
            "<schema.org/warning>",
            "isa:<schema.org/Drug>",
            "isa:<schema.org/DrugStrength>",
            "isa:<schema.org/MedicalWebPage>",
            "isa:<schema.org/Medicaltherapy>",
            "isa:<schema.org/approvedindication>"
        ],
        "count": 1.0
    },
    {
        "pset": [
            "<schema.org/URL>",
            "<schema.org/about>",
            "<schema.org/activeingredient>",
            "<schema.org/administrationRoute>",
            "<schema.org/adverseOutcome>",
            "<schema.org/audience>",
            "<schema.org/breadcrumb>",
            "<schema.org/breastfeedingWarning>",
            "<schema.org/description>",
            "<schema.org/dosageform>",
            "<schema.org/doseUnit>",
            "<schema.org/dosevalue>",
            "<schema.org/drug>",
            "<schema.org/guideline>",
            "<schema.org/headline>",
            "<schema.org/image>",
            "<schema.org/isProprietary>",
            "<schema.org/keywords>",
            "<schema.org/manufacturer>",
            "<schema.org/name>",
            "<schema.org/prescribingInfo>",
            "<schema.org/recognizingauthority>",
            "<schema.org/sameas>",
            "<schema.org/seriousAdverseOutcome>",
            "<schema.org/speakable>",
            "<schema.org/strengthUnit>",
            "<schema.org/strengthValue>",
            "<schema.org/text>",
            "isa:<schema.org/DoseSchedule>",
            "isa:<schema.org/Drug>",
            "isa:<schema.org/DrugStrength>",
            "isa:<schema.org/MedicalTrial>",
            "isa:<schema.org/MedicalWebPage>",
            "isa:<schema.org/Medicaltherapy>",
            "isa:<schema.org/approvedindication>"
        ],
        "count": 1.0
    }
]