[
    {
        "pset": [
            "<schema.org/applicableLocation>",
            "<schema.org/code>",
            "<schema.org/costCategory>",
            "<schema.org/costCurrency>",
            "<schema.org/costPerUnit>",
            "<schema.org/drugUnit>",
            "isa:<schema.org/DrugCost>"
        ],
        "count": 1956.0
    },
    {
        "pset": [
            "<schema.org/costPerUnit>",
            "isa:<schema.org/DrugCost>"
        ],
        "count": 1285.0
    },
    {
        "pset": [
            "<schema.org/costPerUnit>",
            "<schema.org/drugUnit>",
            "isa:<schema.org/DrugCost>"
        ],
        "count": 257.0
    },
    {
        "pset": [
            "<schema.org/applicableLocation>",
            "<schema.org/costCurrency>",
            "<schema.org/costOrigin>",
            "<schema.org/costPerUnit>",
            "<schema.org/drugUnit>",
            "isa:<schema.org/DrugCost>"
        ],
        "count": 143.0
    },
    {
        "pset": [
            "<schema.org/alternateName>",
            "<schema.org/costCurrency>",
            "<schema.org/costPerUnit>",
            "<schema.org/description>",
            "<schema.org/drugUnit>",
            "<schema.org/name>",
            "<schema.org/prescriptionStatus>",
            "<schema.org/proprietaryName>",
            "isa:<schema.org/Drug>",
            "isa:<schema.org/DrugCost>"
        ],
        "count": 62.0
    },
    {
        "pset": [
            "<schema.org/applicableLocation>",
            "<schema.org/costCurrency>",
            "<schema.org/costPerUnit>",
            "<schema.org/drugUnit>",
            "isa:<schema.org/DrugCost>"
        ],
        "count": 43.0
    },
    {
        "pset": [
            "<schema.org/alternateName>",
            "<schema.org/costCurrency>",
            "<schema.org/costOrigin>",
            "<schema.org/costPerUnit>",
            "<schema.org/mainEntityOfPage>",
            "<schema.org/name>",
            "isa:<schema.org/DrugCost>"
        ],
        "count": 36.0
    },
    {
        "pset": [
            "<schema.org/costCategory>",
            "<schema.org/costCurrency>",
            "<schema.org/costPerUnit>",
            "<schema.org/name>",
            "isa:<schema.org/DrugCost>"
        ],
        "count": 8.0
    },
    {
        "pset": [
            "<schema.org/costPerUnit>",
            "<schema.org/description>",
            "<schema.org/drugUnit>",
            "isa:<schema.org/DrugCost>"
        ],
        "count": 2.0
    },
    {
        "pset": [
            "<schema.org/costCurrency>",
            "<schema.org/costPerUnit>",
            "<schema.org/drugUnit>",
            "isa:<schema.org/DrugCost>"
        ],
        "count": 2.0
    },
    {
        "pset": [
            "<schema.org/URL>",
            "<schema.org/about>",
            "<schema.org/abstract>",
            "<schema.org/activeingredient>",
            "<schema.org/administrationRoute>",
            "<schema.org/adverseOutcome>",
            "<schema.org/audience>",
            "<schema.org/breadcrumb>",
            "<schema.org/description>",
            "<schema.org/drug>",
            "<schema.org/drugUnit>",
            "<schema.org/guideline>",
            "<schema.org/headline>",
            "<schema.org/image>",
            "<schema.org/interactingDrug>",
            "<schema.org/isProprietary>",
            "<schema.org/keywords>",
            "<schema.org/manufacturer>",
            "<schema.org/mechanismOfAction>",
            "<schema.org/name>",
            "<schema.org/prescribingInfo>",
            "<schema.org/recognizingauthority>",
            "<schema.org/sameas>",
            "<schema.org/seriousAdverseOutcome>",
            "<schema.org/speakable>",
            "<schema.org/strengthUnit>",
            "<schema.org/strengthValue>",
            "<schema.org/text>",
            "<schema.org/warning>",
            "isa:<schema.org/Drug>",
            "isa:<schema.org/DrugCost>",
            "isa:<schema.org/DrugStrength>",
            "isa:<schema.org/MedicalWebPage>",
            "isa:<schema.org/Medicaltherapy>",
            "isa:<schema.org/approvedindication>"
        ],
        "count": 2.0
    },
    {
        "pset": [
            "<schema.org/URL>",
            "<schema.org/about>",
            "<schema.org/abstract>",
            "<schema.org/activeingredient>",
            "<schema.org/administrationRoute>",
            "<schema.org/adverseOutcome>",
            "<schema.org/audience>",
            "<schema.org/breadcrumb>",
            "<schema.org/breastfeedingWarning>",
            "<schema.org/description>",
            "<schema.org/dosageform>",
            "<schema.org/drug>",
            "<schema.org/guideline>",
            "<schema.org/headline>",
            "<schema.org/image>",
            "<schema.org/isProprietary>",
            "<schema.org/keywords>",
            "<schema.org/manufacturer>",
            "<schema.org/name>",
            "<schema.org/prescribingInfo>",
            "<schema.org/recognizingauthority>",
            "<schema.org/sameas>",
            "<schema.org/seriousAdverseOutcome>",
            "<schema.org/speakable>",
            "<schema.org/strengthUnit>",
            "<schema.org/strengthValue>",
            "<schema.org/text>",
            "isa:<schema.org/Drug>",
            "isa:<schema.org/DrugCost>",
            "isa:<schema.org/DrugStrength>",
            "isa:<schema.org/MedicalWebPage>",
            "isa:<schema.org/Medicaltherapy>",
            "isa:<schema.org/approvedindication>"
        ],
        "count": 1.0
    },
    {
        "pset": [
            "<schema.org/costCategory>",
            "<schema.org/costCurrency>",
            "<schema.org/costOrigin>",
            "<schema.org/description>",
            "isa:<schema.org/DrugCost>"
        ],
        "count": 1.0
    },
    {
        "pset": [
            "<schema.org/URL>",
            "<schema.org/about>",
            "<schema.org/abstract>",
            "<schema.org/activeingredient>",
            "<schema.org/administrationRoute>",
            "<schema.org/audience>",
            "<schema.org/breadcrumb>",
            "<schema.org/costOrigin>",
            "<schema.org/description>",
            "<schema.org/drug>",
            "<schema.org/guideline>",
            "<schema.org/isProprietary>",
            "<schema.org/keywords>",
            "<schema.org/mainEntity>",
            "<schema.org/manufacturer>",
            "<schema.org/name>",
            "<schema.org/recognizingAuthority>",
            "<schema.org/speakable>",
            "<schema.org/specialty>",
            "isa:<schema.org/Drug>",
            "isa:<schema.org/DrugCost>",
            "isa:<schema.org/MedicalWebPage>",
            "isa:<schema.org/Medicaltherapy>",
            "isa:<schema.org/approvedindication>",
            "isa:<schema.org/medicaldevice>"
        ],
        "count": 1.0
    },
    {
        "pset": [
            "<schema.org/name>",
            "isa:<schema.org/DrugCost>"
        ],
        "count": 1.0
    }
]