[
    {
        "pset": [
            "<schema.org/address>",
            "<schema.org/email>",
            "<schema.org/geo>",
            "<schema.org/image>",
            "<schema.org/name>",
            "<schema.org/openingHours>",
            "<schema.org/openingHoursSpecification>",
            "<schema.org/paymentAccepted>",
            "<schema.org/priceRange>",
            "<schema.org/telePhone>",
            "<schema.org/url>",
            "isa:<schema.org/EmergencyService>"
        ],
        "count": 643.0
    },
    {
        "pset": [
            "<schema.org/address>",
            "<schema.org/alternateName>",
            "<schema.org/geo>",
            "<schema.org/name>",
            "<schema.org/priceRange>",
            "<schema.org/sameAs>",
            "isa:<schema.org/EmergencyService>"
        ],
        "count": 532.0
    },
    {
        "pset": [
            "<schema.org/address>",
            "<schema.org/email>",
            "<schema.org/faxNumber>",
            "<schema.org/image>",
            "<schema.org/logo>",
            "<schema.org/name>",
            "<schema.org/telephone>",
            "<schema.org/url>",
            "isa:<schema.org/EmergencyService>"
        ],
        "count": 485.0
    },
    {
        "pset": [
            "<schema.org/ContactPoint>",
            "<schema.org/address>",
            "<schema.org/aggregateRating>",
            "<schema.org/geo>",
            "<schema.org/hasMap>",
            "<schema.org/image>",
            "<schema.org/name>",
            "<schema.org/openingHoursSpecification>",
            "<schema.org/priceRange>",
            "<schema.org/telephone>",
            "<schema.org/url>",
            "isa:<schema.org/EmergencyService>"
        ],
        "count": 416.0
    },
    {
        "pset": [
            "<schema.org/address>",
            "<schema.org/areaServed>",
            "<schema.org/contactPoint>",
            "<schema.org/description>",
            "<schema.org/geo>",
            "<schema.org/hasmap>",
            "<schema.org/image>",
            "<schema.org/name>",
            "<schema.org/openingHoursSpecification>",
            "<schema.org/parentOrganization>",
            "<schema.org/priceRange>",
            "isa:<schema.org/EmergencyService>"
        ],
        "count": 300.0
    },
    {
        "pset": [
            "<schema.org/address>",
            "<schema.org/geo>",
            "<schema.org/image>",
            "<schema.org/name>",
            "<schema.org/openingHoursSpecification>",
            "<schema.org/priceRange>",
            "<schema.org/telephone>",
            "<schema.org/url>",
            "isa:<schema.org/EmergencyService>"
        ],
        "count": 292.0
    },
    {
        "pset": [
            "<schema.org/address>",
            "<schema.org/aggregateRating>",
            "<schema.org/contactPoint>",
            "<schema.org/description>",
            "<schema.org/geo>",
            "<schema.org/hasMap>",
            "<schema.org/image>",
            "<schema.org/logo>",
            "<schema.org/name>",
            "<schema.org/openingHours>",
            "<schema.org/url>",
            "isa:<schema.org/EmergencyService>"
        ],
        "count": 239.0
    },
    {
        "pset": [
            "<schema.org/ContactPoint>",
            "<schema.org/address>",
            "<schema.org/description>",
            "<schema.org/image>",
            "<schema.org/name>",
            "<schema.org/telephone>",
            "<schema.org/url>",
            "isa:<schema.org/EmergencyService>"
        ],
        "count": 239.0
    },
    {
        "pset": [
            "<schema.org/address>",
            "<schema.org/description>",
            "<schema.org/image>",
            "<schema.org/name>",
            "<schema.org/openingHours>",
            "<schema.org/telephone>",
            "<schema.org/url>",
            "isa:<schema.org/EmergencyService>"
        ],
        "count": 239.0
    },
    {
        "pset": [
            "<schema.org/address>",
            "<schema.org/contactPoint>",
            "<schema.org/description>",
            "<schema.org/geo>",
            "<schema.org/image>",
            "<schema.org/logo>",
            "<schema.org/name>",
            "<schema.org/openingHours>",
            "<schema.org/priceRange>",
            "<schema.org/sameAs>",
            "<schema.org/telephone>",
            "<schema.org/url>",
            "isa:<schema.org/EmergencyService>"
        ],
        "count": 237.0
    },
    {
        "pset": [
            "<schema.org/address>",
            "<schema.org/image>",
            "<schema.org/name>",
            "<schema.org/openingHoursSpecification>",
            "<schema.org/telephone>",
            "<schema.org/url>",
            "isa:<schema.org/EmergencyService>"
        ],
        "count": 209.0
    },
    {
        "pset": [
            "<schema.org/address>",
            "<schema.org/description>",
            "<schema.org/image>",
            "<schema.org/logo>",
            "<schema.org/name>",
            "<schema.org/openingHours>",
            "<schema.org/priceRange>",
            "<schema.org/telephone>",
            "<schema.org/url>",
            "isa:<schema.org/EmergencyService>"
        ],
        "count": 192.0
    },
    {
        "pset": [
            "<schema.org/description>",
            "<schema.org/image>",
            "<schema.org/logo>",
            "<schema.org/name>",
            "<schema.org/openingHours>",
            "<schema.org/url>",
            "isa:<schema.org/EmergencyService>"
        ],
        "count": 184.0
    },
    {
        "pset": [
            "<schema.org/ContactPoint>",
            "<schema.org/address>",
            "<schema.org/geo>",
            "<schema.org/image>",
            "<schema.org/name>",
            "<schema.org/openingHoursSpecification>",
            "<schema.org/priceRange>",
            "<schema.org/telephone>",
            "<schema.org/url>",
            "isa:<schema.org/EmergencyService>"
        ],
        "count": 112.0
    },
    {
        "pset": [
            "<schema.org/address>",
            "<schema.org/aggregateRating>",
            "<schema.org/geo>",
            "<schema.org/image>",
            "<schema.org/name>",
            "<schema.org/openingHoursSpecification>",
            "<schema.org/priceRange>",
            "<schema.org/telephone>",
            "<schema.org/url>",
            "isa:<schema.org/EmergencyService>"
        ],
        "count": 107.0
    },
    {
        "pset": [
            "<schema.org/address>",
            "<schema.org/image>",
            "<schema.org/name>",
            "<schema.org/openingHoursSpecification>",
            "<schema.org/priceRange>",
            "<schema.org/telephone>",
            "<schema.org/url>",
            "isa:<schema.org/EmergencyService>"
        ],
        "count": 107.0
    },
    {
        "pset": [
            "<schema.org/address>",
            "<schema.org/geo>",
            "<schema.org/image>",
            "<schema.org/name>",
            "<schema.org/openingHoursSpecification>",
            "<schema.org/priceRange>",
            "<schema.org/sameAs>",
            "<schema.org/telephone>",
            "<schema.org/url>",
            "isa:<schema.org/EmergencyService>"
        ],
        "count": 103.0
    },
    {
        "pset": [
            "<schema.org/address>",
            "<schema.org/contactPoint>",
            "<schema.org/description>",
            "<schema.org/geo>",
            "<schema.org/image>",
            "<schema.org/logo>",
            "<schema.org/name>",
            "<schema.org/openingHours>",
            "<schema.org/priceRange>",
            "<schema.org/telephone>",
            "<schema.org/url>",
            "isa:<schema.org/EmergencyService>"
        ],
        "count": 101.0
    },
    {
        "pset": [
            "<schema.org/address>",
            "<schema.org/contactPoint>",
            "<schema.org/description>",
            "<schema.org/geo>",
            "<schema.org/hasMap>",
            "<schema.org/logo>",
            "<schema.org/name>",
            "<schema.org/openingHours>",
            "<schema.org/url>",
            "isa:<schema.org/EmergencyService>"
        ],
        "count": 93.0
    },
    {
        "pset": [
            "<schema.org/address>",
            "<schema.org/image>",
            "<schema.org/name>",
            "<schema.org/priceRange>",
            "<schema.org/telephone>",
            "isa:<schema.org/EmergencyService>"
        ],
        "count": 88.0
    },
    {
        "pset": [
            "<schema.org/address>",
            "<schema.org/geo>",
            "<schema.org/image>",
            "<schema.org/name>",
            "<schema.org/sameAs>",
            "<schema.org/telephone>",
            "<schema.org/url>",
            "isa:<schema.org/EmergencyService>"
        ],
        "count": 78.0
    },
    {
        "pset": [
            "<schema.org/address>",
            "<schema.org/geo>",
            "<schema.org/image>",
            "<schema.org/name>",
            "<schema.org/openingHoursSpecification>",
            "<schema.org/parentOrganization>",
            "<schema.org/priceRange>",
            "<schema.org/sameAs>",
            "<schema.org/telephone>",
            "isa:<schema.org/EmergencyService>"
        ],
        "count": 70.0
    },
    {
        "pset": [
            "<schema.org/address>",
            "<schema.org/contactPoint>",
            "<schema.org/description>",
            "<schema.org/hasMap>",
            "<schema.org/image>",
            "<schema.org/logo>",
            "<schema.org/name>",
            "<schema.org/openingHours>",
            "<schema.org/pricerange>",
            "<schema.org/sameAs>",
            "<schema.org/telephone>",
            "<schema.org/url>",
            "isa:<schema.org/EmergencyService>"
        ],
        "count": 69.0
    },
    {
        "pset": [
            "<schema.org/address>",
            "<schema.org/image>",
            "<schema.org/name>",
            "<schema.org/telephone>",
            "isa:<schema.org/EmergencyService>"
        ],
        "count": 66.0
    },
    {
        "pset": [
            "<schema.org/address>",
            "<schema.org/geo>",
            "<schema.org/image>",
            "<schema.org/name>",
            "<schema.org/priceRange>",
            "<schema.org/telephone>",
            "<schema.org/url>",
            "isa:<schema.org/EmergencyService>"
        ],
        "count": 65.0
    },
    {
        "pset": [
            "<schema.org/ContactPoint>",
            "<schema.org/address>",
            "<schema.org/aggregateRating>",
            "<schema.org/geo>",
            "<schema.org/image>",
            "<schema.org/name>",
            "<schema.org/openingHoursSpecification>",
            "<schema.org/priceRange>",
            "<schema.org/telephone>",
            "<schema.org/url>",
            "isa:<schema.org/EmergencyService>"
        ],
        "count": 56.0
    },
    {
        "pset": [
            "<schema.org/address>",
            "<schema.org/geo>",
            "<schema.org/hasMap>",
            "<schema.org/image>",
            "<schema.org/name>",
            "<schema.org/telephone>",
            "isa:<schema.org/EmergencyService>"
        ],
        "count": 52.0
    },
    {
        "pset": [
            "<schema.org/additionalType>",
            "<schema.org/address>",
            "<schema.org/contactPoint>",
            "<schema.org/description>",
            "<schema.org/geo>",
            "<schema.org/image>",
            "<schema.org/logo>",
            "<schema.org/name>",
            "<schema.org/openingHours>",
            "<schema.org/priceRange>",
            "<schema.org/sameAs>",
            "<schema.org/telephone>",
            "<schema.org/url>",
            "isa:<schema.org/EmergencyService>"
        ],
        "count": 48.0
    },
    {
        "pset": [
            "<schema.org/address>",
            "<schema.org/aggregateRating>",
            "<schema.org/contactPoint>",
            "<schema.org/description>",
            "<schema.org/hasMap>",
            "<schema.org/image>",
            "<schema.org/logo>",
            "<schema.org/name>",
            "<schema.org/openingHours>",
            "<schema.org/url>",
            "isa:<schema.org/EmergencyService>"
        ],
        "count": 47.0
    },
    {
        "pset": [
            "<schema.org/address>",
            "<schema.org/geo>",
            "<schema.org/image>",
            "<schema.org/name>",
            "<schema.org/openingHoursSpecification>",
            "<schema.org/telephone>",
            "<schema.org/url>",
            "isa:<schema.org/EmergencyService>"
        ],
        "count": 40.0
    },
    {
        "pset": [
            "<schema.org/address>",
            "<schema.org/description>",
            "<schema.org/geo>",
            "<schema.org/hasMap>",
            "<schema.org/image>",
            "<schema.org/logo>",
            "<schema.org/name>",
            "<schema.org/openingHours>",
            "<schema.org/priceRange>",
            "<schema.org/telephone>",
            "<schema.org/url>",
            "isa:<schema.org/EmergencyService>"
        ],
        "count": 34.0
    },
    {
        "pset": [
            "<schema.org/address>",
            "<schema.org/contactPoint>",
            "<schema.org/description>",
            "<schema.org/geo>",
            "<schema.org/hasMap>",
            "<schema.org/image>",
            "<schema.org/logo>",
            "<schema.org/name>",
            "<schema.org/sameAs>",
            "<schema.org/url>",
            "isa:<schema.org/EmergencyService>"
        ],
        "count": 33.0
    },
    {
        "pset": [
            "<schema.org/areaServed>",
            "<schema.org/contactPoint>",
            "<schema.org/description>",
            "<schema.org/image>",
            "<schema.org/name>",
            "<schema.org/openingHoursSpecification>",
            "<schema.org/paymentAccepted>",
            "<schema.org/priceRange>",
            "<schema.org/sponsor>",
            "<schema.org/taxID>",
            "isa:<schema.org/EmergencyService>"
        ],
        "count": 32.0
    },
    {
        "pset": [
            "<schema.org/address>",
            "<schema.org/description>",
            "<schema.org/image>",
            "<schema.org/logo>",
            "<schema.org/name>",
            "<schema.org/sameAs>",
            "<schema.org/telephone>",
            "<schema.org/url>",
            "isa:<schema.org/EmergencyService>"
        ],
        "count": 30.0
    },
    {
        "pset": [
            "<schema.org/address>",
            "<schema.org/contactPoint>",
            "<schema.org/description>",
            "<schema.org/geo>",
            "<schema.org/hasMap>",
            "<schema.org/image>",
            "<schema.org/logo>",
            "<schema.org/name>",
            "<schema.org/openingHours>",
            "<schema.org/sameAs>",
            "<schema.org/url>",
            "isa:<schema.org/EmergencyService>"
        ],
        "count": 27.0
    },
    {
        "pset": [
            "<schema.org/address>",
            "<schema.org/breadcrumb>",
            "<schema.org/dateModified>",
            "<schema.org/datePublished>",
            "<schema.org/geo>",
            "<schema.org/image>",
            "<schema.org/inLanguage>",
            "<schema.org/isPartOf>",
            "<schema.org/name>",
            "<schema.org/openingHoursSpecification>",
            "<schema.org/potentialAction>",
            "<schema.org/priceRange>",
            "<schema.org/sameAs>",
            "<schema.org/telephone>",
            "<schema.org/url>",
            "isa:<schema.org/EmergencyService>",
            "isa:<schema.org/WebPage>"
        ],
        "count": 27.0
    },
    {
        "pset": [
            "<schema.org/image>",
            "<schema.org/logo>",
            "<schema.org/name>",
            "<schema.org/openingHours>",
            "<schema.org/url>",
            "isa:<schema.org/EmergencyService>",
            "isa:<schema.org/Organization>"
        ],
        "count": 26.0
    },
    {
        "pset": [
            "<schema.org/address>",
            "<schema.org/description>",
            "<schema.org/geo>",
            "<schema.org/image>",
            "<schema.org/name>",
            "<schema.org/review>",
            "<schema.org/sameAs>",
            "<schema.org/telephone>",
            "<schema.org/url>",
            "isa:<schema.org/EmergencyService>"
        ],
        "count": 20.0
    },
    {
        "pset": [
            "<schema.org/ContactPoint>",
            "<schema.org/address>",
            "<schema.org/aggregateRating>",
            "<schema.org/geo>",
            "<schema.org/hasMap>",
            "<schema.org/image>",
            "<schema.org/name>",
            "<schema.org/openingHoursSpecification>",
            "<schema.org/priceRange>",
            "<schema.org/url>",
            "isa:<schema.org/EmergencyService>"
        ],
        "count": 20.0
    },
    {
        "pset": [
            "<schema.org/address>",
            "<schema.org/description>",
            "<schema.org/email>",
            "<schema.org/image>",
            "<schema.org/name>",
            "<schema.org/telephone>",
            "<schema.org/url>",
            "isa:<schema.org/EmergencyService>"
        ],
        "count": 19.0
    },
    {
        "pset": [
            "<schema.org/address>",
            "<schema.org/description>",
            "<schema.org/faxNumber>",
            "<schema.org/geo>",
            "<schema.org/image>",
            "<schema.org/name>",
            "<schema.org/openingHours>",
            "<schema.org/paymentAccepted>",
            "<schema.org/priceRange>",
            "<schema.org/telePhone>",
            "<schema.org/url>",
            "isa:<schema.org/EmergencyService>"
        ],
        "count": 19.0
    },
    {
        "pset": [
            "<schema.org/address>",
            "<schema.org/description>",
            "<schema.org/geo>",
            "<schema.org/image>",
            "<schema.org/name>",
            "<schema.org/telephone>",
            "<schema.org/url>",
            "isa:<schema.org/EmergencyService>"
        ],
        "count": 19.0
    },
    {
        "pset": [
            "<schema.org/address>",
            "<schema.org/description>",
            "<schema.org/geo>",
            "<schema.org/name>",
            "<schema.org/review>",
            "<schema.org/telephone>",
            "<schema.org/url>",
            "isa:<schema.org/EmergencyService>"
        ],
        "count": 17.0
    },
    {
        "pset": [
            "<schema.org/image>",
            "<schema.org/name>",
            "<schema.org/telephone>",
            "isa:<schema.org/EmergencyService>"
        ],
        "count": 16.0
    },
    {
        "pset": [
            "<schema.org/address>",
            "<schema.org/aggregateRating>",
            "<schema.org/brand>",
            "<schema.org/description>",
            "<schema.org/image>",
            "<schema.org/name>",
            "<schema.org/priceRange>",
            "<schema.org/telephone>",
            "isa:<schema.org/EmergencyService>"
        ],
        "count": 15.0
    },
    {
        "pset": [
            "<schema.org/address>",
            "<schema.org/contactPoint>",
            "<schema.org/description>",
            "<schema.org/geo>",
            "<schema.org/image>",
            "<schema.org/logo>",
            "<schema.org/name>",
            "<schema.org/openingHours>",
            "<schema.org/url>",
            "isa:<schema.org/EmergencyService>"
        ],
        "count": 14.0
    },
    {
        "pset": [
            "<schema.org/address>",
            "<schema.org/image>",
            "<schema.org/name>",
            "<schema.org/telephone>",
            "<schema.org/url>",
            "isa:<schema.org/EmergencyService>"
        ],
        "count": 12.0
    },
    {
        "pset": [
            "<schema.org/address>",
            "<schema.org/breadcrumb>",
            "<schema.org/dateModified>",
            "<schema.org/datePublished>",
            "<schema.org/geo>",
            "<schema.org/image>",
            "<schema.org/inLanguage>",
            "<schema.org/isPartOf>",
            "<schema.org/name>",
            "<schema.org/openingHoursSpecification>",
            "<schema.org/potentialAction>",
            "<schema.org/priceRange>",
            "<schema.org/primaryImageOfPage>",
            "<schema.org/sameAs>",
            "<schema.org/telephone>",
            "<schema.org/thumbnailUrl>",
            "<schema.org/url>",
            "isa:<schema.org/EmergencyService>",
            "isa:<schema.org/WebPage>"
        ],
        "count": 12.0
    },
    {
        "pset": [
            "<schema.org/address>",
            "<schema.org/contactPoint>",
            "<schema.org/image>",
            "<schema.org/logo>",
            "<schema.org/name>",
            "<schema.org/openingHours>",
            "<schema.org/priceRange>",
            "<schema.org/telephone>",
            "<schema.org/url>",
            "isa:<schema.org/EmergencyService>"
        ],
        "count": 12.0
    },
    {
        "pset": [
            "<schema.org/address>",
            "<schema.org/areaServed>",
            "<schema.org/contactPoint>",
            "<schema.org/description>",
            "<schema.org/email>",
            "<schema.org/geo>",
            "<schema.org/hasMap>",
            "<schema.org/image>",
            "<schema.org/logo>",
            "<schema.org/name>",
            "<schema.org/openingHours>",
            "<schema.org/paymentAccepted>",
            "<schema.org/priceRange>",
            "<schema.org/telePhone>",
            "<schema.org/telephone>",
            "<schema.org/url>",
            "isa:<schema.org/EmergencyService>"
        ],
        "count": 11.0
    },
    {
        "pset": [
            "<schema.org/address>",
            "<schema.org/areaServed>",
            "<schema.org/image>",
            "<schema.org/logo>",
            "<schema.org/name>",
            "<schema.org/priceRange>",
            "<schema.org/sameAs>",
            "<schema.org/telephone>",
            "isa:<schema.org/EmergencyService>",
            "isa:<schema.org/HVACBusiness>",
            "isa:<schema.org/Plumber>"
        ],
        "count": 11.0
    },
    {
        "pset": [
            "<schema.org/address>",
            "<schema.org/email>",
            "<schema.org/faxNumber>",
            "<schema.org/name>",
            "<schema.org/paymentAccepted>",
            "<schema.org/priceRange>",
            "<schema.org/telePhone>",
            "<schema.org/url>",
            "isa:<schema.org/EmergencyService>"
        ],
        "count": 11.0
    },
    {
        "pset": [
            "<schema.org/address>",
            "<schema.org/aggregateRating>",
            "<schema.org/image>",
            "<schema.org/name>",
            "<schema.org/telephone>",
            "<schema.org/url>",
            "isa:<schema.org/EmergencyService>"
        ],
        "count": 10.0
    },
    {
        "pset": [
            "<schema.org/address>",
            "<schema.org/description>",
            "<schema.org/geo>",
            "<schema.org/hasmap>",
            "<schema.org/image>",
            "<schema.org/name>",
            "<schema.org/openingHoursSpecification>",
            "<schema.org/priceRange>",
            "<schema.org/sameAs>",
            "<schema.org/telephone>",
            "<schema.org/url>",
            "isa:<schema.org/EmergencyService>"
        ],
        "count": 10.0
    },
    {
        "pset": [
            "<schema.org/address>",
            "<schema.org/geo>",
            "<schema.org/hasMap>",
            "<schema.org/image>",
            "<schema.org/name>",
            "<schema.org/openingHours>",
            "<schema.org/telephone>",
            "isa:<schema.org/EmergencyService>"
        ],
        "count": 10.0
    },
    {
        "pset": [
            "<schema.org/address>",
            "<schema.org/image>",
            "<schema.org/name>",
            "<schema.org/priceRange>",
            "<schema.org/telephone>",
            "<schema.org/url>",
            "isa:<schema.org/EmergencyService>"
        ],
        "count": 10.0
    },
    {
        "pset": [
            "<schema.org/address>",
            "<schema.org/breadcrumb>",
            "<schema.org/dateModified>",
            "<schema.org/datePublished>",
            "<schema.org/description>",
            "<schema.org/geo>",
            "<schema.org/image>",
            "<schema.org/inLanguage>",
            "<schema.org/isPartOf>",
            "<schema.org/name>",
            "<schema.org/openingHoursSpecification>",
            "<schema.org/potentialAction>",
            "<schema.org/priceRange>",
            "<schema.org/sameAs>",
            "<schema.org/telephone>",
            "<schema.org/url>",
            "isa:<schema.org/EmergencyService>",
            "isa:<schema.org/WebPage>"
        ],
        "count": 9.0
    },
    {
        "pset": [
            "<schema.org/address>",
            "<schema.org/description>",
            "<schema.org/image>",
            "<schema.org/logo>",
            "<schema.org/name>",
            "<schema.org/parentOrganization>",
            "<schema.org/url>",
            "isa:<schema.org/EmergencyService>"
        ],
        "count": 9.0
    },
    {
        "pset": [
            "<schema.org/address>",
            "<schema.org/description>",
            "<schema.org/image>",
            "<schema.org/logo>",
            "<schema.org/name>",
            "<schema.org/telephone>",
            "<schema.org/url>",
            "isa:<schema.org/EmergencyService>"
        ],
        "count": 9.0
    },
    {
        "pset": [
            "<schema.org/address>",
            "<schema.org/aggregateRating>",
            "<schema.org/contactPoint>",
            "<schema.org/description>",
            "<schema.org/geo>",
            "<schema.org/hasMap>",
            "<schema.org/image>",
            "<schema.org/logo>",
            "<schema.org/name>",
            "<schema.org/openingHours>",
            "<schema.org/priceRange>",
            "<schema.org/telephone>",
            "<schema.org/url>",
            "isa:<schema.org/EmergencyService>"
        ],
        "count": 8.0
    },
    {
        "pset": [
            "<schema.org/address>",
            "<schema.org/areaServed>",
            "<schema.org/description>",
            "<schema.org/image>",
            "<schema.org/logo>",
            "<schema.org/name>",
            "<schema.org/openingHours>",
            "<schema.org/priceRange>",
            "<schema.org/telephone>",
            "<schema.org/url>",
            "isa:<schema.org/EmergencyService>"
        ],
        "count": 8.0
    },
    {
        "pset": [
            "<schema.org/address>",
            "<schema.org/email>",
            "<schema.org/geo>",
            "<schema.org/hasMap>",
            "<schema.org/image>",
            "<schema.org/logo>",
            "<schema.org/name>",
            "<schema.org/openingHours>",
            "<schema.org/priceRange>",
            "<schema.org/sameAs>",
            "<schema.org/telephone>",
            "<schema.org/url>",
            "isa:<schema.org/EmergencyService>"
        ],
        "count": 8.0
    },
    {
        "pset": [
            "<schema.org/name>",
            "<schema.org/openingHours>",
            "<schema.org/url>",
            "isa:<schema.org/EmergencyService>",
            "isa:<schema.org/Organization>"
        ],
        "count": 7.0
    },
    {
        "pset": [
            "<schema.org/address>",
            "<schema.org/aggregateRating>",
            "<schema.org/contactPoint>",
            "<schema.org/description>",
            "<schema.org/geo>",
            "<schema.org/hasMap>",
            "<schema.org/image>",
            "<schema.org/logo>",
            "<schema.org/name>",
            "<schema.org/openingHoursSpecification>",
            "<schema.org/priceRange>",
            "<schema.org/telephone>",
            "<schema.org/url>",
            "isa:<schema.org/EmergencyService>"
        ],
        "count": 6.0
    },
    {
        "pset": [
            "<schema.org/address>",
            "<schema.org/contactPoint>",
            "<schema.org/description>",
            "<schema.org/geo>",
            "<schema.org/hasMap>",
            "<schema.org/image>",
            "<schema.org/logo>",
            "<schema.org/name>",
            "<schema.org/url>",
            "isa:<schema.org/EmergencyService>"
        ],
        "count": 6.0
    },
    {
        "pset": [
            "<schema.org/ContactPoint>",
            "<schema.org/address>",
            "<schema.org/image>",
            "<schema.org/name>",
            "<schema.org/openingHoursSpecification>",
            "<schema.org/priceRange>",
            "<schema.org/telephone>",
            "<schema.org/url>",
            "isa:<schema.org/EmergencyService>"
        ],
        "count": 6.0
    },
    {
        "pset": [
            "<schema.org/address>",
            "<schema.org/aggregateRating>",
            "<schema.org/geo>",
            "<schema.org/image>",
            "<schema.org/name>",
            "<schema.org/openingHoursSpecification>",
            "<schema.org/priceRange>",
            "<schema.org/sameAs>",
            "<schema.org/telephone>",
            "<schema.org/url>",
            "isa:<schema.org/EmergencyService>"
        ],
        "count": 6.0
    },
    {
        "pset": [
            "<schema.org/address>",
            "<schema.org/email>",
            "<schema.org/name>",
            "<schema.org/telephone>",
            "<schema.org/url>",
            "isa:<schema.org/EmergencyService>"
        ],
        "count": 6.0
    },
    {
        "pset": [
            "<schema.org/address>",
            "<schema.org/image>",
            "<schema.org/name>",
            "<schema.org/sameAs>",
            "<schema.org/telephone>",
            "<schema.org/url>",
            "isa:<schema.org/EmergencyService>"
        ],
        "count": 6.0
    },
    {
        "pset": [
            "<schema.org/address>",
            "<schema.org/contactPoint>",
            "<schema.org/description>",
            "<schema.org/geo>",
            "<schema.org/image>",
            "<schema.org/logo>",
            "<schema.org/name>",
            "<schema.org/openingHours>",
            "<schema.org/sameAs>",
            "<schema.org/url>",
            "isa:<schema.org/EmergencyService>"
        ],
        "count": 5.0
    },
    {
        "pset": [
            "<schema.org/address>",
            "<schema.org/aggregateRating>",
            "<schema.org/description>",
            "<schema.org/geo>",
            "<schema.org/image>",
            "<schema.org/name>",
            "<schema.org/review>",
            "<schema.org/sameAs>",
            "<schema.org/telephone>",
            "<schema.org/url>",
            "isa:<schema.org/EmergencyService>"
        ],
        "count": 4.0
    },
    {
        "pset": [
            "<schema.org/address>",
            "<schema.org/geo>",
            "<schema.org/hasMap>",
            "<schema.org/image>",
            "<schema.org/name>",
            "isa:<schema.org/EmergencyService>"
        ],
        "count": 4.0
    },
    {
        "pset": [
            "<schema.org/address>",
            "<schema.org/aggregateRating>",
            "<schema.org/description>",
            "<schema.org/image>",
            "<schema.org/name>",
            "<schema.org/priceRange>",
            "<schema.org/telephone>",
            "isa:<schema.org/EmergencyService>"
        ],
        "count": 4.0
    },
    {
        "pset": [
            "<schema.org/address>",
            "<schema.org/aggregateRating>",
            "<schema.org/image>",
            "<schema.org/name>",
            "<schema.org/openingHours>",
            "<schema.org/priceRange>",
            "<schema.org/telephone>",
            "<schema.org/url>",
            "isa:<schema.org/EmergencyService>"
        ],
        "count": 4.0
    },
    {
        "pset": [
            "<schema.org/description>",
            "<schema.org/email>",
            "<schema.org/foundingDate>",
            "<schema.org/image>",
            "<schema.org/logo>",
            "<schema.org/name>",
            "<schema.org/priceRange>",
            "<schema.org/telephone>",
            "<schema.org/url>",
            "isa:<schema.org/EmergencyService>"
        ],
        "count": 4.0
    },
    {
        "pset": [
            "<schema.org/address>",
            "<schema.org/description>",
            "<schema.org/name>",
            "<schema.org/openingHours>",
            "<schema.org/telephone>",
            "isa:<schema.org/EmergencyService>"
        ],
        "count": 4.0
    },
    {
        "pset": [
            "<schema.org/address>",
            "<schema.org/contactPoint>",
            "<schema.org/description>",
            "<schema.org/name>",
            "<schema.org/openingHours>",
            "<schema.org/url>",
            "isa:<schema.org/EmergencyService>"
        ],
        "count": 3.0
    },
    {
        "pset": [
            "<schema.org/address>",
            "<schema.org/description>",
            "<schema.org/geo>",
            "<schema.org/name>",
            "<schema.org/telephone>",
            "<schema.org/url>",
            "isa:<schema.org/EmergencyService>"
        ],
        "count": 3.0
    },
    {
        "pset": [
            "<schema.org/address>",
            "<schema.org/email>",
            "<schema.org/image>",
            "<schema.org/location>",
            "<schema.org/logo>",
            "<schema.org/name>",
            "<schema.org/openingHours>",
            "<schema.org/telephone>",
            "<schema.org/url>",
            "isa:<schema.org/EmergencyService>",
            "isa:<schema.org/Organization>"
        ],
        "count": 3.0
    },
    {
        "pset": [
            "<schema.org/image>",
            "<schema.org/name>",
            "<schema.org/openingHours>",
            "<schema.org/url>",
            "isa:<schema.org/EmergencyService>"
        ],
        "count": 3.0
    },
    {
        "pset": [
            "<schema.org/address>",
            "<schema.org/geo>",
            "<schema.org/image>",
            "<schema.org/name>",
            "<schema.org/openingHoursSpecification>",
            "<schema.org/priceRange>",
            "<schema.org/url>",
            "isa:<schema.org/EmergencyService>"
        ],
        "count": 3.0
    },
    {
        "pset": [
            "<schema.org/address>",
            "<schema.org/email>",
            "<schema.org/image>",
            "<schema.org/name>",
            "<schema.org/openingHoursSpecification>",
            "<schema.org/telephone>",
            "<schema.org/url>",
            "isa:<schema.org/EmergencyService>"
        ],
        "count": 3.0
    },
    {
        "pset": [
            "<schema.org/address>",
            "<schema.org/geo>",
            "<schema.org/image>",
            "<schema.org/name>",
            "<schema.org/url>",
            "isa:<schema.org/EmergencyService>"
        ],
        "count": 3.0
    },
    {
        "pset": [
            "<schema.org/address>",
            "<schema.org/areaServed>",
            "<schema.org/currenciesAccepted>",
            "<schema.org/email>",
            "<schema.org/faxNumber>",
            "<schema.org/image>",
            "<schema.org/location>",
            "<schema.org/logo>",
            "<schema.org/name>",
            "<schema.org/paymentAccepted>",
            "<schema.org/priceRange>",
            "<schema.org/sameAs>",
            "<schema.org/telephone>",
            "<schema.org/url>",
            "isa:<schema.org/EmergencyService>",
            "isa:<schema.org/Organization>",
            "isa:<schema.org/Place>"
        ],
        "count": 2.0
    },
    {
        "pset": [
            "<schema.org/address>",
            "<schema.org/areaServed>",
            "<schema.org/image>",
            "<schema.org/location>",
            "<schema.org/logo>",
            "<schema.org/name>",
            "<schema.org/sameAs>",
            "<schema.org/telephone>",
            "<schema.org/url>",
            "isa:<schema.org/EmergencyService>",
            "isa:<schema.org/Organization>",
            "isa:<schema.org/Place>"
        ],
        "count": 2.0
    },
    {
        "pset": [
            "<schema.org/address>",
            "<schema.org/email>",
            "<schema.org/image>",
            "<schema.org/name>",
            "<schema.org/telephone>",
            "<schema.org/url>",
            "isa:<schema.org/EmergencyService>"
        ],
        "count": 2.0
    },
    {
        "pset": [
            "<schema.org/address>",
            "<schema.org/aggregateRating>",
            "<schema.org/geo>",
            "<schema.org/image>",
            "<schema.org/name>",
            "<schema.org/openingHoursSpecification>",
            "<schema.org/telephone>",
            "<schema.org/url>",
            "isa:<schema.org/EmergencyService>"
        ],
        "count": 2.0
    },
    {
        "pset": [
            "<schema.org/address>",
            "<schema.org/breadcrumb>",
            "<schema.org/geo>",
            "<schema.org/image>",
            "<schema.org/inLanguage>",
            "<schema.org/isPartOf>",
            "<schema.org/name>",
            "<schema.org/openingHoursSpecification>",
            "<schema.org/priceRange>",
            "<schema.org/sameAs>",
            "<schema.org/telephone>",
            "<schema.org/url>",
            "isa:<schema.org/CollectionPage>",
            "isa:<schema.org/EmergencyService>"
        ],
        "count": 2.0
    },
    {
        "pset": [
            "<schema.org/address>",
            "<schema.org/breadcrumb>",
            "<schema.org/dateModified>",
            "<schema.org/datePublished>",
            "<schema.org/description>",
            "<schema.org/geo>",
            "<schema.org/image>",
            "<schema.org/inLanguage>",
            "<schema.org/isPartOf>",
            "<schema.org/name>",
            "<schema.org/openingHoursSpecification>",
            "<schema.org/potentialAction>",
            "<schema.org/priceRange>",
            "<schema.org/primaryImageOfPage>",
            "<schema.org/sameAs>",
            "<schema.org/telephone>",
            "<schema.org/thumbnailUrl>",
            "<schema.org/url>",
            "isa:<schema.org/EmergencyService>",
            "isa:<schema.org/WebPage>"
        ],
        "count": 2.0
    },
    {
        "pset": [
            "<schema.org/address>",
            "<schema.org/contactPoint>",
            "<schema.org/description>",
            "<schema.org/image>",
            "<schema.org/logo>",
            "<schema.org/name>",
            "<schema.org/openingHours>",
            "<schema.org/sameAs>",
            "<schema.org/url>",
            "isa:<schema.org/EmergencyService>"
        ],
        "count": 2.0
    },
    {
        "pset": [
            "<schema.org/address>",
            "<schema.org/aggregateRating>",
            "<schema.org/geo>",
            "<schema.org/image>",
            "<schema.org/name>",
            "<schema.org/url>",
            "isa:<schema.org/EmergencyService>"
        ],
        "count": 2.0
    },
    {
        "pset": [
            "<schema.org/image>",
            "<schema.org/name>",
            "<schema.org/url>",
            "isa:<schema.org/EmergencyService>"
        ],
        "count": 2.0
    },
    {
        "pset": [
            "<schema.org/address>",
            "<schema.org/contactPoint>",
            "<schema.org/description>",
            "<schema.org/hasMap>",
            "<schema.org/image>",
            "<schema.org/name>",
            "<schema.org/url>",
            "isa:<schema.org/EmergencyService>"
        ],
        "count": 2.0
    },
    {
        "pset": [
            "<schema.org/address>",
            "<schema.org/geo>",
            "<schema.org/image>",
            "<schema.org/name>",
            "<schema.org/sameAs>",
            "<schema.org/telephone>",
            "<schema.org/url>",
            "isa:<schema.org/EmergencyService>",
            "isa:<schema.org/WebPage>"
        ],
        "count": 2.0
    },
    {
        "pset": [
            "<schema.org/address>",
            "<schema.org/areaServed>",
            "<schema.org/brand>",
            "<schema.org/currenciesAccepted>",
            "<schema.org/email>",
            "<schema.org/image>",
            "<schema.org/location>",
            "<schema.org/logo>",
            "<schema.org/name>",
            "<schema.org/openingHoursSpecification>",
            "<schema.org/paymentAccepted>",
            "<schema.org/priceRange>",
            "<schema.org/telephone>",
            "<schema.org/url>",
            "<schema.org/vatID>",
            "isa:<schema.org/EmergencyService>"
        ],
        "count": 1.0
    },
    {
        "pset": [
            "<schema.org/about>",
            "<schema.org/address>",
            "<schema.org/areaServed>",
            "<schema.org/breadcrumb>",
            "<schema.org/dateModified>",
            "<schema.org/datePublished>",
            "<schema.org/description>",
            "<schema.org/geo>",
            "<schema.org/image>",
            "<schema.org/inLanguage>",
            "<schema.org/isPartOf>",
            "<schema.org/name>",
            "<schema.org/openingHoursSpecification>",
            "<schema.org/potentialAction>",
            "<schema.org/priceRange>",
            "<schema.org/primaryImageOfPage>",
            "<schema.org/sameAs>",
            "<schema.org/telephone>",
            "<schema.org/thumbnailUrl>",
            "<schema.org/url>",
            "isa:<schema.org/EmergencyService>",
            "isa:<schema.org/WebPage>"
        ],
        "count": 1.0
    },
    {
        "pset": [
            "<schema.org/email>",
            "<schema.org/image>",
            "<schema.org/logo>",
            "<schema.org/name>",
            "<schema.org/openingHoursSpecification>",
            "<schema.org/telephone>",
            "<schema.org/url>",
            "isa:<schema.org/EmergencyService>",
            "isa:<schema.org/Organization>",
            "isa:<schema.org/Place>"
        ],
        "count": 1.0
    },
    {
        "pset": [
            "<schema.org/address>",
            "<schema.org/email>",
            "<schema.org/image>",
            "<schema.org/location>",
            "<schema.org/logo>",
            "<schema.org/name>",
            "<schema.org/openingHours>",
            "<schema.org/url>",
            "isa:<schema.org/EmergencyService>"
        ],
        "count": 1.0
    },
    {
        "pset": [
            "<schema.org/currenciesAccepted>",
            "<schema.org/image>",
            "<schema.org/logo>",
            "<schema.org/name>",
            "<schema.org/openingHoursSpecification>",
            "<schema.org/paymentAccepted>",
            "<schema.org/priceRange>",
            "<schema.org/telephone>",
            "<schema.org/url>",
            "isa:<schema.org/EmergencyService>"
        ],
        "count": 1.0
    },
    {
        "pset": [
            "<schema.org/additionalType>",
            "<schema.org/address>",
            "<schema.org/contactPoint>",
            "<schema.org/description>",
            "<schema.org/geo>",
            "<schema.org/image>",
            "<schema.org/name>",
            "<schema.org/openingHours>",
            "<schema.org/priceRange>",
            "<schema.org/telephone>",
            "<schema.org/url>",
            "isa:<schema.org/EmergencyService>"
        ],
        "count": 1.0
    },
    {
        "pset": [
            "<schema.org/description>",
            "<schema.org/image>",
            "<schema.org/location>",
            "<schema.org/name>",
            "<schema.org/url>",
            "isa:<schema.org/EmergencyService>"
        ],
        "count": 1.0
    },
    {
        "pset": [
            "<schema.org/address>",
            "<schema.org/contactPoint>",
            "<schema.org/description>",
            "<schema.org/geo>",
            "<schema.org/image>",
            "<schema.org/logo>",
            "<schema.org/name>",
            "<schema.org/telephone>",
            "<schema.org/url>",
            "isa:<schema.org/EmergencyService>"
        ],
        "count": 1.0
    },
    {
        "pset": [
            "<schema.org/address>",
            "<schema.org/contactPoint>",
            "<schema.org/description>",
            "<schema.org/geo>",
            "<schema.org/name>",
            "<schema.org/openingHours>",
            "<schema.org/url>",
            "isa:<schema.org/EmergencyService>"
        ],
        "count": 1.0
    },
    {
        "pset": [
            "<schema.org/address>",
            "<schema.org/name>",
            "isa:<schema.org/EmergencyService>"
        ],
        "count": 1.0
    },
    {
        "pset": [
            "<schema.org/address>",
            "<schema.org/contactPoint>",
            "<schema.org/description>",
            "<schema.org/geo>",
            "<schema.org/image>",
            "<schema.org/logo>",
            "<schema.org/name>",
            "<schema.org/openingHours>",
            "<schema.org/priceRange>",
            "<schema.org/telephone>",
            "<schema.org/url>",
            "isa:<schema.org/EmergencyService>",
            "isa:<schema.org/LocalBusiness>"
        ],
        "count": 1.0
    },
    {
        "pset": [
            "<schema.org/address>",
            "<schema.org/areaServed>",
            "<schema.org/brand>",
            "<schema.org/currenciesAccepted>",
            "<schema.org/email>",
            "<schema.org/image>",
            "<schema.org/location>",
            "<schema.org/logo>",
            "<schema.org/name>",
            "<schema.org/openingHoursSpecification>",
            "<schema.org/paymentAccepted>",
            "<schema.org/priceRange>",
            "<schema.org/telephone>",
            "<schema.org/url>",
            "isa:<schema.org/EmergencyService>"
        ],
        "count": 1.0
    },
    {
        "pset": [
            "<schema.org/address>",
            "<schema.org/brand>",
            "<schema.org/email>",
            "<schema.org/image>",
            "<schema.org/location>",
            "<schema.org/logo>",
            "<schema.org/name>",
            "<schema.org/openingHoursSpecification>",
            "<schema.org/telephone>",
            "<schema.org/url>",
            "isa:<schema.org/EmergencyService>"
        ],
        "count": 1.0
    },
    {
        "pset": [
            "<schema.org/address>",
            "<schema.org/areaServed>",
            "<schema.org/description>",
            "<schema.org/geo>",
            "<schema.org/hasMap>",
            "<schema.org/image>",
            "<schema.org/name>",
            "<schema.org/openingHoursSpecification>",
            "<schema.org/parentOrganization>",
            "<schema.org/priceRange>",
            "<schema.org/smokingAllowed>",
            "<schema.org/telephone>",
            "isa:<schema.org/EmergencyService>"
        ],
        "count": 1.0
    },
    {
        "pset": [
            "<schema.org/address>",
            "<schema.org/geo>",
            "<schema.org/image>",
            "<schema.org/name>",
            "<schema.org/priceRange>",
            "<schema.org/sameAs>",
            "<schema.org/telephone>",
            "<schema.org/url>",
            "isa:<schema.org/EmergencyService>"
        ],
        "count": 1.0
    },
    {
        "pset": [
            "<schema.org/address>",
            "<schema.org/description>",
            "<schema.org/geo>",
            "<schema.org/hasMap>",
            "<schema.org/image>",
            "<schema.org/mainEntityOfPage>",
            "<schema.org/name>",
            "<schema.org/sameAs>",
            "<schema.org/telephone>",
            "<schema.org/url>",
            "isa:<schema.org/EmergencyService>"
        ],
        "count": 1.0
    },
    {
        "pset": [
            "<schema.org/aggregateRating>",
            "<schema.org/name>",
            "<schema.org/openingHoursSpecification>",
            "<schema.org/url>",
            "isa:<schema.org/EmergencyService>"
        ],
        "count": 1.0
    },
    {
        "pset": [
            "<schema.org/address>",
            "<schema.org/image>",
            "<schema.org/name>",
            "<schema.org/openingHoursSpecification>",
            "<schema.org/priceRange>",
            "<schema.org/sameAs>",
            "<schema.org/telephone>",
            "<schema.org/url>",
            "isa:<schema.org/EmergencyService>"
        ],
        "count": 1.0
    },
    {
        "pset": [
            "<schema.org/address>",
            "<schema.org/geo>",
            "<schema.org/image>",
            "<schema.org/logo>",
            "<schema.org/name>",
            "<schema.org/openingHours>",
            "<schema.org/sameAs>",
            "<schema.org/telePhone>",
            "<schema.org/url>",
            "isa:<schema.org/EmergencyService>"
        ],
        "count": 1.0
    },
    {
        "pset": [
            "<schema.org/address>",
            "<schema.org/hasMap>",
            "<schema.org/image>",
            "<schema.org/logo>",
            "<schema.org/name>",
            "<schema.org/openingHours>",
            "<schema.org/priceRange>",
            "<schema.org/telephone>",
            "<schema.org/url>",
            "isa:<schema.org/EmergencyService>"
        ],
        "count": 1.0
    },
    {
        "pset": [
            "<schema.org/address>",
            "<schema.org/description>",
            "<schema.org/geo>",
            "<schema.org/hasMap>",
            "<schema.org/image>",
            "<schema.org/logo>",
            "<schema.org/name>",
            "<schema.org/openingHours>",
            "<schema.org/url>",
            "isa:<schema.org/EmergencyService>"
        ],
        "count": 1.0
    },
    {
        "pset": [
            "<schema.org/address>",
            "<schema.org/aggregateRating>",
            "<schema.org/contactPoint>",
            "<schema.org/description>",
            "<schema.org/geo>",
            "<schema.org/image>",
            "<schema.org/name>",
            "<schema.org/openingHours>",
            "<schema.org/priceRange>",
            "<schema.org/sameAs>",
            "<schema.org/telephone>",
            "<schema.org/url>",
            "isa:<schema.org/EmergencyService>",
            "isa:<schema.org/LocalBusiness>"
        ],
        "count": 1.0
    },
    {
        "pset": [
            "<schema.org/address>",
            "<schema.org/email>",
            "<schema.org/image>",
            "<schema.org/location>",
            "<schema.org/logo>",
            "<schema.org/name>",
            "<schema.org/sameAs>",
            "<schema.org/telephone>",
            "<schema.org/url>",
            "isa:<schema.org/EmergencyService>",
            "isa:<schema.org/Organization>",
            "isa:<schema.org/Place>"
        ],
        "count": 1.0
    },
    {
        "pset": [
            "<schema.org/email>",
            "<schema.org/image>",
            "<schema.org/logo>",
            "<schema.org/name>",
            "<schema.org/openingHours>",
            "<schema.org/url>",
            "isa:<schema.org/EmergencyService>",
            "isa:<schema.org/Organization>"
        ],
        "count": 1.0
    },
    {
        "pset": [
            "<schema.org/address>",
            "<schema.org/aggregateRating>",
            "<schema.org/image>",
            "<schema.org/name>",
            "<schema.org/priceRange>",
            "<schema.org/telephone>",
            "isa:<schema.org/EmergencyService>"
        ],
        "count": 1.0
    },
    {
        "pset": [
            "<schema.org/address>",
            "<schema.org/image>",
            "<schema.org/name>",
            "<schema.org/url>",
            "isa:<schema.org/EmergencyService>"
        ],
        "count": 1.0
    },
    {
        "pset": [
            "<schema.org/address>",
            "<schema.org/image>",
            "<schema.org/name>",
            "<schema.org/openingHoursSpecification>",
            "<schema.org/telephone>",
            "isa:<schema.org/EmergencyService>"
        ],
        "count": 1.0
    },
    {
        "pset": [
            "<schema.org/address>",
            "<schema.org/contactPoint>",
            "<schema.org/description>",
            "<schema.org/geo>",
            "<schema.org/hasMap>",
            "<schema.org/image>",
            "<schema.org/logo>",
            "<schema.org/name>",
            "<schema.org/openingHours>",
            "<schema.org/url>",
            "isa:<schema.org/EmergencyService>"
        ],
        "count": 1.0
    },
    {
        "pset": [
            "<schema.org/address>",
            "<schema.org/contactPoint>",
            "<schema.org/description>",
            "<schema.org/hasMap>",
            "<schema.org/image>",
            "<schema.org/logo>",
            "<schema.org/name>",
            "<schema.org/openingHours>",
            "<schema.org/url>",
            "isa:<schema.org/EmergencyService>"
        ],
        "count": 1.0
    },
    {
        "pset": [
            "<schema.org/address>",
            "<schema.org/geo>",
            "<schema.org/image>",
            "<schema.org/name>",
            "<schema.org/openingHoursSpecification>",
            "<schema.org/priceRange>",
            "<schema.org/sameAs>",
            "<schema.org/telephone>",
            "<schema.org/url>",
            "isa:<schema.org/EmergencyService>",
            "isa:<schema.org/ProfessionalService>"
        ],
        "count": 1.0
    },
    {
        "pset": [
            "<schema.org/address>",
            "<schema.org/email>",
            "<schema.org/geo>",
            "<schema.org/image>",
            "<schema.org/logo>",
            "<schema.org/name>",
            "<schema.org/openingHours>",
            "<schema.org/telePhone>",
            "<schema.org/url>",
            "isa:<schema.org/EmergencyService>"
        ],
        "count": 1.0
    },
    {
        "pset": [
            "<schema.org/address>",
            "<schema.org/image>",
            "<schema.org/location>",
            "<schema.org/logo>",
            "<schema.org/name>",
            "<schema.org/openingHours>",
            "<schema.org/telephone>",
            "<schema.org/url>",
            "isa:<schema.org/EmergencyService>",
            "isa:<schema.org/Organization>"
        ],
        "count": 1.0
    },
    {
        "pset": [
            "<schema.org/address>",
            "<schema.org/image>",
            "<schema.org/location>",
            "<schema.org/logo>",
            "<schema.org/name>",
            "<schema.org/openingHours>",
            "<schema.org/url>",
            "isa:<schema.org/EmergencyService>",
            "isa:<schema.org/Organization>"
        ],
        "count": 1.0
    },
    {
        "pset": [
            "<schema.org/address>",
            "<schema.org/faxNumber>",
            "<schema.org/geo>",
            "<schema.org/image>",
            "<schema.org/name>",
            "<schema.org/openingHours>",
            "<schema.org/paymentAccepted>",
            "<schema.org/priceRange>",
            "<schema.org/telePhone>",
            "<schema.org/url>",
            "isa:<schema.org/EmergencyService>"
        ],
        "count": 1.0
    },
    {
        "pset": [
            "<schema.org/image>",
            "<schema.org/logo>",
            "<schema.org/name>",
            "<schema.org/openingHours>",
            "<schema.org/telephone>",
            "<schema.org/url>",
            "isa:<schema.org/EmergencyService>",
            "isa:<schema.org/Organization>"
        ],
        "count": 1.0
    },
    {
        "pset": [
            "<schema.org/address>",
            "<schema.org/image>",
            "<schema.org/name>",
            "<schema.org/openingHoursSpecification>",
            "<schema.org/sameAs>",
            "<schema.org/telephone>",
            "<schema.org/url>",
            "isa:<schema.org/EmergencyService>"
        ],
        "count": 1.0
    },
    {
        "pset": [
            "<schema.org/name>",
            "<schema.org/url>",
            "isa:<schema.org/EmergencyService>",
            "isa:<schema.org/Organization>"
        ],
        "count": 1.0
    },
    {
        "pset": [
            "<schema.org/address>",
            "<schema.org/geo>",
            "<schema.org/image>",
            "<schema.org/logo>",
            "<schema.org/name>",
            "<schema.org/openingHoursSpecification>",
            "<schema.org/priceRange>",
            "<schema.org/sameAs>",
            "<schema.org/telephone>",
            "<schema.org/url>",
            "isa:<schema.org/EmergencyService>"
        ],
        "count": 1.0
    },
    {
        "pset": [
            "<schema.org/address>",
            "<schema.org/contactPoint>",
            "<schema.org/description>",
            "<schema.org/logo>",
            "<schema.org/name>",
            "<schema.org/url>",
            "isa:<schema.org/EmergencyService>"
        ],
        "count": 1.0
    },
    {
        "pset": [
            "<schema.org/address>",
            "<schema.org/areaServed>",
            "<schema.org/brand>",
            "<schema.org/image>",
            "<schema.org/location>",
            "<schema.org/logo>",
            "<schema.org/name>",
            "<schema.org/openingHoursSpecification>",
            "<schema.org/telephone>",
            "<schema.org/url>",
            "isa:<schema.org/EmergencyService>"
        ],
        "count": 1.0
    },
    {
        "pset": [
            "<schema.org/address>",
            "<schema.org/email>",
            "<schema.org/image>",
            "<schema.org/name>",
            "<schema.org/openingHours>",
            "<schema.org/url>",
            "isa:<schema.org/EmergencyService>"
        ],
        "count": 1.0
    },
    {
        "pset": [
            "<schema.org/about>",
            "<schema.org/address>",
            "<schema.org/areaServed>",
            "<schema.org/breadcrumb>",
            "<schema.org/dateModified>",
            "<schema.org/datePublished>",
            "<schema.org/description>",
            "<schema.org/hasOfferCatalog>",
            "<schema.org/image>",
            "<schema.org/inLanguage>",
            "<schema.org/isPartOf>",
            "<schema.org/logo>",
            "<schema.org/name>",
            "<schema.org/openingHours>",
            "<schema.org/potentialAction>",
            "<schema.org/priceRange>",
            "<schema.org/primaryImageOfPage>",
            "<schema.org/sameAs>",
            "<schema.org/telephone>",
            "<schema.org/thumbnailUrl>",
            "<schema.org/url>",
            "isa:<schema.org/EmergencyService>",
            "isa:<schema.org/HVACBusiness>",
            "isa:<schema.org/Plumber>",
            "isa:<schema.org/WebPage>"
        ],
        "count": 1.0
    },
    {
        "pset": [
            "<schema.org/address>",
            "<schema.org/email>",
            "<schema.org/geo>",
            "<schema.org/hasMap>",
            "<schema.org/image>",
            "<schema.org/logo>",
            "<schema.org/name>",
            "<schema.org/openingHours>",
            "<schema.org/sameAs>",
            "<schema.org/telephone>",
            "<schema.org/url>",
            "isa:<schema.org/EmergencyService>",
            "isa:<schema.org/Organization>"
        ],
        "count": 1.0
    },
    {
        "pset": [
            "<schema.org/about>",
            "<schema.org/additionalType>",
            "<schema.org/address>",
            "<schema.org/currenciesAccepted>",
            "<schema.org/description>",
            "<schema.org/disambiguatingDescription>",
            "<schema.org/email>",
            "<schema.org/geo>",
            "<schema.org/hasMap>",
            "<schema.org/headline>",
            "<schema.org/image>",
            "<schema.org/knowsAbout>",
            "<schema.org/knowsLanguage>",
            "<schema.org/lastReviewed>",
            "<schema.org/location>",
            "<schema.org/logo>",
            "<schema.org/mainEntityOfPage>",
            "<schema.org/mentions>",
            "<schema.org/name>",
            "<schema.org/openingHours>",
            "<schema.org/openingHoursSpecification>",
            "<schema.org/paymentAccepted>",
            "<schema.org/priceRange>",
            "<schema.org/relatedLink>",
            "<schema.org/sameAs>",
            "<schema.org/significantLink>",
            "<schema.org/slogan>",
            "<schema.org/telePhone>",
            "<schema.org/url>",
            "isa:<schema.org/EmergencyService>",
            "isa:<schema.org/WebPage>"
        ],
        "count": 1.0
    },
    {
        "pset": [
            "<schema.org/address>",
            "<schema.org/aggregateRating>",
            "<schema.org/description>",
            "<schema.org/geo>",
            "<schema.org/image>",
            "<schema.org/name>",
            "<schema.org/review>",
            "<schema.org/telephone>",
            "<schema.org/url>",
            "isa:<schema.org/EmergencyService>"
        ],
        "count": 1.0
    },
    {
        "pset": [
            "<schema.org/address>",
            "<schema.org/email>",
            "<schema.org/faxNumber>",
            "<schema.org/image>",
            "<schema.org/location>",
            "<schema.org/logo>",
            "<schema.org/name>",
            "<schema.org/priceRange>",
            "<schema.org/sameAs>",
            "<schema.org/taxID>",
            "<schema.org/telephone>",
            "<schema.org/url>",
            "isa:<schema.org/EmergencyService>",
            "isa:<schema.org/Organization>",
            "isa:<schema.org/Place>"
        ],
        "count": 1.0
    },
    {
        "pset": [
            "<schema.org/ContactPoint>",
            "<schema.org/additionalProperty>",
            "<schema.org/additionalType>",
            "<schema.org/address>",
            "<schema.org/areaServed>",
            "<schema.org/breadcrumb>",
            "<schema.org/currenciesAccepted>",
            "<schema.org/dateModified>",
            "<schema.org/datePublished>",
            "<schema.org/description>",
            "<schema.org/email>",
            "<schema.org/geo>",
            "<schema.org/hasMap>",
            "<schema.org/image>",
            "<schema.org/inLanguage>",
            "<schema.org/isPartOf>",
            "<schema.org/logo>",
            "<schema.org/name>",
            "<schema.org/openingHours>",
            "<schema.org/paymentAccepted>",
            "<schema.org/potentialAction>",
            "<schema.org/priceRange>",
            "<schema.org/primaryImageOfPage>",
            "<schema.org/sameAs>",
            "<schema.org/serviceArea>",
            "<schema.org/telephone>",
            "<schema.org/thumbnailUrl>",
            "<schema.org/url>",
            "isa:<schema.org/EmergencyService>",
            "isa:<schema.org/WebPage>"
        ],
        "count": 1.0
    },
    {
        "pset": [
            "<schema.org/address>",
            "<schema.org/name>",
            "<schema.org/openingHoursSpecification>",
            "<schema.org/priceRange>",
            "<schema.org/telephone>",
            "<schema.org/url>",
            "isa:<schema.org/EmergencyService>"
        ],
        "count": 1.0
    },
    {
        "pset": [
            "<schema.org/address>",
            "<schema.org/aggregateRating>",
            "<schema.org/description>",
            "<schema.org/geo>",
            "<schema.org/image>",
            "<schema.org/name>",
            "<schema.org/openingHoursSpecification>",
            "<schema.org/paymentAccepted>",
            "<schema.org/servesCuisine>",
            "<schema.org/telephone>",
            "<schema.org/url>",
            "isa:<schema.org/AutoBodyShop>",
            "isa:<schema.org/AutoRental>",
            "isa:<schema.org/AutoRepair>",
            "isa:<schema.org/Bakery>",
            "isa:<schema.org/BankOrCreditUnion>",
            "isa:<schema.org/BarOrPub>",
            "isa:<schema.org/BedAndBreakfast>",
            "isa:<schema.org/BookStore>",
            "isa:<schema.org/Cemetery>",
            "isa:<schema.org/Dentist>",
            "isa:<schema.org/DryCleaningOrLaundry>",
            "isa:<schema.org/Electrician>",
            "isa:<schema.org/EmergencyService>",
            "isa:<schema.org/FinancialService>",
            "isa:<schema.org/Florist>",
            "isa:<schema.org/GasStation>",
            "isa:<schema.org/HairSalon>",
            "isa:<schema.org/HealthAndBeautyBusiness>",
            "isa:<schema.org/HousePainter>",
            "isa:<schema.org/IceCreamShop>",
            "isa:<schema.org/JewelryStore>",
            "isa:<schema.org/LocalBusiness>",
            "isa:<schema.org/Locksmith>",
            "isa:<schema.org/Notary>",
            "isa:<schema.org/Pharmacy>",
            "isa:<schema.org/Plumber>",
            "isa:<schema.org/PostOffice>",
            "isa:<schema.org/RealEstateAgent>",
            "isa:<schema.org/Restaurant>",
            "isa:<schema.org/Store>",
            "isa:<schema.org/TravelAgency>",
            "isa:<schema.org/VeterinaryCare>"
        ],
        "count": 1.0
    },
    {
        "pset": [
            "<schema.org/address>",
            "<schema.org/geo>",
            "<schema.org/image>",
            "<schema.org/name>",
            "<schema.org/telephone>",
            "<schema.org/url>",
            "isa:<schema.org/EmergencyService>"
        ],
        "count": 1.0
    }
]