[
    {
        "pset": [
            "<schema.org/energyEffiencyScale>",
            "<schema.org/energyEffiencyScaleMax>",
            "<schema.org/energyEffiencyScaleMin>",
            "isa:<schema.org/EnergyConsumptionDetails>"
        ],
        "count": 1477.0
    },
    {
        "pset": [
            "<schema.org/energyEfficiencyScaleMax>",
            "<schema.org/energyEfficiencyScaleMin>",
            "isa:<schema.org/EnergyConsumptionDetails>"
        ],
        "count": 1116.0
    },
    {
        "pset": [
            "<schema.org/energyEfficiencyScaleMax>",
            "<schema.org/energyEfficiencyScaleMin>",
            "<schema.org/hasEnergyEfficiencyCategory>",
            "isa:<schema.org/EnergyConsumptionDetails>"
        ],
        "count": 1.0
    }
]