[
    {
        "pset": [
            "<schema.org/episodeNumber>",
            "<schema.org/name>",
            "<schema.org/url>",
            "isa:<schema.org/Episode>"
        ],
        "count": 94409.0
    },
    {
        "pset": [
            "<schema.org/name>",
            "<schema.org/url>",
            "isa:<schema.org/Episode>"
        ],
        "count": 12101.0
    },
    {
        "pset": [
            "<schema.org/image>",
            "<schema.org/name>",
            "<schema.org/url>",
            "isa:<schema.org/Episode>"
        ],
        "count": 7062.0
    },
    {
        "pset": [
            "<schema.org/dateCreated>",
            "<schema.org/name>",
            "<schema.org/url>",
            "isa:<schema.org/Episode>"
        ],
        "count": 4269.0
    },
    {
        "pset": [
            "<schema.org/datePublished>",
            "<schema.org/description>",
            "<schema.org/isAccessibleForFree>",
            "<schema.org/name>",
            "<schema.org/partOfSeries>",
            "<schema.org/thumbnailUrl>",
            "<schema.org/url>",
            "<schema.org/video>",
            "isa:<schema.org/Episode>"
        ],
        "count": 4263.0
    },
    {
        "pset": [
            "<schema.org/description>",
            "<schema.org/image>",
            "<schema.org/name>",
            "isa:<schema.org/Episode>"
        ],
        "count": 3708.0
    },
    {
        "pset": [
            "<schema.org/datePublished>",
            "<schema.org/name>",
            "isa:<schema.org/Episode>"
        ],
        "count": 3618.0
    },
    {
        "pset": [
            "<schema.org/episodeNumber>",
            "<schema.org/name>",
            "<schema.org/partOfSeason>",
            "<schema.org/partOfSeries>",
            "isa:<schema.org/Episode>"
        ],
        "count": 2818.0
    },
    {
        "pset": [
            "<schema.org/aggregateRating>",
            "<schema.org/description>",
            "<schema.org/image>",
            "<schema.org/name>",
            "isa:<schema.org/Episode>"
        ],
        "count": 2585.0
    },
    {
        "pset": [
            "<schema.org/image>",
            "<schema.org/name>",
            "isa:<schema.org/Episode>"
        ],
        "count": 1749.0
    },
    {
        "pset": [
            "<schema.org/audio>",
            "<schema.org/datePublished>",
            "<schema.org/description>",
            "<schema.org/isAccessibleForFree>",
            "<schema.org/name>",
            "<schema.org/partOfSeries>",
            "<schema.org/thumbnailUrl>",
            "<schema.org/url>",
            "isa:<schema.org/Episode>"
        ],
        "count": 1578.0
    },
    {
        "pset": [
            "<schema.org/description>",
            "<schema.org/name>",
            "isa:<schema.org/Episode>"
        ],
        "count": 1399.0
    },
    {
        "pset": [
            "<schema.org/aggregateRating>",
            "<schema.org/name>",
            "isa:<schema.org/Episode>"
        ],
        "count": 1253.0
    },
    {
        "pset": [
            "<schema.org/abstract>",
            "<schema.org/episodeNumber>",
            "<schema.org/partOfSeason>",
            "<schema.org/partOfSeries>",
            "<schema.org/thumbnailUrl>",
            "isa:<schema.org/Episode>"
        ],
        "count": 926.0
    },
    {
        "pset": [
            "<schema.org/aggregateRating>",
            "<schema.org/description>",
            "<schema.org/keywords>",
            "<schema.org/name>",
            "<schema.org/thumbnailUrl>",
            "<schema.org/url>",
            "isa:<schema.org/Episode>"
        ],
        "count": 850.0
    },
    {
        "pset": [
            "<schema.org/PotentialAction>",
            "<schema.org/description>",
            "<schema.org/duration>",
            "<schema.org/embedUrl>",
            "<schema.org/headline>",
            "<schema.org/mainEntityOfPage>",
            "<schema.org/name>",
            "<schema.org/partOfSeason>",
            "<schema.org/partOfSeries>",
            "<schema.org/thumbnailurl>",
            "<schema.org/uploadDate>",
            "<schema.org/videoQuality>",
            "isa:<schema.org/Episode>",
            "isa:<schema.org/VideoObject>"
        ],
        "count": 779.0
    },
    {
        "pset": [
            "<schema.org/abstract>",
            "<schema.org/aggregateRating>",
            "<schema.org/audio>",
            "<schema.org/author>",
            "<schema.org/copyrightHolder>",
            "<schema.org/dateCreated>",
            "<schema.org/dateModified>",
            "<schema.org/datePublished>",
            "<schema.org/genre>",
            "<schema.org/image>",
            "<schema.org/inLanguage>",
            "<schema.org/isAccessibleForFree>",
            "<schema.org/name>",
            "<schema.org/partOfSeries>",
            "<schema.org/thumbnailUrl>",
            "isa:<schema.org/Episode>"
        ],
        "count": 709.0
    },
    {
        "pset": [
            "<schema.org/name>",
            "isa:<schema.org/Episode>"
        ],
        "count": 631.0
    },
    {
        "pset": [
            "<schema.org/aggregateRating>",
            "<schema.org/countryOfOrigin>",
            "<schema.org/datePublished>",
            "<schema.org/episodeNumber>",
            "<schema.org/image>",
            "<schema.org/name>",
            "<schema.org/partOfSeason>",
            "<schema.org/partOfSeries>",
            "<schema.org/url>",
            "isa:<schema.org/Episode>"
        ],
        "count": 351.0
    },
    {
        "pset": [
            "<schema.org/countryOfOrigin>",
            "<schema.org/datePublished>",
            "<schema.org/episodeNumber>",
            "<schema.org/name>",
            "<schema.org/partOfSeason>",
            "<schema.org/partOfSeries>",
            "<schema.org/url>",
            "isa:<schema.org/Episode>"
        ],
        "count": 346.0
    },
    {
        "pset": [
            "<schema.org/author>",
            "<schema.org/dateCreated>",
            "<schema.org/dateModified>",
            "<schema.org/datePublished>",
            "<schema.org/description>",
            "<schema.org/duration>",
            "<schema.org/episodeNumber>",
            "<schema.org/image>",
            "<schema.org/keywords>",
            "<schema.org/name>",
            "<schema.org/partOfSeries>",
            "<schema.org/publisher>",
            "<schema.org/thumbnailUrl>",
            "<schema.org/timeRequired>",
            "isa:<schema.org/Episode>"
        ],
        "count": 340.0
    },
    {
        "pset": [
            "<schema.org/name>",
            "<schema.org/review>",
            "isa:<schema.org/Episode>"
        ],
        "count": 328.0
    },
    {
        "pset": [
            "<schema.org/actor>",
            "<schema.org/author>",
            "<schema.org/breadcrumb>",
            "<schema.org/dateCreated>",
            "<schema.org/description>",
            "<schema.org/image>",
            "<schema.org/isAccessibleForFree>",
            "<schema.org/name>",
            "<schema.org/partOfSeries>",
            "<schema.org/publisher>",
            "<schema.org/url>",
            "isa:<schema.org/Episode>",
            "isa:<schema.org/WebPage>"
        ],
        "count": 323.0
    },
    {
        "pset": [
            "<schema.org/aggregateRating>",
            "<schema.org/countryOfOrigin>",
            "<schema.org/datePublished>",
            "<schema.org/episodeNumber>",
            "<schema.org/name>",
            "<schema.org/partOfSeason>",
            "<schema.org/partOfSeries>",
            "<schema.org/url>",
            "isa:<schema.org/Episode>"
        ],
        "count": 322.0
    },
    {
        "pset": [
            "<schema.org/contributor>",
            "<schema.org/creator>",
            "<schema.org/description>",
            "<schema.org/image>",
            "<schema.org/isPartOf>",
            "<schema.org/name>",
            "<schema.org/partOfSeries>",
            "<schema.org/text>",
            "<schema.org/url>",
            "isa:<schema.org/Episode>"
        ],
        "count": 248.0
    },
    {
        "pset": [
            "<schema.org/author>",
            "<schema.org/copyrightHolder>",
            "<schema.org/copyrightYear>",
            "<schema.org/creator>",
            "<schema.org/dateModified>",
            "<schema.org/datePublished>",
            "<schema.org/description>",
            "<schema.org/headline>",
            "<schema.org/inLanguage>",
            "<schema.org/mainEntityOfPage>",
            "<schema.org/name>",
            "<schema.org/publisher>",
            "<schema.org/url>",
            "isa:<schema.org/Episode>"
        ],
        "count": 234.0
    },
    {
        "pset": [
            "<schema.org/description>",
            "<schema.org/name>",
            "<schema.org/review>",
            "isa:<schema.org/Episode>"
        ],
        "count": 225.0
    },
    {
        "pset": [
            "<schema.org/alternateName>",
            "<schema.org/associatedMedia>",
            "<schema.org/dateModified>",
            "<schema.org/datePublished>",
            "<schema.org/description>",
            "<schema.org/headline>",
            "<schema.org/image>",
            "<schema.org/name>",
            "<schema.org/publisher>",
            "<schema.org/thumbnailUrl>",
            "isa:<schema.org/Episode>"
        ],
        "count": 198.0
    },
    {
        "pset": [
            "<schema.org/aggregateRating>",
            "<schema.org/countryOfOrigin>",
            "<schema.org/datePublished>",
            "<schema.org/episodeNumber>",
            "<schema.org/image>",
            "<schema.org/name>",
            "<schema.org/partOfSeason>",
            "<schema.org/partOfSeries>",
            "<schema.org/timeRequired>",
            "<schema.org/url>",
            "isa:<schema.org/Episode>"
        ],
        "count": 183.0
    },
    {
        "pset": [
            "<schema.org/description>",
            "<schema.org/episodeNumber>",
            "<schema.org/name>",
            "isa:<schema.org/Episode>"
        ],
        "count": 158.0
    },
    {
        "pset": [
            "<schema.org/actor>",
            "<schema.org/description>",
            "<schema.org/director>",
            "<schema.org/duration>",
            "<schema.org/expires>",
            "<schema.org/genre>",
            "<schema.org/image>",
            "<schema.org/name>",
            "<schema.org/potentialAction>",
            "<schema.org/video>",
            "isa:<schema.org/Episode>"
        ],
        "count": 136.0
    },
    {
        "pset": [
            "<schema.org/datePublished>",
            "<schema.org/description>",
            "<schema.org/headline>",
            "<schema.org/image>",
            "<schema.org/imageAlt>",
            "<schema.org/mainEntityOfPage>",
            "<schema.org/publisher>",
            "isa:<schema.org/Episode>"
        ],
        "count": 135.0
    },
    {
        "pset": [
            "<schema.org/description>",
            "<schema.org/image>",
            "<schema.org/name>",
            "<schema.org/review>",
            "isa:<schema.org/Episode>"
        ],
        "count": 123.0
    },
    {
        "pset": [
            "<schema.org/description>",
            "<schema.org/episodeNumber>",
            "<schema.org/name>",
            "<schema.org/partOfSeries>",
            "<schema.org/thumbnailUrl>",
            "<schema.org/video>",
            "isa:<schema.org/Episode>"
        ],
        "count": 115.0
    },
    {
        "pset": [
            "<schema.org/actor>",
            "<schema.org/description>",
            "<schema.org/director>",
            "<schema.org/episodeNumber>",
            "<schema.org/name>",
            "<schema.org/partOfSeason>",
            "<schema.org/productionCompany>",
            "<schema.org/url>",
            "isa:<schema.org/Episode>"
        ],
        "count": 96.0
    },
    {
        "pset": [
            "<schema.org/datePublished>",
            "<schema.org/description>",
            "<schema.org/isAccessibleForFree>",
            "<schema.org/name>",
            "<schema.org/thumbnailUrl>",
            "<schema.org/url>",
            "<schema.org/video>",
            "isa:<schema.org/Episode>"
        ],
        "count": 93.0
    },
    {
        "pset": [
            "<schema.org/datePublished>",
            "<schema.org/description>",
            "<schema.org/headline>",
            "<schema.org/image>",
            "<schema.org/mainEntityOfPage>",
            "<schema.org/publisher>",
            "isa:<schema.org/Episode>"
        ],
        "count": 85.0
    },
    {
        "pset": [
            "<schema.org/description>",
            "<schema.org/headline>",
            "<schema.org/name>",
            "<schema.org/video>",
            "isa:<schema.org/Episode>"
        ],
        "count": 83.0
    },
    {
        "pset": [
            "<schema.org/author>",
            "<schema.org/copyrightHolder>",
            "<schema.org/copyrightYear>",
            "<schema.org/creator>",
            "<schema.org/dateModified>",
            "<schema.org/datePublished>",
            "<schema.org/description>",
            "<schema.org/headline>",
            "<schema.org/image>",
            "<schema.org/inLanguage>",
            "<schema.org/mainEntityOfPage>",
            "<schema.org/name>",
            "<schema.org/publisher>",
            "<schema.org/url>",
            "isa:<schema.org/Episode>"
        ],
        "count": 78.0
    },
    {
        "pset": [
            "<schema.org/articleSection>",
            "<schema.org/author>",
            "<schema.org/dateModified>",
            "<schema.org/datePublished>",
            "<schema.org/headline>",
            "<schema.org/image>",
            "<schema.org/mainEntityOfPage>",
            "<schema.org/name>",
            "<schema.org/partOfSeries>",
            "<schema.org/publisher>",
            "<schema.org/video>",
            "isa:<schema.org/Episode>"
        ],
        "count": 77.0
    },
    {
        "pset": [
            "<schema.org/audio>",
            "<schema.org/author>",
            "<schema.org/dateModified>",
            "<schema.org/datePublished>",
            "<schema.org/description>",
            "<schema.org/image>",
            "<schema.org/mainEntityOfPage>",
            "<schema.org/name>",
            "<schema.org/publisher>",
            "isa:<schema.org/Episode>"
        ],
        "count": 75.0
    },
    {
        "pset": [
            "<schema.org/creator>",
            "<schema.org/description>",
            "<schema.org/image>",
            "<schema.org/isPartOf>",
            "<schema.org/name>",
            "<schema.org/partOfSeries>",
            "<schema.org/text>",
            "<schema.org/url>",
            "isa:<schema.org/Episode>"
        ],
        "count": 68.0
    },
    {
        "pset": [
            "<schema.org/audio>",
            "<schema.org/copyrightYear>",
            "<schema.org/dateModified>",
            "<schema.org/datePublished>",
            "<schema.org/description>",
            "<schema.org/episodeNumber>",
            "<schema.org/name>",
            "<schema.org/provider>",
            "<schema.org/sourceOrganization>",
            "<schema.org/url>",
            "isa:<schema.org/Episode>"
        ],
        "count": 65.0
    },
    {
        "pset": [
            "<schema.org/about>",
            "<schema.org/alternativeHeadline>",
            "<schema.org/associatedMedia>",
            "<schema.org/author>",
            "<schema.org/dateCreated>",
            "<schema.org/datePublished>",
            "<schema.org/description>",
            "<schema.org/headline>",
            "<schema.org/image>",
            "<schema.org/keywords>",
            "<schema.org/mainEntityOfPage>",
            "<schema.org/name>",
            "<schema.org/partOfSeries>",
            "<schema.org/publisher>",
            "<schema.org/url>",
            "isa:<schema.org/Episode>"
        ],
        "count": 60.0
    },
    {
        "pset": [
            "<schema.org/Review>",
            "<schema.org/description>",
            "<schema.org/image>",
            "<schema.org/name>",
            "isa:<schema.org/Episode>"
        ],
        "count": 54.0
    },
    {
        "pset": [
            "<schema.org/actor>",
            "<schema.org/author>",
            "<schema.org/breadcrumb>",
            "<schema.org/dateCreated>",
            "<schema.org/description>",
            "<schema.org/embedUrl>",
            "<schema.org/image>",
            "<schema.org/isAccessibleForFree>",
            "<schema.org/name>",
            "<schema.org/partOfSeries>",
            "<schema.org/publication>",
            "<schema.org/publisher>",
            "<schema.org/thumbnailUrl>",
            "<schema.org/uploadDate>",
            "<schema.org/url>",
            "isa:<schema.org/Episode>",
            "isa:<schema.org/VideoObject>",
            "isa:<schema.org/WebPage>"
        ],
        "count": 48.0
    },
    {
        "pset": [
            "<schema.org/audio>",
            "<schema.org/copyrightYear>",
            "<schema.org/dateModified>",
            "<schema.org/datePublished>",
            "<schema.org/description>",
            "<schema.org/episodeNumber>",
            "<schema.org/image>",
            "<schema.org/name>",
            "<schema.org/provider>",
            "<schema.org/sourceOrganization>",
            "<schema.org/url>",
            "isa:<schema.org/Episode>"
        ],
        "count": 46.0
    },
    {
        "pset": [
            "<schema.org/alternateName>",
            "<schema.org/associatedMedia>",
            "<schema.org/dateCreated>",
            "<schema.org/dateModified>",
            "<schema.org/datePublished>",
            "<schema.org/description>",
            "<schema.org/headline>",
            "<schema.org/image>",
            "<schema.org/name>",
            "<schema.org/publisher>",
            "<schema.org/thumbnailUrl>",
            "isa:<schema.org/Episode>"
        ],
        "count": 42.0
    },
    {
        "pset": [
            "<schema.org/countryOfOrigin>",
            "<schema.org/datePublished>",
            "<schema.org/episodeNumber>",
            "<schema.org/name>",
            "<schema.org/partOfSeason>",
            "<schema.org/partOfSeries>",
            "<schema.org/timeRequired>",
            "<schema.org/url>",
            "isa:<schema.org/Episode>"
        ],
        "count": 42.0
    },
    {
        "pset": [
            "<schema.org/datePublished>",
            "<schema.org/isFamilyFriendly>",
            "<schema.org/keywords>",
            "<schema.org/name>",
            "isa:<schema.org/Episode>"
        ],
        "count": 41.0
    },
    {
        "pset": [
            "<schema.org/aggregateRating>",
            "<schema.org/description>",
            "<schema.org/name>",
            "<schema.org/thumbnailUrl>",
            "<schema.org/url>",
            "isa:<schema.org/Episode>"
        ],
        "count": 39.0
    },
    {
        "pset": [
            "<schema.org/aggregateRating>",
            "<schema.org/countryOfOrigin>",
            "<schema.org/datePublished>",
            "<schema.org/episodeNumber>",
            "<schema.org/name>",
            "<schema.org/partOfSeason>",
            "<schema.org/partOfSeries>",
            "<schema.org/timeRequired>",
            "<schema.org/url>",
            "isa:<schema.org/Episode>"
        ],
        "count": 38.0
    },
    {
        "pset": [
            "<schema.org/datePublished>",
            "<schema.org/description>",
            "<schema.org/duration>",
            "<schema.org/inLanguage>",
            "<schema.org/name>",
            "<schema.org/partOfSeries>",
            "<schema.org/producer>",
            "<schema.org/productionCompany>",
            "<schema.org/thumbnailUrl>",
            "<schema.org/url>",
            "<schema.org/video>",
            "isa:<schema.org/Episode>"
        ],
        "count": 34.0
    },
    {
        "pset": [
            "<schema.org/countryOfOrigin>",
            "<schema.org/datePublished>",
            "<schema.org/episodeNumber>",
            "<schema.org/image>",
            "<schema.org/name>",
            "<schema.org/partOfSeason>",
            "<schema.org/partOfSeries>",
            "<schema.org/url>",
            "isa:<schema.org/Episode>"
        ],
        "count": 33.0
    },
    {
        "pset": [
            "<schema.org/headline>",
            "<schema.org/keywords>",
            "<schema.org/url>",
            "isa:<schema.org/Episode>"
        ],
        "count": 33.0
    },
    {
        "pset": [
            "<schema.org/alternativeHeadline>",
            "<schema.org/episodeNumber>",
            "<schema.org/name>",
            "<schema.org/url>",
            "isa:<schema.org/Episode>"
        ],
        "count": 32.0
    },
    {
        "pset": [
            "<schema.org/description>",
            "<schema.org/name>",
            "<schema.org/partOfSeries>",
            "<schema.org/thumbnailUrl>",
            "<schema.org/video>",
            "isa:<schema.org/Episode>"
        ],
        "count": 31.0
    },
    {
        "pset": [
            "<schema.org/about>",
            "<schema.org/audio>",
            "<schema.org/author>",
            "<schema.org/datePublished>",
            "<schema.org/description>",
            "<schema.org/episodeNumber>",
            "<schema.org/genre>",
            "<schema.org/keywords>",
            "<schema.org/mainEntityOfPage>",
            "<schema.org/name>",
            "<schema.org/partOfSeries>",
            "<schema.org/sameAs>",
            "<schema.org/url>",
            "isa:<schema.org/Episode>"
        ],
        "count": 28.0
    },
    {
        "pset": [
            "<schema.org/aggregateRating>",
            "<schema.org/image>",
            "<schema.org/name>",
            "<schema.org/review>",
            "isa:<schema.org/Episode>"
        ],
        "count": 28.0
    },
    {
        "pset": [
            "<schema.org/alternateName>",
            "<schema.org/dateModified>",
            "<schema.org/datePublished>",
            "<schema.org/description>",
            "<schema.org/headline>",
            "<schema.org/name>",
            "<schema.org/publisher>",
            "<schema.org/thumbnailUrl>",
            "isa:<schema.org/Episode>"
        ],
        "count": 28.0
    },
    {
        "pset": [
            "<schema.org/alternateName>",
            "<schema.org/associatedMedia>",
            "<schema.org/dateModified>",
            "<schema.org/datePublished>",
            "<schema.org/description>",
            "<schema.org/headline>",
            "<schema.org/name>",
            "<schema.org/publisher>",
            "<schema.org/thumbnailUrl>",
            "isa:<schema.org/Episode>"
        ],
        "count": 28.0
    },
    {
        "pset": [
            "<schema.org/image>",
            "<schema.org/name>",
            "<schema.org/review>",
            "isa:<schema.org/Episode>"
        ],
        "count": 27.0
    },
    {
        "pset": [
            "<schema.org/description>",
            "<schema.org/director>",
            "<schema.org/duration>",
            "<schema.org/expires>",
            "<schema.org/genre>",
            "<schema.org/image>",
            "<schema.org/name>",
            "<schema.org/potentialAction>",
            "<schema.org/video>",
            "isa:<schema.org/Episode>"
        ],
        "count": 25.0
    },
    {
        "pset": [
            "<schema.org/audio>",
            "<schema.org/datePublished>",
            "<schema.org/description>",
            "<schema.org/isAccessibleForFree>",
            "<schema.org/name>",
            "<schema.org/thumbnailUrl>",
            "<schema.org/url>",
            "isa:<schema.org/Episode>"
        ],
        "count": 25.0
    },
    {
        "pset": [
            "<schema.org/author>",
            "<schema.org/creator>",
            "<schema.org/dateCreated>",
            "<schema.org/dateModified>",
            "<schema.org/datePublished>",
            "<schema.org/description>",
            "<schema.org/duration>",
            "<schema.org/identifier>",
            "<schema.org/image>",
            "<schema.org/inLanguage>",
            "<schema.org/keywords>",
            "<schema.org/mainEntityOfPage>",
            "<schema.org/name>",
            "<schema.org/publisher>",
            "<schema.org/thumbnailUrl>",
            "<schema.org/url>",
            "isa:<schema.org/Episode>"
        ],
        "count": 25.0
    },
    {
        "pset": [
            "<schema.org/aggregateRating>",
            "<schema.org/image>",
            "<schema.org/name>",
            "isa:<schema.org/Episode>"
        ],
        "count": 24.0
    },
    {
        "pset": [
            "<schema.org/alternateName>",
            "<schema.org/associatedMedia>",
            "<schema.org/audio>",
            "<schema.org/dateModified>",
            "<schema.org/datePublished>",
            "<schema.org/description>",
            "<schema.org/headline>",
            "<schema.org/image>",
            "<schema.org/name>",
            "<schema.org/publisher>",
            "<schema.org/thumbnailUrl>",
            "isa:<schema.org/Episode>"
        ],
        "count": 23.0
    },
    {
        "pset": [
            "<schema.org/author>",
            "<schema.org/creator>",
            "<schema.org/dateCreated>",
            "<schema.org/dateModified>",
            "<schema.org/datePublished>",
            "<schema.org/description>",
            "<schema.org/identifier>",
            "<schema.org/image>",
            "<schema.org/inLanguage>",
            "<schema.org/keywords>",
            "<schema.org/mainEntityOfPage>",
            "<schema.org/name>",
            "<schema.org/publisher>",
            "<schema.org/thumbnailUrl>",
            "<schema.org/url>",
            "isa:<schema.org/Episode>"
        ],
        "count": 21.0
    },
    {
        "pset": [
            "<schema.org/actor>",
            "<schema.org/aggregateRating>",
            "<schema.org/episodeNumber>",
            "<schema.org/genre>",
            "<schema.org/image>",
            "<schema.org/partOfSeries>",
            "<schema.org/thumbnailUrl>",
            "<schema.org/timeRequired>",
            "<schema.org/url>",
            "isa:<schema.org/Episode>"
        ],
        "count": 17.0
    },
    {
        "pset": [
            "<schema.org/image>",
            "isa:<schema.org/Episode>"
        ],
        "count": 17.0
    },
    {
        "pset": [
            "<schema.org/description>",
            "<schema.org/image>",
            "<schema.org/name>",
            "<schema.org/sameAs>",
            "isa:<schema.org/Episode>"
        ],
        "count": 16.0
    },
    {
        "pset": [
            "<schema.org/author>",
            "<schema.org/creator>",
            "<schema.org/dateCreated>",
            "<schema.org/dateModified>",
            "<schema.org/datePublished>",
            "<schema.org/identifier>",
            "<schema.org/image>",
            "<schema.org/inLanguage>",
            "<schema.org/keywords>",
            "<schema.org/mainEntityOfPage>",
            "<schema.org/name>",
            "<schema.org/publisher>",
            "<schema.org/thumbnailUrl>",
            "<schema.org/url>",
            "isa:<schema.org/Episode>"
        ],
        "count": 15.0
    },
    {
        "pset": [
            "<schema.org/alternateName>",
            "<schema.org/associatedMedia>",
            "<schema.org/audio>",
            "<schema.org/dateCreated>",
            "<schema.org/dateModified>",
            "<schema.org/datePublished>",
            "<schema.org/description>",
            "<schema.org/headline>",
            "<schema.org/image>",
            "<schema.org/name>",
            "<schema.org/publisher>",
            "<schema.org/thumbnailUrl>",
            "isa:<schema.org/Episode>"
        ],
        "count": 15.0
    },
    {
        "pset": [
            "<schema.org/countryOfOrigin>",
            "<schema.org/datePublished>",
            "<schema.org/episodeNumber>",
            "<schema.org/image>",
            "<schema.org/name>",
            "<schema.org/partOfSeason>",
            "<schema.org/partOfSeries>",
            "<schema.org/timeRequired>",
            "<schema.org/url>",
            "isa:<schema.org/Episode>"
        ],
        "count": 14.0
    },
    {
        "pset": [
            "<schema.org/episodeNumber>",
            "<schema.org/partOfSeries>",
            "isa:<schema.org/Episode>"
        ],
        "count": 13.0
    },
    {
        "pset": [
            "<schema.org/EpisodeNumber>",
            "<schema.org/PartOfSeason>",
            "<schema.org/PartOfSeries>",
            "<schema.org/name>",
            "<schema.org/url>",
            "isa:<schema.org/Episode>"
        ],
        "count": 13.0
    },
    {
        "pset": [
            "<schema.org/dateCreated>",
            "<schema.org/director>",
            "<schema.org/name>",
            "<schema.org/url>",
            "isa:<schema.org/Episode>"
        ],
        "count": 13.0
    },
    {
        "pset": [
            "<schema.org/author>",
            "<schema.org/creator>",
            "<schema.org/dateCreated>",
            "<schema.org/dateModified>",
            "<schema.org/datePublished>",
            "<schema.org/duration>",
            "<schema.org/identifier>",
            "<schema.org/image>",
            "<schema.org/inLanguage>",
            "<schema.org/keywords>",
            "<schema.org/mainEntityOfPage>",
            "<schema.org/name>",
            "<schema.org/publisher>",
            "<schema.org/thumbnailUrl>",
            "<schema.org/url>",
            "isa:<schema.org/Episode>"
        ],
        "count": 13.0
    },
    {
        "pset": [
            "<schema.org/alternateName>",
            "<schema.org/dateModified>",
            "<schema.org/datePublished>",
            "<schema.org/description>",
            "<schema.org/headline>",
            "<schema.org/image>",
            "<schema.org/name>",
            "<schema.org/publisher>",
            "<schema.org/thumbnailUrl>",
            "isa:<schema.org/Episode>"
        ],
        "count": 12.0
    },
    {
        "pset": [
            "<schema.org/aggregateRating>",
            "<schema.org/countryOfOrigin>",
            "<schema.org/datePublished>",
            "<schema.org/image>",
            "<schema.org/name>",
            "<schema.org/partOfSeason>",
            "<schema.org/partOfSeries>",
            "<schema.org/timeRequired>",
            "<schema.org/url>",
            "isa:<schema.org/Episode>"
        ],
        "count": 9.0
    },
    {
        "pset": [
            "<schema.org/description>",
            "<schema.org/image>",
            "<schema.org/name>",
            "<schema.org/offers>",
            "<schema.org/review>",
            "isa:<schema.org/Episode>"
        ],
        "count": 8.0
    },
    {
        "pset": [
            "<schema.org/EpisodeNumber>",
            "<schema.org/PartOfSeason>",
            "<schema.org/PartOfSeries>",
            "<schema.org/position>",
            "<schema.org/video>",
            "isa:<schema.org/Episode>"
        ],
        "count": 7.0
    },
    {
        "pset": [
            "<schema.org/alternateName>",
            "<schema.org/associatedMedia>",
            "<schema.org/dateModified>",
            "<schema.org/datePublished>",
            "<schema.org/description>",
            "<schema.org/headline>",
            "<schema.org/image>",
            "<schema.org/name>",
            "<schema.org/publisher>",
            "<schema.org/thumbnailUrl>",
            "<schema.org/video>",
            "isa:<schema.org/Episode>"
        ],
        "count": 7.0
    },
    {
        "pset": [
            "<schema.org/audio>",
            "<schema.org/author>",
            "<schema.org/datePublished>",
            "<schema.org/episodeNumber>",
            "<schema.org/image>",
            "<schema.org/inLanguage>",
            "<schema.org/name>",
            "<schema.org/partOfSeries>",
            "<schema.org/publisher>",
            "<schema.org/url>",
            "isa:<schema.org/Episode>"
        ],
        "count": 7.0
    },
    {
        "pset": [
            "<schema.org/dateCreated>",
            "<schema.org/image>",
            "<schema.org/name>",
            "<schema.org/sameAs>",
            "<schema.org/url>",
            "isa:<schema.org/Episode>"
        ],
        "count": 6.0
    },
    {
        "pset": [
            "<schema.org/alternateName>",
            "<schema.org/associatedMedia>",
            "<schema.org/dateCreated>",
            "<schema.org/dateModified>",
            "<schema.org/datePublished>",
            "<schema.org/description>",
            "<schema.org/headline>",
            "<schema.org/image>",
            "<schema.org/name>",
            "<schema.org/publisher>",
            "<schema.org/thumbnailUrl>",
            "<schema.org/video>",
            "isa:<schema.org/Episode>"
        ],
        "count": 6.0
    },
    {
        "pset": [
            "<schema.org/actor>",
            "<schema.org/description>",
            "<schema.org/duration>",
            "<schema.org/expires>",
            "<schema.org/genre>",
            "<schema.org/image>",
            "<schema.org/name>",
            "<schema.org/potentialAction>",
            "<schema.org/video>",
            "isa:<schema.org/Episode>"
        ],
        "count": 5.0
    },
    {
        "pset": [
            "<schema.org/creator>",
            "<schema.org/datePublished>",
            "<schema.org/description>",
            "<schema.org/episodeNumber>",
            "<schema.org/image>",
            "<schema.org/inLanguage>",
            "<schema.org/name>",
            "<schema.org/partOfSeries>",
            "<schema.org/partofSeason>",
            "<schema.org/url>",
            "isa:<schema.org/Episode>"
        ],
        "count": 5.0
    },
    {
        "pset": [
            "<schema.org/actor>",
            "<schema.org/author>",
            "<schema.org/breadcrumb>",
            "<schema.org/dateCreated>",
            "<schema.org/description>",
            "<schema.org/embedUrl>",
            "<schema.org/image>",
            "<schema.org/isAccessibleForFree>",
            "<schema.org/name>",
            "<schema.org/partOfSeries>",
            "<schema.org/publisher>",
            "<schema.org/thumbnailUrl>",
            "<schema.org/uploadDate>",
            "<schema.org/url>",
            "isa:<schema.org/Episode>",
            "isa:<schema.org/VideoObject>",
            "isa:<schema.org/WebPage>"
        ],
        "count": 5.0
    },
    {
        "pset": [
            "<schema.org/aggregateRating>",
            "<schema.org/countryOfOrigin>",
            "<schema.org/datePublished>",
            "<schema.org/image>",
            "<schema.org/name>",
            "<schema.org/partOfSeason>",
            "<schema.org/partOfSeries>",
            "<schema.org/url>",
            "isa:<schema.org/Episode>"
        ],
        "count": 5.0
    },
    {
        "pset": [
            "<schema.org/actor>",
            "<schema.org/aggregateRating>",
            "<schema.org/director>",
            "<schema.org/episodeNumber>",
            "<schema.org/genre>",
            "<schema.org/image>",
            "<schema.org/partOfSeries>",
            "<schema.org/thumbnailUrl>",
            "<schema.org/timeRequired>",
            "<schema.org/url>",
            "isa:<schema.org/Episode>"
        ],
        "count": 4.0
    },
    {
        "pset": [
            "<schema.org/aggregateRating>",
            "<schema.org/countryOfOrigin>",
            "<schema.org/datePublished>",
            "<schema.org/name>",
            "<schema.org/partOfSeason>",
            "<schema.org/partOfSeries>",
            "<schema.org/timeRequired>",
            "<schema.org/url>",
            "isa:<schema.org/Episode>"
        ],
        "count": 4.0
    },
    {
        "pset": [
            "<schema.org/image>",
            "<schema.org/name>",
            "<schema.org/review>",
            "<schema.org/sameAs>",
            "isa:<schema.org/Episode>"
        ],
        "count": 4.0
    },
    {
        "pset": [
            "<schema.org/author>",
            "<schema.org/copyrightHolder>",
            "<schema.org/copyrightYear>",
            "<schema.org/creator>",
            "<schema.org/dateModified>",
            "<schema.org/datePublished>",
            "<schema.org/headline>",
            "<schema.org/image>",
            "<schema.org/inLanguage>",
            "<schema.org/mainEntityOfPage>",
            "<schema.org/name>",
            "<schema.org/publisher>",
            "<schema.org/url>",
            "isa:<schema.org/Episode>"
        ],
        "count": 4.0
    },
    {
        "pset": [
            "<schema.org/audio>",
            "<schema.org/copyrightYear>",
            "<schema.org/dateModified>",
            "<schema.org/datePublished>",
            "<schema.org/description>",
            "<schema.org/episodeNumber>",
            "<schema.org/image>",
            "<schema.org/name>",
            "<schema.org/partOfSeries>",
            "<schema.org/provider>",
            "<schema.org/sourceOrganization>",
            "<schema.org/url>",
            "isa:<schema.org/Episode>"
        ],
        "count": 4.0
    },
    {
        "pset": [
            "<schema.org/author>",
            "<schema.org/name>",
            "isa:<schema.org/Episode>"
        ],
        "count": 4.0
    },
    {
        "pset": [
            "<schema.org/actor>",
            "<schema.org/author>",
            "<schema.org/dateCreated>",
            "<schema.org/description>",
            "<schema.org/director>",
            "<schema.org/episodeNumber>",
            "<schema.org/genre>",
            "<schema.org/image>",
            "<schema.org/name>",
            "<schema.org/partOfSeason>",
            "<schema.org/partOfSeries>",
            "<schema.org/productionCompany>",
            "isa:<schema.org/Episode>"
        ],
        "count": 3.0
    },
    {
        "pset": [
            "<schema.org/image>",
            "<schema.org/name>",
            "<schema.org/sameas>",
            "<schema.org/url>",
            "isa:<schema.org/Episode>"
        ],
        "count": 3.0
    },
    {
        "pset": [
            "<schema.org/about>",
            "<schema.org/alternativeHeadline>",
            "<schema.org/associatedMedia>",
            "<schema.org/author>",
            "<schema.org/dateCreated>",
            "<schema.org/dateModified>",
            "<schema.org/datePublished>",
            "<schema.org/description>",
            "<schema.org/headline>",
            "<schema.org/image>",
            "<schema.org/keywords>",
            "<schema.org/mainEntityOfPage>",
            "<schema.org/name>",
            "<schema.org/partOfSeries>",
            "<schema.org/publisher>",
            "<schema.org/url>",
            "isa:<schema.org/Episode>"
        ],
        "count": 3.0
    },
    {
        "pset": [
            "<schema.org/author>",
            "<schema.org/dateModified>",
            "<schema.org/datePublished>",
            "<schema.org/headline>",
            "<schema.org/image>",
            "<schema.org/mainEntityOfPage>",
            "<schema.org/name>",
            "<schema.org/partOfSeries>",
            "<schema.org/publisher>",
            "<schema.org/video>",
            "isa:<schema.org/Episode>"
        ],
        "count": 3.0
    },
    {
        "pset": [
            "<schema.org/alternateName>",
            "<schema.org/associatedMedia>",
            "<schema.org/audio>",
            "<schema.org/dateModified>",
            "<schema.org/datePublished>",
            "<schema.org/description>",
            "<schema.org/headline>",
            "<schema.org/image>",
            "<schema.org/name>",
            "<schema.org/publisher>",
            "<schema.org/thumbnailUrl>",
            "<schema.org/video>",
            "isa:<schema.org/Episode>"
        ],
        "count": 3.0
    },
    {
        "pset": [
            "<schema.org/actor>",
            "<schema.org/description>",
            "<schema.org/director>",
            "<schema.org/name>",
            "<schema.org/partOfSeason>",
            "<schema.org/productionCompany>",
            "<schema.org/url>",
            "isa:<schema.org/Episode>"
        ],
        "count": 2.0
    },
    {
        "pset": [
            "<schema.org/audio>",
            "<schema.org/author>",
            "<schema.org/datePublished>",
            "<schema.org/description>",
            "<schema.org/episodeNumber>",
            "<schema.org/headline>",
            "<schema.org/image>",
            "<schema.org/url>",
            "isa:<schema.org/Episode>"
        ],
        "count": 2.0
    },
    {
        "pset": [
            "<schema.org/aggregateRating>",
            "<schema.org/countryOfOrigin>",
            "<schema.org/datePublished>",
            "<schema.org/name>",
            "<schema.org/partOfSeason>",
            "<schema.org/partOfSeries>",
            "<schema.org/url>",
            "isa:<schema.org/Episode>"
        ],
        "count": 2.0
    },
    {
        "pset": [
            "<schema.org/countryOfOrigin>",
            "<schema.org/datePublished>",
            "<schema.org/name>",
            "<schema.org/partOfSeason>",
            "<schema.org/partOfSeries>",
            "<schema.org/url>",
            "isa:<schema.org/Episode>"
        ],
        "count": 2.0
    },
    {
        "pset": [
            "<schema.org/alternateName>",
            "<schema.org/dateCreated>",
            "<schema.org/dateModified>",
            "<schema.org/datePublished>",
            "<schema.org/description>",
            "<schema.org/headline>",
            "<schema.org/image>",
            "<schema.org/name>",
            "<schema.org/publisher>",
            "<schema.org/thumbnailUrl>",
            "isa:<schema.org/Episode>"
        ],
        "count": 2.0
    },
    {
        "pset": [
            "<schema.org/alternateName>",
            "<schema.org/audio>",
            "<schema.org/dateCreated>",
            "<schema.org/dateModified>",
            "<schema.org/datePublished>",
            "<schema.org/description>",
            "<schema.org/headline>",
            "<schema.org/image>",
            "<schema.org/name>",
            "<schema.org/publisher>",
            "<schema.org/thumbnailUrl>",
            "isa:<schema.org/Episode>"
        ],
        "count": 2.0
    },
    {
        "pset": [
            "<schema.org/PotentialAction>",
            "<schema.org/description>",
            "<schema.org/duration>",
            "<schema.org/embedUrl>",
            "<schema.org/headline>",
            "<schema.org/mainEntityOfPage>",
            "<schema.org/name>",
            "<schema.org/partOfSeries>",
            "<schema.org/thumbnailurl>",
            "<schema.org/uploadDate>",
            "<schema.org/videoQuality>",
            "isa:<schema.org/Episode>",
            "isa:<schema.org/VideoObject>"
        ],
        "count": 2.0
    },
    {
        "pset": [
            "<schema.org/description>",
            "<schema.org/duration>",
            "<schema.org/expires>",
            "<schema.org/image>",
            "<schema.org/name>",
            "<schema.org/potentialAction>",
            "<schema.org/video>",
            "isa:<schema.org/Episode>"
        ],
        "count": 2.0
    },
    {
        "pset": [
            "<schema.org/dateCreated>",
            "<schema.org/image>",
            "<schema.org/name>",
            "<schema.org/sameAs>",
            "isa:<schema.org/Episode>"
        ],
        "count": 2.0
    },
    {
        "pset": [
            "<schema.org/alternateName>",
            "<schema.org/associatedMedia>",
            "<schema.org/dateCreated>",
            "<schema.org/dateModified>",
            "<schema.org/datePublished>",
            "<schema.org/description>",
            "<schema.org/headline>",
            "<schema.org/name>",
            "<schema.org/publisher>",
            "<schema.org/thumbnailUrl>",
            "isa:<schema.org/Episode>"
        ],
        "count": 2.0
    },
    {
        "pset": [
            "<schema.org/location>",
            "<schema.org/name>",
            "<schema.org/startDate>",
            "isa:<schema.org/Episode>"
        ],
        "count": 2.0
    },
    {
        "pset": [
            "<schema.org/alternateName>",
            "<schema.org/associatedMedia>",
            "<schema.org/audio>",
            "<schema.org/dateCreated>",
            "<schema.org/dateModified>",
            "<schema.org/datePublished>",
            "<schema.org/description>",
            "<schema.org/headline>",
            "<schema.org/image>",
            "<schema.org/name>",
            "<schema.org/publisher>",
            "<schema.org/thumbnailUrl>",
            "<schema.org/video>",
            "isa:<schema.org/Episode>"
        ],
        "count": 2.0
    },
    {
        "pset": [
            "<schema.org/actor>",
            "<schema.org/description>",
            "<schema.org/episodeNumber>",
            "<schema.org/genre>",
            "<schema.org/headline>",
            "<schema.org/image>",
            "<schema.org/keywords>",
            "<schema.org/name>",
            "<schema.org/partOfSeason>",
            "<schema.org/url>",
            "<schema.org/video>",
            "isa:<schema.org/Episode>"
        ],
        "count": 2.0
    },
    {
        "pset": [
            "<schema.org/alternateName>",
            "<schema.org/dateModified>",
            "<schema.org/datePublished>",
            "<schema.org/description>",
            "<schema.org/headline>",
            "<schema.org/image>",
            "<schema.org/name>",
            "<schema.org/publisher>",
            "<schema.org/thumbnailUrl>",
            "<schema.org/video>",
            "isa:<schema.org/Episode>"
        ],
        "count": 2.0
    },
    {
        "pset": [
            "<schema.org/about>",
            "<schema.org/description>",
            "<schema.org/directors>",
            "<schema.org/episodeNumber>",
            "<schema.org/mainEntityOfPage>",
            "<schema.org/musicBy>",
            "<schema.org/name>",
            "isa:<schema.org/Episode>"
        ],
        "count": 2.0
    },
    {
        "pset": [
            "<schema.org/actor>",
            "<schema.org/author>",
            "<schema.org/dateCreated>",
            "<schema.org/director>",
            "<schema.org/episodeNumber>",
            "<schema.org/genre>",
            "<schema.org/image>",
            "<schema.org/partOfSeason>",
            "<schema.org/productionCompany>",
            "<schema.org/url>",
            "isa:<schema.org/Episode>"
        ],
        "count": 1.0
    },
    {
        "pset": [
            "<schema.org/about>",
            "<schema.org/actor>",
            "<schema.org/creator>",
            "<schema.org/datePublished>",
            "<schema.org/name>",
            "<schema.org/partOfSeries>",
            "isa:<schema.org/Episode>"
        ],
        "count": 1.0
    },
    {
        "pset": [
            "<schema.org/PotentialAction>",
            "<schema.org/description>",
            "<schema.org/embedUrl>",
            "<schema.org/headline>",
            "<schema.org/mainEntityOfPage>",
            "<schema.org/name>",
            "<schema.org/partOfSeason>",
            "<schema.org/partOfSeries>",
            "<schema.org/thumbnailurl>",
            "<schema.org/uploadDate>",
            "<schema.org/videoQuality>",
            "isa:<schema.org/Episode>",
            "isa:<schema.org/VideoObject>"
        ],
        "count": 1.0
    },
    {
        "pset": [
            "<schema.org/countryOfOrigin>",
            "<schema.org/datePublished>",
            "<schema.org/name>",
            "<schema.org/partOfSeason>",
            "<schema.org/partOfSeries>",
            "<schema.org/timeRequired>",
            "<schema.org/url>",
            "isa:<schema.org/Episode>"
        ],
        "count": 1.0
    },
    {
        "pset": [
            "<schema.org/author>",
            "<schema.org/creator>",
            "<schema.org/dateCreated>",
            "<schema.org/dateModified>",
            "<schema.org/datePublished>",
            "<schema.org/description>",
            "<schema.org/identifier>",
            "<schema.org/inLanguage>",
            "<schema.org/keywords>",
            "<schema.org/mainEntityOfPage>",
            "<schema.org/name>",
            "<schema.org/publisher>",
            "<schema.org/thumbnailUrl>",
            "<schema.org/url>",
            "isa:<schema.org/Episode>"
        ],
        "count": 1.0
    },
    {
        "pset": [
            "<schema.org/dateCreated>",
            "<schema.org/image>",
            "<schema.org/name>",
            "isa:<schema.org/Episode>"
        ],
        "count": 1.0
    },
    {
        "pset": [
            "<schema.org/actor>",
            "<schema.org/director>",
            "<schema.org/name>",
            "<schema.org/partOfSeason>",
            "<schema.org/productionCompany>",
            "<schema.org/url>",
            "isa:<schema.org/Episode>"
        ],
        "count": 1.0
    },
    {
        "pset": [
            "<schema.org/countryOfOrigin>",
            "<schema.org/datePublished>",
            "<schema.org/image>",
            "<schema.org/name>",
            "<schema.org/partOfSeason>",
            "<schema.org/partOfSeries>",
            "<schema.org/url>",
            "isa:<schema.org/Episode>"
        ],
        "count": 1.0
    },
    {
        "pset": [
            "<schema.org/about>",
            "<schema.org/alternativeHeadline>",
            "<schema.org/associatedMedia>",
            "<schema.org/dateCreated>",
            "<schema.org/datePublished>",
            "<schema.org/description>",
            "<schema.org/headline>",
            "<schema.org/image>",
            "<schema.org/keywords>",
            "<schema.org/mainEntityOfPage>",
            "<schema.org/name>",
            "<schema.org/partOfSeries>",
            "<schema.org/url>",
            "isa:<schema.org/Episode>"
        ],
        "count": 1.0
    },
    {
        "pset": [
            "<schema.org/additionalType>",
            "<schema.org/creator>",
            "<schema.org/description>",
            "<schema.org/disambiguatingDescription>",
            "<schema.org/image>",
            "<schema.org/name>",
            "<schema.org/url>",
            "isa:<schema.org/Episode>"
        ],
        "count": 1.0
    },
    {
        "pset": [
            "<schema.org/alternateName>",
            "<schema.org/author>",
            "<schema.org/award>",
            "<schema.org/copyrightHolder>",
            "<schema.org/copyrightYear>",
            "<schema.org/creator>",
            "<schema.org/description>",
            "<schema.org/episodeNumber>",
            "<schema.org/headline>",
            "<schema.org/image>",
            "<schema.org/keywords>",
            "<schema.org/mainEntity>",
            "<schema.org/name>",
            "<schema.org/partOfSeason>",
            "<schema.org/partOfSeries>",
            "<schema.org/producer>",
            "<schema.org/productionCompany>",
            "<schema.org/thumbnailUrl>",
            "<schema.org/video>",
            "isa:<schema.org/Episode>"
        ],
        "count": 1.0
    },
    {
        "pset": [
            "<schema.org/about>",
            "<schema.org/alternativeHeadline>",
            "<schema.org/associatedMedia>",
            "<schema.org/author>",
            "<schema.org/dateCreated>",
            "<schema.org/datePublished>",
            "<schema.org/description>",
            "<schema.org/headline>",
            "<schema.org/image>",
            "<schema.org/keywords>",
            "<schema.org/mainEntityOfPage>",
            "<schema.org/name>",
            "<schema.org/publisher>",
            "<schema.org/url>",
            "isa:<schema.org/Episode>"
        ],
        "count": 1.0
    },
    {
        "pset": [
            "<schema.org/actor>",
            "<schema.org/author>",
            "<schema.org/breadcrumb>",
            "<schema.org/dateCreated>",
            "<schema.org/description>",
            "<schema.org/image>",
            "<schema.org/isAccessibleForFree>",
            "<schema.org/name>",
            "<schema.org/partOfSeries>",
            "<schema.org/publication>",
            "<schema.org/publisher>",
            "<schema.org/uploadDate>",
            "<schema.org/url>",
            "isa:<schema.org/Episode>",
            "isa:<schema.org/VideoObject>",
            "isa:<schema.org/WebPage>"
        ],
        "count": 1.0
    },
    {
        "pset": [
            "<schema.org/description>",
            "<schema.org/director>",
            "<schema.org/episodeNumber>",
            "<schema.org/name>",
            "<schema.org/partOfSeries>",
            "<schema.org/producer>",
            "<schema.org/url>",
            "isa:<schema.org/Episode>"
        ],
        "count": 1.0
    },
    {
        "pset": [
            "<schema.org/description>",
            "<schema.org/duration>",
            "<schema.org/expires>",
            "<schema.org/genre>",
            "<schema.org/image>",
            "<schema.org/name>",
            "<schema.org/potentialAction>",
            "<schema.org/video>",
            "isa:<schema.org/Episode>"
        ],
        "count": 1.0
    },
    {
        "pset": [
            "<schema.org/alternateName>",
            "<schema.org/audio>",
            "<schema.org/dateModified>",
            "<schema.org/datePublished>",
            "<schema.org/description>",
            "<schema.org/headline>",
            "<schema.org/image>",
            "<schema.org/name>",
            "<schema.org/publisher>",
            "<schema.org/thumbnailUrl>",
            "isa:<schema.org/Episode>"
        ],
        "count": 1.0
    },
    {
        "pset": [
            "<schema.org/alternateName>",
            "<schema.org/dateCreated>",
            "<schema.org/dateModified>",
            "<schema.org/datePublished>",
            "<schema.org/description>",
            "<schema.org/headline>",
            "<schema.org/image>",
            "<schema.org/name>",
            "<schema.org/publisher>",
            "<schema.org/thumbnailUrl>",
            "<schema.org/video>",
            "isa:<schema.org/Episode>"
        ],
        "count": 1.0
    },
    {
        "pset": [
            "<schema.org/creator>",
            "<schema.org/datePublished>",
            "<schema.org/description>",
            "<schema.org/episodeNumber>",
            "<schema.org/genre>",
            "<schema.org/image>",
            "<schema.org/inLanguage>",
            "<schema.org/name>",
            "<schema.org/partOfSeries>",
            "<schema.org/partofSeason>",
            "<schema.org/url>",
            "isa:<schema.org/Episode>"
        ],
        "count": 1.0
    },
    {
        "pset": [
            "<schema.org/author>",
            "<schema.org/dateCreated>",
            "<schema.org/description>",
            "<schema.org/episodeNumber>",
            "<schema.org/image>",
            "<schema.org/name>",
            "<schema.org/url>",
            "isa:<schema.org/Episode>"
        ],
        "count": 1.0
    }
]