[
    {
        "pset": [
            "<schema.org/mainEntityOfPage>",
            "<schema.org/name>",
            "<schema.org/url>",
            "isa:<schema.org/EventSeries>"
        ],
        "count": 1351.0
    },
    {
        "pset": [
            "<schema.org/name>",
            "<schema.org/subEvent>",
            "isa:<schema.org/EventSeries>"
        ],
        "count": 1132.0
    },
    {
        "pset": [
            "<schema.org/inLanguage>",
            "<schema.org/sameAs>",
            "isa:<schema.org/EventSeries>"
        ],
        "count": 612.0
    },
    {
        "pset": [
            "<schema.org/endDate>",
            "<schema.org/location>",
            "<schema.org/name>",
            "<schema.org/startDate>",
            "isa:<schema.org/EventSeries>"
        ],
        "count": 550.0
    },
    {
        "pset": [
            "<schema.org/description>",
            "<schema.org/endDate>",
            "<schema.org/image>",
            "<schema.org/location>",
            "<schema.org/name>",
            "<schema.org/startDate>",
            "isa:<schema.org/EventSeries>"
        ],
        "count": 549.0
    },
    {
        "pset": [
            "<schema.org/description>",
            "<schema.org/image>",
            "<schema.org/inLanguage>",
            "<schema.org/mainEntityOfPage>",
            "<schema.org/name>",
            "<schema.org/url>",
            "isa:<schema.org/EventSeries>"
        ],
        "count": 312.0
    },
    {
        "pset": [
            "<schema.org/name>",
            "<schema.org/url>",
            "isa:<schema.org/EventSeries>"
        ],
        "count": 296.0
    },
    {
        "pset": [
            "<schema.org/name>",
            "isa:<schema.org/EventSeries>"
        ],
        "count": 206.0
    },
    {
        "pset": [
            "<schema.org/mainEntityOfPage>",
            "<schema.org/name>",
            "<schema.org/sameAs>",
            "<schema.org/subEvent>",
            "<schema.org/url>",
            "isa:<schema.org/EventSeries>"
        ],
        "count": 87.0
    },
    {
        "pset": [
            "<schema.org/name>",
            "<schema.org/organizer>",
            "<schema.org/url>",
            "isa:<schema.org/EventSeries>"
        ],
        "count": 82.0
    },
    {
        "pset": [
            "<schema.org/endDate>",
            "<schema.org/image>",
            "<schema.org/location>",
            "<schema.org/name>",
            "<schema.org/organizer>",
            "<schema.org/startDate>",
            "<schema.org/url>",
            "isa:<schema.org/EventSeries>"
        ],
        "count": 76.0
    },
    {
        "pset": [
            "<schema.org/image>",
            "<schema.org/name>",
            "<schema.org/organizer>",
            "<schema.org/url>",
            "isa:<schema.org/EventSeries>"
        ],
        "count": 69.0
    },
    {
        "pset": [
            "<schema.org/description>",
            "<schema.org/endDate>",
            "<schema.org/image>",
            "<schema.org/location>",
            "<schema.org/name>",
            "<schema.org/startDate>",
            "<schema.org/url>",
            "isa:<schema.org/EventSeries>"
        ],
        "count": 51.0
    },
    {
        "pset": [
            "<schema.org/author>",
            "<schema.org/breadcrumb>",
            "<schema.org/dateCreated>",
            "<schema.org/description>",
            "<schema.org/image>",
            "<schema.org/isAccessibleForFree>",
            "<schema.org/location>",
            "<schema.org/name>",
            "<schema.org/releasedEvent>",
            "<schema.org/startDate>",
            "<schema.org/url>",
            "isa:<schema.org/EventSeries>",
            "isa:<schema.org/PublicationEvent>",
            "isa:<schema.org/WebPage>"
        ],
        "count": 51.0
    },
    {
        "pset": [
            "<schema.org/description>",
            "<schema.org/image>",
            "<schema.org/name>",
            "<schema.org/performer>",
            "<schema.org/url>",
            "isa:<schema.org/EventSeries>"
        ],
        "count": 43.0
    },
    {
        "pset": [
            "<schema.org/endDate>",
            "<schema.org/eventAttendanceMode>",
            "<schema.org/eventStatus>",
            "<schema.org/image>",
            "<schema.org/name>",
            "<schema.org/performer>",
            "<schema.org/startDate>",
            "<schema.org/url>",
            "isa:<schema.org/EventSeries>"
        ],
        "count": 40.0
    },
    {
        "pset": [
            "<schema.org/duration>",
            "<schema.org/endDate>",
            "<schema.org/name>",
            "<schema.org/startDate>",
            "<schema.org/url>",
            "isa:<schema.org/EventSeries>"
        ],
        "count": 39.0
    },
    {
        "pset": [
            "<schema.org/description>",
            "<schema.org/endDate>",
            "<schema.org/eventAttendanceMode>",
            "<schema.org/eventStatus>",
            "<schema.org/name>",
            "<schema.org/performer>",
            "<schema.org/startDate>",
            "<schema.org/url>",
            "isa:<schema.org/EventSeries>"
        ],
        "count": 34.0
    },
    {
        "pset": [
            "<schema.org/description>",
            "<schema.org/location>",
            "<schema.org/mainEntityOfPage>",
            "<schema.org/name>",
            "<schema.org/startDate>",
            "<schema.org/subEvent>",
            "isa:<schema.org/EventSeries>"
        ],
        "count": 34.0
    },
    {
        "pset": [
            "<schema.org/description>",
            "<schema.org/image>",
            "<schema.org/mainEntityOfPage>",
            "<schema.org/name>",
            "<schema.org/url>",
            "isa:<schema.org/EventSeries>"
        ],
        "count": 31.0
    },
    {
        "pset": [
            "<schema.org/author>",
            "<schema.org/dateCreated>",
            "<schema.org/dateModified>",
            "<schema.org/datePublished>",
            "<schema.org/description>",
            "<schema.org/director>",
            "<schema.org/genre>",
            "<schema.org/headline>",
            "<schema.org/image>",
            "<schema.org/name>",
            "<schema.org/publisher>",
            "<schema.org/thumbnailUrl>",
            "<schema.org/url>",
            "isa:<schema.org/EventSeries>"
        ],
        "count": 29.0
    },
    {
        "pset": [
            "<schema.org/mainEntityOfPage>",
            "<schema.org/name>",
            "isa:<schema.org/EventSeries>"
        ],
        "count": 28.0
    },
    {
        "pset": [
            "isa:<example.org/schema/Eventserie>",
            "isa:<schema.org/Event>",
            "isa:<schema.org/EventSeries>",
            "isa:<schema.org/Intangible>",
            "isa:<schema.org/Series>"
        ],
        "count": 24.0
    },
    {
        "pset": [
            "<schema.org/description>",
            "<schema.org/endDate>",
            "<schema.org/image>",
            "<schema.org/name>",
            "<schema.org/startDate>",
            "<schema.org/url>",
            "isa:<schema.org/EventSeries>"
        ],
        "count": 20.0
    },
    {
        "pset": [
            "<schema.org/endDate>",
            "<schema.org/eventAttendanceMode>",
            "<schema.org/eventStatus>",
            "<schema.org/name>",
            "<schema.org/performer>",
            "<schema.org/startDate>",
            "<schema.org/url>",
            "isa:<schema.org/EventSeries>"
        ],
        "count": 19.0
    },
    {
        "pset": [
            "<schema.org/author>",
            "<schema.org/dateCreated>",
            "<schema.org/dateModified>",
            "<schema.org/datePublished>",
            "<schema.org/description>",
            "<schema.org/director>",
            "<schema.org/headline>",
            "<schema.org/image>",
            "<schema.org/name>",
            "<schema.org/publisher>",
            "<schema.org/thumbnailUrl>",
            "<schema.org/url>",
            "isa:<schema.org/EventSeries>"
        ],
        "count": 18.0
    },
    {
        "pset": [
            "<schema.org/description>",
            "<schema.org/endDate>",
            "<schema.org/identifier>",
            "<schema.org/image>",
            "<schema.org/name>",
            "<schema.org/offers>",
            "<schema.org/startDate>",
            "<schema.org/subEvents>",
            "<schema.org/subjectOf>",
            "<schema.org/url>",
            "isa:<schema.org/EventSeries>"
        ],
        "count": 17.0
    },
    {
        "pset": [
            "<schema.org/mainEntityOfPage>",
            "<schema.org/name>",
            "<schema.org/subEvents>",
            "isa:<schema.org/EventSeries>"
        ],
        "count": 16.0
    },
    {
        "pset": [
            "<schema.org/description>",
            "<schema.org/endDate>",
            "<schema.org/eventAttendanceMode>",
            "<schema.org/eventStatus>",
            "<schema.org/image>",
            "<schema.org/location>",
            "<schema.org/name>",
            "<schema.org/offers>",
            "<schema.org/organizer>",
            "<schema.org/performer>",
            "<schema.org/previousStartDate>",
            "<schema.org/startDate>",
            "isa:<schema.org/EventSeries>"
        ],
        "count": 15.0
    },
    {
        "pset": [
            "<schema.org/inLanguage>",
            "<schema.org/name>",
            "<schema.org/sameAs>",
            "isa:<schema.org/EventSeries>"
        ],
        "count": 14.0
    },
    {
        "pset": [
            "<schema.org/description>",
            "<schema.org/image>",
            "<schema.org/name>",
            "<schema.org/offers>",
            "<schema.org/url>",
            "isa:<schema.org/EventSeries>"
        ],
        "count": 12.0
    },
    {
        "pset": [
            "<schema.org/description>",
            "<schema.org/image>",
            "<schema.org/isAccessibleForFree>",
            "<schema.org/location>",
            "<schema.org/name>",
            "<schema.org/subEvents>",
            "<schema.org/url>",
            "isa:<schema.org/EventSeries>"
        ],
        "count": 11.0
    },
    {
        "pset": [
            "<schema.org/description>",
            "<schema.org/endDate>",
            "<schema.org/name>",
            "<schema.org/startDate>",
            "isa:<schema.org/EventSeries>"
        ],
        "count": 11.0
    },
    {
        "pset": [
            "<schema.org/dateModified>",
            "<schema.org/description>",
            "<schema.org/name>",
            "isa:<schema.org/EventSeries>"
        ],
        "count": 10.0
    },
    {
        "pset": [
            "<schema.org/image>",
            "<schema.org/mainEntityOfPage>",
            "<schema.org/name>",
            "<schema.org/subEvents>",
            "isa:<schema.org/EventSeries>"
        ],
        "count": 9.0
    },
    {
        "pset": [
            "<schema.org/alternateName>",
            "<schema.org/description>",
            "<schema.org/image>",
            "<schema.org/name>",
            "<schema.org/url>",
            "isa:<schema.org/EventSeries>"
        ],
        "count": 9.0
    },
    {
        "pset": [
            "<schema.org/description>",
            "<schema.org/endDate>",
            "<schema.org/eventAttendanceMode>",
            "<schema.org/eventStatus>",
            "<schema.org/image>",
            "<schema.org/name>",
            "<schema.org/performer>",
            "<schema.org/startDate>",
            "<schema.org/url>",
            "isa:<schema.org/EventSeries>"
        ],
        "count": 8.0
    },
    {
        "pset": [
            "<schema.org/alternateName>",
            "<schema.org/description>",
            "<schema.org/image>",
            "<schema.org/inLanguage>",
            "<schema.org/name>",
            "<schema.org/url>",
            "isa:<schema.org/EventSeries>"
        ],
        "count": 8.0
    },
    {
        "pset": [
            "<schema.org/image>",
            "<schema.org/mainEntityOfPage>",
            "<schema.org/name>",
            "<schema.org/sameAs>",
            "<schema.org/subEvent>",
            "<schema.org/url>",
            "isa:<schema.org/EventSeries>"
        ],
        "count": 7.0
    },
    {
        "pset": [
            "<schema.org/description>",
            "<schema.org/mainEntityOfPage>",
            "<schema.org/name>",
            "<schema.org/sameAs>",
            "<schema.org/subEvent>",
            "<schema.org/url>",
            "isa:<schema.org/EventSeries>"
        ],
        "count": 6.0
    },
    {
        "pset": [
            "<schema.org/mainEntityOfPage>",
            "<schema.org/name>",
            "<schema.org/subEvent>",
            "<schema.org/url>",
            "isa:<schema.org/EventSeries>"
        ],
        "count": 6.0
    },
    {
        "pset": [
            "<schema.org/mainEntityOfPage>",
            "<schema.org/name>",
            "<schema.org/sameAs>",
            "<schema.org/subEvent>",
            "isa:<schema.org/EventSeries>"
        ],
        "count": 5.0
    },
    {
        "pset": [
            "<schema.org/alternateName>",
            "<schema.org/audience>",
            "<schema.org/description>",
            "<schema.org/image>",
            "<schema.org/itemListElement>",
            "<schema.org/itemListOrder>",
            "<schema.org/mainEntityOfPage>",
            "<schema.org/name>",
            "<schema.org/publisher>",
            "<schema.org/url>",
            "isa:<schema.org/EventSeries>"
        ],
        "count": 5.0
    },
    {
        "pset": [
            "<schema.org/author>",
            "<schema.org/breadcrumb>",
            "<schema.org/copyrightHolder>",
            "<schema.org/dateCreated>",
            "<schema.org/dateModified>",
            "<schema.org/datePublished>",
            "<schema.org/description>",
            "<schema.org/endDate>",
            "<schema.org/headline>",
            "<schema.org/image>",
            "<schema.org/inLanguage>",
            "<schema.org/location>",
            "<schema.org/mainEntityOfPage>",
            "<schema.org/name>",
            "<schema.org/publisher>",
            "<schema.org/startDate>",
            "<schema.org/url>",
            "isa:<schema.org/EventSeries>",
            "isa:<schema.org/WebPage>"
        ],
        "count": 5.0
    },
    {
        "pset": [
            "<schema.org/image>",
            "<schema.org/url>",
            "isa:<schema.org/ComedyEvent>",
            "isa:<schema.org/EventSeries>",
            "isa:<schema.org/FoodEvent>",
            "isa:<schema.org/MusicEvent>",
            "isa:<schema.org/SocialEvent>"
        ],
        "count": 4.0
    },
    {
        "pset": [
            "<schema.org/author>",
            "<schema.org/dateCreated>",
            "<schema.org/dateModified>",
            "<schema.org/datePublished>",
            "<schema.org/description>",
            "<schema.org/headline>",
            "<schema.org/image>",
            "<schema.org/name>",
            "<schema.org/publisher>",
            "<schema.org/thumbnailUrl>",
            "<schema.org/url>",
            "isa:<schema.org/EventSeries>"
        ],
        "count": 4.0
    },
    {
        "pset": [
            "<schema.org/description>",
            "<schema.org/duration>",
            "<schema.org/endDate>",
            "<schema.org/eventStatus>",
            "<schema.org/image>",
            "<schema.org/inLanguage>",
            "<schema.org/location>",
            "<schema.org/name>",
            "<schema.org/organizer>",
            "<schema.org/startDate>",
            "<schema.org/url>",
            "isa:<schema.org/EventSeries>"
        ],
        "count": 4.0
    },
    {
        "pset": [
            "<schema.org/description>",
            "<schema.org/image>",
            "<schema.org/name>",
            "<schema.org/url>",
            "isa:<schema.org/EventSeries>"
        ],
        "count": 3.0
    },
    {
        "pset": [
            "<schema.org/description>",
            "<schema.org/image>",
            "<schema.org/location>",
            "<schema.org/name>",
            "isa:<schema.org/EventSeries>"
        ],
        "count": 3.0
    },
    {
        "pset": [
            "<schema.org/description>",
            "<schema.org/endDate>",
            "<schema.org/identifier>",
            "<schema.org/image>",
            "<schema.org/location>",
            "<schema.org/name>",
            "<schema.org/offers>",
            "<schema.org/startDate>",
            "<schema.org/subEvents>",
            "<schema.org/subjectOf>",
            "<schema.org/url>",
            "isa:<schema.org/EventSeries>"
        ],
        "count": 3.0
    },
    {
        "pset": [
            "<schema.org/mainEntityOfPage>",
            "<schema.org/name>",
            "<schema.org/subEvent>",
            "isa:<schema.org/EventSeries>"
        ],
        "count": 2.0
    },
    {
        "pset": [
            "<schema.org/contactPoint>",
            "<schema.org/logo>",
            "<schema.org/name>",
            "<schema.org/sameAs>",
            "<schema.org/url>",
            "isa:<schema.org/EventSeries>"
        ],
        "count": 2.0
    },
    {
        "pset": [
            "<schema.org/description>",
            "<schema.org/eventSchedule>",
            "<schema.org/image>",
            "<schema.org/name>",
            "<schema.org/typicalAgeRange>",
            "<schema.org/url>",
            "isa:<schema.org/EventSeries>"
        ],
        "count": 2.0
    },
    {
        "pset": [
            "<schema.org/audience>",
            "<schema.org/description>",
            "<schema.org/endDate>",
            "<schema.org/image>",
            "<schema.org/location>",
            "<schema.org/name>",
            "<schema.org/offers>",
            "<schema.org/performer>",
            "<schema.org/startDate>",
            "<schema.org/url>",
            "isa:<schema.org/EventSeries>"
        ],
        "count": 2.0
    },
    {
        "pset": [
            "<schema.org/about>",
            "<schema.org/description>",
            "<schema.org/endDate>",
            "<schema.org/image>",
            "<schema.org/location>",
            "<schema.org/name>",
            "<schema.org/organizer>",
            "<schema.org/potentialAction>",
            "<schema.org/startDate>",
            "isa:<schema.org/EventSeries>"
        ],
        "count": 2.0
    },
    {
        "pset": [
            "<schema.org/description>",
            "<schema.org/duration>",
            "<schema.org/eventAttendanceMode>",
            "<schema.org/eventSchedule>",
            "<schema.org/eventStatus>",
            "<schema.org/image>",
            "<schema.org/location>",
            "<schema.org/name>",
            "isa:<schema.org/EventSeries>"
        ],
        "count": 2.0
    },
    {
        "pset": [
            "<schema.org/description>",
            "<schema.org/image>",
            "<schema.org/mainEntityOfPage>",
            "<schema.org/name>",
            "<schema.org/subEvents>",
            "isa:<schema.org/EventSeries>"
        ],
        "count": 2.0
    },
    {
        "pset": [
            "<schema.org/description>",
            "<schema.org/endDate>",
            "<schema.org/eventAttendanceMode>",
            "<schema.org/eventStatus>",
            "<schema.org/image>",
            "<schema.org/location>",
            "<schema.org/name>",
            "<schema.org/offers>",
            "<schema.org/organizer>",
            "<schema.org/performer>",
            "<schema.org/startDate>",
            "isa:<schema.org/EventSeries>"
        ],
        "count": 2.0
    },
    {
        "pset": [
            "<schema.org/Event>",
            "<schema.org/name>",
            "<schema.org/subEvent>",
            "isa:<schema.org/EventSeries>"
        ],
        "count": 2.0
    },
    {
        "pset": [
            "<schema.org/location>",
            "<schema.org/name>",
            "<schema.org/performer>",
            "<schema.org/startDate>",
            "isa:<schema.org/EventSeries>"
        ],
        "count": 2.0
    },
    {
        "pset": [
            "<schema.org/description>",
            "<schema.org/image>",
            "<schema.org/mainEntityOfPage>",
            "<schema.org/name>",
            "<schema.org/sameAs>",
            "<schema.org/subEvent>",
            "<schema.org/url>",
            "isa:<schema.org/EventSeries>"
        ],
        "count": 2.0
    },
    {
        "pset": [
            "<schema.org/description>",
            "<schema.org/endDate>",
            "<schema.org/eventStatus>",
            "<schema.org/identifier>",
            "<schema.org/image>",
            "<schema.org/location>",
            "<schema.org/name>",
            "<schema.org/startDate>",
            "<schema.org/url>",
            "isa:<schema.org/EventSeries>"
        ],
        "count": 2.0
    },
    {
        "pset": [
            "<schema.org/author>",
            "<schema.org/dateCreated>",
            "<schema.org/dateModified>",
            "<schema.org/datePublished>",
            "<schema.org/description>",
            "<schema.org/genre>",
            "<schema.org/headline>",
            "<schema.org/image>",
            "<schema.org/name>",
            "<schema.org/publisher>",
            "<schema.org/thumbnailUrl>",
            "<schema.org/url>",
            "isa:<schema.org/EventSeries>"
        ],
        "count": 2.0
    },
    {
        "pset": [
            "<schema.org/description>",
            "<schema.org/endDate>",
            "<schema.org/location>",
            "<schema.org/name>",
            "<schema.org/startDate>",
            "<schema.org/url>",
            "isa:<schema.org/EventSeries>"
        ],
        "count": 2.0
    },
    {
        "pset": [
            "<schema.org/description>",
            "<schema.org/image>",
            "<schema.org/location>",
            "<schema.org/name>",
            "<schema.org/startDate>",
            "<schema.org/url>",
            "isa:<schema.org/EventSeries>"
        ],
        "count": 1.0
    },
    {
        "pset": [
            "<schema.org/breadcrumb>",
            "<schema.org/dateModified>",
            "<schema.org/datePublished>",
            "<schema.org/description>",
            "<schema.org/endDate>",
            "<schema.org/image>",
            "<schema.org/inLanguage>",
            "<schema.org/isPartOf>",
            "<schema.org/location>",
            "<schema.org/name>",
            "<schema.org/offers>",
            "<schema.org/performer>",
            "<schema.org/potentialAction>",
            "<schema.org/startDate>",
            "<schema.org/url>",
            "isa:<schema.org/EventSeries>",
            "isa:<schema.org/WebPage>"
        ],
        "count": 1.0
    },
    {
        "pset": [
            "<schema.org/endDate>",
            "<schema.org/identifier>",
            "<schema.org/image>",
            "<schema.org/location>",
            "<schema.org/name>",
            "<schema.org/offers>",
            "<schema.org/startDate>",
            "<schema.org/subEvents>",
            "<schema.org/subjectOf>",
            "<schema.org/url>",
            "isa:<schema.org/EventSeries>"
        ],
        "count": 1.0
    },
    {
        "pset": [
            "<schema.org/image>",
            "<schema.org/mainEntityOfPage>",
            "<schema.org/name>",
            "<schema.org/subEvent>",
            "<schema.org/url>",
            "isa:<schema.org/EventSeries>"
        ],
        "count": 1.0
    },
    {
        "pset": [
            "<schema.org/description>",
            "<schema.org/endDate>",
            "<schema.org/location>",
            "<schema.org/name>",
            "<schema.org/startDate>",
            "isa:<schema.org/EventSeries>",
            "isa:<schema.org/SportsEvent>"
        ],
        "count": 1.0
    },
    {
        "pset": [
            "<schema.org/image>",
            "<schema.org/location>",
            "<schema.org/mainEntityOfPage>",
            "<schema.org/name>",
            "<schema.org/startDate>",
            "<schema.org/subEvent>",
            "<schema.org/url>",
            "isa:<schema.org/EventSeries>"
        ],
        "count": 1.0
    },
    {
        "pset": [
            "<schema.org/description>",
            "<schema.org/image>",
            "<schema.org/name>",
            "<schema.org/typicalAgeRange>",
            "<schema.org/url>",
            "isa:<schema.org/EventSeries>"
        ],
        "count": 1.0
    },
    {
        "pset": [
            "<schema.org/breadcrumb>",
            "<schema.org/dateModified>",
            "<schema.org/datePublished>",
            "<schema.org/description>",
            "<schema.org/image>",
            "<schema.org/inLanguage>",
            "<schema.org/isPartOf>",
            "<schema.org/name>",
            "<schema.org/potentialAction>",
            "<schema.org/primaryImageOfPage>",
            "<schema.org/thumbnailUrl>",
            "<schema.org/url>",
            "isa:<schema.org/EventSeries>"
        ],
        "count": 1.0
    },
    {
        "pset": [
            "<schema.org/description>",
            "<schema.org/image>",
            "<schema.org/location>",
            "<schema.org/mainEntityOfPage>",
            "<schema.org/name>",
            "<schema.org/startDate>",
            "<schema.org/subEvent>",
            "<schema.org/url>",
            "isa:<schema.org/EventSeries>"
        ],
        "count": 1.0
    },
    {
        "pset": [
            "<schema.org/alternateName>",
            "<schema.org/description>",
            "<schema.org/image>",
            "<schema.org/inLanguage>",
            "<schema.org/name>",
            "<schema.org/sameAs>",
            "<schema.org/url>",
            "isa:<schema.org/Event>",
            "isa:<schema.org/EventSeries>"
        ],
        "count": 1.0
    },
    {
        "pset": [
            "<schema.org/description>",
            "<schema.org/eventSchedule>",
            "<schema.org/image>",
            "<schema.org/name>",
            "<schema.org/sameAs>",
            "<schema.org/timeRequired>",
            "<schema.org/typicalAgeRange>",
            "<schema.org/url>",
            "isa:<schema.org/EventSeries>"
        ],
        "count": 1.0
    },
    {
        "pset": [
            "<schema.org/breadcrumb>",
            "<schema.org/dateModified>",
            "<schema.org/datePublished>",
            "<schema.org/description>",
            "<schema.org/image>",
            "<schema.org/inLanguage>",
            "<schema.org/isPartOf>",
            "<schema.org/name>",
            "<schema.org/potentialAction>",
            "<schema.org/primaryImageOfPage>",
            "<schema.org/thumbnailUrl>",
            "<schema.org/url>",
            "isa:<schema.org/EventSeries>",
            "isa:<schema.org/WebPage>"
        ],
        "count": 1.0
    },
    {
        "pset": [
            "<schema.org/url>",
            "isa:<schema.org/EventSeries>"
        ],
        "count": 1.0
    },
    {
        "pset": [
            "<schema.org/image>",
            "<schema.org/mainEntityOfPage>",
            "<schema.org/name>",
            "<schema.org/url>",
            "isa:<schema.org/EventSeries>"
        ],
        "count": 1.0
    },
    {
        "pset": [
            "<schema.org/alternateName>",
            "<schema.org/description>",
            "<schema.org/inLanguage>",
            "<schema.org/name>",
            "<schema.org/sameAs>",
            "<schema.org/url>",
            "isa:<schema.org/EventSeries>"
        ],
        "count": 1.0
    },
    {
        "pset": [
            "<schema.org/endDate>",
            "<schema.org/identifier>",
            "<schema.org/image>",
            "<schema.org/name>",
            "<schema.org/offers>",
            "<schema.org/subEvents>",
            "<schema.org/subjectOf>",
            "<schema.org/url>",
            "isa:<schema.org/EventSeries>"
        ],
        "count": 1.0
    },
    {
        "pset": [
            "isa:<schema.org/Event>",
            "isa:<schema.org/EventSeries>",
            "isa:<schema.org/Intangible>",
            "isa:<schema.org/Series>",
            "isa:<data.murtal.at/schema/Eventserie>"
        ],
        "count": 1.0
    },
    {
        "pset": [
            "<schema.org/description>",
            "<schema.org/endDate>",
            "<schema.org/image>",
            "<schema.org/location>",
            "<schema.org/name>",
            "<schema.org/offers>",
            "<schema.org/startDate>",
            "<schema.org/url>",
            "isa:<schema.org/EventSeries>"
        ],
        "count": 1.0
    },
    {
        "pset": [
            "<schema.org/description>",
            "<schema.org/endDate>",
            "<schema.org/image>",
            "<schema.org/location>",
            "<schema.org/name>",
            "<schema.org/offers>",
            "<schema.org/performer>",
            "<schema.org/startDate>",
            "isa:<schema.org/EventSeries>"
        ],
        "count": 1.0
    },
    {
        "pset": [
            "<schema.org/image>",
            "<schema.org/location>",
            "<schema.org/name>",
            "<schema.org/offers>",
            "<schema.org/startDate>",
            "<schema.org/url>",
            "isa:<schema.org/EventSeries>"
        ],
        "count": 1.0
    },
    {
        "pset": [
            "<schema.org/aggregateRating>",
            "<schema.org/description>",
            "<schema.org/disambiguatingDescription>",
            "<schema.org/eventSchedule>",
            "<schema.org/image>",
            "<schema.org/location>",
            "<schema.org/name>",
            "<schema.org/url>",
            "isa:<schema.org/EventSeries>"
        ],
        "count": 1.0
    },
    {
        "pset": [
            "<schema.org/author>",
            "<schema.org/breadcrumb>",
            "<schema.org/copyrightHolder>",
            "<schema.org/dateCreated>",
            "<schema.org/dateModified>",
            "<schema.org/datePublished>",
            "<schema.org/description>",
            "<schema.org/endDate>",
            "<schema.org/headline>",
            "<schema.org/inLanguage>",
            "<schema.org/location>",
            "<schema.org/mainEntityOfPage>",
            "<schema.org/name>",
            "<schema.org/publisher>",
            "<schema.org/startDate>",
            "<schema.org/url>",
            "isa:<schema.org/EventSeries>",
            "isa:<schema.org/WebPage>"
        ],
        "count": 1.0
    },
    {
        "pset": [
            "<schema.org/description>",
            "<schema.org/mainEntityOfPage>",
            "<schema.org/name>",
            "<schema.org/subEvent>",
            "<schema.org/url>",
            "isa:<schema.org/EventSeries>"
        ],
        "count": 1.0
    },
    {
        "pset": [
            "<schema.org/description>",
            "<schema.org/endDate>",
            "<schema.org/location>",
            "<schema.org/name>",
            "<schema.org/organizer>",
            "<schema.org/startDate>",
            "isa:<schema.org/EventSeries>",
            "isa:<schema.org/SportsEvent>"
        ],
        "count": 1.0
    },
    {
        "pset": [
            "<schema.org/image>",
            "<schema.org/url>",
            "isa:<schema.org/EventSeries>",
            "isa:<schema.org/FoodEvent>",
            "isa:<schema.org/MusicEvent>",
            "isa:<schema.org/SocialEvent>"
        ],
        "count": 1.0
    },
    {
        "pset": [
            "<schema.org/breadcrumb>",
            "<schema.org/dateModified>",
            "<schema.org/datePublished>",
            "<schema.org/description>",
            "<schema.org/image>",
            "<schema.org/inLanguage>",
            "<schema.org/isPartOf>",
            "<schema.org/name>",
            "<schema.org/potentialAction>",
            "<schema.org/primaryImageOfPage>",
            "<schema.org/subEvent>",
            "<schema.org/thumbnailUrl>",
            "<schema.org/url>",
            "isa:<schema.org/EventSeries>",
            "isa:<schema.org/WebPage>"
        ],
        "count": 1.0
    },
    {
        "pset": [
            "<schema.org/image>",
            "<schema.org/inLanguage>",
            "<schema.org/mainEntityOfPage>",
            "<schema.org/name>",
            "<schema.org/url>",
            "isa:<schema.org/EventSeries>"
        ],
        "count": 1.0
    },
    {
        "pset": [
            "<schema.org/hasPart>",
            "<schema.org/name>",
            "isa:<schema.org/EventSeries>"
        ],
        "count": 1.0
    },
    {
        "pset": [
            "<schema.org/endDate>",
            "<schema.org/identifier>",
            "<schema.org/image>",
            "<schema.org/location>",
            "<schema.org/name>",
            "<schema.org/offers>",
            "<schema.org/subEvents>",
            "<schema.org/subjectOf>",
            "<schema.org/url>",
            "isa:<schema.org/EventSeries>"
        ],
        "count": 1.0
    },
    {
        "pset": [
            "<schema.org/description>",
            "<schema.org/image>",
            "<schema.org/name>",
            "<schema.org/offers>",
            "<schema.org/organizer>",
            "<schema.org/startDate>",
            "<schema.org/url>",
            "isa:<schema.org/EventSeries>"
        ],
        "count": 1.0
    },
    {
        "pset": [
            "<schema.org/description>",
            "<schema.org/mainEntityOfPage>",
            "<schema.org/name>",
            "<schema.org/url>",
            "isa:<schema.org/EventSeries>"
        ],
        "count": 1.0
    },
    {
        "pset": [
            "<schema.org/description>",
            "<schema.org/location>",
            "<schema.org/name>",
            "<schema.org/startDate>",
            "<schema.org/url>",
            "isa:<schema.org/EventSeries>"
        ],
        "count": 1.0
    }
]