[
    {
        "pset": [
            "<schema.org/line>",
            "isa:<schema.org/GeoShape>"
        ],
        "count": 56857.0
    },
    {
        "pset": [
            "<schema.org/addressCountry>",
            "isa:<schema.org/GeoShape>"
        ],
        "count": 45280.0
    },
    {
        "pset": [
            "<schema.org/polygon>",
            "isa:<schema.org/GeoShape>"
        ],
        "count": 18434.0
    },
    {
        "pset": [
            "<schema.org/postalcode>",
            "isa:<schema.org/GeoShape>"
        ],
        "count": 17316.0
    },
    {
        "pset": [
            "<schema.org/box>",
            "isa:<schema.org/GeoShape>"
        ],
        "count": 13910.0
    },
    {
        "pset": [
            "<schema.org/circle>",
            "isa:<schema.org/GeoShape>"
        ],
        "count": 5829.0
    },
    {
        "pset": [
            "<schema.org/address>",
            "isa:<schema.org/GeoShape>"
        ],
        "count": 5369.0
    },
    {
        "pset": [
            "<schema.org/postalCode>",
            "isa:<schema.org/GeoShape>"
        ],
        "count": 3979.0
    },
    {
        "pset": [
            "<schema.org/address>",
            "<schema.org/addressCountry>",
            "<schema.org/circle>",
            "<schema.org/postalCode>",
            "isa:<schema.org/GeoShape>"
        ],
        "count": 3704.0
    },
    {
        "pset": [
            "<schema.org/addressCountry>",
            "<schema.org/name>",
            "isa:<schema.org/GeoShape>"
        ],
        "count": 2285.0
    },
    {
        "pset": [
            "<schema.org/address>",
            "<schema.org/polygon>",
            "isa:<schema.org/GeoShape>"
        ],
        "count": 937.0
    },
    {
        "pset": [
            "<schema.org/name>",
            "<schema.org/url>",
            "isa:<schema.org/GeoShape>"
        ],
        "count": 805.0
    },
    {
        "pset": [
            "<schema.org/box>",
            "<schema.org/polygon>",
            "isa:<schema.org/GeoShape>"
        ],
        "count": 534.0
    },
    {
        "pset": [
            "<schema.org/address>",
            "<schema.org/box>",
            "isa:<schema.org/GeoShape>"
        ],
        "count": 497.0
    },
    {
        "pset": [
            "<schema.org/latitude>",
            "<schema.org/line>",
            "<schema.org/longitude>",
            "isa:<schema.org/GeoCoordinates>",
            "isa:<schema.org/GeoShape>"
        ],
        "count": 324.0
    },
    {
        "pset": [
            "<schema.org/circle>",
            "<schema.org/postalCode>",
            "isa:<schema.org/GeoShape>"
        ],
        "count": 259.0
    },
    {
        "pset": [
            "<schema.org/address>",
            "<schema.org/addressCountry>",
            "<schema.org/postalCode>",
            "isa:<schema.org/GeoShape>"
        ],
        "count": 258.0
    },
    {
        "pset": [
            "<schema.org/name>",
            "isa:<schema.org/GeoShape>"
        ],
        "count": 164.0
    },
    {
        "pset": [
            "<schema.org/address>",
            "<schema.org/box>",
            "<schema.org/polygon>",
            "isa:<schema.org/GeoShape>"
        ],
        "count": 145.0
    },
    {
        "pset": [
            "<schema.org/additionalType>",
            "<schema.org/name>",
            "<schema.org/url>",
            "isa:<schema.org/GeoShape>"
        ],
        "count": 115.0
    },
    {
        "pset": [
            "isa:<schema.org/GeoShape>"
        ],
        "count": 106.0
    },
    {
        "pset": [
            "<schema.org/name>",
            "<schema.org/subjectOf>",
            "<schema.org/url>",
            "isa:<schema.org/GeoShape>"
        ],
        "count": 94.0
    },
    {
        "pset": [
            "<schema.org/address>",
            "<schema.org/addressCountry>",
            "isa:<schema.org/GeoShape>"
        ],
        "count": 88.0
    },
    {
        "pset": [
            "<schema.org/box>",
            "<schema.org/elevation>",
            "isa:<schema.org/GeoShape>"
        ],
        "count": 85.0
    },
    {
        "pset": [
            "<schema.org/Polygon>",
            "isa:<schema.org/GeoShape>"
        ],
        "count": 73.0
    },
    {
        "pset": [
            "<schema.org/name>",
            "<schema.org/sameAs>",
            "isa:<schema.org/GeoShape>"
        ],
        "count": 60.0
    },
    {
        "pset": [
            "<schema.org/name>",
            "<schema.org/postalCode>",
            "isa:<schema.org/GeoShape>"
        ],
        "count": 57.0
    },
    {
        "pset": [
            "<schema.org/addressCountry>",
            "<schema.org/description>",
            "<schema.org/identifier>",
            "<schema.org/name>",
            "<schema.org/url>",
            "isa:<schema.org/GeoShape>"
        ],
        "count": 20.0
    },
    {
        "pset": [
            "<schema.org/polygon>",
            "<schema.org/sameAs>",
            "isa:<schema.org/GeoShape>"
        ],
        "count": 12.0
    },
    {
        "pset": [
            "<schema.org/addressCountry>",
            "<schema.org/circle>",
            "isa:<schema.org/GeoShape>"
        ],
        "count": 11.0
    },
    {
        "pset": [
            "<schema.org/addressCountry>",
            "<schema.org/circle>",
            "<schema.org/description>",
            "isa:<schema.org/GeoShape>"
        ],
        "count": 10.0
    },
    {
        "pset": [
            "<schema.org/addressCountry>",
            "<schema.org/alternateName>",
            "<schema.org/name>",
            "isa:<schema.org/GeoShape>"
        ],
        "count": 9.0
    },
    {
        "pset": [
            "<schema.org/addressCountry>",
            "<schema.org/sameAs>",
            "isa:<schema.org/GeoShape>"
        ],
        "count": 8.0
    },
    {
        "pset": [
            "<schema.org/circle>",
            "<schema.org/description>",
            "<schema.org/identifier>",
            "<schema.org/name>",
            "<schema.org/url>",
            "isa:<schema.org/GeoShape>"
        ],
        "count": 8.0
    },
    {
        "pset": [
            "<schema.org/address>",
            "<schema.org/addressCountry>",
            "<schema.org/alternateName>",
            "<schema.org/circle>",
            "<schema.org/description>",
            "<schema.org/image>",
            "<schema.org/name>",
            "<schema.org/sameAs>",
            "<schema.org/url>",
            "isa:<schema.org/GeoShape>"
        ],
        "count": 4.0
    },
    {
        "pset": [
            "<schema.org/address>",
            "<schema.org/circle>",
            "isa:<schema.org/GeoShape>"
        ],
        "count": 3.0
    },
    {
        "pset": [
            "<schema.org/name>",
            "isa:<schema.org/AdministrativeArea>",
            "isa:<schema.org/GeoShape>"
        ],
        "count": 2.0
    },
    {
        "pset": [
            "<schema.org/elevation>",
            "isa:<schema.org/GeoShape>"
        ],
        "count": 2.0
    },
    {
        "pset": [
            "<schema.org/name>",
            "<schema.org/slogan>",
            "<schema.org/url>",
            "isa:<schema.org/AdministrativeArea>",
            "isa:<schema.org/GeoShape>"
        ],
        "count": 1.0
    },
    {
        "pset": [
            "<schema.org/polygon>",
            "<schema.org/postalCode>",
            "isa:<schema.org/GeoShape>"
        ],
        "count": 1.0
    },
    {
        "pset": [
            "<schema.org/name>",
            "isa:<schema.org/County>",
            "isa:<schema.org/GeoShape>"
        ],
        "count": 1.0
    },
    {
        "pset": [
            "<schema.org/addressCountry>",
            "<schema.org/circle>",
            "<schema.org/postalCode>",
            "isa:<schema.org/GeoShape>"
        ],
        "count": 1.0
    },
    {
        "pset": [
            "<schema.org/address>",
            "<schema.org/addressCountry>",
            "<schema.org/name>",
            "isa:<schema.org/GeoShape>"
        ],
        "count": 1.0
    },
    {
        "pset": [
            "<schema.org/description>",
            "<schema.org/geo>",
            "<schema.org/hasMap>",
            "<schema.org/keywords>",
            "<schema.org/name>",
            "<schema.org/url>",
            "isa:<schema.org/AdministrativeArea>",
            "isa:<schema.org/City>",
            "isa:<schema.org/GeoShape>",
            "isa:<schema.org/County>"
        ],
        "count": 1.0
    },
    {
        "pset": [
            "<schema.org/name>",
            "<schema.org/sameAs>",
            "isa:<schema.org/GeoShape>",
            "isa:<schema.org/Place>"
        ],
        "count": 1.0
    },
    {
        "pset": [
            "<schema.org/circle>",
            "<schema.org/name>",
            "isa:<schema.org/GeoShape>"
        ],
        "count": 1.0
    },
    {
        "pset": [
            "<schema.org/box>",
            "<schema.org/description>",
            "<schema.org/name>",
            "<schema.org/postalCode>",
            "isa:<schema.org/GeoShape>"
        ],
        "count": 1.0
    },
    {
        "pset": [
            "<schema.org/name>",
            "isa:<schema.org/GeoShape>",
            "isa:<schema.org/place>"
        ],
        "count": 1.0
    },
    {
        "pset": [
            "<schema.org/circle>",
            "<schema.org/name>",
            "<schema.org/postalCode>",
            "isa:<schema.org/GeoShape>"
        ],
        "count": 1.0
    },
    {
        "pset": [
            "<schema.org/breadcrumb>",
            "<schema.org/dateModified>",
            "<schema.org/datePublished>",
            "<schema.org/description>",
            "<schema.org/image>",
            "<schema.org/inLanguage>",
            "<schema.org/isPartOf>",
            "<schema.org/name>",
            "<schema.org/potentialAction>",
            "<schema.org/primaryImageOfPage>",
            "<schema.org/thumbnailUrl>",
            "<schema.org/url>",
            "isa:<schema.org/GeoShape>",
            "isa:<schema.org/WebPage>"
        ],
        "count": 1.0
    },
    {
        "pset": [
            "<schema.org/URL>",
            "<schema.org/address>",
            "<schema.org/addressCountry>",
            "isa:<schema.org/GeoShape>"
        ],
        "count": 1.0
    },
    {
        "pset": [
            "<schema.org/addressCountry>",
            "<schema.org/description>",
            "<schema.org/name>",
            "<schema.org/polygon>",
            "isa:<schema.org/GeoShape>"
        ],
        "count": 1.0
    },
    {
        "pset": [
            "<schema.org/box>",
            "<schema.org/name>",
            "isa:<schema.org/GeoShape>"
        ],
        "count": 1.0
    },
    {
        "pset": [
            "<schema.org/name>",
            "<schema.org/polygon>",
            "isa:<schema.org/GeoShape>"
        ],
        "count": 1.0
    },
    {
        "pset": [
            "<schema.org/additionalType>",
            "<schema.org/name>",
            "<schema.org/polygon>",
            "<schema.org/sameAs>",
            "isa:<schema.org/GeoShape>"
        ],
        "count": 1.0
    },
    {
        "pset": [
            "<schema.org/name>",
            "<schema.org/sameAs>",
            "isa:<schema.org/City>",
            "isa:<schema.org/GeoShape>",
            "isa:<schema.org/State>"
        ],
        "count": 1.0
    },
    {
        "pset": [
            "<schema.org/name>",
            "<schema.org/sameAs>",
            "isa:<schema.org/Country>",
            "isa:<schema.org/GeoShape>"
        ],
        "count": 1.0
    },
    {
        "pset": [
            "<schema.org/name>",
            "isa:<schema.org/City>",
            "isa:<schema.org/GeoShape>",
            "isa:<schema.org/State>"
        ],
        "count": 1.0
    },
    {
        "pset": [
            "<schema.org/box>",
            "<schema.org/name>",
            "<schema.org/postalCode>",
            "isa:<schema.org/GeoShape>"
        ],
        "count": 1.0
    },
    {
        "pset": [
            "<schema.org/description>",
            "<schema.org/geo>",
            "<schema.org/hasMap>",
            "<schema.org/keywords>",
            "<schema.org/name>",
            "<schema.org/slogan>",
            "<schema.org/url>",
            "isa:<schema.org/AdministrativeArea>",
            "isa:<schema.org/County>",
            "isa:<schema.org/GeoShape>"
        ],
        "count": 1.0
    }
]