[
    {
        "pset": [
            "<schema.org/issuedBy>",
            "<schema.org/issuedThrough>",
            "<schema.org/name>",
            "<schema.org/validFor>",
            "<schema.org/validIn>",
            "isa:<schema.org/GovernmentPermit>"
        ],
        "count": 3625.0
    },
    {
        "pset": [
            "<schema.org/issuedBy>",
            "<schema.org/issuedThrough>",
            "<schema.org/name>",
            "isa:<schema.org/GovernmentPermit>"
        ],
        "count": 1.0
    },
    {
        "pset": [
            "<schema.org/audience>",
            "<schema.org/name>",
            "<schema.org/serviceType>",
            "<schema.org/validIn>",
            "isa:<schema.org/GovernmentPermit>"
        ],
        "count": 1.0
    }
]