[
    {
        "pset": [
            "<schema.org/name>",
            "isa:<schema.org/HowToSupply>"
        ],
        "count": 181872.0
    },
    {
        "pset": [
            "<schema.org/name>",
            "<schema.org/requiredQuantity>",
            "isa:<schema.org/HowToSupply>"
        ],
        "count": 40637.0
    },
    {
        "pset": [
            "<schema.org/image>",
            "<schema.org/name>",
            "<schema.org/requiredQuantity>",
            "<schema.org/url>",
            "isa:<schema.org/HowToSupply>"
        ],
        "count": 4899.0
    },
    {
        "pset": [
            "<schema.org/name>",
            "<schema.org/url>",
            "isa:<schema.org/HowToSupply>"
        ],
        "count": 4237.0
    },
    {
        "pset": [
            "<schema.org/image>",
            "<schema.org/name>",
            "<schema.org/url>",
            "isa:<schema.org/HowToSupply>"
        ],
        "count": 1485.0
    },
    {
        "pset": [
            "<schema.org/item>",
            "<schema.org/name>",
            "isa:<schema.org/HowToSupply>"
        ],
        "count": 1385.0
    },
    {
        "pset": [
            "<schema.org/description>",
            "<schema.org/image>",
            "<schema.org/name>",
            "<schema.org/url>",
            "isa:<schema.org/HowToSupply>"
        ],
        "count": 893.0
    },
    {
        "pset": [
            "<schema.org/description>",
            "<schema.org/name>",
            "<schema.org/url>",
            "isa:<schema.org/HowToSupply>"
        ],
        "count": 856.0
    },
    {
        "pset": [
            "<schema.org/image>",
            "<schema.org/name>",
            "isa:<schema.org/HowToSupply>"
        ],
        "count": 526.0
    },
    {
        "pset": [
            "<schema.org/description>",
            "<schema.org/name>",
            "<schema.org/requiredQuantity>",
            "isa:<schema.org/HowToSupply>"
        ],
        "count": 142.0
    },
    {
        "pset": [
            "<schema.org/estimatedCost>",
            "<schema.org/image>",
            "<schema.org/name>",
            "<schema.org/potentialAction>",
            "<schema.org/url>",
            "isa:<schema.org/HowToSupply>"
        ],
        "count": 107.0
    },
    {
        "pset": [
            "<schema.org/estimatedCost>",
            "<schema.org/name>",
            "<schema.org/requiredQuantity>",
            "isa:<schema.org/HowToSupply>"
        ],
        "count": 96.0
    },
    {
        "pset": [
            "<schema.org/estimatedCost>",
            "<schema.org/name>",
            "<schema.org/requiredQuantity>",
            "<schema.org/url>",
            "isa:<schema.org/HowToSupply>"
        ],
        "count": 44.0
    },
    {
        "pset": [
            "<schema.org/description>",
            "<schema.org/image>",
            "<schema.org/name>",
            "isa:<schema.org/HowToSupply>"
        ],
        "count": 41.0
    },
    {
        "pset": [
            "<schema.org/description>",
            "<schema.org/name>",
            "isa:<schema.org/HowToSupply>"
        ],
        "count": 12.0
    },
    {
        "pset": [
            "<schema.org/description>",
            "<schema.org/position>",
            "isa:<schema.org/HowToSupply>"
        ],
        "count": 8.0
    },
    {
        "pset": [
            "<schema.org/description>",
            "<schema.org/name>",
            "<schema.org/requiredQuantity>",
            "<schema.org/url>",
            "isa:<schema.org/HowToSupply>"
        ],
        "count": 7.0
    },
    {
        "pset": [
            "isa:<schema.org/HowToSupply>"
        ],
        "count": 2.0
    },
    {
        "pset": [
            "<schema.org/Name>",
            "isa:<schema.org/HowToSupply>"
        ],
        "count": 2.0
    },
    {
        "pset": [
            "<schema.org/name>",
            "<schema.org/requiredQuantity>",
            "<schema.org/url>",
            "isa:<schema.org/HowToSupply>"
        ],
        "count": 1.0
    },
    {
        "pset": [
            "<schema.org/ApplicationCategory>",
            "<schema.org/Brand>",
            "<schema.org/aggregateRating>",
            "<schema.org/category>",
            "<schema.org/description>",
            "<schema.org/image>",
            "<schema.org/name>",
            "<schema.org/offers>",
            "<schema.org/sameAs>",
            "<schema.org/url>",
            "isa:<schema.org/HowToSupply>",
            "isa:<schema.org/Product>",
            "isa:<schema.org/SoftwareApplication>"
        ],
        "count": 1.0
    },
    {
        "pset": [
            "<schema.org/name>",
            "<schema.org/position>",
            "isa:<schema.org/HowToSupply>"
        ],
        "count": 1.0
    },
    {
        "pset": [
            "<schema.org/URL>",
            "<schema.org/name>",
            "isa:<schema.org/HowToSupply>"
        ],
        "count": 1.0
    }
]