[
    {
        "pset": [
            "<schema.org/object>",
            "isa:<schema.org/InstallAction>"
        ],
        "count": 12776.0
    },
    {
        "pset": [
            "<schema.org/image>",
            "<schema.org/name>",
            "<schema.org/target>",
            "<schema.org/url>",
            "isa:<schema.org/InstallAction>"
        ],
        "count": 142.0
    },
    {
        "pset": [
            "<schema.org/target>",
            "isa:<schema.org/InstallAction>"
        ],
        "count": 2.0
    }
]