[
    {
        "pset": [
            "<schema.org/name>",
            "isa:<schema.org/Intangible>"
        ],
        "count": 307691.0
    },
    {
        "pset": [
            "<schema.org/name>",
            "<schema.org/sameAs>",
            "isa:<schema.org/Intangible>"
        ],
        "count": 132081.0
    },
    {
        "pset": [
            "<schema.org/description>",
            "<schema.org/image>",
            "<schema.org/logo>",
            "<schema.org/mainEntityOfPage>",
            "<schema.org/name>",
            "<schema.org/publisher>",
            "<schema.org/url>",
            "isa:<schema.org/Intangible>"
        ],
        "count": 91739.0
    },
    {
        "pset": [
            "<schema.org/name>",
            "<schema.org/url>",
            "isa:<schema.org/Intangible>"
        ],
        "count": 11963.0
    },
    {
        "pset": [
            "<schema.org/description>",
            "<schema.org/logo>",
            "<schema.org/mainEntityOfPage>",
            "<schema.org/name>",
            "<schema.org/publisher>",
            "<schema.org/url>",
            "isa:<schema.org/Intangible>"
        ],
        "count": 4565.0
    },
    {
        "pset": [
            "<schema.org/description>",
            "<schema.org/image>",
            "<schema.org/mainEntityOfPage>",
            "<schema.org/name>",
            "<schema.org/url>",
            "isa:<schema.org/Intangible>"
        ],
        "count": 2423.0
    },
    {
        "pset": [
            "<schema.org/alternateName>",
            "<schema.org/description>",
            "<schema.org/image>",
            "<schema.org/name>",
            "<schema.org/sameAs>",
            "isa:<schema.org/Intangible>"
        ],
        "count": 1508.0
    },
    {
        "pset": [
            "<schema.org/description>",
            "<schema.org/name>",
            "<schema.org/sameAs>",
            "isa:<schema.org/Intangible>"
        ],
        "count": 657.0
    },
    {
        "pset": [
            "isa:<schema.org/Intangible>",
            "isa:<schema.org/PropertyValue>",
            "isa:<schema.org/StructuredValue>",
            "isa:<data.flachau.com/schema/AmenityFeature>"
        ],
        "count": 422.0
    },
    {
        "pset": [
            "isa:<schema.org/Intangible>",
            "isa:<schema.org/Offer>",
            "isa:<data.flachau.com/schema/Angebot>"
        ],
        "count": 388.0
    },
    {
        "pset": [
            "<schema.org/description>",
            "<schema.org/name>",
            "isa:<schema.org/Intangible>"
        ],
        "count": 333.0
    },
    {
        "pset": [
            "isa:<schema.org/Intangible>",
            "isa:<schema.org/PropertyValue>",
            "isa:<schema.org/StructuredValue>",
            "isa:<data.burgenland.info/schema/AmenityFeature>"
        ],
        "count": 226.0
    },
    {
        "pset": [
            "<schema.org/alternateName>",
            "<schema.org/description>",
            "<schema.org/image>",
            "<schema.org/name>",
            "<schema.org/url>",
            "isa:<schema.org/Intangible>"
        ],
        "count": 203.0
    },
    {
        "pset": [
            "<schema.datacycle.at/classification>",
            "<schema.datacycle.at/multilingual>",
            "<schema.datacycle.at/translation>",
            "<schema.org/itemOffered>",
            "<schema.org/name>",
            "<schema.org/priceSpecification>",
            "isa:<schema.org/Intangible>",
            "isa:<schema.org/Offer>",
            "isa:<data.flachau.com/schema/Angebot>"
        ],
        "count": 166.0
    },
    {
        "pset": [
            "<schema.org/image>",
            "<schema.org/name>",
            "isa:<schema.org/Intangible>"
        ],
        "count": 143.0
    },
    {
        "pset": [
            "<schema.datacycle.at/multilingual>",
            "<schema.org/ratingCount>",
            "<schema.org/ratingValue>",
            "isa:<example.org/schema/Durchschnittswertung>",
            "isa:<schema.org/AggregateRating>",
            "isa:<schema.org/Intangible>",
            "isa:<schema.org/Rating>"
        ],
        "count": 131.0
    },
    {
        "pset": [
            "isa:<schema.org/Intangible>",
            "isa:<schema.org/Offer>",
            "isa:<data.burgenland.info/schema/Angebot>"
        ],
        "count": 119.0
    },
    {
        "pset": [
            "<schema.datacycle.at/classification>",
            "<schema.datacycle.at/multilingual>",
            "<schema.datacycle.at/translation>",
            "<schema.org/minPrice>",
            "isa:<schema.org/Intangible>",
            "isa:<schema.org/PriceSpecification>",
            "isa:<schema.org/StructuredValue>",
            "isa:<schema.org/UnitPriceSpecification>",
            "isa:<datacycle.kaernten.at/schema/Preis>"
        ],
        "count": 117.0
    },
    {
        "pset": [
            "<schema.datacycle.at/classification>",
            "<schema.datacycle.at/multilingual>",
            "<schema.org/minPrice>",
            "isa:<schema.org/Intangible>",
            "isa:<schema.org/PriceSpecification>",
            "isa:<schema.org/StructuredValue>",
            "isa:<schema.org/UnitPriceSpecification>",
            "isa:<data.flachau.com/schema/Preis>"
        ],
        "count": 104.0
    },
    {
        "pset": [
            "<schema.org/description>",
            "<schema.org/name>",
            "<schema.org/url>",
            "isa:<schema.org/Intangible>"
        ],
        "count": 97.0
    },
    {
        "pset": [
            "<schema.org/alternateName>",
            "<schema.org/description>",
            "<schema.org/image>",
            "<schema.org/name>",
            "isa:<schema.org/Intangible>"
        ],
        "count": 97.0
    },
    {
        "pset": [
            "<schema.datacycle.at/classification>",
            "<schema.datacycle.at/multilingual>",
            "<schema.datacycle.at/translation>",
            "<schema.org/name>",
            "<schema.org/priceSpecification>",
            "isa:<schema.org/Intangible>",
            "isa:<schema.org/Offer>",
            "isa:<datacycle.kaernten.at/schema/Angebot>"
        ],
        "count": 82.0
    },
    {
        "pset": [
            "<schema.datacycle.at/multilingual>",
            "<schema.datacycle.at/translation>",
            "<schema.org/minPrice>",
            "isa:<schema.org/Intangible>",
            "isa:<schema.org/PriceSpecification>",
            "isa:<schema.org/StructuredValue>",
            "isa:<schema.org/UnitPriceSpecification>",
            "isa:<data.flachau.com/schema/Preis>"
        ],
        "count": 54.0
    },
    {
        "pset": [
            "isa:<schema.org/Intangible>"
        ],
        "count": 48.0
    },
    {
        "pset": [
            "<schema.datacycle.at/multilingual>",
            "<schema.datacycle.at/translation>",
            "<schema.org/name>",
            "<schema.org/priceSpecification>",
            "isa:<schema.org/Intangible>",
            "isa:<schema.org/Offer>",
            "isa:<datacycle.kaernten.at/schema/Angebot>"
        ],
        "count": 41.0
    },
    {
        "pset": [
            "<purl.org/dc/terms/modified>",
            "<schema.datacycle.at/additionalInformation>",
            "<schema.datacycle.at/classification>",
            "<schema.datacycle.at/multilingual>",
            "<schema.datacycle.at/slug>",
            "<schema.datacycle.at/translation>",
            "<schema.org/areaServed>",
            "<schema.org/description>",
            "<schema.org/hoursAvailable>",
            "<schema.org/identifier>",
            "<schema.org/image>",
            "<schema.org/name>",
            "<schema.org/provider>",
            "isa:<schema.org/Intangible>",
            "isa:<data.flachau.com/schema/Experiences>",
            "isa:<data.flachau.com/schema/Service>"
        ],
        "count": 39.0
    },
    {
        "pset": [
            "<schema.org/description>",
            "<schema.org/image>",
            "<schema.org/mainEntityOfPage>",
            "<schema.org/name>",
            "<schema.org/potentialAction>",
            "<schema.org/url>",
            "isa:<schema.org/Intangible>"
        ],
        "count": 35.0
    },
    {
        "pset": [
            "<schema.datacycle.at/additionalInformation>",
            "<schema.datacycle.at/classification>",
            "<schema.datacycle.at/multilingual>",
            "<schema.datacycle.at/slug>",
            "<schema.datacycle.at/translation>",
            "<schema.org/areaServed>",
            "<schema.org/description>",
            "<schema.org/hoursAvailable>",
            "<schema.org/image>",
            "<schema.org/name>",
            "<schema.org/provider>",
            "isa:<schema.org/Intangible>",
            "isa:<data.flachau.com/schema/Experiences>",
            "isa:<data.flachau.com/schema/Service>"
        ],
        "count": 34.0
    },
    {
        "pset": [
            "<schema.org/url>",
            "isa:<schema.org/Intangible>"
        ],
        "count": 31.0
    },
    {
        "pset": [
            "<schema.datacycle.at/classification>",
            "<schema.datacycle.at/multilingual>",
            "<schema.datacycle.at/translation>",
            "<schema.org/minPrice>",
            "<schema.org/validFrom>",
            "<schema.org/validThrough>",
            "isa:<schema.org/Intangible>",
            "isa:<schema.org/PriceSpecification>",
            "isa:<schema.org/StructuredValue>",
            "isa:<schema.org/UnitPriceSpecification>",
            "isa:<data.flachau.com/schema/Preis>"
        ],
        "count": 29.0
    },
    {
        "pset": [
            "<purl.org/dc/terms/modified>",
            "<schema.datacycle.at/additionalInformation>",
            "<schema.datacycle.at/classification>",
            "<schema.datacycle.at/isLinkedTo>",
            "<schema.datacycle.at/multilingual>",
            "<schema.datacycle.at/slug>",
            "<schema.datacycle.at/translation>",
            "<schema.org/areaServed>",
            "<schema.org/description>",
            "<schema.org/hoursAvailable>",
            "<schema.org/identifier>",
            "<schema.org/image>",
            "<schema.org/name>",
            "<schema.org/provider>",
            "isa:<schema.org/Intangible>",
            "isa:<data.flachau.com/schema/Experiences>",
            "isa:<data.flachau.com/schema/Service>"
        ],
        "count": 27.0
    },
    {
        "pset": [
            "isa:<example.org/schema/Eventserie>",
            "isa:<schema.org/Event>",
            "isa:<schema.org/EventSeries>",
            "isa:<schema.org/Intangible>",
            "isa:<schema.org/Series>"
        ],
        "count": 24.0
    },
    {
        "pset": [
            "<schema.datacycle.at/classification>",
            "<schema.datacycle.at/multilingual>",
            "<schema.datacycle.at/translation>",
            "isa:<schema.org/Intangible>",
            "isa:<schema.org/Schedule>",
            "isa:<data.flachau.com/schema/Schedule>"
        ],
        "count": 24.0
    },
    {
        "pset": [
            "<schema.org/alternateName>",
            "<schema.org/name>",
            "<schema.org/sameAs>",
            "isa:<schema.org/Intangible>"
        ],
        "count": 21.0
    },
    {
        "pset": [
            "<schema.org/description>",
            "<schema.org/image>",
            "<schema.org/name>",
            "isa:<schema.org/Intangible>"
        ],
        "count": 19.0
    },
    {
        "pset": [
            "<schema.org/description>",
            "<schema.org/image>",
            "<schema.org/mainEntityOfPage>",
            "<schema.org/name>",
            "isa:<schema.org/Intangible>"
        ],
        "count": 18.0
    },
    {
        "pset": [
            "<purl.org/dc/terms/modified>",
            "<schema.datacycle.at/additionalInformation>",
            "<schema.datacycle.at/classification>",
            "<schema.datacycle.at/multilingual>",
            "<schema.datacycle.at/slug>",
            "<schema.datacycle.at/translation>",
            "<schema.org/additionalProperty>",
            "<schema.org/dataCycleProperty>",
            "<schema.org/description>",
            "<schema.org/identifier>",
            "<schema.org/image>",
            "<schema.org/lowPrice>",
            "<schema.org/name>",
            "<schema.org/offers>",
            "<schema.org/validFrom>",
            "<schema.org/validThrough>",
            "isa:<schema.org/AggregateOffer>",
            "isa:<schema.org/Intangible>",
            "isa:<schema.org/Offer>",
            "isa:<datacycle.kaernten.at/schema/Pauschalangebot>"
        ],
        "count": 17.0
    },
    {
        "pset": [
            "<schema.datacycle.at/classification>",
            "<schema.datacycle.at/multilingual>",
            "<schema.org/numberOfPeople>",
            "isa:<schema.org/Intangible>",
            "isa:<data.burgenland.info/schema/Bestuhlungsvariante>"
        ],
        "count": 16.0
    },
    {
        "pset": [
            "<schema.org/description>",
            "<schema.org/hiringOrganization>",
            "<schema.org/image>",
            "<schema.org/name>",
            "<schema.org/url>",
            "isa:<schema.org/Intangible>"
        ],
        "count": 16.0
    },
    {
        "pset": [
            "<schema.datacycle.at/additionalInformation>",
            "<schema.datacycle.at/classification>",
            "<schema.datacycle.at/isLinkedTo>",
            "<schema.datacycle.at/multilingual>",
            "<schema.datacycle.at/slug>",
            "<schema.datacycle.at/translation>",
            "<schema.org/areaServed>",
            "<schema.org/description>",
            "<schema.org/hoursAvailable>",
            "<schema.org/image>",
            "<schema.org/name>",
            "<schema.org/provider>",
            "isa:<schema.org/Intangible>",
            "isa:<data.flachau.com/schema/Experiences>",
            "isa:<data.flachau.com/schema/Service>"
        ],
        "count": 16.0
    },
    {
        "pset": [
            "<schema.datacycle.at/multilingual>",
            "<schema.datacycle.at/translation>",
            "<schema.org/name>",
            "<schema.org/priceSpecification>",
            "isa:<schema.org/Intangible>",
            "isa:<schema.org/Offer>",
            "isa:<data.flachau.com/schema/Angebot>"
        ],
        "count": 15.0
    },
    {
        "pset": [
            "isa:<schema.org/Intangible>",
            "isa:<data.burgenland.info/schema/Tagungsraum>"
        ],
        "count": 11.0
    },
    {
        "pset": [
            "<schema.datacycle.at/classification>",
            "<schema.datacycle.at/multilingual>",
            "<schema.datacycle.at/translation>",
            "isa:<schema.org/Intangible>",
            "isa:<schema.org/Schedule>",
            "isa:<data.burgenland.info/schema/Schedule>"
        ],
        "count": 9.0
    },
    {
        "pset": [
            "<schema.datacycle.at/classification>",
            "<schema.datacycle.at/multilingual>",
            "<schema.datacycle.at/translation>",
            "<schema.org/minPrice>",
            "isa:<schema.org/Intangible>",
            "isa:<schema.org/PriceSpecification>",
            "isa:<schema.org/StructuredValue>",
            "isa:<schema.org/UnitPriceSpecification>",
            "isa:<data.flachau.com/schema/Preis>"
        ],
        "count": 8.0
    },
    {
        "pset": [
            "isa:<schema.org/Intangible>",
            "isa:<schema.org/Schedule>",
            "isa:<data.burgenland.info/schema/Schedule>"
        ],
        "count": 7.0
    },
    {
        "pset": [
            "<schema.datacycle.at/classification>",
            "<schema.datacycle.at/multilingual>",
            "<schema.org/minPrice>",
            "isa:<schema.org/Intangible>",
            "isa:<schema.org/PriceSpecification>",
            "isa:<schema.org/StructuredValue>",
            "isa:<schema.org/UnitPriceSpecification>",
            "isa:<datacycle.kaernten.at/schema/Preis>"
        ],
        "count": 6.0
    },
    {
        "pset": [
            "<purl.org/dc/terms/modified>",
            "<schema.datacycle.at/classification>",
            "<schema.datacycle.at/multilingual>",
            "<schema.datacycle.at/slug>",
            "<schema.datacycle.at/translation>",
            "<schema.org/additionalProperty>",
            "<schema.org/description>",
            "<schema.org/image>",
            "<schema.org/lowPrice>",
            "<schema.org/name>",
            "<schema.org/offers>",
            "<schema.org/validFrom>",
            "<schema.org/validThrough>",
            "isa:<schema.org/AggregateOffer>",
            "isa:<schema.org/Intangible>",
            "isa:<schema.org/Offer>",
            "isa:<data.flachau.com/schema/Pauschalangebot>"
        ],
        "count": 6.0
    },
    {
        "pset": [
            "<schema.datacycle.at/classification>",
            "<schema.datacycle.at/multilingual>",
            "<schema.datacycle.at/slug>",
            "<schema.datacycle.at/translation>",
            "<schema.org/areaServed>",
            "<schema.org/hoursAvailable>",
            "<schema.org/name>",
            "<schema.org/provider>",
            "isa:<schema.org/Intangible>",
            "isa:<data.flachau.com/schema/Experiences>",
            "isa:<data.flachau.com/schema/Service>"
        ],
        "count": 5.0
    },
    {
        "pset": [
            "<schema.org/description>",
            "<schema.org/image>",
            "<schema.org/name>",
            "<schema.org/sameAs>",
            "<schema.org/url>",
            "isa:<schema.org/Intangible>"
        ],
        "count": 5.0
    },
    {
        "pset": [
            "<schema.org/description>",
            "<schema.org/image>",
            "<schema.org/name>",
            "<schema.org/sameAs>",
            "isa:<schema.org/Intangible>"
        ],
        "count": 5.0
    },
    {
        "pset": [
            "<purl.org/dc/terms/modified>",
            "<schema.datacycle.at/additionalInformation>",
            "<schema.datacycle.at/classification>",
            "<schema.datacycle.at/isLinkedTo>",
            "<schema.datacycle.at/multilingual>",
            "<schema.datacycle.at/slug>",
            "<schema.datacycle.at/translation>",
            "<schema.org/areaServed>",
            "<schema.org/description>",
            "<schema.org/hoursAvailable>",
            "<schema.org/identifier>",
            "<schema.org/image>",
            "<schema.org/name>",
            "<schema.org/provider>",
            "<schema.org/subjectOf>",
            "isa:<schema.org/Intangible>",
            "isa:<data.flachau.com/schema/Experiences>",
            "isa:<data.flachau.com/schema/Service>"
        ],
        "count": 4.0
    },
    {
        "pset": [
            "<schema.datacycle.at/classification>",
            "<schema.datacycle.at/multilingual>",
            "<schema.datacycle.at/translation>",
            "<schema.org/unitText>",
            "isa:<schema.org/Intangible>",
            "isa:<schema.org/PriceSpecification>",
            "isa:<schema.org/StructuredValue>",
            "isa:<schema.org/UnitPriceSpecification>",
            "isa:<data.flachau.com/schema/Preis>"
        ],
        "count": 3.0
    },
    {
        "pset": [
            "<purl.org/dc/terms/modified>",
            "<schema.datacycle.at/classification>",
            "<schema.datacycle.at/multilingual>",
            "<schema.datacycle.at/slug>",
            "<schema.datacycle.at/translation>",
            "<schema.org/additionalProperty>",
            "<schema.org/description>",
            "<schema.org/image>",
            "<schema.org/name>",
            "<schema.org/potentialAction>",
            "<schema.org/validFrom>",
            "<schema.org/validThrough>",
            "isa:<schema.org/AggregateOffer>",
            "isa:<schema.org/Intangible>",
            "isa:<schema.org/Offer>",
            "isa:<data.flachau.com/schema/Pauschalangebot>"
        ],
        "count": 3.0
    },
    {
        "pset": [
            "<schema.datacycle.at/classification>",
            "<schema.datacycle.at/multilingual>",
            "<schema.datacycle.at/translation>",
            "<schema.org/name>",
            "<schema.org/roomLength>",
            "<schema.org/roomSize>",
            "<schema.org/roomWidth>",
            "<schema.org/seatingOption>",
            "isa:<schema.org/Intangible>",
            "isa:<data.burgenland.info/schema/Tagungsraum>"
        ],
        "count": 3.0
    },
    {
        "pset": [
            "<purl.org/dc/terms/modified>",
            "<schema.datacycle.at/classification>",
            "<schema.datacycle.at/multilingual>",
            "<schema.datacycle.at/slug>",
            "<schema.datacycle.at/translation>",
            "<schema.org/dataCycleProperty>",
            "<schema.org/identifier>",
            "<schema.org/image>",
            "<schema.org/lowPrice>",
            "<schema.org/name>",
            "<schema.org/offers>",
            "<schema.org/validFrom>",
            "<schema.org/validThrough>",
            "isa:<schema.org/AggregateOffer>",
            "isa:<schema.org/Intangible>",
            "isa:<schema.org/Offer>",
            "isa:<datacycle.kaernten.at/schema/Pauschalangebot>"
        ],
        "count": 3.0
    },
    {
        "pset": [
            "<purl.org/dc/terms/modified>",
            "<schema.datacycle.at/additionalInformation>",
            "<schema.datacycle.at/classification>",
            "<schema.datacycle.at/multilingual>",
            "<schema.datacycle.at/slug>",
            "<schema.datacycle.at/translation>",
            "<schema.org/areaServed>",
            "<schema.org/description>",
            "<schema.org/identifier>",
            "<schema.org/image>",
            "<schema.org/name>",
            "<schema.org/provider>",
            "isa:<schema.org/Intangible>",
            "isa:<data.flachau.com/schema/Experiences>",
            "isa:<data.flachau.com/schema/Service>"
        ],
        "count": 2.0
    },
    {
        "pset": [
            "<schema.datacycle.at/classification>",
            "<schema.datacycle.at/multilingual>",
            "<schema.datacycle.at/translation>",
            "<schema.org/itemOffered>",
            "<schema.org/name>",
            "isa:<schema.org/Intangible>",
            "isa:<schema.org/Offer>",
            "isa:<data.flachau.com/schema/Angebot>"
        ],
        "count": 2.0
    },
    {
        "pset": [
            "isa:<schema.org/Intangible>",
            "isa:<data.flachau.com/schema/Experiences>",
            "isa:<data.flachau.com/schema/Service>"
        ],
        "count": 2.0
    },
    {
        "pset": [
            "<schema.datacycle.at/classification>",
            "<schema.datacycle.at/multilingual>",
            "<schema.datacycle.at/translation>",
            "<schema.org/daylight>",
            "<schema.org/name>",
            "<schema.org/roomLength>",
            "<schema.org/roomSize>",
            "<schema.org/roomWidth>",
            "<schema.org/seatingOption>",
            "isa:<schema.org/Intangible>",
            "isa:<data.burgenland.info/schema/Tagungsraum>"
        ],
        "count": 2.0
    },
    {
        "pset": [
            "<schema.org/endDate>",
            "<schema.org/name>",
            "<schema.org/startDate>",
            "isa:<schema.org/Event>",
            "isa:<schema.org/Intangible>"
        ],
        "count": 2.0
    },
    {
        "pset": [
            "<schema.datacycle.at/classification>",
            "<schema.datacycle.at/multilingual>",
            "isa:<schema.org/Intangible>",
            "isa:<data.burgenland.info/schema/Bestuhlungsvariante>"
        ],
        "count": 2.0
    },
    {
        "pset": [
            "isa:<schema.org/Event>",
            "isa:<schema.org/EventSeries>",
            "isa:<schema.org/Intangible>",
            "isa:<schema.org/Series>",
            "isa:<data.murtal.at/schema/Eventserie>"
        ],
        "count": 1.0
    },
    {
        "pset": [
            "<schema.datacycle.at/multilingual>",
            "<schema.datacycle.at/translation>",
            "<schema.org/name>",
            "<schema.org/priceSpecification>",
            "<schema.org/validFrom>",
            "<schema.org/validThrough>",
            "isa:<schema.org/Intangible>",
            "isa:<schema.org/Offer>",
            "isa:<data.flachau.com/schema/Angebot>"
        ],
        "count": 1.0
    },
    {
        "pset": [
            "<schema.datacycle.at/additionalInformation>",
            "<schema.datacycle.at/classification>",
            "<schema.datacycle.at/multilingual>",
            "<schema.datacycle.at/slug>",
            "<schema.datacycle.at/translation>",
            "<schema.org/areaServed>",
            "<schema.org/description>",
            "<schema.org/hoursAvailable>",
            "<schema.org/image>",
            "<schema.org/name>",
            "<schema.org/provider>",
            "<schema.org/subjectOf>",
            "isa:<schema.org/Intangible>",
            "isa:<data.flachau.com/schema/Experiences>",
            "isa:<data.flachau.com/schema/Service>"
        ],
        "count": 1.0
    },
    {
        "pset": [
            "<schema.datacycle.at/classification>",
            "<schema.datacycle.at/multilingual>",
            "<schema.datacycle.at/translation>",
            "<schema.org/additionalInformation>",
            "<schema.org/daylight>",
            "<schema.org/name>",
            "<schema.org/roomLength>",
            "<schema.org/roomSize>",
            "<schema.org/roomWidth>",
            "<schema.org/seatingOption>",
            "isa:<schema.org/Intangible>",
            "isa:<data.burgenland.info/schema/Tagungsraum>"
        ],
        "count": 1.0
    },
    {
        "pset": [
            "<schema.org/aggregateRating>",
            "<schema.org/name>",
            "isa:<schema.org/Intangible>",
            "isa:<schema.org/Product>",
            "isa:<schema.org/WebPage>"
        ],
        "count": 1.0
    },
    {
        "pset": [
            "<schema.datacycle.at/multilingual>",
            "isa:<schema.org/Intangible>",
            "isa:<data.burgenland.info/schema/Tagungsraum>"
        ],
        "count": 1.0
    },
    {
        "pset": [
            "<schema.org/alternateName>",
            "<schema.org/description>",
            "<schema.org/image>",
            "<schema.org/name>",
            "<schema.org/sameAs>",
            "<schema.org/url>",
            "isa:<schema.org/Intangible>"
        ],
        "count": 1.0
    },
    {
        "pset": [
            "<schema.datacycle.at/classification>",
            "<schema.datacycle.at/multilingual>",
            "<schema.datacycle.at/slug>",
            "<schema.datacycle.at/translation>",
            "<schema.org/areaServed>",
            "<schema.org/hoursAvailable>",
            "<schema.org/image>",
            "<schema.org/name>",
            "<schema.org/provider>",
            "isa:<schema.org/Intangible>",
            "isa:<data.flachau.com/schema/Experiences>",
            "isa:<data.flachau.com/schema/Service>"
        ],
        "count": 1.0
    },
    {
        "pset": [
            "<schema.datacycle.at/additionalInformation>",
            "<schema.datacycle.at/classification>",
            "<schema.datacycle.at/isLinkedTo>",
            "<schema.datacycle.at/multilingual>",
            "<schema.datacycle.at/slug>",
            "<schema.datacycle.at/translation>",
            "<schema.org/areaServed>",
            "<schema.org/description>",
            "<schema.org/hoursAvailable>",
            "<schema.org/image>",
            "<schema.org/name>",
            "<schema.org/provider>",
            "<schema.org/subjectOf>",
            "isa:<schema.org/Intangible>",
            "isa:<data.flachau.com/schema/Experiences>",
            "isa:<data.flachau.com/schema/Service>"
        ],
        "count": 1.0
    },
    {
        "pset": [
            "<schema.org/additionalType>",
            "<schema.org/author>",
            "<schema.org/courseCode>",
            "<schema.org/coursePrerequisites>",
            "<schema.org/description>",
            "<schema.org/disambiguatingDescription>",
            "<schema.org/hasCourseInstance>",
            "<schema.org/headline>",
            "<schema.org/image>",
            "<schema.org/keywords>",
            "<schema.org/learningResourceType>",
            "<schema.org/name>",
            "<schema.org/thumbnailUrl>",
            "<schema.org/url>",
            "isa:<schema.org/Course>",
            "isa:<schema.org/Intangible>",
            "isa:<schema.org/VideoObject>"
        ],
        "count": 1.0
    },
    {
        "pset": [
            "<schema.org/name>",
            "isa:<schema.org/Intangible>",
            "isa:<schema.org/WebPage>"
        ],
        "count": 1.0
    },
    {
        "pset": [
            "<schema.datacycle.at/classification>",
            "<schema.datacycle.at/multilingual>",
            "<schema.datacycle.at/translation>",
            "<schema.org/name>",
            "<schema.org/seatingOption>",
            "isa:<schema.org/Intangible>",
            "isa:<data.burgenland.info/schema/Tagungsraum>"
        ],
        "count": 1.0
    },
    {
        "pset": [
            "<schema.org/description>",
            "<schema.org/image>",
            "<schema.org/name>",
            "<schema.org/url>",
            "isa:<schema.org/Intangible>"
        ],
        "count": 1.0
    }
]