[
    {
        "pset": [
            "<schema.org/name>",
            "isa:<schema.org/MedicalSymptom>"
        ],
        "count": 8543.0
    },
    {
        "pset": [
            "<schema.org/description>",
            "isa:<schema.org/MedicalSymptom>"
        ],
        "count": 1968.0
    },
    {
        "pset": [
            "isa:<schema.org/MedicalSymptom>"
        ],
        "count": 507.0
    },
    {
        "pset": [
            "<schema.org/typicalTest>",
            "isa:<schema.org/MedicalSymptom>"
        ],
        "count": 168.0
    },
    {
        "pset": [
            "<schema.org/description>",
            "<schema.org/name>",
            "isa:<schema.org/MedicalSymptom>"
        ],
        "count": 109.0
    },
    {
        "pset": [
            "<schema.org/Description>",
            "<schema.org/name>",
            "<schema.org/url>",
            "isa:<schema.org/MedicalSymptom>"
        ],
        "count": 40.0
    },
    {
        "pset": [
            "<schema.org/code>",
            "<schema.org/description>",
            "<schema.org/name>",
            "<schema.org/url>",
            "isa:<schema.org/MedicalSymptom>"
        ],
        "count": 18.0
    },
    {
        "pset": [
            "<schema.org/description>",
            "<schema.org/image>",
            "<schema.org/name>",
            "<schema.org/url>",
            "isa:<schema.org/MedicalSymptom>"
        ],
        "count": 14.0
    },
    {
        "pset": [
            "<schema.org/description>",
            "<schema.org/name>",
            "<schema.org/url>",
            "isa:<schema.org/MedicalSymptom>"
        ],
        "count": 12.0
    },
    {
        "pset": [
            "<schema.org/code>",
            "<schema.org/name>",
            "isa:<schema.org/MedicalSymptom>"
        ],
        "count": 6.0
    },
    {
        "pset": [
            "<schema.org/associatedAnatomy>",
            "<schema.org/description>",
            "<schema.org/disambiguatingDescription>",
            "<schema.org/name>",
            "<schema.org/relevantSpecialty>",
            "<schema.org/signOrSymptom>",
            "isa:<schema.org/MedicalSymptom>"
        ],
        "count": 4.0
    },
    {
        "pset": [
            "<schema.org/epidemiology>",
            "<schema.org/name>",
            "isa:<schema.org/MedicalSymptom>"
        ],
        "count": 2.0
    },
    {
        "pset": [
            "<schema.org/description>",
            "<schema.org/disambiguatingDescription>",
            "<schema.org/name>",
            "<schema.org/relevantSpecialty>",
            "<schema.org/signOrSymptom>",
            "isa:<schema.org/MedicalSymptom>"
        ],
        "count": 2.0
    },
    {
        "pset": [
            "<schema.org/associatedAnatomy>",
            "<schema.org/description>",
            "<schema.org/disambiguatingDescription>",
            "<schema.org/name>",
            "<schema.org/possibleComplication>",
            "<schema.org/relevantSpecialty>",
            "<schema.org/signOrSymptom>",
            "isa:<schema.org/MedicalSymptom>"
        ],
        "count": 1.0
    },
    {
        "pset": [
            "<schema.org/additionalType>",
            "<schema.org/description>",
            "<schema.org/name>",
            "isa:<schema.org/MedicalSymptom>"
        ],
        "count": 1.0
    },
    {
        "pset": [
            "<schema.org/alternateName>",
            "<schema.org/associatedAnatomy>",
            "<schema.org/description>",
            "<schema.org/name>",
            "<schema.org/signOrSymptom>",
            "isa:<schema.org/MedicalSymptom>"
        ],
        "count": 1.0
    },
    {
        "pset": [
            "<schema.org/medicineSystem>",
            "<schema.org/name>",
            "<schema.org/possibleTreatment>",
            "<schema.org/primaryPrevention>",
            "<schema.org/recognizingAuthority>",
            "isa:<schema.org/MedicalSymptom>"
        ],
        "count": 1.0
    },
    {
        "pset": [
            "<schema.org/associatedAnatomy>",
            "<schema.org/description>",
            "<schema.org/differentialDiagnosis>",
            "<schema.org/disambiguatingDescription>",
            "<schema.org/name>",
            "<schema.org/signOrSymptom>",
            "isa:<schema.org/MedicalSymptom>"
        ],
        "count": 1.0
    },
    {
        "pset": [
            "<schema.org/alternateName>",
            "<schema.org/name>",
            "<schema.org/sameAs>",
            "isa:<schema.org/MedicalSymptom>"
        ],
        "count": 1.0
    },
    {
        "pset": [
            "<schema.org/associatedAnatomy>",
            "<schema.org/description>",
            "<schema.org/name>",
            "<schema.org/relevantSpecialty>",
            "<schema.org/signOrSymptom>",
            "isa:<schema.org/MedicalSymptom>"
        ],
        "count": 1.0
    },
    {
        "pset": [
            "<schema.org/Subtype>",
            "<schema.org/description>",
            "<schema.org/medicineSystem>",
            "<schema.org/name>",
            "<schema.org/typicalTest>",
            "isa:<schema.org/MedicalSymptom>"
        ],
        "count": 1.0
    },
    {
        "pset": [
            "<schema.org/associatedAnatomy>",
            "<schema.org/description>",
            "<schema.org/expectedPrognosis>",
            "<schema.org/name>",
            "<schema.org/relevantSpecialty>",
            "isa:<schema.org/MedicalSymptom>"
        ],
        "count": 1.0
    },
    {
        "pset": [
            "<schema.org/description>",
            "<schema.org/image>",
            "<schema.org/name>",
            "isa:<schema.org/MedicalSymptom>"
        ],
        "count": 1.0
    }
]