[
    {
        "pset": [
            "<schema.org/code>",
            "<schema.org/name>",
            "isa:<schema.org/MedicalIndication>"
        ],
        "count": 169.0
    },
    {
        "pset": [
            "<schema.org/description>",
            "<schema.org/name>",
            "isa:<schema.org/MedicalIndication>"
        ],
        "count": 113.0
    },
    {
        "pset": [
            "<schema.org/description>",
            "isa:<schema.org/MedicalIndication>"
        ],
        "count": 76.0
    },
    {
        "pset": [
            "<schema.org/code>",
            "<schema.org/name>",
            "<schema.org/relevantSpecialty>",
            "<schema.org/sameAs>",
            "isa:<schema.org/MedicalIndication>"
        ],
        "count": 43.0
    },
    {
        "pset": [
            "<schema.org/name>",
            "isa:<schema.org/MedicalIndication>"
        ],
        "count": 26.0
    },
    {
        "pset": [
            "<schema.org/name>",
            "<schema.org/recognizingAuthority>",
            "isa:<schema.org/MedicalIndication>"
        ],
        "count": 24.0
    },
    {
        "pset": [
            "<schema.org/alternateName>",
            "<schema.org/name>",
            "<schema.org/relevantSpecialty>",
            "<schema.org/sameAs>",
            "isa:<schema.org/MedicalIndication>"
        ],
        "count": 22.0
    },
    {
        "pset": [
            "<schema.org/alternateName>",
            "<schema.org/description>",
            "<schema.org/name>",
            "<schema.org/potentialAction>",
            "<schema.org/relevantSpecialty>",
            "<schema.org/sameAs>",
            "<schema.org/url>",
            "isa:<schema.org/MedicalIndication>"
        ],
        "count": 8.0
    },
    {
        "pset": [
            "<schema.org/name>",
            "<schema.org/relevantSpecialty>",
            "<schema.org/sameAs>",
            "isa:<schema.org/MedicalIndication>"
        ],
        "count": 7.0
    },
    {
        "pset": [
            "<schema.org/code>",
            "<schema.org/name>",
            "<schema.org/relevantSpecialty>",
            "isa:<schema.org/MedicalIndication>"
        ],
        "count": 3.0
    },
    {
        "pset": [
            "<schema.org/name>",
            "<schema.org/relevantSpecialty>",
            "isa:<schema.org/MedicalIndication>"
        ],
        "count": 2.0
    },
    {
        "pset": [
            "<schema.org/alternateName>",
            "<schema.org/description>",
            "<schema.org/name>",
            "<schema.org/potentialAction>",
            "<schema.org/sameAs>",
            "<schema.org/url>",
            "isa:<schema.org/MedicalIndication>"
        ],
        "count": 2.0
    },
    {
        "pset": [
            "<schema.org/description>",
            "<schema.org/name>",
            "<schema.org/potentialAction>",
            "<schema.org/relevantSpecialty>",
            "<schema.org/sameAs>",
            "<schema.org/url>",
            "isa:<schema.org/MedicalIndication>"
        ],
        "count": 1.0
    },
    {
        "pset": [
            "<schema.org/alternateName>",
            "<schema.org/description>",
            "<schema.org/name>",
            "<schema.org/potentialAction>",
            "<schema.org/relevantSpecialty>",
            "<schema.org/sameAs>",
            "<schema.org/url>",
            "isa:<schema.org/MedicalIndication>",
            "isa:<schema.org/MedicalIntangible>"
        ],
        "count": 1.0
    }
]