[
    {
        "pset": [
            "<schema.org/currency>",
            "<schema.org/value>",
            "isa:<schema.org/MonetaryAmount>"
        ],
        "count": 2102158.0
    },
    {
        "pset": [
            "<schema.org/currency>",
            "<schema.org/maxValue>",
            "<schema.org/minValue>",
            "<schema.org/name>",
            "isa:<schema.org/MonetaryAmount>"
        ],
        "count": 310517.0
    },
    {
        "pset": [
            "<schema.org/currency>",
            "isa:<schema.org/MonetaryAmount>"
        ],
        "count": 280641.0
    },
    {
        "pset": [
            "<schema.org/value>",
            "isa:<schema.org/MonetaryAmount>"
        ],
        "count": 118809.0
    },
    {
        "pset": [
            "<schema.org/currency>",
            "<schema.org/maxValue>",
            "<schema.org/minValue>",
            "<schema.org/value>",
            "isa:<schema.org/MonetaryAmount>"
        ],
        "count": 57086.0
    },
    {
        "pset": [
            "<schema.org/currency>",
            "<schema.org/minValue>",
            "<schema.org/name>",
            "isa:<schema.org/MonetaryAmount>"
        ],
        "count": 30365.0
    },
    {
        "pset": [
            "<schema.org/currency>",
            "<schema.org/maxValue>",
            "<schema.org/minValue>",
            "isa:<schema.org/MonetaryAmount>"
        ],
        "count": 27603.0
    },
    {
        "pset": [
            "<schema.org/currency>",
            "<schema.org/name>",
            "<schema.org/value>",
            "isa:<schema.org/MonetaryAmount>"
        ],
        "count": 14973.0
    },
    {
        "pset": [
            "<schema.org/amount>",
            "<schema.org/validThrough>",
            "isa:<schema.org/MonetaryAmount>"
        ],
        "count": 10822.0
    },
    {
        "pset": [
            "<schema.org/currency>",
            "<schema.org/maxValue>",
            "<schema.org/minValue>",
            "<schema.org/unitText>",
            "isa:<schema.org/MonetaryAmount>"
        ],
        "count": 6316.0
    },
    {
        "pset": [
            "<schema.org/currency>",
            "<schema.org/unitText>",
            "isa:<schema.org/MonetaryAmount>"
        ],
        "count": 5521.0
    },
    {
        "pset": [
            "<schema.org/currency>",
            "<schema.org/minValue>",
            "isa:<schema.org/MonetaryAmount>"
        ],
        "count": 4726.0
    },
    {
        "pset": [
            "isa:<schema.org/MonetaryAmount>"
        ],
        "count": 2932.0
    },
    {
        "pset": [
            "<schema.org/currency>",
            "<schema.org/maxValue>",
            "<schema.org/name>",
            "isa:<schema.org/MonetaryAmount>"
        ],
        "count": 2828.0
    },
    {
        "pset": [
            "<schema.org/currency>",
            "<schema.org/unitText>",
            "<schema.org/value>",
            "isa:<schema.org/MonetaryAmount>"
        ],
        "count": 2452.0
    },
    {
        "pset": [
            "<schema.org/name>",
            "isa:<schema.org/MonetaryAmount>"
        ],
        "count": 1734.0
    },
    {
        "pset": [
            "<schema.org/alternateName>",
            "<schema.org/currency>",
            "<schema.org/description>",
            "<schema.org/maxValue>",
            "<schema.org/minValue>",
            "<schema.org/name>",
            "isa:<schema.org/MonetaryAmount>"
        ],
        "count": 1409.0
    },
    {
        "pset": [
            "<schema.org/currency>",
            "<schema.org/name>",
            "isa:<schema.org/MonetaryAmount>"
        ],
        "count": 1238.0
    },
    {
        "pset": [
            "<schema.org/currency>",
            "<schema.org/shippingSettingsLink>",
            "<schema.org/value>",
            "isa:<schema.org/MonetaryAmount>"
        ],
        "count": 933.0
    },
    {
        "pset": [
            "<schema.org/currency>",
            "<schema.org/minAmount>",
            "isa:<schema.org/MonetaryAmount>"
        ],
        "count": 846.0
    },
    {
        "pset": [
            "<schema.org/currency>",
            "<schema.org/maxValue>",
            "<schema.org/value>",
            "isa:<schema.org/MonetaryAmount>"
        ],
        "count": 621.0
    },
    {
        "pset": [
            "<schema.org/Value>",
            "isa:<schema.org/MonetaryAmount>"
        ],
        "count": 451.0
    },
    {
        "pset": [
            "<schema.org/currency>",
            "<schema.org/itemCondition>",
            "<schema.org/value>",
            "isa:<schema.org/MonetaryAmount>"
        ],
        "count": 380.0
    },
    {
        "pset": [
            "<schema.org/Value>",
            "<schema.org/currency>",
            "isa:<schema.org/MonetaryAmount>"
        ],
        "count": 366.0
    },
    {
        "pset": [
            "<schema.org/currency>",
            "<schema.org/maxValue>",
            "isa:<schema.org/MonetaryAmount>"
        ],
        "count": 354.0
    },
    {
        "pset": [
            "<schema.org/currency>",
            "<schema.org/maxvalue>",
            "<schema.org/minvalue>",
            "isa:<schema.org/MonetaryAmount>"
        ],
        "count": 322.0
    },
    {
        "pset": [
            "<schema.org/maxValue>",
            "<schema.org/minValue>",
            "<schema.org/unitText>",
            "isa:<schema.org/MonetaryAmount>"
        ],
        "count": 320.0
    },
    {
        "pset": [
            "<schema.org/maxValue>",
            "<schema.org/minValue>",
            "<schema.org/name>",
            "isa:<schema.org/MonetaryAmount>"
        ],
        "count": 313.0
    },
    {
        "pset": [
            "<schema.org/currency>",
            "<schema.org/description>",
            "<schema.org/value>",
            "isa:<schema.org/MonetaryAmount>"
        ],
        "count": 300.0
    },
    {
        "pset": [
            "<schema.org/currency>",
            "<schema.org/description>",
            "<schema.org/maxValue>",
            "<schema.org/minValue>",
            "<schema.org/name>",
            "<schema.org/url>",
            "<schema.org/value>",
            "isa:<schema.org/MonetaryAmount>"
        ],
        "count": 236.0
    },
    {
        "pset": [
            "<schema.org/currency>",
            "<schema.org/serviceArea>",
            "<schema.org/value>",
            "isa:<schema.org/MonetaryAmount>"
        ],
        "count": 236.0
    },
    {
        "pset": [
            "<schema.org/Currency>",
            "<schema.org/value>",
            "isa:<schema.org/MonetaryAmount>"
        ],
        "count": 221.0
    },
    {
        "pset": [
            "<schema.org/currency>",
            "<schema.org/maxValue>",
            "<schema.org/minValue>",
            "<schema.org/validThrough>",
            "isa:<schema.org/MonetaryAmount>"
        ],
        "count": 215.0
    },
    {
        "pset": [
            "<schema.org/currency>",
            "<schema.org/validFrom>",
            "isa:<schema.org/MonetaryAmount>"
        ],
        "count": 141.0
    },
    {
        "pset": [
            "<schema.org/currency>",
            "<schema.org/sameAs>",
            "<schema.org/value>",
            "isa:<schema.org/MonetaryAmount>"
        ],
        "count": 131.0
    },
    {
        "pset": [
            "<schema.org/currency>",
            "<schema.org/maxValue>",
            "<schema.org/minValue>",
            "<schema.org/name>",
            "<schema.org/validFrom>",
            "<schema.org/validThrough>",
            "<schema.org/value>",
            "isa:<schema.org/MonetaryAmount>"
        ],
        "count": 128.0
    },
    {
        "pset": [
            "<schema.org/currency>",
            "<schema.org/maxValue>",
            "<schema.org/minValue>",
            "<schema.org/validFrom>",
            "<schema.org/validThrough>",
            "<schema.org/value>",
            "isa:<schema.org/MonetaryAmount>"
        ],
        "count": 128.0
    },
    {
        "pset": [
            "<schema.org/unitCode>",
            "<schema.org/value>",
            "isa:<schema.org/MonetaryAmount>"
        ],
        "count": 123.0
    },
    {
        "pset": [
            "<schema.org/currency>",
            "<schema.org/maxValue>",
            "<schema.org/minValue>",
            "<schema.org/unitText>",
            "<schema.org/value>",
            "isa:<schema.org/MonetaryAmount>"
        ],
        "count": 119.0
    },
    {
        "pset": [
            "<schema.org/currency>",
            "<schema.org/salaryCurrency>",
            "<schema.org/url>",
            "<schema.org/value>",
            "isa:<schema.org/MonetaryAmount>"
        ],
        "count": 93.0
    },
    {
        "pset": [
            "<schema.org/currency>",
            "<schema.org/validThrough>",
            "isa:<schema.org/MonetaryAmount>"
        ],
        "count": 64.0
    },
    {
        "pset": [
            "<schema.org/currency>",
            "<schema.org/identifier>",
            "<schema.org/value>",
            "isa:<schema.org/MonetaryAmount>"
        ],
        "count": 50.0
    },
    {
        "pset": [
            "<schema.org/addressCountry>",
            "<schema.org/currency>",
            "<schema.org/postalCodeRange>",
            "<schema.org/value>",
            "isa:<schema.org/MonetaryAmount>"
        ],
        "count": 42.0
    },
    {
        "pset": [
            "<schema.org/currency>",
            "<schema.org/description>",
            "isa:<schema.org/MonetaryAmount>"
        ],
        "count": 40.0
    },
    {
        "pset": [
            "<schema.org/currency>",
            "<schema.org/maxValue>",
            "<schema.org/minValue>",
            "<schema.org/name>",
            "<schema.org/value>",
            "isa:<schema.org/MonetaryAmount>"
        ],
        "count": 39.0
    },
    {
        "pset": [
            "<schema.org/amount>",
            "<schema.org/currency>",
            "isa:<schema.org/MonetaryAmount>"
        ],
        "count": 37.0
    },
    {
        "pset": [
            "<schema.org/currency>",
            "<schema.org/duration>",
            "<schema.org/maxValue>",
            "<schema.org/median>",
            "<schema.org/minValue>",
            "<schema.org/name>",
            "isa:<schema.org/MonetaryAmount>"
        ],
        "count": 36.0
    },
    {
        "pset": [
            "<schema.org/currency>",
            "<schema.org/unitCode>",
            "<schema.org/value>",
            "isa:<schema.org/MonetaryAmount>"
        ],
        "count": 31.0
    },
    {
        "pset": [
            "<schema.org/maxValue>",
            "<schema.org/minValue>",
            "isa:<schema.org/MonetaryAmount>"
        ],
        "count": 23.0
    },
    {
        "pset": [
            "<schema.org/currency>",
            "<schema.org/maxValue>",
            "<schema.org/minValue>",
            "<schema.org/validFrom>",
            "<schema.org/validThrough>",
            "isa:<schema.org/MonetaryAmount>"
        ],
        "count": 22.0
    },
    {
        "pset": [
            "<schema.org/currency>",
            "<schema.org/minValue>",
            "<schema.org/unitText>",
            "isa:<schema.org/MonetaryAmount>"
        ],
        "count": 21.0
    },
    {
        "pset": [
            "<schema.org/Currency>",
            "<schema.org/Value>",
            "isa:<schema.org/MonetaryAmount>"
        ],
        "count": 20.0
    },
    {
        "pset": [
            "<schema.org/currency>",
            "<schema.org/maxValue>",
            "<schema.org/validThrough>",
            "isa:<schema.org/MonetaryAmount>"
        ],
        "count": 18.0
    },
    {
        "pset": [
            "<schema.org/baseSalary>",
            "<schema.org/currency>",
            "<schema.org/datePosted>",
            "<schema.org/description>",
            "<schema.org/employmentType>",
            "<schema.org/hiringOrganization>",
            "<schema.org/identifier>",
            "<schema.org/industry>",
            "<schema.org/jobLocation>",
            "<schema.org/salaryCurrency>",
            "<schema.org/title>",
            "<schema.org/validThrough>",
            "<schema.org/value>",
            "isa:<schema.org/MonetaryAmount>"
        ],
        "count": 13.0
    },
    {
        "pset": [
            "<schema.org/currency>",
            "<schema.org/minValue>",
            "<schema.org/validThrough>",
            "isa:<schema.org/MonetaryAmount>"
        ],
        "count": 13.0
    },
    {
        "pset": [
            "<schema.org/currency>",
            "<schema.org/maxvalue>",
            "<schema.org/minvalue>",
            "<schema.org/name>",
            "isa:<schema.org/MonetaryAmount>"
        ],
        "count": 12.0
    },
    {
        "pset": [
            "<schema.org/currency>",
            "<schema.org/description>",
            "<schema.org/maxvalue>",
            "<schema.org/minvalue>",
            "isa:<schema.org/MonetaryAmount>"
        ],
        "count": 11.0
    },
    {
        "pset": [
            "<schema.org/currency>",
            "<schema.org/url>",
            "<schema.org/value>",
            "isa:<schema.org/MonetaryAmount>"
        ],
        "count": 10.0
    },
    {
        "pset": [
            "<schema.org/currency>",
            "<schema.org/maxValue>",
            "<schema.org/unitText>",
            "isa:<schema.org/MonetaryAmount>"
        ],
        "count": 10.0
    },
    {
        "pset": [
            "<schema.org/currency>",
            "<schema.org/maxValue>",
            "<schema.org/name>",
            "<schema.org/value>",
            "isa:<schema.org/MonetaryAmount>"
        ],
        "count": 8.0
    },
    {
        "pset": [
            "<schema.org/currency>",
            "<schema.org/freeShippingThreshold>",
            "<schema.org/value>",
            "isa:<schema.org/MonetaryAmount>"
        ],
        "count": 7.0
    },
    {
        "pset": [
            "<schema.org/currencey>",
            "<schema.org/value>",
            "isa:<schema.org/MonetaryAmount>"
        ],
        "count": 7.0
    },
    {
        "pset": [
            "<schema.org/currency>",
            "<schema.org/maxAmount>",
            "<schema.org/minAmount>",
            "isa:<schema.org/MonetaryAmount>"
        ],
        "count": 6.0
    },
    {
        "pset": [
            "<schema.org/W\\u00E4hrung>",
            "<schema.org/maxValue>",
            "<schema.org/minWert>",
            "isa:<schema.org/MonetaryAmount>"
        ],
        "count": 6.0
    },
    {
        "pset": [
            "<schema.org/currency>",
            "<schema.org/description>",
            "<schema.org/maxValue>",
            "<schema.org/minValue>",
            "<schema.org/name>",
            "isa:<schema.org/MonetaryAmount>"
        ],
        "count": 6.0
    },
    {
        "pset": [
            "<schema.org/currency>",
            "<schema.org/maxValue>",
            "<schema.org/minValue>",
            "<schema.org/unittext>",
            "isa:<schema.org/MonetaryAmount>"
        ],
        "count": 6.0
    },
    {
        "pset": [
            "<schema.org/currency>",
            "<schema.org/minValue>",
            "<schema.org/value>",
            "isa:<schema.org/MonetaryAmount>"
        ],
        "count": 5.0
    },
    {
        "pset": [
            "<schema.org/currency>",
            "<schema.org/validThrough>",
            "<schema.org/value>",
            "isa:<schema.org/MonetaryAmount>"
        ],
        "count": 4.0
    },
    {
        "pset": [
            "<schema.org/currency>",
            "<schema.org/description>",
            "<schema.org/maxValue>",
            "<schema.org/minValue>",
            "<schema.org/url>",
            "isa:<schema.org/MonetaryAmount>"
        ],
        "count": 3.0
    },
    {
        "pset": [
            "<schema.org/currency>",
            "<schema.org/description>",
            "<schema.org/maxValue>",
            "<schema.org/minValue>",
            "isa:<schema.org/MonetaryAmount>"
        ],
        "count": 3.0
    },
    {
        "pset": [
            "<schema.org/minValue>",
            "isa:<schema.org/MonetaryAmount>"
        ],
        "count": 2.0
    },
    {
        "pset": [
            "<schema.org/currency>",
            "<schema.org/maxValue>",
            "<schema.org/unitText>",
            "<schema.org/value>",
            "isa:<schema.org/MonetaryAmount>"
        ],
        "count": 1.0
    },
    {
        "pset": [
            "<schema.org/minValue>",
            "<schema.org/unitText>",
            "isa:<schema.org/MonetaryAmount>"
        ],
        "count": 1.0
    },
    {
        "pset": [
            "<schema.org/currency>",
            "<schema.org/minValue>",
            "<schema.org/unitText>",
            "<schema.org/value>",
            "isa:<schema.org/MonetaryAmount>"
        ],
        "count": 1.0
    },
    {
        "pset": [
            "<schema.org/currency>",
            "<schema.org/description>",
            "<schema.org/minvalue>",
            "isa:<schema.org/MonetaryAmount>"
        ],
        "count": 1.0
    },
    {
        "pset": [
            "<schema.org/currency>",
            "<schema.org/minValue>",
            "<schema.org/name>",
            "<schema.org/value>",
            "isa:<schema.org/MonetaryAmount>"
        ],
        "count": 1.0
    },
    {
        "pset": [
            "<schema.org/currency>",
            "<schema.org/description>",
            "<schema.org/name>",
            "<schema.org/value>",
            "isa:<schema.org/MonetaryAmount>"
        ],
        "count": 1.0
    },
    {
        "pset": [
            "<schema.org/currency>",
            "<schema.org/minValue>",
            "<schema.org/provider>",
            "<schema.org/serviceType>",
            "isa:<schema.org/MonetaryAmount>"
        ],
        "count": 1.0
    },
    {
        "pset": [
            "<schema.org/currency>",
            "<schema.org/maxvalue>",
            "isa:<schema.org/MonetaryAmount>"
        ],
        "count": 1.0
    },
    {
        "pset": [
            "<schema.org/currency>",
            "<schema.org/description>",
            "<schema.org/minValue>",
            "isa:<schema.org/MonetaryAmount>"
        ],
        "count": 1.0
    }
]