[
    {
        "pset": [
            "<schema.org/distance>",
            "<schema.org/fromLocation>",
            "<schema.org/toLocation>",
            "isa:<schema.org/ExerciseAction>",
            "isa:<schema.org/MoveAction>"
        ],
        "count": 54310.0
    },
    {
        "pset": [
            "<schema.org/additionalType>",
            "<schema.org/agent>",
            "<schema.org/description>",
            "<schema.org/fromLocation>",
            "<schema.org/image>",
            "<schema.org/location>",
            "<schema.org/name>",
            "<schema.org/toLocation>",
            "<schema.org/url>",
            "isa:<schema.org/MoveAction>"
        ],
        "count": 4860.0
    },
    {
        "pset": [
            "<schema.org/distance>",
            "<schema.org/exerciseType>",
            "<schema.org/fromLocation>",
            "isa:<schema.org/ExerciseAction>",
            "isa:<schema.org/MoveAction>"
        ],
        "count": 323.0
    },
    {
        "pset": [
            "<schema.org/distance>",
            "isa:<schema.org/ExerciseAction>",
            "isa:<schema.org/MoveAction>"
        ],
        "count": 39.0
    },
    {
        "pset": [
            "<schema.org/fromLocation>",
            "<schema.org/toLocation>",
            "isa:<schema.org/MoveAction>"
        ],
        "count": 29.0
    },
    {
        "pset": [
            "<schema.org/agent>",
            "<schema.org/distance>",
            "<schema.org/exerciseType>",
            "<schema.org/fromLocation>",
            "<schema.org/toLocation>",
            "isa:<schema.org/ExerciseAction>",
            "isa:<schema.org/MoveAction>"
        ],
        "count": 28.0
    },
    {
        "pset": [
            "<schema.org/fromLocation>",
            "<schema.org/instrument>",
            "<schema.org/toLocation>",
            "isa:<schema.org/MoveAction>"
        ],
        "count": 5.0
    },
    {
        "pset": [
            "<schema.org/distance>",
            "<schema.org/fromLocation>",
            "isa:<schema.org/ExerciseAction>",
            "isa:<schema.org/MoveAction>"
        ],
        "count": 5.0
    },
    {
        "pset": [
            "<schema.org/additionalType>",
            "<schema.org/agent>",
            "<schema.org/description>",
            "<schema.org/image>",
            "<schema.org/location>",
            "<schema.org/url>",
            "isa:<schema.org/MoveAction>"
        ],
        "count": 3.0
    },
    {
        "pset": [
            "<schema.org/distance>",
            "<schema.org/toLocation>",
            "isa:<schema.org/ExerciseAction>",
            "isa:<schema.org/MoveAction>"
        ],
        "count": 1.0
    }
]