[
    {
        "pset": [
            "<schema.org/name>",
            "<schema.org/url>",
            "isa:<schema.org/OccupationalTherapy>",
            "isa:<schema.org/medicalSpecialty>"
        ],
        "count": 92.0
    },
    {
        "pset": [
            "isa:<schema.org/OccupationalTherapy>"
        ],
        "count": 12.0
    },
    {
        "pset": [
            "<schema.org/description>",
            "<schema.org/name>",
            "isa:<schema.org/OccupationalTherapy>"
        ],
        "count": 1.0
    },
    {
        "pset": [
            "<schema.org/additionalType>",
            "<schema.org/description>",
            "<schema.org/image>",
            "<schema.org/name>",
            "<schema.org/sameAs>",
            "<schema.org/url>",
            "isa:<schema.org/OccupationalTherapy>"
        ],
        "count": 1.0
    }
]