[
    {
        "pset": [
            "<schema.org/name>",
            "isa:<schema.org/Occupation>"
        ],
        "count": 25719.0
    },
    {
        "pset": [
            "<schema.org/description>",
            "<schema.org/estimatedSalary>",
            "<schema.org/mainEntityOfPage>",
            "<schema.org/name>",
            "<schema.org/occupationLocation>",
            "isa:<schema.org/Occupation>"
        ],
        "count": 17061.0
    },
    {
        "pset": [
            "<schema.org/description>",
            "<schema.org/educationRequirements>",
            "<schema.org/estimatedSalary>",
            "<schema.org/mainEntityOfPage>",
            "<schema.org/name>",
            "<schema.org/occupationLocation>",
            "isa:<schema.org/Occupation>"
        ],
        "count": 15052.0
    },
    {
        "pset": [
            "<schema.org/estimatedSalary>",
            "<schema.org/mainEntityOfPage>",
            "<schema.org/name>",
            "<schema.org/occupationLocation>",
            "isa:<schema.org/Occupation>"
        ],
        "count": 5781.0
    },
    {
        "pset": [
            "<schema.org/estimatedSalary>",
            "<schema.org/name>",
            "<schema.org/occupationLocation>",
            "isa:<schema.org/Occupation>"
        ],
        "count": 4457.0
    },
    {
        "pset": [
            "<schema.org/estimatedSalary>",
            "<schema.org/name>",
            "<schema.org/occupationLocation>",
            "<schema.org/occupationalCategory>",
            "isa:<schema.org/Occupation>"
        ],
        "count": 3920.0
    },
    {
        "pset": [
            "<schema.org/description>",
            "<schema.org/name>",
            "<schema.org/occupationLocation>",
            "isa:<schema.org/Occupation>"
        ],
        "count": 3406.0
    },
    {
        "pset": [
            "<schema.org/description>",
            "<schema.org/estimatedSalary>",
            "<schema.org/mainEntityOfPage>",
            "<schema.org/name>",
            "<schema.org/occupationLocation>",
            "<schema.org/responsibilities>",
            "isa:<schema.org/Occupation>"
        ],
        "count": 3225.0
    },
    {
        "pset": [
            "<schema.org/estimatedSalary>",
            "<schema.org/mainEntityOfPage>",
            "<schema.org/name>",
            "<schema.org/occupationLocation>",
            "<schema.org/sampleSize>",
            "isa:<schema.org/Occupation>"
        ],
        "count": 2683.0
    },
    {
        "pset": [
            "<schema.org/name>",
            "<schema.org/occupationLocation>",
            "isa:<schema.org/Occupation>"
        ],
        "count": 2237.0
    },
    {
        "pset": [
            "<schema.org/hiringOrganization>",
            "<schema.org/name>",
            "isa:<schema.org/Occupation>"
        ],
        "count": 1949.0
    },
    {
        "pset": [
            "<schema.org/educationRequirements>",
            "<schema.org/name>",
            "isa:<schema.org/Occupation>"
        ],
        "count": 1196.0
    },
    {
        "pset": [
            "<schema.org/description>",
            "<schema.org/educationRequirements>",
            "<schema.org/estimatedSalary>",
            "<schema.org/mainEntityOfPage>",
            "<schema.org/name>",
            "<schema.org/occupationLocation>",
            "<schema.org/qualifications>",
            "isa:<schema.org/Occupation>"
        ],
        "count": 857.0
    },
    {
        "pset": [
            "<schema.org/alternateName>",
            "<schema.org/description>",
            "<schema.org/educationRequirements>",
            "<schema.org/estimatedSalary>",
            "<schema.org/image>",
            "<schema.org/mainEntityOfPage>",
            "<schema.org/name>",
            "<schema.org/occupationLocation>",
            "<schema.org/qualifications>",
            "<schema.org/skills>",
            "isa:<schema.org/Occupation>"
        ],
        "count": 834.0
    },
    {
        "pset": [
            "<schema.org/description>",
            "<schema.org/estimatedSalary>",
            "<schema.org/industry>",
            "<schema.org/mainEntityOfPage>",
            "<schema.org/name>",
            "<schema.org/occupationLocation>",
            "<schema.org/sampleSize>",
            "isa:<schema.org/Occupation>"
        ],
        "count": 809.0
    },
    {
        "pset": [
            "<schema.org/estimatedSalary>",
            "<schema.org/name>",
            "<schema.org/occupationLocation>",
            "<schema.org/qualifications>",
            "isa:<schema.org/Occupation>"
        ],
        "count": 482.0
    },
    {
        "pset": [
            "<schema.org/description>",
            "<schema.org/estimatedSalary>",
            "<schema.org/experienceRequirements>",
            "<schema.org/mainEntityOfPage>",
            "<schema.org/name>",
            "<schema.org/occupationLocation>",
            "isa:<schema.org/Occupation>"
        ],
        "count": 446.0
    },
    {
        "pset": [
            "<schema.org/description>",
            "<schema.org/estimatedSalary>",
            "<schema.org/itemListElement>",
            "<schema.org/mainEntityOfPage>",
            "<schema.org/name>",
            "<schema.org/occupationLocation>",
            "<schema.org/url>",
            "isa:<schema.org/Occupation>"
        ],
        "count": 367.0
    },
    {
        "pset": [
            "isa:<schema.org/Occupation>"
        ],
        "count": 346.0
    },
    {
        "pset": [
            "<schema.org/description>",
            "<schema.org/educationRequirements>",
            "<schema.org/experienceRequirements>",
            "<schema.org/mainEntityOfPage>",
            "<schema.org/name>",
            "<schema.org/occupationLocation>",
            "<schema.org/occupationalCategory>",
            "<schema.org/qualifications>",
            "isa:<schema.org/Occupation>"
        ],
        "count": 311.0
    },
    {
        "pset": [
            "<schema.org/applicationContact>",
            "<schema.org/educationRequirements>",
            "<schema.org/employerOverview>",
            "<schema.org/incentiveCompensation>",
            "<schema.org/name>",
            "<schema.org/occupationLocation>",
            "isa:<schema.org/Occupation>"
        ],
        "count": 305.0
    },
    {
        "pset": [
            "<schema.org/name>",
            "<schema.org/url>",
            "isa:<schema.org/Occupation>"
        ],
        "count": 279.0
    },
    {
        "pset": [
            "<schema.org/description>",
            "<schema.org/estimatedSalary>",
            "<schema.org/name>",
            "<schema.org/occupationLocation>",
            "<schema.org/sampleSize>",
            "isa:<schema.org/Occupation>"
        ],
        "count": 256.0
    },
    {
        "pset": [
            "<schema.org/description>",
            "<schema.org/name>",
            "isa:<schema.org/Occupation>"
        ],
        "count": 251.0
    },
    {
        "pset": [
            "<schema.org/description>",
            "<schema.org/name>",
            "<schema.org/sameAs>",
            "<schema.org/skills>",
            "isa:<schema.org/Occupation>"
        ],
        "count": 241.0
    },
    {
        "pset": [
            "<schema.org/description>",
            "<schema.org/educationRequirements>",
            "<schema.org/estimatedSalary>",
            "<schema.org/experienceRequirements>",
            "<schema.org/mainEntityOfPage>",
            "<schema.org/name>",
            "<schema.org/occupationLocation>",
            "<schema.org/occupationalCategory>",
            "<schema.org/qualifications>",
            "<schema.org/responsibilities>",
            "<schema.org/skills>",
            "isa:<schema.org/Occupation>"
        ],
        "count": 232.0
    },
    {
        "pset": [
            "<schema.org/description>",
            "<schema.org/educationRequirements>",
            "<schema.org/estimatedSalary>",
            "<schema.org/image>",
            "<schema.org/mainEntityOfPage>",
            "<schema.org/name>",
            "<schema.org/occupationLocation>",
            "<schema.org/qualifications>",
            "<schema.org/skills>",
            "isa:<schema.org/Occupation>"
        ],
        "count": 230.0
    },
    {
        "pset": [
            "<schema.org/description>",
            "<schema.org/estimatedSalary>",
            "<schema.org/mainEntityOfPage>",
            "<schema.org/name>",
            "<schema.org/occupationLocation>",
            "<schema.org/skills>",
            "isa:<schema.org/Occupation>"
        ],
        "count": 200.0
    },
    {
        "pset": [
            "<schema.org/description>",
            "<schema.org/estimatedSalary>",
            "<schema.org/name>",
            "<schema.org/occupationLocation>",
            "isa:<schema.org/Occupation>"
        ],
        "count": 198.0
    },
    {
        "pset": [
            "<schema.org/description>",
            "<schema.org/educationRequirements>",
            "<schema.org/estimatedSalary>",
            "<schema.org/mainEntityOfPage>",
            "<schema.org/name>",
            "<schema.org/occupationLocation>",
            "<schema.org/occupationalCategory>",
            "isa:<schema.org/Occupation>"
        ],
        "count": 167.0
    },
    {
        "pset": [
            "<schema.org/educationRequirements>",
            "<schema.org/mainEntityOfPage>",
            "<schema.org/name>",
            "<schema.org/occupationLocation>",
            "isa:<schema.org/Occupation>"
        ],
        "count": 120.0
    },
    {
        "pset": [
            "<schema.org/description>",
            "<schema.org/estimatedSalary>",
            "<schema.org/mainEntityOfPage>",
            "<schema.org/name>",
            "<schema.org/occupationLocation>",
            "<schema.org/occupationalCategory>",
            "isa:<schema.org/Occupation>"
        ],
        "count": 101.0
    },
    {
        "pset": [
            "<schema.org/name>",
            "<schema.org/qualifications>",
            "isa:<schema.org/Occupation>"
        ],
        "count": 72.0
    },
    {
        "pset": [
            "<schema.org/name>",
            "<schema.org/occupationalCategory>",
            "isa:<schema.org/Occupation>"
        ],
        "count": 44.0
    },
    {
        "pset": [
            "<schema.org/description>",
            "<schema.org/estimatedSalary>",
            "<schema.org/experienceRequirements>",
            "<schema.org/mainEntityOfPage>",
            "<schema.org/name>",
            "<schema.org/occupationLocation>",
            "<schema.org/occupationalCategory>",
            "<schema.org/responsibilities>",
            "<schema.org/skills>",
            "isa:<schema.org/Occupation>"
        ],
        "count": 44.0
    },
    {
        "pset": [
            "<schema.org/description>",
            "<schema.org/estimatedSalary>",
            "<schema.org/mainEntityOfPage>",
            "<schema.org/name>",
            "<schema.org/occupationLocation>",
            "<schema.org/occupationalCategory>",
            "<schema.org/qualifications>",
            "<schema.org/responsibilities>",
            "<schema.org/skills>",
            "isa:<schema.org/Occupation>"
        ],
        "count": 43.0
    },
    {
        "pset": [
            "<schema.org/name>",
            "<schema.org/subjectOf>",
            "<schema.org/url>",
            "isa:<schema.org/Occupation>"
        ],
        "count": 41.0
    },
    {
        "pset": [
            "<schema.org/description>",
            "<schema.org/estimatedSalary>",
            "<schema.org/industry>",
            "<schema.org/mainEntityOfPage>",
            "<schema.org/name>",
            "<schema.org/sampleSize>",
            "isa:<schema.org/Occupation>"
        ],
        "count": 39.0
    },
    {
        "pset": [
            "<schema.org/educationRequirements>",
            "<schema.org/estimatedSalary>",
            "<schema.org/name>",
            "<schema.org/occupationLocation>",
            "<schema.org/occupationalCategory>",
            "<schema.org/qualifications>",
            "<schema.org/responsibilities>",
            "<schema.org/skills>",
            "isa:<schema.org/Occupation>"
        ],
        "count": 35.0
    },
    {
        "pset": [
            "<schema.org/alternateName>",
            "<schema.org/description>",
            "<schema.org/educationRequirements>",
            "<schema.org/estimatedSalary>",
            "<schema.org/experienceRequirements>",
            "<schema.org/mainEntityOfPage>",
            "<schema.org/name>",
            "<schema.org/occupationLocation>",
            "<schema.org/occupationalCategory>",
            "<schema.org/qualifications>",
            "<schema.org/responsibilities>",
            "<schema.org/skills>",
            "isa:<schema.org/Occupation>"
        ],
        "count": 34.0
    },
    {
        "pset": [
            "<schema.org/url>",
            "isa:<schema.org/Occupation>"
        ],
        "count": 34.0
    },
    {
        "pset": [
            "<schema.org/estimatedSalary>",
            "<schema.org/industry>",
            "<schema.org/mainEntityOfPage>",
            "<schema.org/name>",
            "<schema.org/occupationLocation>",
            "<schema.org/sampleSize>",
            "isa:<schema.org/Occupation>"
        ],
        "count": 32.0
    },
    {
        "pset": [
            "<schema.org/Description>",
            "<schema.org/educationRequirements>",
            "<schema.org/estimatedSalary>",
            "<schema.org/image>",
            "<schema.org/name>",
            "<schema.org/occupationLocation>",
            "<schema.org/url>",
            "isa:<schema.org/Occupation>"
        ],
        "count": 31.0
    },
    {
        "pset": [
            "<schema.org/alternateName>",
            "<schema.org/name>",
            "<schema.org/responsibilities>",
            "isa:<schema.org/Occupation>"
        ],
        "count": 28.0
    },
    {
        "pset": [
            "<schema.org/alternateName>",
            "<schema.org/description>",
            "<schema.org/estimatedSalary>",
            "<schema.org/mainEntityOfPage>",
            "<schema.org/name>",
            "<schema.org/occupationLocation>",
            "isa:<schema.org/Occupation>"
        ],
        "count": 23.0
    },
    {
        "pset": [
            "<schema.org/alternateName>",
            "<schema.org/description>",
            "<schema.org/educationRequirements>",
            "<schema.org/estimatedSalary>",
            "<schema.org/mainEntityOfPage>",
            "<schema.org/name>",
            "<schema.org/occupationLocation>",
            "<schema.org/qualifications>",
            "<schema.org/url>",
            "isa:<schema.org/Occupation>"
        ],
        "count": 18.0
    },
    {
        "pset": [
            "<schema.org/estimatedSalary>",
            "<schema.org/name>",
            "<schema.org/occupationLocation>",
            "<schema.org/qualifications>",
            "<schema.org/responsibilities>",
            "isa:<schema.org/Occupation>"
        ],
        "count": 17.0
    },
    {
        "pset": [
            "<schema.org/educationRequirements>",
            "<schema.org/name>",
            "<schema.org/sameAs>",
            "isa:<schema.org/Occupation>"
        ],
        "count": 15.0
    },
    {
        "pset": [
            "<schema.org/experienceRequirements>",
            "<schema.org/name>",
            "isa:<schema.org/Occupation>"
        ],
        "count": 14.0
    },
    {
        "pset": [
            "<schema.org/description>",
            "<schema.org/estimatedSalary>",
            "<schema.org/jobBenefits>",
            "<schema.org/name>",
            "<schema.org/occupationLocation>",
            "<schema.org/sampleSize>",
            "isa:<schema.org/Occupation>"
        ],
        "count": 13.0
    },
    {
        "pset": [
            "<schema.org/name>",
            "<schema.org/occupationLocation>",
            "<schema.org/occupationalCategory>",
            "<schema.org/sameAs>",
            "isa:<schema.org/Occupation>"
        ],
        "count": 11.0
    },
    {
        "pset": [
            "<schema.org/description>",
            "<schema.org/educationRequirements>",
            "<schema.org/name>",
            "isa:<schema.org/Occupation>"
        ],
        "count": 10.0
    },
    {
        "pset": [
            "<schema.org/description>",
            "<schema.org/estimatedSalary>",
            "<schema.org/mainEntityOfPage>",
            "<schema.org/name>",
            "isa:<schema.org/Occupation>"
        ],
        "count": 9.0
    },
    {
        "pset": [
            "<schema.org/description>",
            "<schema.org/image>",
            "<schema.org/name>",
            "<schema.org/skills>",
            "isa:<schema.org/Occupation>"
        ],
        "count": 9.0
    },
    {
        "pset": [
            "<schema.org/educationRequirements>",
            "<schema.org/estimatedSalary>",
            "<schema.org/name>",
            "<schema.org/occupationLocation>",
            "<schema.org/qualifications>",
            "<schema.org/responsibilities>",
            "<schema.org/sameAs>",
            "<schema.org/skills>",
            "isa:<schema.org/Occupation>"
        ],
        "count": 9.0
    },
    {
        "pset": [
            "<schema.org/description>",
            "<schema.org/educationRequirements>",
            "<schema.org/estimatedSalary>",
            "<schema.org/experienceRequirements>",
            "<schema.org/name>",
            "<schema.org/occupationLocation>",
            "<schema.org/occupationalCategory>",
            "<schema.org/qualifications>",
            "<schema.org/responsibilities>",
            "<schema.org/skills>",
            "isa:<schema.org/Occupation>"
        ],
        "count": 8.0
    },
    {
        "pset": [
            "<schema.org/description>",
            "isa:<schema.org/Occupation>"
        ],
        "count": 8.0
    },
    {
        "pset": [
            "<schema.org/estimatedSalary>",
            "<schema.org/occupationLocation>",
            "isa:<schema.org/Occupation>"
        ],
        "count": 8.0
    },
    {
        "pset": [
            "<schema.org/name>",
            "<schema.org/skills>",
            "isa:<schema.org/Occupation>"
        ],
        "count": 4.0
    },
    {
        "pset": [
            "<schema.org/name>",
            "<schema.org/occupationalCategory>",
            "<schema.org/skills>",
            "isa:<schema.org/Occupation>"
        ],
        "count": 4.0
    },
    {
        "pset": [
            "<schema.org/department>",
            "<schema.org/description>",
            "<schema.org/estimatedSalary>",
            "<schema.org/experienceRequirements>",
            "<schema.org/mainEntityOfPage>",
            "<schema.org/name>",
            "<schema.org/occupationLocation>",
            "<schema.org/occupationalCategory>",
            "<schema.org/skills>",
            "<schema.org/url>",
            "isa:<schema.org/Occupation>"
        ],
        "count": 4.0
    },
    {
        "pset": [
            "<schema.org/description>",
            "<schema.org/mainEntityOfPage>",
            "<schema.org/name>",
            "<schema.org/occupationLocation>",
            "isa:<schema.org/Occupation>"
        ],
        "count": 4.0
    },
    {
        "pset": [
            "<schema.org/description>",
            "<schema.org/estimatedSalary>",
            "<schema.org/experienceRequirements>",
            "<schema.org/mainEntityOfPage>",
            "<schema.org/name>",
            "<schema.org/occupationLocation>",
            "<schema.org/occupationalCategory>",
            "<schema.org/skills>",
            "<schema.org/url>",
            "isa:<schema.org/Occupation>"
        ],
        "count": 4.0
    },
    {
        "pset": [
            "<schema.org/estimatedSalary>",
            "<schema.org/mainEntityOfPage>",
            "<schema.org/name>",
            "<schema.org/sampleSize>",
            "isa:<schema.org/Occupation>"
        ],
        "count": 3.0
    },
    {
        "pset": [
            "<schema.org/estimatedSalary>",
            "<schema.org/itemListElement>",
            "<schema.org/mainEntityOfPage>",
            "<schema.org/name>",
            "<schema.org/occupationLocation>",
            "<schema.org/url>",
            "isa:<schema.org/Occupation>"
        ],
        "count": 3.0
    },
    {
        "pset": [
            "<schema.org/additionalType>",
            "<schema.org/name>",
            "<schema.org/occupationLocation>",
            "<schema.org/sameAs>",
            "isa:<schema.org/Occupation>"
        ],
        "count": 2.0
    },
    {
        "pset": [
            "<schema.org/estimatedSalary>",
            "<schema.org/hasPart>",
            "<schema.org/mainEntityOfPage>",
            "<schema.org/name>",
            "<schema.org/occupationLocation>",
            "<schema.org/skills>",
            "isa:<schema.org/Occupation>"
        ],
        "count": 2.0
    },
    {
        "pset": [
            "<schema.org/alternateName>",
            "<schema.org/description>",
            "<schema.org/educationRequirements>",
            "<schema.org/mainEntityOfPage>",
            "<schema.org/name>",
            "<schema.org/occupationLocation>",
            "<schema.org/occupationalCategory>",
            "<schema.org/sameAs>",
            "isa:<schema.org/Occupation>"
        ],
        "count": 2.0
    },
    {
        "pset": [
            "<schema.org/estimatedSalary>",
            "<schema.org/industry>",
            "<schema.org/mainEntityOfPage>",
            "<schema.org/name>",
            "<schema.org/sampleSize>",
            "isa:<schema.org/Occupation>"
        ],
        "count": 2.0
    },
    {
        "pset": [
            "<schema.org/additionalType>",
            "<schema.org/alternateName>",
            "<schema.org/name>",
            "<schema.org/occupationLocation>",
            "<schema.org/sameAs>",
            "isa:<schema.org/Occupation>"
        ],
        "count": 2.0
    },
    {
        "pset": [
            "<schema.org/educationRequirements>",
            "<schema.org/name>",
            "<schema.org/qualifications>",
            "<schema.org/responsibilities>",
            "<schema.org/skills>",
            "isa:<schema.org/Occupation>"
        ],
        "count": 2.0
    },
    {
        "pset": [
            "<schema.org/description>",
            "<schema.org/estimatedSalary>",
            "<schema.org/hasPart>",
            "<schema.org/mainEntityOfPage>",
            "<schema.org/name>",
            "<schema.org/occupationLocation>",
            "<schema.org/skills>",
            "isa:<schema.org/Occupation>"
        ],
        "count": 2.0
    },
    {
        "pset": [
            "<schema.org/description>",
            "<schema.org/educationRequirements>",
            "<schema.org/estimatedSalary>",
            "<schema.org/name>",
            "<schema.org/occupationLocation>",
            "<schema.org/video>",
            "isa:<schema.org/Occupation>"
        ],
        "count": 1.0
    },
    {
        "pset": [
            "<schema.org/educationRequirements>",
            "<schema.org/name>",
            "<schema.org/occupationalCategory>",
            "isa:<schema.org/Occupation>"
        ],
        "count": 1.0
    },
    {
        "pset": [
            "<schema.org/estimatedSalary>",
            "<schema.org/name>",
            "<schema.org/occupationLocation>",
            "<schema.org/occupationalCategory>",
            "<schema.org/skills>",
            "isa:<schema.org/Occupation>"
        ],
        "count": 1.0
    },
    {
        "pset": [
            "<schema.org/educationRequirements>",
            "<schema.org/name>",
            "<schema.org/occupationLocation>",
            "isa:<schema.org/Occupation>"
        ],
        "count": 1.0
    },
    {
        "pset": [
            "<schema.org/description>",
            "<schema.org/estimatedSalary>",
            "<schema.org/mainEntityOfPage>",
            "<schema.org/name>",
            "<schema.org/occupationLocation>",
            "<schema.org/occupationalCategory>",
            "<schema.org/skills>",
            "isa:<schema.org/Occupation>"
        ],
        "count": 1.0
    },
    {
        "pset": [
            "<schema.org/description>",
            "<schema.org/estimatedSalary>",
            "<schema.org/jobBenefits>",
            "<schema.org/mainEntityOfPage>",
            "<schema.org/name>",
            "<schema.org/occupationLocation>",
            "<schema.org/sampleSize>",
            "isa:<schema.org/Occupation>"
        ],
        "count": 1.0
    },
    {
        "pset": [
            "<schema.org/description>",
            "<schema.org/estimatedSalary>",
            "<schema.org/name>",
            "<schema.org/occupationLocation>",
            "<schema.org/skills>",
            "isa:<schema.org/Occupation>"
        ],
        "count": 1.0
    },
    {
        "pset": [
            "<schema.org/department>",
            "<schema.org/description>",
            "<schema.org/estimatedSalary>",
            "<schema.org/experienceRequirements>",
            "<schema.org/mainEntityOfPage>",
            "<schema.org/name>",
            "<schema.org/occupationLocation>",
            "<schema.org/occupationalCategory>",
            "<schema.org/url>",
            "isa:<schema.org/Occupation>"
        ],
        "count": 1.0
    },
    {
        "pset": [
            "<schema.org/estimatedSalary>",
            "<schema.org/name>",
            "<schema.org/occupationLocation>",
            "<schema.org/responsibilities>",
            "isa:<schema.org/Occupation>"
        ],
        "count": 1.0
    },
    {
        "pset": [
            "<schema.org/description>",
            "<schema.org/mainEntityOfPage>",
            "<schema.org/name>",
            "<schema.org/occupationLocation>",
            "<schema.org/sameAs>",
            "isa:<schema.org/Occupation>"
        ],
        "count": 1.0
    },
    {
        "pset": [
            "<schema.org/alternateName>",
            "<schema.org/educationRequirements>",
            "<schema.org/estimatedSalary>",
            "<schema.org/image>",
            "<schema.org/mainEntityOfPage>",
            "<schema.org/name>",
            "<schema.org/occupationLocation>",
            "<schema.org/qualifications>",
            "isa:<schema.org/Occupation>"
        ],
        "count": 1.0
    },
    {
        "pset": [
            "<schema.org/alternateName>",
            "<schema.org/name>",
            "<schema.org/occupationLocation>",
            "<schema.org/qualifications>",
            "<schema.org/responsibilities>",
            "isa:<schema.org/Occupation>"
        ],
        "count": 1.0
    },
    {
        "pset": [
            "<schema.org/description>",
            "<schema.org/educationRequirements>",
            "<schema.org/estimatedSalary>",
            "<schema.org/mainEntityOfPage>",
            "<schema.org/name>",
            "<schema.org/occupationLocation>",
            "<schema.org/occupationalCategory>",
            "<schema.org/qualifications>",
            "<schema.org/responsibilities>",
            "<schema.org/skills>",
            "isa:<schema.org/Occupation>"
        ],
        "count": 1.0
    },
    {
        "pset": [
            "<schema.org/description>",
            "<schema.org/educationRequirements>",
            "<schema.org/estimatedSalary>",
            "<schema.org/name>",
            "<schema.org/occupationLocation>",
            "<schema.org/qualifications>",
            "<schema.org/responsibilities>",
            "<schema.org/skills>",
            "isa:<schema.org/Occupation>"
        ],
        "count": 1.0
    },
    {
        "pset": [
            "<schema.org/name>",
            "<schema.org/sameAs>",
            "<schema.org/skills>",
            "isa:<schema.org/Occupation>"
        ],
        "count": 1.0
    },
    {
        "pset": [
            "<schema.org/description>",
            "<schema.org/estimatedSalary>",
            "<schema.org/name>",
            "<schema.org/occupationLocation>",
            "<schema.org/occupationalCategory>",
            "<schema.org/qualifications>",
            "<schema.org/responsibilities>",
            "<schema.org/skills>",
            "isa:<schema.org/Occupation>"
        ],
        "count": 1.0
    },
    {
        "pset": [
            "<schema.org/description>",
            "<schema.org/estimatedSalary>",
            "<schema.org/mainEntityOfPage>",
            "<schema.org/name>",
            "<schema.org/occupationLocation>",
            "<schema.org/sampleSize>",
            "<schema.org/yearsExperienceMin>",
            "isa:<schema.org/Occupation>"
        ],
        "count": 1.0
    },
    {
        "pset": [
            "<schema.org/name>",
            "<schema.org/sameAs>",
            "isa:<schema.org/Occupation>"
        ],
        "count": 1.0
    },
    {
        "pset": [
            "<schema.org/description>",
            "<schema.org/educationRequirements>",
            "<schema.org/estimatedSalary>",
            "<schema.org/name>",
            "<schema.org/occupationLocation>",
            "<schema.org/occupationalCategory>",
            "<schema.org/qualifications>",
            "<schema.org/responsibilities>",
            "<schema.org/skills>",
            "isa:<schema.org/Occupation>"
        ],
        "count": 1.0
    },
    {
        "pset": [
            "<schema.org/description>",
            "<schema.org/estimatedSalary>",
            "<schema.org/name>",
            "isa:<schema.org/Occupation>"
        ],
        "count": 1.0
    },
    {
        "pset": [
            "<schema.org/additionalType>",
            "<schema.org/alternateName>",
            "<schema.org/educationRequirements>",
            "<schema.org/name>",
            "<schema.org/sameAs>",
            "isa:<schema.org/Occupation>"
        ],
        "count": 1.0
    },
    {
        "pset": [
            "<schema.org/educationRequirements>",
            "<schema.org/estimatedSalary>",
            "<schema.org/name>",
            "<schema.org/occupationLocation>",
            "isa:<schema.org/Occupation>"
        ],
        "count": 1.0
    },
    {
        "pset": [
            "<schema.org/alternateName>",
            "<schema.org/description>",
            "<schema.org/estimatedSalary>",
            "<schema.org/name>",
            "<schema.org/occupationLocation>",
            "<schema.org/responsibilities>",
            "<schema.org/skills>",
            "isa:<schema.org/Occupation>"
        ],
        "count": 1.0
    },
    {
        "pset": [
            "<schema.org/estimatedSalary>",
            "<schema.org/industry>",
            "<schema.org/mainEntityOfPage>",
            "<schema.org/name>",
            "<schema.org/occupationLocation>",
            "<schema.org/occupationalCategory>",
            "<schema.org/sampleSize>",
            "isa:<schema.org/Occupation>"
        ],
        "count": 1.0
    },
    {
        "pset": [
            "<schema.org/additionalType>",
            "<schema.org/alternateName>",
            "<schema.org/name>",
            "<schema.org/sameAs>",
            "isa:<schema.org/Occupation>"
        ],
        "count": 1.0
    },
    {
        "pset": [
            "<schema.org/estimatedSalary>",
            "<schema.org/name>",
            "<schema.org/occupationLocation>",
            "<schema.org/qualifications>",
            "<schema.org/responsibilities>",
            "<schema.org/skills>",
            "<schema.org/url>",
            "isa:<schema.org/Occupation>"
        ],
        "count": 1.0
    },
    {
        "pset": [
            "<schema.org/description>",
            "<schema.org/name>",
            "<schema.org/occupationalCategory>",
            "<schema.org/sameAs>",
            "isa:<schema.org/Occupation>"
        ],
        "count": 1.0
    },
    {
        "pset": [
            "<schema.org/alternateName>",
            "<schema.org/name>",
            "isa:<schema.org/Occupation>"
        ],
        "count": 1.0
    }
]