[
    {
        "pset": [
            "<schema.org/monthsOfExperience>",
            "isa:<schema.org/OccupationalExperienceRequirements>"
        ],
        "count": 99442.0
    },
    {
        "pset": [
            "<schema.org/description>",
            "isa:<schema.org/OccupationalExperienceRequirements>"
        ],
        "count": 1222.0
    },
    {
        "pset": [
            "<schema.org/description>",
            "<schema.org/name>",
            "isa:<schema.org/OccupationalExperienceRequirements>"
        ],
        "count": 1160.0
    },
    {
        "pset": [
            "<schema.org/MonthsOfExperience>",
            "isa:<schema.org/OccupationalExperienceRequirements>"
        ],
        "count": 1068.0
    },
    {
        "pset": [
            "<schema.org/description>",
            "<schema.org/monthsOfExperience>",
            "isa:<schema.org/OccupationalExperienceRequirements>"
        ],
        "count": 316.0
    },
    {
        "pset": [
            "<schema.org/monthsofExperience>",
            "isa:<schema.org/OccupationalExperienceRequirements>"
        ],
        "count": 274.0
    },
    {
        "pset": [
            "<schema.org/monthsOfExperience>",
            "<schema.org/name>",
            "isa:<schema.org/OccupationalExperienceRequirements>"
        ],
        "count": 195.0
    },
    {
        "pset": [
            "isa:<schema.org/OccupationalExperienceRequirements>"
        ],
        "count": 38.0
    },
    {
        "pset": [
            "<schema.org/description>",
            "<schema.org/monthsofexperience>",
            "isa:<schema.org/OccupationalExperienceRequirements>"
        ],
        "count": 20.0
    },
    {
        "pset": [
            "<schema.org/Requirements>",
            "isa:<schema.org/OccupationalExperienceRequirements>"
        ],
        "count": 2.0
    },
    {
        "pset": [
            "<schema.org/value>",
            "isa:<schema.org/OccupationalExperienceRequirements>"
        ],
        "count": 2.0
    },
    {
        "pset": [
            "<schema.org/yearsOfExperience>",
            "isa:<schema.org/OccupationalExperienceRequirements>"
        ],
        "count": 2.0
    },
    {
        "pset": [
            "<schema.org/monthsOfExperience>",
            "<schema.org/qualifications>",
            "isa:<schema.org/OccupationalExperienceRequirements>"
        ],
        "count": 1.0
    }
]