[
    {
        "pset": [
            "<schema.org/datePublished>",
            "<schema.org/description>",
            "<schema.org/eventAttendanceMode>",
            "<schema.org/location>",
            "<schema.org/name>",
            "<schema.org/url>",
            "isa:<schema.org/OnDemandEvent>",
            "isa:<schema.org/PodcastEpisode>"
        ],
        "count": 138640.0
    },
    {
        "pset": [
            "<schema.org/associatedMedia>",
            "<schema.org/datePublished>",
            "<schema.org/description>",
            "<schema.org/eventAttendanceMode>",
            "<schema.org/location>",
            "<schema.org/name>",
            "<schema.org/partOfSeries>",
            "<schema.org/url>",
            "isa:<schema.org/OnDemandEvent>",
            "isa:<schema.org/PodcastEpisode>"
        ],
        "count": 30024.0
    },
    {
        "pset": [
            "<schema.org/startDate>",
            "isa:<schema.org/OnDemandEvent>"
        ],
        "count": 28316.0
    },
    {
        "pset": [
            "<schema.org/associatedMedia>",
            "<schema.org/datePublished>",
            "<schema.org/description>",
            "<schema.org/eventAttendanceMode>",
            "<schema.org/location>",
            "<schema.org/name>",
            "<schema.org/url>",
            "isa:<schema.org/OnDemandEvent>",
            "isa:<schema.org/PodcastEpisode>"
        ],
        "count": 20544.0
    },
    {
        "pset": [
            "<schema.org/associatedMedia>",
            "<schema.org/datePublished>",
            "<schema.org/description>",
            "<schema.org/duration>",
            "<schema.org/eventAttendanceMode>",
            "<schema.org/location>",
            "<schema.org/name>",
            "<schema.org/partOfSeries>",
            "<schema.org/url>",
            "isa:<schema.org/OnDemandEvent>",
            "isa:<schema.org/PodcastEpisode>"
        ],
        "count": 8916.0
    },
    {
        "pset": [
            "<schema.org/duration>",
            "<schema.org/url>",
            "isa:<schema.org/OnDemandEvent>"
        ],
        "count": 8367.0
    },
    {
        "pset": [
            "<schema.org/datePublished>",
            "<schema.org/eventAttendanceMode>",
            "<schema.org/location>",
            "<schema.org/name>",
            "<schema.org/url>",
            "isa:<schema.org/OnDemandEvent>",
            "isa:<schema.org/PodcastEpisode>"
        ],
        "count": 6081.0
    },
    {
        "pset": [
            "<schema.org/associatedMedia>",
            "<schema.org/datePublished>",
            "<schema.org/description>",
            "<schema.org/duration>",
            "<schema.org/eventAttendanceMode>",
            "<schema.org/location>",
            "<schema.org/name>",
            "<schema.org/url>",
            "isa:<schema.org/OnDemandEvent>",
            "isa:<schema.org/PodcastEpisode>"
        ],
        "count": 5966.0
    },
    {
        "pset": [
            "<schema.org/publishedOn>",
            "<schema.org/startDate>",
            "<schema.org/url>",
            "isa:<schema.org/OnDemandEvent>"
        ],
        "count": 3626.0
    },
    {
        "pset": [
            "<schema.org/associatedMedia>",
            "<schema.org/datePublished>",
            "<schema.org/eventAttendanceMode>",
            "<schema.org/location>",
            "<schema.org/name>",
            "<schema.org/partOfSeries>",
            "<schema.org/url>",
            "isa:<schema.org/OnDemandEvent>",
            "isa:<schema.org/PodcastEpisode>"
        ],
        "count": 3494.0
    },
    {
        "pset": [
            "<schema.org/publishedOn>",
            "<schema.org/startDate>",
            "isa:<schema.org/OnDemandEvent>"
        ],
        "count": 2418.0
    },
    {
        "pset": [
            "<schema.org/associatedMedia>",
            "<schema.org/datePublished>",
            "<schema.org/eventAttendanceMode>",
            "<schema.org/location>",
            "<schema.org/name>",
            "<schema.org/url>",
            "isa:<schema.org/OnDemandEvent>",
            "isa:<schema.org/PodcastEpisode>"
        ],
        "count": 2372.0
    },
    {
        "pset": [
            "<schema.org/datePublished>",
            "<schema.org/description>",
            "<schema.org/eventAttendanceMode>",
            "<schema.org/location>",
            "<schema.org/name>",
            "<schema.org/partOfSeries>",
            "<schema.org/url>",
            "isa:<schema.org/OnDemandEvent>",
            "isa:<schema.org/PodcastEpisode>"
        ],
        "count": 2339.0
    },
    {
        "pset": [
            "<schema.org/publishedOn>",
            "isa:<schema.org/OnDemandEvent>"
        ],
        "count": 1049.0
    },
    {
        "pset": [
            "<schema.org/duration>",
            "<schema.org/startDate>",
            "isa:<schema.org/OnDemandEvent>"
        ],
        "count": 803.0
    },
    {
        "pset": [
            "<schema.org/associatedMedia>",
            "<schema.org/datePublished>",
            "<schema.org/duration>",
            "<schema.org/eventAttendanceMode>",
            "<schema.org/location>",
            "<schema.org/name>",
            "<schema.org/partOfSeries>",
            "<schema.org/url>",
            "isa:<schema.org/OnDemandEvent>",
            "isa:<schema.org/PodcastEpisode>"
        ],
        "count": 788.0
    },
    {
        "pset": [
            "<schema.org/description>",
            "<schema.org/endDate>",
            "<schema.org/eventStatus>",
            "<schema.org/location>",
            "<schema.org/name>",
            "<schema.org/organizer>",
            "<schema.org/performer>",
            "<schema.org/startDate>",
            "<schema.org/thumbnailUrl>",
            "<schema.org/uploadDate>",
            "<schema.org/url>",
            "isa:<schema.org/OnDemandEvent>"
        ],
        "count": 665.0
    },
    {
        "pset": [
            "<schema.org/about>",
            "<schema.org/aggregateRating>",
            "<schema.org/author>",
            "<schema.org/coverageEndTime>",
            "<schema.org/coverageStartTime>",
            "<schema.org/dateModified>",
            "<schema.org/datePublished>",
            "<schema.org/description>",
            "<schema.org/headline>",
            "<schema.org/name>",
            "<schema.org/review>",
            "isa:<schema.org/LiveBlogPosting>",
            "isa:<schema.org/OnDemandEvent>"
        ],
        "count": 320.0
    },
    {
        "pset": [
            "<schema.org/associatedMedia>",
            "<schema.org/datePublished>",
            "<schema.org/duration>",
            "<schema.org/eventAttendanceMode>",
            "<schema.org/location>",
            "<schema.org/name>",
            "<schema.org/url>",
            "isa:<schema.org/OnDemandEvent>",
            "isa:<schema.org/PodcastEpisode>"
        ],
        "count": 306.0
    },
    {
        "pset": [
            "<schema.org/datePublished>",
            "<schema.org/eventAttendanceMode>",
            "<schema.org/location>",
            "<schema.org/name>",
            "<schema.org/partOfSeries>",
            "<schema.org/url>",
            "isa:<schema.org/OnDemandEvent>",
            "isa:<schema.org/PodcastEpisode>"
        ],
        "count": 227.0
    },
    {
        "pset": [
            "<schema.org/audience>",
            "<schema.org/description>",
            "<schema.org/image>",
            "<schema.org/inLanguage>",
            "<schema.org/isAccessibleForFree>",
            "<schema.org/performer>",
            "<schema.org/publishedBy>",
            "<schema.org/url>",
            "isa:<schema.org/OnDemandEvent>"
        ],
        "count": 223.0
    },
    {
        "pset": [
            "<schema.org/image>",
            "<schema.org/inLanguage>",
            "<schema.org/mainEntityOfPage>",
            "isa:<schema.org/OnDemandEvent>"
        ],
        "count": 121.0
    },
    {
        "pset": [
            "<schema.org/datePublished>",
            "<schema.org/description>",
            "<schema.org/duration>",
            "<schema.org/eventAttendanceMode>",
            "<schema.org/location>",
            "<schema.org/name>",
            "<schema.org/url>",
            "isa:<schema.org/OnDemandEvent>",
            "isa:<schema.org/PodcastEpisode>"
        ],
        "count": 108.0
    },
    {
        "pset": [
            "<schema.org/description>",
            "<schema.org/image>",
            "<schema.org/inLanguage>",
            "<schema.org/isAccessibleForFree>",
            "<schema.org/mainEntityOfPage>",
            "<schema.org/name>",
            "<schema.org/publishedBy>",
            "<schema.org/recordedIn>",
            "isa:<schema.org/OnDemandEvent>"
        ],
        "count": 104.0
    },
    {
        "pset": [
            "<schema.org/description>",
            "<schema.org/image>",
            "<schema.org/name>",
            "<schema.org/potentialAction>",
            "<schema.org/url>",
            "isa:<schema.org/OnDemandEvent>"
        ],
        "count": 96.0
    },
    {
        "pset": [
            "<schema.org/containsSeason>",
            "<schema.org/publishedBy>",
            "isa:<schema.org/OnDemandEvent>"
        ],
        "count": 64.0
    },
    {
        "pset": [
            "isa:<schema.org/OnDemandEvent>"
        ],
        "count": 61.0
    },
    {
        "pset": [
            "<schema.org/about>",
            "<schema.org/aggregateRating>",
            "<schema.org/author>",
            "<schema.org/coverageEndTime>",
            "<schema.org/coverageStartTime>",
            "<schema.org/dateModified>",
            "<schema.org/datePublished>",
            "<schema.org/description>",
            "<schema.org/headline>",
            "<schema.org/liveBlogUpdate>",
            "<schema.org/name>",
            "<schema.org/review>",
            "isa:<schema.org/LiveBlogPosting>",
            "isa:<schema.org/OnDemandEvent>"
        ],
        "count": 57.0
    },
    {
        "pset": [
            "<schema.org/description>",
            "<schema.org/duration>",
            "<schema.org/endDate>",
            "<schema.org/image>",
            "<schema.org/name>",
            "<schema.org/performer>",
            "<schema.org/startDate>",
            "<schema.org/url>",
            "isa:<schema.org/OnDemandEvent>"
        ],
        "count": 55.0
    },
    {
        "pset": [
            "<schema.org/isAccessibleForFree>",
            "<schema.org/location>",
            "<schema.org/publishedBy>",
            "<schema.org/publishedOn>",
            "<schema.org/startDate>",
            "isa:<schema.org/OnDemandEvent>"
        ],
        "count": 46.0
    },
    {
        "pset": [
            "<schema.org/description>",
            "<schema.org/endDate>",
            "<schema.org/image>",
            "<schema.org/name>",
            "<schema.org/startDate>",
            "<schema.org/url>",
            "isa:<schema.org/OnDemandEvent>"
        ],
        "count": 35.0
    },
    {
        "pset": [
            "<schema.org/audio>",
            "<schema.org/datePublished>",
            "<schema.org/description>",
            "<schema.org/duration>",
            "<schema.org/eventAttendanceMode>",
            "<schema.org/inLanguage>",
            "<schema.org/name>",
            "<schema.org/organizer>",
            "<schema.org/partOfSeries>",
            "<schema.org/productionCompany>",
            "<schema.org/publishedBy>",
            "<schema.org/url>",
            "isa:<schema.org/OnDemandEvent>",
            "isa:<schema.org/PodcastEpisode>"
        ],
        "count": 33.0
    },
    {
        "pset": [
            "<schema.org/description>",
            "<schema.org/name>",
            "<schema.org/offers>",
            "<schema.org/url>",
            "isa:<schema.org/OnDemandEvent>"
        ],
        "count": 32.0
    },
    {
        "pset": [
            "<schema.org/description>",
            "<schema.org/endDate>",
            "<schema.org/image>",
            "<schema.org/name>",
            "<schema.org/organizer>",
            "<schema.org/startDate>",
            "<schema.org/url>",
            "isa:<schema.org/OnDemandEvent>"
        ],
        "count": 24.0
    },
    {
        "pset": [
            "<schema.org/identifier>",
            "<schema.org/name>",
            "<schema.org/startDate>",
            "isa:<schema.org/OnDemandEvent>"
        ],
        "count": 20.0
    },
    {
        "pset": [
            "<schema.org/description>",
            "<schema.org/endDate>",
            "<schema.org/image>",
            "<schema.org/name>",
            "<schema.org/performer>",
            "<schema.org/startDate>",
            "<schema.org/url>",
            "isa:<schema.org/OnDemandEvent>"
        ],
        "count": 15.0
    },
    {
        "pset": [
            "<schema.org/description>",
            "<schema.org/duration>",
            "<schema.org/endDate>",
            "<schema.org/image>",
            "<schema.org/name>",
            "<schema.org/startDate>",
            "<schema.org/url>",
            "isa:<schema.org/OnDemandEvent>"
        ],
        "count": 13.0
    },
    {
        "pset": [
            "<schema.org/description>",
            "<schema.org/duration>",
            "<schema.org/endDate>",
            "<schema.org/image>",
            "<schema.org/name>",
            "<schema.org/organizer>",
            "<schema.org/startDate>",
            "<schema.org/url>",
            "isa:<schema.org/OnDemandEvent>"
        ],
        "count": 10.0
    },
    {
        "pset": [
            "<schema.org/description>",
            "<schema.org/duration>",
            "<schema.org/eventAttendanceMode>",
            "<schema.org/eventStatus>",
            "<schema.org/image>",
            "<schema.org/name>",
            "<schema.org/offers>",
            "<schema.org/organizer>",
            "<schema.org/performer>",
            "isa:<schema.org/OnDemandEvent>"
        ],
        "count": 8.0
    },
    {
        "pset": [
            "<schema.org/publishedBy>",
            "<schema.org/startDate>",
            "isa:<schema.org/OnDemandEvent>"
        ],
        "count": 8.0
    },
    {
        "pset": [
            "<schema.org/author>",
            "<schema.org/dateModified>",
            "<schema.org/datePublished>",
            "<schema.org/description>",
            "<schema.org/headline>",
            "<schema.org/image>",
            "<schema.org/publisher>",
            "<schema.org/url>",
            "isa:<schema.org/OnDemandEvent>"
        ],
        "count": 8.0
    },
    {
        "pset": [
            "<schema.org/actor>",
            "<schema.org/audio>",
            "<schema.org/datePublished>",
            "<schema.org/description>",
            "<schema.org/duration>",
            "<schema.org/episodeNumber>",
            "<schema.org/eventAttendanceMode>",
            "<schema.org/image>",
            "<schema.org/inLanguage>",
            "<schema.org/location>",
            "<schema.org/name>",
            "<schema.org/offers>",
            "<schema.org/organizer>",
            "<schema.org/partOfSeries>",
            "<schema.org/performer>",
            "<schema.org/productionCompany>",
            "<schema.org/publishedBy>",
            "<schema.org/url>",
            "isa:<schema.org/OnDemandEvent>",
            "isa:<schema.org/PodcastEpisode>"
        ],
        "count": 8.0
    },
    {
        "pset": [
            "<schema.org/datePublished>",
            "<schema.org/description>",
            "<schema.org/duration>",
            "<schema.org/eventAttendanceMode>",
            "<schema.org/location>",
            "<schema.org/name>",
            "<schema.org/partOfSeries>",
            "<schema.org/url>",
            "isa:<schema.org/OnDemandEvent>",
            "isa:<schema.org/PodcastEpisode>"
        ],
        "count": 8.0
    },
    {
        "pset": [
            "<schema.org/description>",
            "<schema.org/eventAttendanceMode>",
            "<schema.org/image>",
            "<schema.org/location>",
            "<schema.org/name>",
            "<schema.org/organizer>",
            "<schema.org/performer>",
            "<schema.org/startDate>",
            "<schema.org/url>",
            "isa:<schema.org/OnDemandEvent>"
        ],
        "count": 8.0
    },
    {
        "pset": [
            "<schema.org/description>",
            "<schema.org/duration>",
            "<schema.org/endDate>",
            "<schema.org/image>",
            "<schema.org/name>",
            "<schema.org/organizer>",
            "<schema.org/performer>",
            "<schema.org/startDate>",
            "<schema.org/url>",
            "isa:<schema.org/OnDemandEvent>"
        ],
        "count": 7.0
    },
    {
        "pset": [
            "<schema.org/description>",
            "<schema.org/duration>",
            "<schema.org/name>",
            "<schema.org/organizer>",
            "<schema.org/url>",
            "isa:<schema.org/OnDemandEvent>"
        ],
        "count": 6.0
    },
    {
        "pset": [
            "<schema.org/composer>",
            "<schema.org/description>",
            "<schema.org/funder>",
            "<schema.org/image>",
            "<schema.org/inLanguage>",
            "<schema.org/isAccessibleForFree>",
            "<schema.org/name>",
            "<schema.org/publishedBy>",
            "<schema.org/publishedOn>",
            "<schema.org/sameAs>",
            "<schema.org/url>",
            "isa:<schema.org/OnDemandEvent>"
        ],
        "count": 6.0
    },
    {
        "pset": [
            "<schema.org/description>",
            "<schema.org/endDate>",
            "<schema.org/image>",
            "<schema.org/name>",
            "<schema.org/organizer>",
            "<schema.org/performer>",
            "<schema.org/startDate>",
            "<schema.org/url>",
            "isa:<schema.org/OnDemandEvent>"
        ],
        "count": 5.0
    },
    {
        "pset": [
            "<schema.org/about>",
            "<schema.org/description>",
            "<schema.org/location>",
            "<schema.org/name>",
            "<schema.org/publishedBy>",
            "<schema.org/startDate>",
            "isa:<schema.org/OnDemandEvent>"
        ],
        "count": 4.0
    },
    {
        "pset": [
            "<schema.org/name>",
            "<schema.org/offers>",
            "<schema.org/url>",
            "isa:<schema.org/OnDemandEvent>"
        ],
        "count": 4.0
    },
    {
        "pset": [
            "<schema.org/composer>",
            "<schema.org/funder>",
            "<schema.org/image>",
            "<schema.org/inLanguage>",
            "<schema.org/isAccessibleForFree>",
            "<schema.org/name>",
            "<schema.org/publishedBy>",
            "<schema.org/publishedOn>",
            "<schema.org/sameAs>",
            "<schema.org/url>",
            "isa:<schema.org/OnDemandEvent>"
        ],
        "count": 3.0
    },
    {
        "pset": [
            "<schema.org/actor>",
            "<schema.org/additionalType>",
            "<schema.org/description>",
            "<schema.org/eventAttendanceMode>",
            "<schema.org/image>",
            "<schema.org/inLanguage>",
            "<schema.org/location>",
            "<schema.org/name>",
            "<schema.org/offers>",
            "<schema.org/organizer>",
            "<schema.org/performer>",
            "<schema.org/startDate>",
            "<schema.org/url>",
            "isa:<schema.org/BroadcastEvent>",
            "isa:<schema.org/BusinessEvent>",
            "isa:<schema.org/EducationEvent>",
            "isa:<schema.org/OnDemandEvent>"
        ],
        "count": 2.0
    },
    {
        "pset": [
            "<schema.org/description>",
            "<schema.org/headline>",
            "<schema.org/image>",
            "<schema.org/isAccessibleForFree>",
            "<schema.org/mainEntityOfPage>",
            "<schema.org/publisher>",
            "isa:<schema.org/OnDemandEvent>"
        ],
        "count": 2.0
    },
    {
        "pset": [
            "<schema.org/associatedMedia>",
            "<schema.org/datePublished>",
            "<schema.org/description>",
            "<schema.org/duration>",
            "<schema.org/eventAttendanceMode>",
            "<schema.org/location>",
            "<schema.org/name>",
            "<schema.org/startDate>",
            "<schema.org/url>",
            "isa:<schema.org/OnDemandEvent>",
            "isa:<schema.org/PodcastEpisode>"
        ],
        "count": 2.0
    },
    {
        "pset": [
            "<schema.org/duration>",
            "<schema.org/publishedOn>",
            "<schema.org/startDate>",
            "<schema.org/url>",
            "isa:<schema.org/OnDemandEvent>"
        ],
        "count": 2.0
    },
    {
        "pset": [
            "<schema.org/description>",
            "<schema.org/image>",
            "<schema.org/name>",
            "<schema.org/startDate>",
            "<schema.org/url>",
            "isa:<schema.org/OnDemandEvent>"
        ],
        "count": 1.0
    },
    {
        "pset": [
            "<schema.org/about>",
            "<schema.org/name>",
            "isa:<schema.org/OnDemandEvent>"
        ],
        "count": 1.0
    },
    {
        "pset": [
            "<schema.org/description>",
            "<schema.org/endDate>",
            "<schema.org/name>",
            "<schema.org/performer>",
            "<schema.org/startDate>",
            "<schema.org/url>",
            "isa:<schema.org/OnDemandEvent>"
        ],
        "count": 1.0
    },
    {
        "pset": [
            "<schema.org/description>",
            "<schema.org/location>",
            "<schema.org/name>",
            "<schema.org/startDate>",
            "isa:<schema.org/OnDemandEvent>"
        ],
        "count": 1.0
    },
    {
        "pset": [
            "<schema.org/description>",
            "<schema.org/duration>",
            "<schema.org/name>",
            "<schema.org/performer>",
            "<schema.org/url>",
            "isa:<schema.org/OnDemandEvent>"
        ],
        "count": 1.0
    },
    {
        "pset": [
            "<schema.org/endDate>",
            "<schema.org/startDate>",
            "isa:<schema.org/OnDemandEvent>"
        ],
        "count": 1.0
    }
]