[
    {
        "pset": [
            "<schema.org/name>",
            "<schema.org/provider>",
            "<schema.org/url>",
            "isa:<schema.org/PaymentCard>"
        ],
        "count": 6839.0
    },
    {
        "pset": [
            "<schema.org/cashBack>",
            "<schema.org/name>",
            "<schema.org/url>",
            "isa:<schema.org/PaymentCard>"
        ],
        "count": 1966.0
    },
    {
        "pset": [
            "<schema.org/name>",
            "<schema.org/url>",
            "isa:<schema.org/PaymentCard>"
        ],
        "count": 636.0
    },
    {
        "pset": [
            "<schema.org/category>",
            "<schema.org/description>",
            "<schema.org/feesAndCommissionsSpecification>",
            "<schema.org/name>",
            "<schema.org/provider>",
            "<schema.org/url>",
            "isa:<schema.org/PaymentCard>"
        ],
        "count": 126.0
    },
    {
        "pset": [
            "<schema.org/areaServed>",
            "<schema.org/availableChannel>",
            "<schema.org/category>",
            "<schema.org/contactlessPayment>",
            "<schema.org/description>",
            "<schema.org/feesAndCommissionsSpecification>",
            "<schema.org/image>",
            "<schema.org/logo>",
            "<schema.org/name>",
            "<schema.org/offers>",
            "<schema.org/sameAs>",
            "<schema.org/url>",
            "isa:<schema.org/PaymentCard>"
        ],
        "count": 120.0
    },
    {
        "pset": [
            "<schema.org/cashback>",
            "<schema.org/category>",
            "<schema.org/description>",
            "<schema.org/feesAndCommissionsSpecification>",
            "<schema.org/image>",
            "<schema.org/name>",
            "<schema.org/provider>",
            "<schema.org/url>",
            "isa:<schema.org/PaymentCard>"
        ],
        "count": 95.0
    },
    {
        "pset": [
            "<schema.org/cashback>",
            "<schema.org/category>",
            "<schema.org/description>",
            "<schema.org/feesAndCommissionsSpecification>",
            "<schema.org/image>",
            "<schema.org/name>",
            "<schema.org/provider>",
            "isa:<schema.org/PaymentCard>"
        ],
        "count": 63.0
    },
    {
        "pset": [
            "<schema.org/category>",
            "<schema.org/description>",
            "<schema.org/feesAndCommissionsSpecification>",
            "<schema.org/name>",
            "<schema.org/offers>",
            "isa:<schema.org/PaymentCard>"
        ],
        "count": 44.0
    },
    {
        "pset": [
            "<schema.org/category>",
            "<schema.org/description>",
            "<schema.org/feesAndCommissionsSpecification>",
            "<schema.org/name>",
            "isa:<schema.org/PaymentCard>"
        ],
        "count": 27.0
    },
    {
        "pset": [
            "<schema.org/brand>",
            "<schema.org/name>",
            "<schema.org/provider>",
            "<schema.org/url>",
            "isa:<schema.org/PaymentCard>"
        ],
        "count": 15.0
    },
    {
        "pset": [
            "<schema.org/brand>",
            "<schema.org/description>",
            "<schema.org/name>",
            "<schema.org/url>",
            "isa:<schema.org/PaymentCard>"
        ],
        "count": 14.0
    },
    {
        "pset": [
            "<schema.org/brand>",
            "<schema.org/description>",
            "<schema.org/image>",
            "<schema.org/name>",
            "isa:<schema.org/PaymentCard>"
        ],
        "count": 14.0
    },
    {
        "pset": [
            "<schema.org/Brand>",
            "<schema.org/category>",
            "<schema.org/description>",
            "<schema.org/feesAndCommissionsSpecification>",
            "<schema.org/image>",
            "<schema.org/isrelatedto>",
            "<schema.org/name>",
            "<schema.org/offers>",
            "<schema.org/slogan>",
            "<schema.org/termsOfService>",
            "isa:<schema.org/PaymentCard>"
        ],
        "count": 11.0
    },
    {
        "pset": [
            "<schema.org/brand>",
            "<schema.org/description>",
            "<schema.org/feesAndCommissionsSpecification>",
            "<schema.org/name>",
            "<schema.org/url>",
            "isa:<schema.org/PaymentCard>"
        ],
        "count": 9.0
    },
    {
        "pset": [
            "<schema.org/name>",
            "isa:<schema.org/PaymentCard>"
        ],
        "count": 7.0
    },
    {
        "pset": [
            "<schema.org/category>",
            "<schema.org/contactlessPayment>",
            "<schema.org/description>",
            "<schema.org/feesAndCommissionsSpecification>",
            "<schema.org/name>",
            "<schema.org/offers>",
            "isa:<schema.org/PaymentCard>"
        ],
        "count": 5.0
    },
    {
        "pset": [
            "<schema.org/category>",
            "<schema.org/description>",
            "<schema.org/image>",
            "<schema.org/name>",
            "<schema.org/url>",
            "isa:<schema.org/PaymentCard>"
        ],
        "count": 4.0
    },
    {
        "pset": [
            "<schema.org/description>",
            "<schema.org/image>",
            "<schema.org/name>",
            "<schema.org/offers>",
            "isa:<schema.org/PaymentCard>"
        ],
        "count": 2.0
    },
    {
        "pset": [
            "<schema.org/description>",
            "<schema.org/name>",
            "<schema.org/offers>",
            "isa:<schema.org/PaymentCard>"
        ],
        "count": 2.0
    },
    {
        "pset": [
            "<schema.org/offeredBy>",
            "<schema.org/url>",
            "isa:<schema.org/PaymentCard>"
        ],
        "count": 2.0
    },
    {
        "pset": [
            "<schema.org/description>",
            "<schema.org/name>",
            "<schema.org/url>",
            "isa:<schema.org/PaymentCard>"
        ],
        "count": 2.0
    },
    {
        "pset": [
            "<schema.org/image>",
            "<schema.org/isSimilarTo>",
            "<schema.org/provider>",
            "<schema.org/serviceType>",
            "<schema.org/url>",
            "isa:<schema.org/PaymentCard>"
        ],
        "count": 1.0
    },
    {
        "pset": [
            "<schema.org/areaServed>",
            "<schema.org/audience>",
            "<schema.org/category>",
            "<schema.org/contactlessPayment>",
            "<schema.org/description>",
            "<schema.org/feesAndCommissionsSpecification>",
            "<schema.org/name>",
            "<schema.org/url>",
            "isa:<schema.org/PaymentCard>"
        ],
        "count": 1.0
    },
    {
        "pset": [
            "<schema.org/category>",
            "<schema.org/description>",
            "<schema.org/name>",
            "<schema.org/offers>",
            "isa:<schema.org/PaymentCard>"
        ],
        "count": 1.0
    },
    {
        "pset": [
            "<schema.org/amount>",
            "<schema.org/category>",
            "<schema.org/description>",
            "<schema.org/feesAndCommissionsSpecification>",
            "<schema.org/name>",
            "<schema.org/offers>",
            "<schema.org/url>",
            "isa:<schema.org/PaymentCard>"
        ],
        "count": 1.0
    },
    {
        "pset": [
            "<schema.org/Provider>",
            "<schema.org/areaServed>",
            "<schema.org/cashBack>",
            "<schema.org/category>",
            "<schema.org/contactlessPayment>",
            "<schema.org/description>",
            "<schema.org/feesAndCommissionsSpecification>",
            "<schema.org/floorLimit>",
            "<schema.org/image>",
            "<schema.org/name>",
            "<schema.org/offers>",
            "<schema.org/termsOfService>",
            "<schema.org/url>",
            "isa:<schema.org/PaymentCard>"
        ],
        "count": 1.0
    },
    {
        "pset": [
            "<schema.org/category>",
            "<schema.org/description>",
            "<schema.org/image>",
            "<schema.org/name>",
            "<schema.org/provider>",
            "isa:<schema.org/PaymentCard>"
        ],
        "count": 1.0
    },
    {
        "pset": [
            "<schema.org/cashBack>",
            "<schema.org/category>",
            "<schema.org/contactlessPayment>",
            "<schema.org/description>",
            "<schema.org/feesAndCommissionsSpecification>",
            "<schema.org/name>",
            "<schema.org/offers>",
            "isa:<schema.org/PaymentCard>"
        ],
        "count": 1.0
    }
]