[
    {
        "pset": [
            "<schema.org/alternateName>",
            "<schema.org/name>",
            "<schema.org/url>",
            "isa:<schema.org/PhysicalExam>"
        ],
        "count": 36.0
    },
    {
        "pset": [
            "<schema.org/description>",
            "<schema.org/image>",
            "<schema.org/name>",
            "<schema.org/url>",
            "isa:<schema.org/PhysicalExam>"
        ],
        "count": 19.0
    },
    {
        "pset": [
            "<schema.org/bodyLocation>",
            "<schema.org/indication>",
            "<schema.org/name>",
            "isa:<schema.org/PhysicalExam>"
        ],
        "count": 7.0
    },
    {
        "pset": [
            "<schema.org/alternateName>",
            "<schema.org/name>",
            "isa:<schema.org/MedicalProcedure>",
            "isa:<schema.org/PhysicalExam>"
        ],
        "count": 5.0
    },
    {
        "pset": [
            "<schema.org/description>",
            "<schema.org/name>",
            "<schema.org/url>",
            "isa:<schema.org/PhysicalExam>"
        ],
        "count": 1.0
    },
    {
        "pset": [
            "<schema.org/name>",
            "isa:<schema.org/PhysicalExam>"
        ],
        "count": 1.0
    }
]