[
    {
        "pset": [
            "<schema.org/address>",
            "<schema.org/geo>",
            "<schema.org/image>",
            "<schema.org/name>",
            "<schema.org/openingHours>",
            "<schema.org/telephone>",
            "<schema.org/url>",
            "isa:<schema.org/PlaceOfWorship>"
        ],
        "count": 1574.0
    },
    {
        "pset": [
            "<schema.org/address>",
            "<schema.org/alternateName>",
            "<schema.org/logo>",
            "<schema.org/name>",
            "<schema.org/telephone>",
            "<schema.org/url>",
            "isa:<schema.org/PlaceOfWorship>"
        ],
        "count": 361.0
    },
    {
        "pset": [
            "<schema.org/address>",
            "<schema.org/description>",
            "<schema.org/geo>",
            "<schema.org/image>",
            "<schema.org/name>",
            "<schema.org/telephone>",
            "<schema.org/url>",
            "isa:<schema.org/PlaceOfWorship>"
        ],
        "count": 204.0
    },
    {
        "pset": [
            "<schema.org/address>",
            "<schema.org/faxNumber>",
            "<schema.org/geo>",
            "<schema.org/image>",
            "<schema.org/name>",
            "<schema.org/telephone>",
            "<schema.org/url>",
            "isa:<schema.org/PlaceOfWorship>"
        ],
        "count": 155.0
    },
    {
        "pset": [
            "<schema.org/address>",
            "<schema.org/description>",
            "<schema.org/geo>",
            "<schema.org/image>",
            "<schema.org/logo>",
            "<schema.org/name>",
            "<schema.org/telephone>",
            "<schema.org/url>",
            "isa:<schema.org/PlaceOfWorship>"
        ],
        "count": 120.0
    },
    {
        "pset": [
            "<schema.org/address>",
            "<schema.org/logo>",
            "<schema.org/name>",
            "<schema.org/sameAs>",
            "isa:<schema.org/PlaceOfWorship>"
        ],
        "count": 73.0
    },
    {
        "pset": [
            "<schema.org/address>",
            "<schema.org/logo>",
            "<schema.org/name>",
            "<schema.org/telephone>",
            "isa:<schema.org/PlaceOfWorship>"
        ],
        "count": 67.0
    },
    {
        "pset": [
            "<schema.org/address>",
            "<schema.org/description>",
            "<schema.org/image>",
            "<schema.org/name>",
            "<schema.org/telephone>",
            "<schema.org/url>",
            "isa:<schema.org/PlaceOfWorship>"
        ],
        "count": 66.0
    },
    {
        "pset": [
            "<schema.org/address>",
            "<schema.org/description>",
            "<schema.org/geo>",
            "<schema.org/name>",
            "<schema.org/telephone>",
            "<schema.org/url>",
            "isa:<schema.org/PlaceOfWorship>"
        ],
        "count": 65.0
    },
    {
        "pset": [
            "<schema.org/description>",
            "<schema.org/name>",
            "<schema.org/photo>",
            "<schema.org/url>",
            "isa:<schema.org/PlaceOfWorship>"
        ],
        "count": 43.0
    },
    {
        "pset": [
            "<schema.org/address>",
            "<schema.org/containedInPlace>",
            "<schema.org/geo>",
            "<schema.org/hasMap>",
            "<schema.org/image>",
            "<schema.org/latitude>",
            "<schema.org/longitude>",
            "<schema.org/name>",
            "<schema.org/openingHours>",
            "<schema.org/openingHoursSpecification>",
            "<schema.org/photo>",
            "<schema.org/telephone>",
            "<schema.org/url>",
            "isa:<schema.org/PlaceOfWorship>"
        ],
        "count": 26.0
    },
    {
        "pset": [
            "<schema.org/address>",
            "<schema.org/containedInPlace>",
            "<schema.org/geo>",
            "<schema.org/hasMap>",
            "<schema.org/image>",
            "<schema.org/latitude>",
            "<schema.org/longitude>",
            "<schema.org/name>",
            "<schema.org/openingHours>",
            "<schema.org/openingHoursSpecification>",
            "<schema.org/photo>",
            "<schema.org/url>",
            "isa:<schema.org/PlaceOfWorship>"
        ],
        "count": 23.0
    },
    {
        "pset": [
            "<schema.org/description>",
            "<schema.org/image>",
            "<schema.org/mainEntityOfPage>",
            "<schema.org/name>",
            "<schema.org/url>",
            "isa:<schema.org/PlaceOfWorship>"
        ],
        "count": 19.0
    },
    {
        "pset": [
            "<schema.org/address>",
            "<schema.org/mainEntityOfPage>",
            "<schema.org/name>",
            "<schema.org/photo>",
            "<schema.org/url>",
            "isa:<schema.org/PlaceOfWorship>"
        ],
        "count": 16.0
    },
    {
        "pset": [
            "<schema.org/address>",
            "<schema.org/faxNumber>",
            "<schema.org/geo>",
            "<schema.org/name>",
            "<schema.org/telephone>",
            "<schema.org/url>",
            "isa:<schema.org/PlaceOfWorship>"
        ],
        "count": 16.0
    },
    {
        "pset": [
            "<schema.org/description>",
            "<schema.org/geo>",
            "<schema.org/name>",
            "isa:<schema.org/PlaceOfWorship>",
            "isa:<schema.org/TouristAttraction>"
        ],
        "count": 15.0
    },
    {
        "pset": [
            "<schema.org/address>",
            "<schema.org/containedInPlace>",
            "<schema.org/description>",
            "<schema.org/geo>",
            "<schema.org/image>",
            "<schema.org/name>",
            "<schema.org/telephone>",
            "<schema.org/url>",
            "isa:<schema.org/PlaceOfWorship>",
            "isa:<schema.org/TouristAttraction>"
        ],
        "count": 14.0
    },
    {
        "pset": [
            "<schema.org/address>",
            "<schema.org/description>",
            "<schema.org/geo>",
            "<schema.org/image>",
            "<schema.org/name>",
            "<schema.org/review>",
            "<schema.org/sameAs>",
            "<schema.org/telephone>",
            "<schema.org/url>",
            "isa:<schema.org/PlaceOfWorship>"
        ],
        "count": 13.0
    },
    {
        "pset": [
            "<schema.org/description>",
            "<schema.org/geo>",
            "<schema.org/name>",
            "<schema.org/photo>",
            "<schema.org/url>",
            "isa:<schema.org/PlaceOfWorship>"
        ],
        "count": 12.0
    },
    {
        "pset": [
            "<schema.org/address>",
            "<schema.org/containedInPlace>",
            "<schema.org/geo>",
            "<schema.org/hasMap>",
            "<schema.org/image>",
            "<schema.org/latitude>",
            "<schema.org/longitude>",
            "<schema.org/name>",
            "<schema.org/photo>",
            "<schema.org/url>",
            "isa:<schema.org/PlaceOfWorship>"
        ],
        "count": 12.0
    },
    {
        "pset": [
            "<schema.org/address>",
            "<schema.org/description>",
            "<schema.org/image>",
            "<schema.org/name>",
            "<schema.org/url>",
            "isa:<schema.org/PlaceOfWorship>"
        ],
        "count": 11.0
    },
    {
        "pset": [
            "<schema.org/address>",
            "<schema.org/containedInPlace>",
            "<schema.org/description>",
            "<schema.org/geo>",
            "<schema.org/hasMap>",
            "<schema.org/image>",
            "<schema.org/latitude>",
            "<schema.org/longitude>",
            "<schema.org/name>",
            "<schema.org/openingHours>",
            "<schema.org/openingHoursSpecification>",
            "<schema.org/photo>",
            "<schema.org/url>",
            "isa:<schema.org/PlaceOfWorship>"
        ],
        "count": 9.0
    },
    {
        "pset": [
            "<schema.org/address>",
            "<schema.org/containedInPlace>",
            "<schema.org/geo>",
            "<schema.org/hasMap>",
            "<schema.org/image>",
            "<schema.org/latitude>",
            "<schema.org/longitude>",
            "<schema.org/name>",
            "<schema.org/photo>",
            "<schema.org/telephone>",
            "<schema.org/url>",
            "isa:<schema.org/PlaceOfWorship>"
        ],
        "count": 7.0
    },
    {
        "pset": [
            "<schema.org/address>",
            "<schema.org/description>",
            "<schema.org/geo>",
            "<schema.org/image>",
            "<schema.org/name>",
            "<schema.org/openingHoursSpecification>",
            "<schema.org/sameAs>",
            "<schema.org/telephone>",
            "<schema.org/url>",
            "isa:<schema.org/PlaceOfWorship>"
        ],
        "count": 7.0
    },
    {
        "pset": [
            "<schema.org/address>",
            "<schema.org/containedInPlace>",
            "<schema.org/description>",
            "<schema.org/geo>",
            "<schema.org/hasMap>",
            "<schema.org/image>",
            "<schema.org/latitude>",
            "<schema.org/longitude>",
            "<schema.org/name>",
            "<schema.org/openingHours>",
            "<schema.org/openingHoursSpecification>",
            "<schema.org/photo>",
            "<schema.org/telephone>",
            "<schema.org/url>",
            "isa:<schema.org/PlaceOfWorship>"
        ],
        "count": 6.0
    },
    {
        "pset": [
            "<schema.org/description>",
            "<schema.org/eventStatus>",
            "<schema.org/identifier>",
            "<schema.org/image>",
            "<schema.org/location>",
            "<schema.org/name>",
            "<schema.org/url>",
            "isa:<schema.org/PlaceOfWorship>"
        ],
        "count": 5.0
    },
    {
        "pset": [
            "<schema.org/address>",
            "<schema.org/alternateName>",
            "<schema.org/containedInPlace>",
            "<schema.org/description>",
            "<schema.org/geo>",
            "<schema.org/image>",
            "<schema.org/name>",
            "<schema.org/telephone>",
            "<schema.org/url>",
            "isa:<schema.org/PlaceOfWorship>",
            "isa:<schema.org/TouristAttraction>"
        ],
        "count": 5.0
    },
    {
        "pset": [
            "<schema.org/address>",
            "<schema.org/geo>",
            "<schema.org/image>",
            "<schema.org/name>",
            "<schema.org/telephone>",
            "<schema.org/url>",
            "isa:<schema.org/PlaceOfWorship>"
        ],
        "count": 4.0
    },
    {
        "pset": [
            "<schema.org/address>",
            "<schema.org/aggregateRating>",
            "<schema.org/description>",
            "<schema.org/geo>",
            "<schema.org/image>",
            "<schema.org/interactionStatistic>",
            "<schema.org/name>",
            "<schema.org/url>",
            "isa:<schema.org/PlaceOfWorship>"
        ],
        "count": 4.0
    },
    {
        "pset": [
            "<schema.org/description>",
            "<schema.org/geo>",
            "<schema.org/name>",
            "<schema.org/url>",
            "isa:<schema.org/PlaceOfWorship>",
            "isa:<schema.org/TouristAttraction>"
        ],
        "count": 3.0
    },
    {
        "pset": [
            "<schema.org/address>",
            "<schema.org/description>",
            "<schema.org/image>",
            "<schema.org/logo>",
            "<schema.org/name>",
            "<schema.org/telephone>",
            "<schema.org/url>",
            "isa:<schema.org/PlaceOfWorship>"
        ],
        "count": 3.0
    },
    {
        "pset": [
            "<schema.org/logo>",
            "<schema.org/name>",
            "<schema.org/openingHours>",
            "<schema.org/url>",
            "isa:<schema.org/PlaceOfWorship>"
        ],
        "count": 3.0
    },
    {
        "pset": [
            "<schema.org/address>",
            "<schema.org/description>",
            "<schema.org/geo>",
            "<schema.org/image>",
            "<schema.org/name>",
            "<schema.org/review>",
            "<schema.org/url>",
            "isa:<schema.org/PlaceOfWorship>"
        ],
        "count": 3.0
    },
    {
        "pset": [
            "<schema.org/address>",
            "<schema.org/description>",
            "<schema.org/image>",
            "<schema.org/name>",
            "<schema.org/url>",
            "isa:<schema.org/PlaceOfWorship>",
            "isa:<schema.org/TouristAttraction>"
        ],
        "count": 3.0
    },
    {
        "pset": [
            "<schema.org/address>",
            "<schema.org/latitude>",
            "<schema.org/longitude>",
            "<schema.org/name>",
            "isa:<schema.org/LandmarksOrHistoricalBuildings>",
            "isa:<schema.org/PlaceOfWorship>"
        ],
        "count": 3.0
    },
    {
        "pset": [
            "<schema.org/address>",
            "<schema.org/description>",
            "<schema.org/geo>",
            "<schema.org/image>",
            "<schema.org/name>",
            "<schema.org/sameAs>",
            "<schema.org/telephone>",
            "<schema.org/url>",
            "isa:<schema.org/PlaceOfWorship>"
        ],
        "count": 3.0
    },
    {
        "pset": [
            "<schema.org/address>",
            "<schema.org/description>",
            "<schema.org/geo>",
            "<schema.org/image>",
            "<schema.org/name>",
            "<schema.org/review>",
            "<schema.org/sameAs>",
            "<schema.org/url>",
            "isa:<schema.org/PlaceOfWorship>"
        ],
        "count": 2.0
    },
    {
        "pset": [
            "<schema.org/address>",
            "<schema.org/containedInPlace>",
            "<schema.org/description>",
            "<schema.org/geo>",
            "<schema.org/hasMap>",
            "<schema.org/image>",
            "<schema.org/latitude>",
            "<schema.org/longitude>",
            "<schema.org/name>",
            "<schema.org/photo>",
            "<schema.org/url>",
            "isa:<schema.org/PlaceOfWorship>"
        ],
        "count": 2.0
    },
    {
        "pset": [
            "<schema.org/additionalType>",
            "<schema.org/address>",
            "<schema.org/description>",
            "<schema.org/disambiguatingDescription>",
            "<schema.org/geo>",
            "<schema.org/image>",
            "<schema.org/name>",
            "<schema.org/telephone>",
            "<schema.org/url>",
            "isa:<schema.org/PlaceOfWorship>"
        ],
        "count": 2.0
    },
    {
        "pset": [
            "<schema.org/address>",
            "<schema.org/containedInPlace>",
            "<schema.org/latitude>",
            "<schema.org/longitude>",
            "<schema.org/name>",
            "<schema.org/sameAs>",
            "isa:<schema.org/LandmarksOrHistoricalBuildings>",
            "isa:<schema.org/PlaceOfWorship>"
        ],
        "count": 2.0
    },
    {
        "pset": [
            "<schema.org/name>",
            "<schema.org/openingHours>",
            "<schema.org/url>",
            "isa:<schema.org/Organization>",
            "isa:<schema.org/PlaceOfWorship>"
        ],
        "count": 2.0
    },
    {
        "pset": [
            "<schema.org/address>",
            "<schema.org/latitude>",
            "<schema.org/longitude>",
            "<schema.org/name>",
            "<schema.org/sameAs>",
            "isa:<schema.org/LandmarksOrHistoricalBuildings>",
            "isa:<schema.org/PlaceOfWorship>"
        ],
        "count": 2.0
    },
    {
        "pset": [
            "<schema.org/logo>",
            "<schema.org/name>",
            "<schema.org/url>",
            "isa:<schema.org/Organization>",
            "isa:<schema.org/PlaceOfWorship>"
        ],
        "count": 2.0
    },
    {
        "pset": [
            "<schema.org/address>",
            "<schema.org/geo>",
            "<schema.org/name>",
            "<schema.org/telephone>",
            "<schema.org/url>",
            "isa:<schema.org/Church>",
            "isa:<schema.org/LocalBusiness>",
            "isa:<schema.org/PlaceOfWorship>"
        ],
        "count": 2.0
    },
    {
        "pset": [
            "<schema.org/address>",
            "<schema.org/logo>",
            "<schema.org/name>",
            "<schema.org/openingHours>",
            "<schema.org/url>",
            "isa:<schema.org/Organization>",
            "isa:<schema.org/PlaceOfWorship>"
        ],
        "count": 2.0
    },
    {
        "pset": [
            "<schema.org/address>",
            "<schema.org/description>",
            "<schema.org/geo>",
            "<schema.org/image>",
            "<schema.org/name>",
            "<schema.org/url>",
            "isa:<schema.org/PlaceOfWorship>"
        ],
        "count": 2.0
    },
    {
        "pset": [
            "<schema.org/address>",
            "<schema.org/containedInPlace>",
            "<schema.org/geo>",
            "<schema.org/hasMap>",
            "<schema.org/image>",
            "<schema.org/name>",
            "<schema.org/openingHours>",
            "<schema.org/openingHoursSpecification>",
            "<schema.org/photo>",
            "<schema.org/url>",
            "isa:<schema.org/PlaceOfWorship>"
        ],
        "count": 1.0
    },
    {
        "pset": [
            "<schema.org/address>",
            "<schema.org/description>",
            "<schema.org/geo>",
            "<schema.org/image>",
            "<schema.org/name>",
            "<schema.org/openingHoursSpecification>",
            "<schema.org/sameAs>",
            "<schema.org/url>",
            "isa:<schema.org/PlaceOfWorship>"
        ],
        "count": 1.0
    },
    {
        "pset": [
            "<schema.org/address>",
            "<schema.org/geo>",
            "<schema.org/name>",
            "<schema.org/telephone>",
            "<schema.org/url>",
            "isa:<schema.org/HomeGoodsStore>",
            "isa:<schema.org/JewelryStore>",
            "isa:<schema.org/LocalBusiness>",
            "isa:<schema.org/PlaceOfWorship>",
            "isa:<schema.org/Store>"
        ],
        "count": 1.0
    },
    {
        "pset": [
            "<schema.org/description>",
            "<schema.org/name>",
            "isa:<schema.org/PlaceOfWorship>"
        ],
        "count": 1.0
    },
    {
        "pset": [
            "<schema.org/address>",
            "<schema.org/geo>",
            "<schema.org/name>",
            "<schema.org/openingHoursSpecification>",
            "<schema.org/telephone>",
            "<schema.org/url>",
            "isa:<schema.org/PlaceOfWorship>"
        ],
        "count": 1.0
    },
    {
        "pset": [
            "<schema.org/name>",
            "<schema.org/position>",
            "<schema.org/url>",
            "isa:<schema.org/ListItem>",
            "isa:<schema.org/PlaceOfWorship>"
        ],
        "count": 1.0
    },
    {
        "pset": [
            "<schema.org/address>",
            "<schema.org/alternateName>",
            "<schema.org/description>",
            "<schema.org/geo>",
            "<schema.org/image>",
            "<schema.org/logo>",
            "<schema.org/name>",
            "<schema.org/sameAs>",
            "<schema.org/telephone>",
            "<schema.org/url>",
            "isa:<schema.org/PlaceOfWorship>"
        ],
        "count": 1.0
    },
    {
        "pset": [
            "<schema.org/address>",
            "<schema.org/description>",
            "<schema.org/image>",
            "<schema.org/name>",
            "<schema.org/openingHoursSpecification>",
            "<schema.org/sameAs>",
            "<schema.org/telephone>",
            "<schema.org/url>",
            "isa:<schema.org/PlaceOfWorship>"
        ],
        "count": 1.0
    },
    {
        "pset": [
            "<schema.org/address>",
            "<schema.org/image>",
            "<schema.org/name>",
            "<schema.org/telephone>",
            "<schema.org/url>",
            "isa:<schema.org/PlaceOfWorship>"
        ],
        "count": 1.0
    },
    {
        "pset": [
            "<schema.org/address>",
            "<schema.org/description>",
            "<schema.org/geo>",
            "<schema.org/image>",
            "<schema.org/name>",
            "<schema.org/sameAs>",
            "<schema.org/url>",
            "isa:<schema.org/PlaceOfWorship>"
        ],
        "count": 1.0
    },
    {
        "pset": [
            "<schema.org/address>",
            "<schema.org/aggregateRating>",
            "<schema.org/description>",
            "<schema.org/geo>",
            "<schema.org/image>",
            "<schema.org/name>",
            "<schema.org/review>",
            "<schema.org/url>",
            "isa:<schema.org/PlaceOfWorship>"
        ],
        "count": 1.0
    },
    {
        "pset": [
            "<schema.org/description>",
            "<schema.org/mainEntityOfPage>",
            "<schema.org/name>",
            "<schema.org/url>",
            "isa:<schema.org/PlaceOfWorship>"
        ],
        "count": 1.0
    },
    {
        "pset": [
            "<schema.org/address>",
            "<schema.org/containedInPlace>",
            "<schema.org/description>",
            "<schema.org/geo>",
            "<schema.org/image>",
            "<schema.org/name>",
            "<schema.org/url>",
            "isa:<schema.org/PlaceOfWorship>",
            "isa:<schema.org/TouristAttraction>"
        ],
        "count": 1.0
    },
    {
        "pset": [
            "<schema.org/address>",
            "<schema.org/geo>",
            "<schema.org/image>",
            "<schema.org/logo>",
            "<schema.org/name>",
            "<schema.org/telephone>",
            "<schema.org/url>",
            "isa:<schema.org/Church>",
            "isa:<schema.org/LocalBusiness>",
            "isa:<schema.org/PlaceOfWorship>"
        ],
        "count": 1.0
    },
    {
        "pset": [
            "<schema.org/address>",
            "<schema.org/photos>",
            "isa:<schema.org/PlaceOfWorship>"
        ],
        "count": 1.0
    },
    {
        "pset": [
            "<schema.org/address>",
            "<schema.org/containedInPlace>",
            "<schema.org/geo>",
            "<schema.org/hasMap>",
            "<schema.org/latitude>",
            "<schema.org/longitude>",
            "<schema.org/name>",
            "<schema.org/url>",
            "isa:<schema.org/PlaceOfWorship>"
        ],
        "count": 1.0
    },
    {
        "pset": [
            "<schema.org/address>",
            "<schema.org/geo>",
            "<schema.org/name>",
            "<schema.org/url>",
            "isa:<schema.org/Church>",
            "isa:<schema.org/LocalBusiness>",
            "isa:<schema.org/PlaceOfWorship>",
            "isa:<schema.org/TouristAttraction>"
        ],
        "count": 1.0
    },
    {
        "pset": [
            "<schema.org/geo>",
            "<schema.org/name>",
            "<schema.org/telephone>",
            "<schema.org/url>",
            "isa:<schema.org/LocalBusiness>",
            "isa:<schema.org/PlaceOfWorship>",
            "isa:<schema.org/TouristAttraction>"
        ],
        "count": 1.0
    },
    {
        "pset": [
            "<schema.org/address>",
            "<schema.org/geo>",
            "<schema.org/image>",
            "<schema.org/logo>",
            "<schema.org/name>",
            "<schema.org/url>",
            "isa:<schema.org/Church>",
            "isa:<schema.org/LocalBusiness>",
            "isa:<schema.org/PlaceOfWorship>"
        ],
        "count": 1.0
    },
    {
        "pset": [
            "<schema.org/address>",
            "<schema.org/alternateName>",
            "<schema.org/logo>",
            "<schema.org/name>",
            "<schema.org/sameAs>",
            "<schema.org/url>",
            "isa:<schema.org/PlaceOfWorship>"
        ],
        "count": 1.0
    },
    {
        "pset": [
            "<schema.org/mainEntityOfPage>",
            "<schema.org/url>",
            "isa:<schema.org/PlaceOfWorship>"
        ],
        "count": 1.0
    },
    {
        "pset": [
            "<schema.org/address>",
            "<schema.org/geo>",
            "<schema.org/name>",
            "<schema.org/telephone>",
            "<schema.org/url>",
            "isa:<schema.org/Church>",
            "isa:<schema.org/LocalBusiness>",
            "isa:<schema.org/PlaceOfWorship>",
            "isa:<schema.org/TouristAttraction>"
        ],
        "count": 1.0
    },
    {
        "pset": [
            "<schema.org/address>",
            "<schema.org/geo>",
            "<schema.org/name>",
            "<schema.org/telephone>",
            "<schema.org/url>",
            "isa:<schema.org/Church>",
            "isa:<schema.org/LocalBusiness>",
            "isa:<schema.org/Museum>",
            "isa:<schema.org/PlaceOfWorship>",
            "isa:<schema.org/TouristAttraction>"
        ],
        "count": 1.0
    }
]