[
    {
        "pset": [
            "<schema.org/author>",
            "<schema.org/datePublished>",
            "<schema.org/description>",
            "<schema.org/headline>",
            "<schema.org/image>",
            "<schema.org/keywords>",
            "<schema.org/name>",
            "<schema.org/publication>",
            "<schema.org/url>",
            "isa:<schema.org/PresentationDigitalDocument>"
        ],
        "count": 1984.0
    },
    {
        "pset": [
            "<schema.org/description>",
            "<schema.org/image>",
            "<schema.org/name>",
            "<schema.org/potentialAction>",
            "<schema.org/url>",
            "isa:<schema.org/PresentationDigitalDocument>"
        ],
        "count": 182.0
    },
    {
        "pset": [
            "<schema.org/creator>",
            "<schema.org/datePublished>",
            "<schema.org/description>",
            "<schema.org/identifier>",
            "<schema.org/inLanguage>",
            "<schema.org/keywords>",
            "<schema.org/license>",
            "<schema.org/name>",
            "<schema.org/url>",
            "isa:<schema.org/PresentationDigitalDocument>"
        ],
        "count": 75.0
    },
    {
        "pset": [
            "<schema.org/alternateName>",
            "<schema.org/copyrightHolder>",
            "<schema.org/copyrightYear>",
            "<schema.org/dateCreated>",
            "<schema.org/dateModified>",
            "<schema.org/description>",
            "<schema.org/image>",
            "<schema.org/mainEntityOfPage>",
            "<schema.org/name>",
            "<schema.org/publisher>",
            "isa:<schema.org/PresentationDigitalDocument>"
        ],
        "count": 70.0
    },
    {
        "pset": [
            "<schema.org/creator>",
            "<schema.org/datePublished>",
            "<schema.org/description>",
            "<schema.org/identifier>",
            "<schema.org/inLanguage>",
            "<schema.org/keywords>",
            "<schema.org/license>",
            "<schema.org/name>",
            "<schema.org/url>",
            "<schema.org/workFeatured>",
            "isa:<schema.org/PresentationDigitalDocument>"
        ],
        "count": 56.0
    },
    {
        "pset": [
            "<schema.org/creator>",
            "<schema.org/datePublished>",
            "<schema.org/description>",
            "<schema.org/identifier>",
            "<schema.org/keywords>",
            "<schema.org/license>",
            "<schema.org/name>",
            "<schema.org/url>",
            "isa:<schema.org/PresentationDigitalDocument>"
        ],
        "count": 46.0
    },
    {
        "pset": [
            "<schema.org/creator>",
            "<schema.org/datePublished>",
            "<schema.org/description>",
            "<schema.org/identifier>",
            "<schema.org/keywords>",
            "<schema.org/license>",
            "<schema.org/name>",
            "<schema.org/url>",
            "<schema.org/workFeatured>",
            "isa:<schema.org/PresentationDigitalDocument>"
        ],
        "count": 27.0
    },
    {
        "pset": [
            "<schema.org/creator>",
            "<schema.org/datePublished>",
            "<schema.org/description>",
            "<schema.org/identifier>",
            "<schema.org/license>",
            "<schema.org/name>",
            "<schema.org/url>",
            "isa:<schema.org/PresentationDigitalDocument>"
        ],
        "count": 24.0
    },
    {
        "pset": [
            "<schema.org/creator>",
            "<schema.org/datePublished>",
            "<schema.org/description>",
            "<schema.org/identifier>",
            "<schema.org/inLanguage>",
            "<schema.org/keywords>",
            "<schema.org/license>",
            "<schema.org/name>",
            "<schema.org/url>",
            "<schema.org/version>",
            "isa:<schema.org/PresentationDigitalDocument>"
        ],
        "count": 23.0
    },
    {
        "pset": [
            "<schema.org/image>",
            "isa:<schema.org/PresentationDigitalDocument>"
        ],
        "count": 23.0
    },
    {
        "pset": [
            "<schema.org/creator>",
            "<schema.org/datePublished>",
            "<schema.org/description>",
            "<schema.org/identifier>",
            "<schema.org/inLanguage>",
            "<schema.org/license>",
            "<schema.org/name>",
            "<schema.org/url>",
            "<schema.org/workFeatured>",
            "isa:<schema.org/PresentationDigitalDocument>"
        ],
        "count": 18.0
    },
    {
        "pset": [
            "<schema.org/creator>",
            "<schema.org/datePublished>",
            "<schema.org/description>",
            "<schema.org/identifier>",
            "<schema.org/inLanguage>",
            "<schema.org/license>",
            "<schema.org/name>",
            "<schema.org/url>",
            "isa:<schema.org/PresentationDigitalDocument>"
        ],
        "count": 14.0
    },
    {
        "pset": [
            "<schema.org/creator>",
            "<schema.org/datePublished>",
            "<schema.org/description>",
            "<schema.org/identifier>",
            "<schema.org/license>",
            "<schema.org/name>",
            "<schema.org/url>",
            "<schema.org/workFeatured>",
            "isa:<schema.org/PresentationDigitalDocument>"
        ],
        "count": 13.0
    },
    {
        "pset": [
            "isa:<schema.org/PresentationDigitalDocument>"
        ],
        "count": 9.0
    },
    {
        "pset": [
            "<schema.org/about>",
            "<schema.org/dateCreated>",
            "<schema.org/dateModified>",
            "<schema.org/description>",
            "<schema.org/hasDigitalDocumentPermission>",
            "<schema.org/image>",
            "<schema.org/name>",
            "<schema.org/url>",
            "isa:<schema.org/PresentationDigitalDocument>"
        ],
        "count": 8.0
    },
    {
        "pset": [
            "<schema.org/creator>",
            "<schema.org/datePublished>",
            "<schema.org/description>",
            "<schema.org/identifier>",
            "<schema.org/inLanguage>",
            "<schema.org/keywords>",
            "<schema.org/license>",
            "<schema.org/name>",
            "<schema.org/url>",
            "<schema.org/version>",
            "<schema.org/workFeatured>",
            "isa:<schema.org/PresentationDigitalDocument>"
        ],
        "count": 7.0
    },
    {
        "pset": [
            "<schema.org/creator>",
            "<schema.org/datePublished>",
            "<schema.org/description>",
            "<schema.org/identifier>",
            "<schema.org/keywords>",
            "<schema.org/license>",
            "<schema.org/name>",
            "<schema.org/url>",
            "<schema.org/version>",
            "isa:<schema.org/PresentationDigitalDocument>"
        ],
        "count": 6.0
    },
    {
        "pset": [
            "<schema.org/abstract>",
            "<schema.org/author>",
            "<schema.org/copyrightHolder>",
            "<schema.org/copyrightNotice>",
            "<schema.org/copyrightYear>",
            "<schema.org/datePublished>",
            "<schema.org/description>",
            "<schema.org/encoding>",
            "<schema.org/image>",
            "<schema.org/name>",
            "<schema.org/thumbnailUrl>",
            "isa:<schema.org/PresentationDigitalDocument>"
        ],
        "count": 5.0
    },
    {
        "pset": [
            "<schema.org/contributor>",
            "<schema.org/creator>",
            "<schema.org/datePublished>",
            "<schema.org/description>",
            "<schema.org/identifier>",
            "<schema.org/inLanguage>",
            "<schema.org/keywords>",
            "<schema.org/license>",
            "<schema.org/name>",
            "<schema.org/url>",
            "isa:<schema.org/PresentationDigitalDocument>"
        ],
        "count": 4.0
    },
    {
        "pset": [
            "<schema.org/author>",
            "<schema.org/copyrightHolder>",
            "<schema.org/copyrightYear>",
            "<schema.org/creator>",
            "<schema.org/dateModified>",
            "<schema.org/datePublished>",
            "<schema.org/image>",
            "<schema.org/inLanguage>",
            "<schema.org/mainEntityOfPage>",
            "<schema.org/publisher>",
            "<schema.org/url>",
            "isa:<schema.org/PresentationDigitalDocument>"
        ],
        "count": 4.0
    },
    {
        "pset": [
            "<schema.org/Keywords>",
            "<schema.org/associatedMedia>",
            "<schema.org/creator>",
            "<schema.org/datePublished>",
            "<schema.org/description>",
            "<schema.org/name>",
            "<schema.org/publisher>",
            "<schema.org/version>",
            "isa:<schema.org/PresentationDigitalDocument>"
        ],
        "count": 3.0
    },
    {
        "pset": [
            "<schema.org/contributor>",
            "<schema.org/creator>",
            "<schema.org/datePublished>",
            "<schema.org/description>",
            "<schema.org/identifier>",
            "<schema.org/inLanguage>",
            "<schema.org/keywords>",
            "<schema.org/license>",
            "<schema.org/name>",
            "<schema.org/url>",
            "<schema.org/workFeatured>",
            "isa:<schema.org/PresentationDigitalDocument>"
        ],
        "count": 3.0
    },
    {
        "pset": [
            "<schema.org/creator>",
            "<schema.org/datePublished>",
            "<schema.org/description>",
            "<schema.org/identifier>",
            "<schema.org/inLanguage>",
            "<schema.org/license>",
            "<schema.org/name>",
            "<schema.org/url>",
            "<schema.org/version>",
            "isa:<schema.org/PresentationDigitalDocument>"
        ],
        "count": 2.0
    },
    {
        "pset": [
            "<schema.org/name>",
            "isa:<schema.org/PresentationDigitalDocument>"
        ],
        "count": 2.0
    },
    {
        "pset": [
            "<schema.org/author>",
            "<schema.org/description>",
            "<schema.org/mainEntityOfPage>",
            "<schema.org/name>",
            "isa:<schema.org/PresentationDigitalDocument>"
        ],
        "count": 2.0
    },
    {
        "pset": [
            "<schema.org/citation>",
            "<schema.org/creator>",
            "<schema.org/datePublished>",
            "<schema.org/description>",
            "<schema.org/identifier>",
            "<schema.org/inLanguage>",
            "<schema.org/keywords>",
            "<schema.org/license>",
            "<schema.org/name>",
            "<schema.org/url>",
            "<schema.org/workFeatured>",
            "isa:<schema.org/PresentationDigitalDocument>"
        ],
        "count": 1.0
    },
    {
        "pset": [
            "<schema.org/author>",
            "<schema.org/description>",
            "<schema.org/mainEntityOfPage>",
            "<schema.org/name>",
            "<schema.org/url>",
            "isa:<schema.org/PresentationDigitalDocument>"
        ],
        "count": 1.0
    },
    {
        "pset": [
            "<schema.org/about>",
            "<schema.org/citation>",
            "<schema.org/creator>",
            "<schema.org/datePublished>",
            "<schema.org/description>",
            "<schema.org/identifier>",
            "<schema.org/inLanguage>",
            "<schema.org/keywords>",
            "<schema.org/license>",
            "<schema.org/name>",
            "<schema.org/url>",
            "<schema.org/version>",
            "<schema.org/workFeatured>",
            "isa:<schema.org/PresentationDigitalDocument>"
        ],
        "count": 1.0
    },
    {
        "pset": [
            "<schema.org/citation>",
            "<schema.org/contributor>",
            "<schema.org/creator>",
            "<schema.org/datePublished>",
            "<schema.org/description>",
            "<schema.org/identifier>",
            "<schema.org/keywords>",
            "<schema.org/license>",
            "<schema.org/name>",
            "<schema.org/url>",
            "<schema.org/workFeatured>",
            "isa:<schema.org/PresentationDigitalDocument>"
        ],
        "count": 1.0
    },
    {
        "pset": [
            "<schema.org/about>",
            "<schema.org/creator>",
            "<schema.org/datePublished>",
            "<schema.org/description>",
            "<schema.org/identifier>",
            "<schema.org/keywords>",
            "<schema.org/license>",
            "<schema.org/name>",
            "<schema.org/url>",
            "<schema.org/version>",
            "isa:<schema.org/PresentationDigitalDocument>"
        ],
        "count": 1.0
    },
    {
        "pset": [
            "<schema.org/Keywords>",
            "<schema.org/associatedMedia>",
            "<schema.org/creator>",
            "<schema.org/datePublished>",
            "<schema.org/description>",
            "<schema.org/inLanguage>",
            "<schema.org/name>",
            "<schema.org/version>",
            "isa:<schema.org/PresentationDigitalDocument>"
        ],
        "count": 1.0
    },
    {
        "pset": [
            "isa:<schema.org/CreativeWork>",
            "isa:<schema.org/PresentationDigitalDocument>"
        ],
        "count": 1.0
    },
    {
        "pset": [
            "<schema.org/about>",
            "<schema.org/creator>",
            "<schema.org/datePublished>",
            "<schema.org/description>",
            "<schema.org/identifier>",
            "<schema.org/inLanguage>",
            "<schema.org/keywords>",
            "<schema.org/license>",
            "<schema.org/name>",
            "<schema.org/url>",
            "<schema.org/workFeatured>",
            "isa:<schema.org/PresentationDigitalDocument>"
        ],
        "count": 1.0
    },
    {
        "pset": [
            "<schema.org/grantee>",
            "<schema.org/name>",
            "<schema.org/url>",
            "isa:<schema.org/PresentationDigitalDocument>"
        ],
        "count": 1.0
    },
    {
        "pset": [
            "<schema.org/citation>",
            "<schema.org/creator>",
            "<schema.org/datePublished>",
            "<schema.org/description>",
            "<schema.org/identifier>",
            "<schema.org/inLanguage>",
            "<schema.org/keywords>",
            "<schema.org/license>",
            "<schema.org/name>",
            "<schema.org/url>",
            "isa:<schema.org/PresentationDigitalDocument>"
        ],
        "count": 1.0
    },
    {
        "pset": [
            "<schema.org/citation>",
            "<schema.org/creator>",
            "<schema.org/datePublished>",
            "<schema.org/description>",
            "<schema.org/identifier>",
            "<schema.org/isPartOf>",
            "<schema.org/license>",
            "<schema.org/name>",
            "<schema.org/url>",
            "isa:<schema.org/PresentationDigitalDocument>"
        ],
        "count": 1.0
    },
    {
        "pset": [
            "<schema.org/creator>",
            "<schema.org/datePublished>",
            "<schema.org/description>",
            "<schema.org/identifier>",
            "<schema.org/inLanguage>",
            "<schema.org/license>",
            "<schema.org/name>",
            "<schema.org/url>",
            "<schema.org/version>",
            "<schema.org/workFeatured>",
            "isa:<schema.org/PresentationDigitalDocument>"
        ],
        "count": 1.0
    },
    {
        "pset": [
            "<schema.org/about>",
            "<schema.org/contributor>",
            "<schema.org/creator>",
            "<schema.org/datePublished>",
            "<schema.org/description>",
            "<schema.org/identifier>",
            "<schema.org/inLanguage>",
            "<schema.org/keywords>",
            "<schema.org/license>",
            "<schema.org/name>",
            "<schema.org/url>",
            "<schema.org/workFeatured>",
            "isa:<schema.org/PresentationDigitalDocument>"
        ],
        "count": 1.0
    },
    {
        "pset": [
            "<schema.org/Keywords>",
            "<schema.org/associatedMedia>",
            "<schema.org/creator>",
            "<schema.org/datePublished>",
            "<schema.org/description>",
            "<schema.org/name>",
            "<schema.org/version>",
            "isa:<schema.org/PresentationDigitalDocument>"
        ],
        "count": 1.0
    },
    {
        "pset": [
            "<schema.org/citation>",
            "<schema.org/creator>",
            "<schema.org/datePublished>",
            "<schema.org/description>",
            "<schema.org/identifier>",
            "<schema.org/keywords>",
            "<schema.org/license>",
            "<schema.org/name>",
            "<schema.org/url>",
            "<schema.org/workFeatured>",
            "isa:<schema.org/PresentationDigitalDocument>"
        ],
        "count": 1.0
    },
    {
        "pset": [
            "<schema.org/creator>",
            "<schema.org/datePublished>",
            "<schema.org/description>",
            "<schema.org/hasPart>",
            "<schema.org/identifier>",
            "<schema.org/keywords>",
            "<schema.org/license>",
            "<schema.org/name>",
            "<schema.org/url>",
            "isa:<schema.org/PresentationDigitalDocument>"
        ],
        "count": 1.0
    },
    {
        "pset": [
            "<schema.org/description>",
            "<schema.org/image>",
            "<schema.org/name>",
            "<schema.org/url>",
            "isa:<schema.org/PresentationDigitalDocument>"
        ],
        "count": 1.0
    },
    {
        "pset": [
            "<schema.org/creator>",
            "<schema.org/datePublished>",
            "<schema.org/description>",
            "<schema.org/identifier>",
            "<schema.org/inLanguage>",
            "<schema.org/name>",
            "<schema.org/url>",
            "isa:<schema.org/PresentationDigitalDocument>"
        ],
        "count": 1.0
    },
    {
        "pset": [
            "<schema.org/citation>",
            "<schema.org/contributor>",
            "<schema.org/creator>",
            "<schema.org/datePublished>",
            "<schema.org/description>",
            "<schema.org/identifier>",
            "<schema.org/inLanguage>",
            "<schema.org/keywords>",
            "<schema.org/license>",
            "<schema.org/name>",
            "<schema.org/url>",
            "<schema.org/workFeatured>",
            "isa:<schema.org/PresentationDigitalDocument>"
        ],
        "count": 1.0
    },
    {
        "pset": [
            "<schema.org/name>",
            "<schema.org/publisher>",
            "<schema.org/url>",
            "isa:<schema.org/PresentationDigitalDocument>"
        ],
        "count": 1.0
    },
    {
        "pset": [
            "<schema.org/Keywords>",
            "<schema.org/associatedMedia>",
            "<schema.org/creator>",
            "<schema.org/datePublished>",
            "<schema.org/description>",
            "<schema.org/isPartOf>",
            "<schema.org/name>",
            "<schema.org/publisher>",
            "<schema.org/version>",
            "isa:<schema.org/PresentationDigitalDocument>"
        ],
        "count": 1.0
    },
    {
        "pset": [
            "<schema.org/citation>",
            "<schema.org/contributor>",
            "<schema.org/creator>",
            "<schema.org/datePublished>",
            "<schema.org/description>",
            "<schema.org/identifier>",
            "<schema.org/inLanguage>",
            "<schema.org/keywords>",
            "<schema.org/license>",
            "<schema.org/name>",
            "<schema.org/url>",
            "<schema.org/version>",
            "<schema.org/workFeatured>",
            "isa:<schema.org/PresentationDigitalDocument>"
        ],
        "count": 1.0
    },
    {
        "pset": [
            "<schema.org/about>",
            "<schema.org/creator>",
            "<schema.org/datePublished>",
            "<schema.org/description>",
            "<schema.org/identifier>",
            "<schema.org/inLanguage>",
            "<schema.org/keywords>",
            "<schema.org/license>",
            "<schema.org/name>",
            "<schema.org/url>",
            "<schema.org/version>",
            "<schema.org/workFeatured>",
            "isa:<schema.org/PresentationDigitalDocument>"
        ],
        "count": 1.0
    },
    {
        "pset": [
            "<schema.org/citation>",
            "<schema.org/creator>",
            "<schema.org/datePublished>",
            "<schema.org/description>",
            "<schema.org/identifier>",
            "<schema.org/keywords>",
            "<schema.org/license>",
            "<schema.org/name>",
            "<schema.org/url>",
            "isa:<schema.org/PresentationDigitalDocument>"
        ],
        "count": 1.0
    }
]