[
    {
        "pset": [
            "<schema.org/logo>",
            "<schema.org/name>",
            "isa:<schema.org/ProductCollection>"
        ],
        "count": 2316.0
    },
    {
        "pset": [
            "<schema.org/abstract>",
            "<schema.org/alternativeHeadline>",
            "<schema.org/collectionSize>",
            "<schema.org/headline>",
            "<schema.org/image>",
            "<schema.org/includesObject>",
            "<schema.org/logo>",
            "<schema.org/name>",
            "<schema.org/productID>",
            "<schema.org/slogan>",
            "<schema.org/text>",
            "isa:<schema.org/ProductCollection>"
        ],
        "count": 2248.0
    },
    {
        "pset": [
            "isa:<schema.org/ProductCollection>"
        ],
        "count": 2053.0
    },
    {
        "pset": [
            "<schema.org/description>",
            "<schema.org/image>",
            "<schema.org/name>",
            "isa:<schema.org/ProductCollection>"
        ],
        "count": 1011.0
    },
    {
        "pset": [
            "<schema.org/mainEntity>",
            "<schema.org/name>",
            "<schema.org/url>",
            "isa:<schema.org/ProductCollection>"
        ],
        "count": 675.0
    },
    {
        "pset": [
            "<schema.org/sameAs>",
            "isa:<schema.org/ProductCollection>"
        ],
        "count": 606.0
    },
    {
        "pset": [
            "<schema.org/collectionSize>",
            "<schema.org/name>",
            "<schema.org/url>",
            "isa:<schema.org/ProductCollection>"
        ],
        "count": 568.0
    },
    {
        "pset": [
            "<schema.org/mainEntity>",
            "<schema.org/name>",
            "isa:<schema.org/ProductCollection>"
        ],
        "count": 423.0
    },
    {
        "pset": [
            "<schema.org/mainEntity>",
            "isa:<schema.org/ProductCollection>"
        ],
        "count": 372.0
    },
    {
        "pset": [
            "<schema.org/logo>",
            "<schema.org/name>",
            "<schema.org/slogan>",
            "isa:<schema.org/ProductCollection>"
        ],
        "count": 355.0
    },
    {
        "pset": [
            "<schema.org/brand>",
            "<schema.org/collectionSize>",
            "<schema.org/description>",
            "<schema.org/image>",
            "<schema.org/includesObject>",
            "<schema.org/name>",
            "isa:<schema.org/ProductCollection>"
        ],
        "count": 338.0
    },
    {
        "pset": [
            "<schema.org/name>",
            "isa:<schema.org/ProductCollection>"
        ],
        "count": 184.0
    },
    {
        "pset": [
            "<schema.org/collectionSize>",
            "<schema.org/description>",
            "<schema.org/name>",
            "<schema.org/url>",
            "isa:<schema.org/ProductCollection>"
        ],
        "count": 150.0
    },
    {
        "pset": [
            "<schema.org/identifier>",
            "<schema.org/image>",
            "<schema.org/name>",
            "isa:<schema.org/ProductCollection>"
        ],
        "count": 106.0
    },
    {
        "pset": [
            "<schema.org/collectionSize>",
            "<schema.org/description>",
            "<schema.org/image>",
            "<schema.org/name>",
            "<schema.org/url>",
            "isa:<schema.org/ProductCollection>"
        ],
        "count": 95.0
    },
    {
        "pset": [
            "<schema.org/headline>",
            "<schema.org/isPartOf>",
            "<schema.org/mainEntity>",
            "<schema.org/name>",
            "isa:<schema.org/ProductCollection>"
        ],
        "count": 79.0
    },
    {
        "pset": [
            "<schema.org/name>",
            "<schema.org/url>",
            "isa:<schema.org/ProductCollection>"
        ],
        "count": 72.0
    },
    {
        "pset": [
            "<schema.org/description>",
            "<schema.org/image>",
            "<schema.org/name>",
            "<schema.org/url>",
            "isa:<schema.org/ProductCollection>"
        ],
        "count": 58.0
    },
    {
        "pset": [
            "<schema.org/collectionSize>",
            "<schema.org/description>",
            "<schema.org/image>",
            "<schema.org/keywords>",
            "<schema.org/name>",
            "<schema.org/url>",
            "isa:<schema.org/ProductCollection>"
        ],
        "count": 53.0
    },
    {
        "pset": [
            "<schema.org/keywords>",
            "<schema.org/name>",
            "<schema.org/url>",
            "isa:<schema.org/ProductCollection>"
        ],
        "count": 49.0
    },
    {
        "pset": [
            "<schema.org/abstract>",
            "<schema.org/alternativeHeadline>",
            "<schema.org/headline>",
            "<schema.org/image>",
            "<schema.org/includesObject>",
            "<schema.org/logo>",
            "<schema.org/name>",
            "<schema.org/productID>",
            "<schema.org/slogan>",
            "<schema.org/text>",
            "isa:<schema.org/ProductCollection>"
        ],
        "count": 48.0
    },
    {
        "pset": [
            "<schema.org/collectionSize>",
            "<schema.org/image>",
            "<schema.org/name>",
            "<schema.org/url>",
            "isa:<schema.org/ProductCollection>"
        ],
        "count": 47.0
    },
    {
        "pset": [
            "<schema.org/brand>",
            "<schema.org/description>",
            "<schema.org/gtin>",
            "<schema.org/image>",
            "<schema.org/name>",
            "<schema.org/offers>",
            "<schema.org/sku>",
            "isa:<schema.org/ProductCollection>"
        ],
        "count": 47.0
    },
    {
        "pset": [
            "<schema.org/brand>",
            "<schema.org/description>",
            "<schema.org/image>",
            "<schema.org/includesObject>",
            "<schema.org/name>",
            "<schema.org/provider>",
            "isa:<schema.org/ProductCollection>"
        ],
        "count": 40.0
    },
    {
        "pset": [
            "<schema.org/description>",
            "<schema.org/image>",
            "<schema.org/name>",
            "<schema.org/offers>",
            "<schema.org/potentialAction>",
            "<schema.org/url>",
            "isa:<schema.org/ProductCollection>"
        ],
        "count": 35.0
    },
    {
        "pset": [
            "<schema.org/audience>",
            "<schema.org/category>",
            "<schema.org/description>",
            "<schema.org/itemCondition>",
            "<schema.org/keywords>",
            "<schema.org/name>",
            "<schema.org/provider>",
            "<schema.org/url>",
            "isa:<schema.org/ProductCollection>"
        ],
        "count": 31.0
    },
    {
        "pset": [
            "<schema.org/itemListElement>",
            "<schema.org/numberOfItems>",
            "<schema.org/url>",
            "isa:<schema.org/ProductCollection>"
        ],
        "count": 27.0
    },
    {
        "pset": [
            "<schema.org/brand>",
            "<schema.org/description>",
            "<schema.org/name>",
            "isa:<schema.org/ProductCollection>"
        ],
        "count": 25.0
    },
    {
        "pset": [
            "<schema.org/about>",
            "<schema.org/description>",
            "<schema.org/mainEntity>",
            "<schema.org/name>",
            "<schema.org/url>",
            "isa:<schema.org/ProductCollection>"
        ],
        "count": 24.0
    },
    {
        "pset": [
            "<schema.org/about>",
            "<schema.org/description>",
            "<schema.org/mainEntity>",
            "<schema.org/url>",
            "isa:<schema.org/ProductCollection>"
        ],
        "count": 23.0
    },
    {
        "pset": [
            "<schema.org/brand>",
            "<schema.org/description>",
            "<schema.org/image>",
            "<schema.org/name>",
            "<schema.org/url>",
            "isa:<schema.org/ProductCollection>"
        ],
        "count": 23.0
    },
    {
        "pset": [
            "<schema.org/aggregateRating>",
            "<schema.org/name>",
            "isa:<schema.org/ProductCollection>"
        ],
        "count": 22.0
    },
    {
        "pset": [
            "<schema.org/description>",
            "<schema.org/name>",
            "isa:<schema.org/ProductCollection>"
        ],
        "count": 21.0
    },
    {
        "pset": [
            "<schema.org/about>",
            "<schema.org/abstract>",
            "<schema.org/aggregateRating>",
            "<schema.org/brand>",
            "<schema.org/category>",
            "<schema.org/creator>",
            "<schema.org/description>",
            "<schema.org/keywords>",
            "<schema.org/name>",
            "<schema.org/provider>",
            "isa:<schema.org/ProductCollection>"
        ],
        "count": 21.0
    },
    {
        "pset": [
            "<schema.org/description>",
            "<schema.org/image>",
            "<schema.org/name>",
            "<schema.org/offers>",
            "isa:<schema.org/ProductCollection>"
        ],
        "count": 19.0
    },
    {
        "pset": [
            "<schema.org/description>",
            "<schema.org/headline>",
            "isa:<schema.org/ProductCollection>"
        ],
        "count": 17.0
    },
    {
        "pset": [
            "<schema.org/audience>",
            "<schema.org/brand>",
            "<schema.org/category>",
            "<schema.org/description>",
            "<schema.org/itemCondition>",
            "<schema.org/keywords>",
            "<schema.org/name>",
            "<schema.org/provider>",
            "<schema.org/releaseDate>",
            "<schema.org/url>",
            "isa:<schema.org/ProductCollection>"
        ],
        "count": 16.0
    },
    {
        "pset": [
            "<schema.org/aggregateRating>",
            "<schema.org/brand>",
            "<schema.org/name>",
            "<schema.org/url>",
            "isa:<schema.org/ProductCollection>"
        ],
        "count": 15.0
    },
    {
        "pset": [
            "<schema.org/audience>",
            "<schema.org/brand>",
            "<schema.org/category>",
            "<schema.org/description>",
            "<schema.org/image>",
            "<schema.org/itemCondition>",
            "<schema.org/keywords>",
            "<schema.org/name>",
            "<schema.org/provider>",
            "<schema.org/releaseDate>",
            "<schema.org/url>",
            "isa:<schema.org/ProductCollection>"
        ],
        "count": 12.0
    },
    {
        "pset": [
            "<schema.org/brand>",
            "<schema.org/description>",
            "<schema.org/gtin>",
            "<schema.org/name>",
            "<schema.org/offers>",
            "<schema.org/sku>",
            "isa:<schema.org/ProductCollection>"
        ],
        "count": 11.0
    },
    {
        "pset": [
            "<schema.org/aggregateRating>",
            "<schema.org/description>",
            "<schema.org/image>",
            "<schema.org/name>",
            "<schema.org/potentialAction>",
            "<schema.org/url>",
            "isa:<schema.org/ProductCollection>"
        ],
        "count": 9.0
    },
    {
        "pset": [
            "<schema.org/aggregateRating>",
            "<schema.org/brand>",
            "<schema.org/description>",
            "<schema.org/name>",
            "<schema.org/url>",
            "isa:<schema.org/ProductCollection>"
        ],
        "count": 8.0
    },
    {
        "pset": [
            "<schema.org/image>",
            "<schema.org/logo>",
            "<schema.org/name>",
            "<schema.org/url>",
            "isa:<schema.org/ProductCollection>"
        ],
        "count": 8.0
    },
    {
        "pset": [
            "<schema.org/description>",
            "<schema.org/name>",
            "<schema.org/offers>",
            "isa:<schema.org/ProductCollection>"
        ],
        "count": 8.0
    },
    {
        "pset": [
            "<schema.org/about>",
            "<schema.org/description>",
            "<schema.org/image>",
            "<schema.org/mainEntity>",
            "<schema.org/url>",
            "isa:<schema.org/ProductCollection>"
        ],
        "count": 8.0
    },
    {
        "pset": [
            "<schema.org/aggregateRating>",
            "<schema.org/brand>",
            "<schema.org/description>",
            "<schema.org/image>",
            "<schema.org/name>",
            "<schema.org/url>",
            "isa:<schema.org/ProductCollection>"
        ],
        "count": 7.0
    },
    {
        "pset": [
            "<schema.org/about>",
            "<schema.org/description>",
            "<schema.org/image>",
            "<schema.org/mainEntity>",
            "<schema.org/name>",
            "<schema.org/url>",
            "isa:<schema.org/ProductCollection>"
        ],
        "count": 7.0
    },
    {
        "pset": [
            "<schema.org/brand>",
            "<schema.org/description>",
            "<schema.org/image>",
            "<schema.org/name>",
            "<schema.org/offers>",
            "isa:<schema.org/ProductCollection>"
        ],
        "count": 7.0
    },
    {
        "pset": [
            "<schema.org/brand>",
            "<schema.org/collectionSize>",
            "<schema.org/description>",
            "<schema.org/gtin>",
            "<schema.org/name>",
            "<schema.org/offers>",
            "<schema.org/url>",
            "isa:<schema.org/ProductCollection>"
        ],
        "count": 6.0
    },
    {
        "pset": [
            "<schema.org/brand>",
            "<schema.org/collectionSize>",
            "<schema.org/description>",
            "<schema.org/name>",
            "<schema.org/offers>",
            "<schema.org/url>",
            "isa:<schema.org/ProductCollection>"
        ],
        "count": 6.0
    },
    {
        "pset": [
            "<schema.org/audience>",
            "<schema.org/brand>",
            "<schema.org/category>",
            "<schema.org/collectionSize>",
            "<schema.org/description>",
            "<schema.org/image>",
            "<schema.org/itemCondition>",
            "<schema.org/keywords>",
            "<schema.org/name>",
            "<schema.org/provider>",
            "<schema.org/releaseDate>",
            "<schema.org/url>",
            "isa:<schema.org/ProductCollection>"
        ],
        "count": 6.0
    },
    {
        "pset": [
            "<schema.org/image>",
            "<schema.org/name>",
            "isa:<schema.org/ProductCollection>"
        ],
        "count": 5.0
    },
    {
        "pset": [
            "<schema.org/aggregateRating>",
            "<schema.org/author>",
            "<schema.org/brand>",
            "<schema.org/collectionSize>",
            "<schema.org/comment>",
            "<schema.org/description>",
            "<schema.org/image>",
            "<schema.org/mpn>",
            "<schema.org/name>",
            "<schema.org/publisher>",
            "<schema.org/sku>",
            "isa:<schema.org/ProductCollection>"
        ],
        "count": 5.0
    },
    {
        "pset": [
            "<schema.org/brand>",
            "<schema.org/category>",
            "<schema.org/description>",
            "<schema.org/image>",
            "<schema.org/name>",
            "<schema.org/url>",
            "isa:<schema.org/ProductCollection>"
        ],
        "count": 5.0
    },
    {
        "pset": [
            "<schema.org/collectionSize>",
            "<schema.org/description>",
            "<schema.org/name>",
            "isa:<schema.org/ProductCollection>"
        ],
        "count": 5.0
    },
    {
        "pset": [
            "<schema.org/alternativeHeadline>",
            "<schema.org/brand>",
            "<schema.org/collectionSize>",
            "<schema.org/description>",
            "<schema.org/headline>",
            "<schema.org/image>",
            "<schema.org/mainEntityOfPage>",
            "<schema.org/mentions>",
            "<schema.org/name>",
            "<schema.org/url>",
            "isa:<schema.org/ProductCollection>"
        ],
        "count": 5.0
    },
    {
        "pset": [
            "<schema.org/brand>",
            "<schema.org/collectionSize>",
            "<schema.org/description>",
            "<schema.org/image>",
            "<schema.org/name>",
            "isa:<schema.org/ProductCollection>"
        ],
        "count": 5.0
    },
    {
        "pset": [
            "<schema.org/brand>",
            "<schema.org/description>",
            "<schema.org/logo>",
            "<schema.org/name>",
            "<schema.org/offers>",
            "<schema.org/potentialAction>",
            "<schema.org/url>",
            "isa:<schema.org/ProductCollection>"
        ],
        "count": 5.0
    },
    {
        "pset": [
            "<schema.org/brand>",
            "<schema.org/category>",
            "<schema.org/description>",
            "<schema.org/image>",
            "<schema.org/name>",
            "<schema.org/offers>",
            "<schema.org/url>",
            "isa:<schema.org/ProductCollection>"
        ],
        "count": 4.0
    },
    {
        "pset": [
            "<schema.org/brand>",
            "<schema.org/description>",
            "<schema.org/image>",
            "<schema.org/includesObject>",
            "<schema.org/isRelatedTo>",
            "<schema.org/name>",
            "<schema.org/provider>",
            "<schema.org/review>",
            "isa:<schema.org/ProductCollection>"
        ],
        "count": 4.0
    },
    {
        "pset": [
            "<schema.org/description>",
            "<schema.org/image>",
            "<schema.org/name>",
            "<schema.org/potentialAction>",
            "<schema.org/url>",
            "isa:<schema.org/ProductCollection>"
        ],
        "count": 4.0
    },
    {
        "pset": [
            "<schema.org/URL>",
            "<schema.org/brand>",
            "<schema.org/category>",
            "<schema.org/description>",
            "<schema.org/image>",
            "<schema.org/includesObject>",
            "<schema.org/provider>",
            "isa:<schema.org/ProductCollection>"
        ],
        "count": 4.0
    },
    {
        "pset": [
            "<schema.org/countryOfOrigin>",
            "<schema.org/description>",
            "<schema.org/image>",
            "<schema.org/name>",
            "<schema.org/potentialAction>",
            "<schema.org/producer>",
            "<schema.org/url>",
            "isa:<schema.org/ProductCollection>"
        ],
        "count": 4.0
    },
    {
        "pset": [
            "<schema.org/brand>",
            "<schema.org/category>",
            "<schema.org/description>",
            "<schema.org/image>",
            "<schema.org/logo>",
            "<schema.org/name>",
            "<schema.org/thumbnailUrl>",
            "<schema.org/url>",
            "isa:<schema.org/ProductCollection>"
        ],
        "count": 3.0
    },
    {
        "pset": [
            "<schema.org/about>",
            "<schema.org/brand>",
            "<schema.org/description>",
            "<schema.org/image>",
            "<schema.org/mainEntityOfPage>",
            "<schema.org/name>",
            "<schema.org/sourceOrganization>",
            "<schema.org/url>",
            "isa:<schema.org/ProductCollection>"
        ],
        "count": 3.0
    },
    {
        "pset": [
            "<schema.org/collectionSize>",
            "<schema.org/name>",
            "isa:<schema.org/ProductCollection>"
        ],
        "count": 3.0
    },
    {
        "pset": [
            "<schema.org/brand>",
            "<schema.org/description>",
            "<schema.org/image>",
            "<schema.org/includesObject>",
            "<schema.org/name>",
            "isa:<schema.org/ProductCollection>"
        ],
        "count": 3.0
    },
    {
        "pset": [
            "<schema.org/brand>",
            "<schema.org/collectionSize>",
            "<schema.org/description>",
            "<schema.org/gtin>",
            "<schema.org/image>",
            "<schema.org/name>",
            "<schema.org/offers>",
            "<schema.org/url>",
            "isa:<schema.org/ProductCollection>"
        ],
        "count": 2.0
    },
    {
        "pset": [
            "<schema.org/brand>",
            "<schema.org/description>",
            "<schema.org/hasMerchantReturnPolicy>",
            "<schema.org/name>",
            "isa:<schema.org/ProductCollection>"
        ],
        "count": 2.0
    },
    {
        "pset": [
            "<schema.org/description>",
            "<schema.org/headline>",
            "<schema.org/image>",
            "isa:<schema.org/ProductCollection>"
        ],
        "count": 2.0
    },
    {
        "pset": [
            "<schema.org/brand>",
            "<schema.org/description>",
            "<schema.org/image>",
            "<schema.org/name>",
            "<schema.org/offers>",
            "<schema.org/url>",
            "isa:<schema.org/ProductCollection>"
        ],
        "count": 2.0
    },
    {
        "pset": [
            "<schema.org/category>",
            "<schema.org/description>",
            "<schema.org/image>",
            "<schema.org/name>",
            "<schema.org/offers>",
            "<schema.org/url>",
            "isa:<schema.org/ProductCollection>"
        ],
        "count": 2.0
    },
    {
        "pset": [
            "<schema.org/includesObject>",
            "isa:<schema.org/ProductCollection>"
        ],
        "count": 2.0
    },
    {
        "pset": [
            "<schema.org/brand>",
            "<schema.org/category>",
            "<schema.org/description>",
            "<schema.org/logo>",
            "<schema.org/name>",
            "<schema.org/thumbnailUrl>",
            "<schema.org/url>",
            "isa:<schema.org/ProductCollection>"
        ],
        "count": 2.0
    },
    {
        "pset": [
            "<schema.org/author>",
            "<schema.org/description>",
            "<schema.org/name>",
            "<schema.org/sourceOrganization>",
            "isa:<schema.org/ProductCollection>"
        ],
        "count": 2.0
    },
    {
        "pset": [
            "<schema.org/description>",
            "<schema.org/headline>",
            "<schema.org/url>",
            "isa:<schema.org/ProductCollection>"
        ],
        "count": 2.0
    },
    {
        "pset": [
            "<schema.org/brand>",
            "<schema.org/collectionSize>",
            "<schema.org/description>",
            "<schema.org/image>",
            "<schema.org/name>",
            "<schema.org/offers>",
            "<schema.org/url>",
            "isa:<schema.org/ProductCollection>"
        ],
        "count": 1.0
    },
    {
        "pset": [
            "<schema.org/description>",
            "<schema.org/name>",
            "<schema.org/url>",
            "isa:<schema.org/ProductCollection>"
        ],
        "count": 1.0
    },
    {
        "pset": [
            "<schema.org/collectionSize>",
            "<schema.org/copyrightHolder>",
            "<schema.org/dateModified>",
            "<schema.org/datePublished>",
            "<schema.org/headline>",
            "<schema.org/keywords>",
            "<schema.org/publisher>",
            "<schema.org/url>",
            "isa:<schema.org/ProductCollection>"
        ],
        "count": 1.0
    },
    {
        "pset": [
            "<schema.org/description>",
            "<schema.org/image>",
            "<schema.org/mainEntityOfPage>",
            "<schema.org/name>",
            "<schema.org/url>",
            "isa:<schema.org/ProductCollection>"
        ],
        "count": 1.0
    },
    {
        "pset": [
            "<schema.org/description>",
            "<schema.org/headline>",
            "<schema.org/image>",
            "<schema.org/logo>",
            "<schema.org/name>",
            "<schema.org/text>",
            "<schema.org/url>",
            "isa:<schema.org/ProductCollection>"
        ],
        "count": 1.0
    },
    {
        "pset": [
            "<schema.org/about>",
            "<schema.org/mainEntity>",
            "<schema.org/url>",
            "isa:<schema.org/ProductCollection>"
        ],
        "count": 1.0
    },
    {
        "pset": [
            "<schema.org/aggregateRating>",
            "<schema.org/description>",
            "<schema.org/name>",
            "<schema.org/potentialAction>",
            "<schema.org/url>",
            "isa:<schema.org/ProductCollection>"
        ],
        "count": 1.0
    },
    {
        "pset": [
            "<schema.org/brand>",
            "<schema.org/category>",
            "<schema.org/collectionSize>",
            "<schema.org/countryOfOrigin>",
            "<schema.org/description>",
            "<schema.org/image>",
            "<schema.org/name>",
            "isa:<schema.org/ProductCollection>"
        ],
        "count": 1.0
    },
    {
        "pset": [
            "<schema.org/brand>",
            "<schema.org/description>",
            "<schema.org/image>",
            "<schema.org/mainEntityOfPage>",
            "<schema.org/name>",
            "<schema.org/sourceOrganization>",
            "<schema.org/url>",
            "isa:<schema.org/ProductCollection>"
        ],
        "count": 1.0
    },
    {
        "pset": [
            "<schema.org/audience>",
            "<schema.org/category>",
            "<schema.org/description>",
            "<schema.org/itemCondition>",
            "<schema.org/keywords>",
            "<schema.org/name>",
            "<schema.org/releaseDate>",
            "<schema.org/url>",
            "isa:<schema.org/ProductCollection>"
        ],
        "count": 1.0
    },
    {
        "pset": [
            "<schema.org/about>",
            "<schema.org/brand>",
            "<schema.org/description>",
            "<schema.org/image>",
            "<schema.org/name>",
            "<schema.org/sourceOrganization>",
            "<schema.org/url>",
            "isa:<schema.org/ProductCollection>"
        ],
        "count": 1.0
    },
    {
        "pset": [
            "<schema.org/brand>",
            "<schema.org/mainEntity>",
            "<schema.org/name>",
            "isa:<schema.org/ProductCollection>"
        ],
        "count": 1.0
    },
    {
        "pset": [
            "<schema.org/aggregateRating>",
            "<schema.org/description>",
            "<schema.org/image>",
            "<schema.org/mainEntity>",
            "<schema.org/name>",
            "<schema.org/url>",
            "isa:<schema.org/ProductCollection>"
        ],
        "count": 1.0
    }
]