[
    {
        "pset": [
            "<schema.org/valueName>",
            "<schema.org/valueRequired>",
            "isa:<schema.org/PropertyValueSpecification>"
        ],
        "count": 803335.0
    },
    {
        "pset": [
            "<schema.org/valueMaxlength>",
            "<schema.org/valueName>",
            "<schema.org/valueRequired>",
            "isa:<schema.org/PropertyValueSpecification>"
        ],
        "count": 206239.0
    },
    {
        "pset": [
            "<schema.org/multipleValues>",
            "<schema.org/readonlyValue>",
            "<schema.org/valueName>",
            "<schema.org/valueRequired>",
            "isa:<schema.org/PropertyValueSpecification>"
        ],
        "count": 43727.0
    },
    {
        "pset": [
            "<schema.org/valueName>",
            "isa:<schema.org/PropertyValueSpecification>"
        ],
        "count": 37921.0
    },
    {
        "pset": [
            "<schema.org/defaultValue>",
            "<schema.org/valueName>",
            "isa:<schema.org/PropertyValueSpecification>"
        ],
        "count": 16075.0
    },
    {
        "pset": [
            "<schema.org/ValueName>",
            "<schema.org/valueRequired>",
            "isa:<schema.org/PropertyValueSpecification>"
        ],
        "count": 9814.0
    },
    {
        "pset": [
            "<schema.org/valueMaxLength>",
            "<schema.org/valueName>",
            "<schema.org/valueRequired>",
            "isa:<schema.org/PropertyValueSpecification>"
        ],
        "count": 4975.0
    },
    {
        "pset": [
            "<schema.org/defaultValue>",
            "<schema.org/valueName>",
            "<schema.org/valueRequired>",
            "isa:<schema.org/PropertyValueSpecification>"
        ],
        "count": 3776.0
    },
    {
        "pset": [
            "<schema.org/defaultValue>",
            "<schema.org/valueName>",
            "<schema.org/valuePattern>",
            "<schema.org/valueRequired>",
            "isa:<schema.org/PropertyValueSpecification>"
        ],
        "count": 2342.0
    },
    {
        "pset": [
            "<schema.org/valueMinLength>",
            "<schema.org/valueName>",
            "<schema.org/valueRequired>",
            "isa:<schema.org/PropertyValueSpecification>"
        ],
        "count": 195.0
    },
    {
        "pset": [
            "<schema.org/placeholder>",
            "<schema.org/valueMaxlength>",
            "<schema.org/valueName>",
            "<schema.org/valueRequired>",
            "isa:<schema.org/PropertyValueSpecification>"
        ],
        "count": 139.0
    },
    {
        "pset": [
            "<schema.org/valueName>",
            "<schema.org/valuePattern>",
            "<schema.org/valueRequired>",
            "isa:<schema.org/PropertyValueSpecification>"
        ],
        "count": 52.0
    },
    {
        "pset": [
            "<schema.org/valueMaxlength>",
            "<schema.org/valueMinlength>",
            "<schema.org/valueName>",
            "<schema.org/valuePattern>",
            "<schema.org/valueRequired>",
            "isa:<schema.org/PropertyValueSpecification>"
        ],
        "count": 43.0
    },
    {
        "pset": [
            "<schema.org/valueMaxlength>",
            "<schema.org/valueMinlength>",
            "<schema.org/valueName>",
            "<schema.org/valueRequired>",
            "isa:<schema.org/PropertyValueSpecification>"
        ],
        "count": 35.0
    },
    {
        "pset": [
            "<schema.org/description>",
            "<schema.org/image>",
            "<schema.org/mainEntityOfPage>",
            "<schema.org/name>",
            "<schema.org/url>",
            "isa:<schema.org/PropertyValueSpecification>"
        ],
        "count": 33.0
    },
    {
        "pset": [
            "<schema.org/valueRequired>",
            "isa:<schema.org/PropertyValueSpecification>"
        ],
        "count": 21.0
    },
    {
        "pset": [
            "<schema.org/valueMaxlength>",
            "<schema.org/valueName>",
            "<schema.org/valuePattern>",
            "<schema.org/valueRequired>",
            "isa:<schema.org/PropertyValueSpecification>"
        ],
        "count": 4.0
    },
    {
        "pset": [
            "<schema.org/name>",
            "isa:<schema.org/PropertyValueSpecification>"
        ],
        "count": 2.0
    }
]