[
    {
        "pset": [
            "<schema.org/description>",
            "<schema.org/image>",
            "<schema.org/name>",
            "isa:<schema.org/Property>"
        ],
        "count": 1510.0
    },
    {
        "pset": [
            "<schema.org/address>",
            "<schema.org/containsPlace>",
            "<schema.org/description>",
            "<schema.org/geo>",
            "<schema.org/image>",
            "<schema.org/name>",
            "<schema.org/photo>",
            "<schema.org/url>",
            "isa:<schema.org/Place>",
            "isa:<schema.org/Property>"
        ],
        "count": 1094.0
    },
    {
        "pset": [
            "<schema.org/address>",
            "<schema.org/description>",
            "<schema.org/floorSize>",
            "<schema.org/geo>",
            "<schema.org/image>",
            "<schema.org/name>",
            "<schema.org/numberOfBathroomsTotal>",
            "<schema.org/numberOfBedrooms>",
            "<schema.org/photo>",
            "<schema.org/tourBookingPage>",
            "<schema.org/url>",
            "<schema.org/yearBuilt>",
            "isa:<schema.org/House>",
            "isa:<schema.org/Property>"
        ],
        "count": 792.0
    },
    {
        "pset": [
            "<schema.org/dateModified>",
            "<schema.org/headline>",
            "isa:<schema.org/Property>"
        ],
        "count": 444.0
    },
    {
        "pset": [
            "<schema.org/address>",
            "<schema.org/containedInPlace>",
            "<schema.org/description>",
            "<schema.org/floorSize>",
            "<schema.org/geo>",
            "<schema.org/image>",
            "<schema.org/name>",
            "<schema.org/numberOfBathroomsTotal>",
            "<schema.org/numberOfBedrooms>",
            "<schema.org/petsAllowed>",
            "<schema.org/photo>",
            "<schema.org/tourBookingPage>",
            "<schema.org/url>",
            "<schema.org/yearBuilt>",
            "isa:<schema.org/Apartment>",
            "isa:<schema.org/Property>"
        ],
        "count": 320.0
    },
    {
        "pset": [
            "<schema.org/propertyId>",
            "<schema.org/value>",
            "isa:<schema.org/Property>"
        ],
        "count": 297.0
    },
    {
        "pset": [
            "<schema.org/address>",
            "<schema.org/description>",
            "<schema.org/floorSize>",
            "<schema.org/geo>",
            "<schema.org/image>",
            "<schema.org/name>",
            "<schema.org/numberOfBathroomsTotal>",
            "<schema.org/numberOfBedrooms>",
            "<schema.org/photo>",
            "<schema.org/tourBookingPage>",
            "<schema.org/url>",
            "<schema.org/yearBuilt>",
            "isa:<schema.org/Apartment>",
            "isa:<schema.org/Property>"
        ],
        "count": 225.0
    },
    {
        "pset": [
            "<schema.org/address>",
            "<schema.org/containedInPlace>",
            "<schema.org/description>",
            "<schema.org/floorSize>",
            "<schema.org/geo>",
            "<schema.org/image>",
            "<schema.org/name>",
            "<schema.org/numberOfBathroomsTotal>",
            "<schema.org/numberOfBedrooms>",
            "<schema.org/photo>",
            "<schema.org/tourBookingPage>",
            "<schema.org/url>",
            "<schema.org/yearBuilt>",
            "isa:<schema.org/Apartment>",
            "isa:<schema.org/Property>"
        ],
        "count": 209.0
    },
    {
        "pset": [
            "<schema.org/description>",
            "<schema.org/identifier>",
            "<schema.org/image>",
            "<schema.org/minPrice>",
            "<schema.org/name>",
            "isa:<schema.org/Property>"
        ],
        "count": 79.0
    },
    {
        "pset": [
            "<schema.org/name>",
            "isa:<schema.org/Property>"
        ],
        "count": 73.0
    },
    {
        "pset": [
            "<schema.org/dateModified>",
            "<schema.org/datePublished>",
            "<schema.org/description>",
            "isa:<schema.org/Property>"
        ],
        "count": 41.0
    },
    {
        "pset": [
            "<schema.org/description>",
            "<schema.org/identifier>",
            "<schema.org/image>",
            "<schema.org/name>",
            "isa:<schema.org/Property>"
        ],
        "count": 40.0
    },
    {
        "pset": [
            "<schema.org/description>",
            "<schema.org/image>",
            "<schema.org/name>",
            "<schema.org/url>",
            "isa:<schema.org/Property>"
        ],
        "count": 36.0
    },
    {
        "pset": [
            "<schema.org/description>",
            "isa:<schema.org/Property>"
        ],
        "count": 34.0
    },
    {
        "pset": [
            "<schema.org/address>",
            "<schema.org/aggregateRating>",
            "<schema.org/brand>",
            "<schema.org/description>",
            "<schema.org/geo>",
            "<schema.org/image>",
            "<schema.org/mpn>",
            "<schema.org/name>",
            "<schema.org/numberOfRooms>",
            "<schema.org/offers>",
            "<schema.org/photo>",
            "<schema.org/sku>",
            "<schema.org/url>",
            "isa:<schema.org/Product>",
            "isa:<schema.org/Property>",
            "isa:<schema.org/SingleFamilyResidence>"
        ],
        "count": 24.0
    },
    {
        "pset": [
            "<schema.org/description>",
            "<schema.org/domainIncludes>",
            "<schema.org/name>",
            "<schema.org/rangeIncludes>",
            "<schema.org/subjectOf>",
            "<schema.org/url>",
            "isa:<schema.org/Property>"
        ],
        "count": 14.0
    },
    {
        "pset": [
            "<schema.org/address>",
            "<schema.org/description>",
            "<schema.org/image>",
            "<schema.org/name>",
            "<schema.org/priceRange>",
            "<schema.org/starRating>",
            "<schema.org/telephone>",
            "isa:<schema.org/Property>"
        ],
        "count": 13.0
    },
    {
        "pset": [
            "<schema.org/address>",
            "<schema.org/aggregateRating>",
            "<schema.org/brand>",
            "<schema.org/description>",
            "<schema.org/geo>",
            "<schema.org/image>",
            "<schema.org/mpn>",
            "<schema.org/name>",
            "<schema.org/numberOfRooms>",
            "<schema.org/photo>",
            "<schema.org/sku>",
            "<schema.org/url>",
            "isa:<schema.org/Product>",
            "isa:<schema.org/Property>",
            "isa:<schema.org/SingleFamilyResidence>"
        ],
        "count": 13.0
    },
    {
        "pset": [
            "<schema.org/address>",
            "<schema.org/aggregateRating>",
            "<schema.org/brand>",
            "<schema.org/description>",
            "<schema.org/geo>",
            "<schema.org/image>",
            "<schema.org/mpn>",
            "<schema.org/name>",
            "<schema.org/offers>",
            "<schema.org/photo>",
            "<schema.org/sku>",
            "<schema.org/url>",
            "isa:<schema.org/Product>",
            "isa:<schema.org/Property>",
            "isa:<schema.org/SingleFamilyResidence>"
        ],
        "count": 6.0
    },
    {
        "pset": [
            "<schema.org/address>",
            "<schema.org/description>",
            "<schema.org/name>",
            "<schema.org/priceRange>",
            "<schema.org/starRating>",
            "<schema.org/telephone>",
            "isa:<schema.org/Property>"
        ],
        "count": 6.0
    },
    {
        "pset": [
            "<schema.org/address>",
            "<schema.org/aggregateRating>",
            "<schema.org/brand>",
            "<schema.org/description>",
            "<schema.org/geo>",
            "<schema.org/image>",
            "<schema.org/mpn>",
            "<schema.org/name>",
            "<schema.org/photo>",
            "<schema.org/sku>",
            "<schema.org/url>",
            "isa:<schema.org/Product>",
            "isa:<schema.org/Property>",
            "isa:<schema.org/SingleFamilyResidence>"
        ],
        "count": 5.0
    },
    {
        "pset": [
            "<schema.org/address>",
            "<schema.org/containedInPlace>",
            "<schema.org/description>",
            "<schema.org/floorSize>",
            "<schema.org/geo>",
            "<schema.org/image>",
            "<schema.org/name>",
            "<schema.org/numberOfBathroomsTotal>",
            "<schema.org/numberOfBedrooms>",
            "<schema.org/petsAllowed>",
            "<schema.org/photo>",
            "<schema.org/tourBookingPage>",
            "<schema.org/url>",
            "<schema.org/yearBuilt>",
            "isa:<schema.org/House>",
            "isa:<schema.org/Property>"
        ],
        "count": 5.0
    },
    {
        "pset": [
            "<schema.org/address>",
            "<schema.org/containedInPlace>",
            "<schema.org/description>",
            "<schema.org/floorSize>",
            "<schema.org/geo>",
            "<schema.org/image>",
            "<schema.org/name>",
            "<schema.org/numberOfBathroomsTotal>",
            "<schema.org/petsAllowed>",
            "<schema.org/photo>",
            "<schema.org/tourBookingPage>",
            "<schema.org/url>",
            "<schema.org/yearBuilt>",
            "isa:<schema.org/Apartment>",
            "isa:<schema.org/Property>"
        ],
        "count": 3.0
    },
    {
        "pset": [
            "<schema.org/address>",
            "<schema.org/description>",
            "<schema.org/image>",
            "<schema.org/name>",
            "<schema.org/starRating>",
            "<schema.org/telephone>",
            "isa:<schema.org/Property>"
        ],
        "count": 3.0
    },
    {
        "pset": [
            "<schema.org/address>",
            "<schema.org/description>",
            "<schema.org/floorSize>",
            "<schema.org/geo>",
            "<schema.org/image>",
            "<schema.org/name>",
            "<schema.org/numberOfBedrooms>",
            "<schema.org/photo>",
            "<schema.org/tourBookingPage>",
            "<schema.org/url>",
            "<schema.org/yearBuilt>",
            "isa:<schema.org/House>",
            "isa:<schema.org/Property>"
        ],
        "count": 3.0
    },
    {
        "pset": [
            "<schema.org/description>",
            "<schema.org/name>",
            "<schema.org/subjectOf>",
            "<schema.org/url>",
            "isa:<schema.org/Property>"
        ],
        "count": 3.0
    },
    {
        "pset": [
            "<schema.org/name>",
            "<schema.org/subjectOf>",
            "<schema.org/url>",
            "isa:<schema.org/Property>"
        ],
        "count": 2.0
    },
    {
        "pset": [
            "<schema.org/code>",
            "<schema.org/description>",
            "<schema.org/image>",
            "<schema.org/name>",
            "<schema.org/price>",
            "isa:<schema.org/Property>"
        ],
        "count": 2.0
    },
    {
        "pset": [
            "<schema.org/address>",
            "<schema.org/containedInPlace>",
            "<schema.org/description>",
            "<schema.org/floorSize>",
            "<schema.org/geo>",
            "<schema.org/image>",
            "<schema.org/name>",
            "<schema.org/numberOfBathroomsTotal>",
            "<schema.org/photo>",
            "<schema.org/tourBookingPage>",
            "<schema.org/url>",
            "<schema.org/yearBuilt>",
            "isa:<schema.org/Apartment>",
            "isa:<schema.org/Property>"
        ],
        "count": 1.0
    },
    {
        "pset": [
            "<schema.org/address>",
            "<schema.org/description>",
            "<schema.org/name>",
            "<schema.org/starRating>",
            "<schema.org/telephone>",
            "isa:<schema.org/Property>"
        ],
        "count": 1.0
    },
    {
        "pset": [
            "<schema.org/address>",
            "<schema.org/description>",
            "<schema.org/floorSize>",
            "<schema.org/geo>",
            "<schema.org/image>",
            "<schema.org/name>",
            "<schema.org/numberOfBathroomsTotal>",
            "<schema.org/photo>",
            "<schema.org/tourBookingPage>",
            "<schema.org/url>",
            "<schema.org/yearBuilt>",
            "isa:<schema.org/Apartment>",
            "isa:<schema.org/Property>"
        ],
        "count": 1.0
    },
    {
        "pset": [
            "<schema.org/address>",
            "<schema.org/description>",
            "<schema.org/floorSize>",
            "<schema.org/geo>",
            "<schema.org/image>",
            "<schema.org/name>",
            "<schema.org/numberOfBathroomsTotal>",
            "<schema.org/photo>",
            "<schema.org/tourBookingPage>",
            "<schema.org/url>",
            "<schema.org/yearBuilt>",
            "isa:<schema.org/House>",
            "isa:<schema.org/Property>"
        ],
        "count": 1.0
    },
    {
        "pset": [
            "<schema.org/address>",
            "<schema.org/areaServed>",
            "<schema.org/description>",
            "<schema.org/image>",
            "<schema.org/name>",
            "<schema.org/openingHours>",
            "<schema.org/telephone>",
            "isa:<schema.org/Property>"
        ],
        "count": 1.0
    },
    {
        "pset": [
            "<schema.org/address>",
            "<schema.org/containedInPlace>",
            "<schema.org/description>",
            "<schema.org/floorSize>",
            "<schema.org/geo>",
            "<schema.org/image>",
            "<schema.org/name>",
            "<schema.org/numberOfBedrooms>",
            "<schema.org/photo>",
            "<schema.org/tourBookingPage>",
            "<schema.org/url>",
            "<schema.org/yearBuilt>",
            "isa:<schema.org/Apartment>",
            "isa:<schema.org/Property>"
        ],
        "count": 1.0
    },
    {
        "pset": [
            "<schema.org/name>",
            "<schema.org/sameAs>",
            "<schema.org/url>",
            "isa:<schema.org/Property>"
        ],
        "count": 1.0
    },
    {
        "pset": [
            "<schema.org/address>",
            "<schema.org/aggregateRating>",
            "<schema.org/geo>",
            "<schema.org/image>",
            "<schema.org/name>",
            "<schema.org/priceRange>",
            "<schema.org/sameAs>",
            "<schema.org/servesCuisine>",
            "<schema.org/telephone>",
            "isa:<schema.org/Property>"
        ],
        "count": 1.0
    },
    {
        "pset": [
            "<schema.org/address>",
            "<schema.org/aggregateRating>",
            "<schema.org/description>",
            "<schema.org/image>",
            "<schema.org/name>",
            "<schema.org/starRating>",
            "<schema.org/telephone>",
            "isa:<schema.org/Property>"
        ],
        "count": 1.0
    },
    {
        "pset": [
            "<schema.org/address>",
            "<schema.org/containedInPlace>",
            "<schema.org/description>",
            "<schema.org/floorSize>",
            "<schema.org/geo>",
            "<schema.org/image>",
            "<schema.org/name>",
            "<schema.org/numberOfBathroomsTotal>",
            "<schema.org/numberOfBedrooms>",
            "<schema.org/photo>",
            "<schema.org/tourBookingPage>",
            "<schema.org/url>",
            "<schema.org/yearBuilt>",
            "isa:<schema.org/House>",
            "isa:<schema.org/Property>"
        ],
        "count": 1.0
    }
]