[
    {
        "pset": [
            "<schema.org/mainEntity>",
            "isa:<schema.org/QAPage>"
        ],
        "count": 951858.0
    },
    {
        "pset": [
            "<schema.org/mainEntity>",
            "<schema.org/name>",
            "isa:<schema.org/QAPage>"
        ],
        "count": 654110.0
    },
    {
        "pset": [
            "<schema.org/mainEntity>",
            "<schema.org/url>",
            "isa:<schema.org/QAPage>"
        ],
        "count": 195479.0
    },
    {
        "pset": [
            "<schema.org/author>",
            "<schema.org/dateCreated>",
            "<schema.org/dateModified>",
            "<schema.org/datePublished>",
            "<schema.org/headline>",
            "<schema.org/image>",
            "<schema.org/interactionStatistic>",
            "<schema.org/mainEntity>",
            "<schema.org/name>",
            "<schema.org/publisher>",
            "<schema.org/text>",
            "<schema.org/url>",
            "isa:<schema.org/QAPage>"
        ],
        "count": 58580.0
    },
    {
        "pset": [
            "<schema.org/image>",
            "<schema.org/mainEntity>",
            "<schema.org/name>",
            "isa:<schema.org/QAPage>"
        ],
        "count": 27420.0
    },
    {
        "pset": [
            "<schema.org/datePublished>",
            "<schema.org/description>",
            "<schema.org/headline>",
            "<schema.org/image>",
            "<schema.org/mainEntity>",
            "<schema.org/publisher>",
            "<schema.org/url>",
            "isa:<schema.org/QAPage>"
        ],
        "count": 26479.0
    },
    {
        "pset": [
            "<schema.org/image>",
            "<schema.org/interactionStatistic>",
            "<schema.org/mainEntity>",
            "<schema.org/mainEntityOfPage>",
            "<schema.org/publisher>",
            "isa:<schema.org/QAPage>",
            "isa:<schema.org/WebPage>"
        ],
        "count": 24308.0
    },
    {
        "pset": [
            "<schema.org/description>",
            "<schema.org/image>",
            "<schema.org/mainEntity>",
            "<schema.org/name>",
            "isa:<schema.org/QAPage>"
        ],
        "count": 20282.0
    },
    {
        "pset": [
            "<schema.org/mainEntity>",
            "isa:<schema.org/QAPage>",
            "isa:<schema.org/WebPage>"
        ],
        "count": 17523.0
    },
    {
        "pset": [
            "<schema.org/hasPart>",
            "<schema.org/isAccessibleForFree>",
            "<schema.org/mainEntity>",
            "isa:<schema.org/QAPage>",
            "isa:<schema.org/WebPage>"
        ],
        "count": 13457.0
    },
    {
        "pset": [
            "<schema.org/mainEntity>",
            "<schema.org/name>",
            "<schema.org/url>",
            "isa:<schema.org/QAPage>"
        ],
        "count": 11295.0
    },
    {
        "pset": [
            "<schema.org/mainEntity>",
            "<schema.org/mainEntityOfPage>",
            "isa:<schema.org/QAPage>"
        ],
        "count": 10896.0
    },
    {
        "pset": [
            "<schema.org/description>",
            "<schema.org/image>",
            "<schema.org/mainEntity>",
            "<schema.org/name>",
            "<schema.org/primaryImageOfPage>",
            "isa:<schema.org/QAPage>"
        ],
        "count": 10712.0
    },
    {
        "pset": [
            "<schema.org/aggregateRating>",
            "<schema.org/mainEntity>",
            "<schema.org/text>",
            "isa:<schema.org/QAPage>"
        ],
        "count": 9871.0
    },
    {
        "pset": [
            "<schema.org/dateModified>",
            "<schema.org/datePublished>",
            "<schema.org/description>",
            "<schema.org/headline>",
            "<schema.org/image>",
            "<schema.org/mainEntity>",
            "<schema.org/publisher>",
            "<schema.org/url>",
            "isa:<schema.org/QAPage>"
        ],
        "count": 8332.0
    },
    {
        "pset": [
            "<schema.org/alternativeHeadline>",
            "<schema.org/description>",
            "<schema.org/headline>",
            "<schema.org/mainEntity>",
            "<schema.org/url>",
            "isa:<schema.org/QAPage>"
        ],
        "count": 7048.0
    },
    {
        "pset": [
            "<schema.org/about>",
            "<schema.org/description>",
            "<schema.org/headline>",
            "<schema.org/image>",
            "<schema.org/mainEntity>",
            "<schema.org/mainEntityOfPage>",
            "<schema.org/publisher>",
            "isa:<schema.org/QAPage>"
        ],
        "count": 6926.0
    },
    {
        "pset": [
            "<schema.org/image>",
            "<schema.org/mainEntity>",
            "isa:<schema.org/QAPage>"
        ],
        "count": 6734.0
    },
    {
        "pset": [
            "<schema.org/interactionStatistic>",
            "<schema.org/mainEntity>",
            "<schema.org/mainEntityOfPage>",
            "<schema.org/publisher>",
            "isa:<schema.org/QAPage>",
            "isa:<schema.org/WebPage>"
        ],
        "count": 6612.0
    },
    {
        "pset": [
            "<schema.org/breadcrumb>",
            "<schema.org/dateModified>",
            "<schema.org/datePublished>",
            "<schema.org/inLanguage>",
            "<schema.org/isPartOf>",
            "<schema.org/name>",
            "<schema.org/potentialAction>",
            "<schema.org/url>",
            "isa:<schema.org/QAPage>",
            "isa:<schema.org/WebPage>"
        ],
        "count": 6597.0
    },
    {
        "pset": [
            "<schema.org/breadcrumb>",
            "<schema.org/mainEntity>",
            "<schema.org/name>",
            "<schema.org/url>",
            "isa:<schema.org/QAPage>"
        ],
        "count": 5738.0
    },
    {
        "pset": [
            "<schema.org/keywords>",
            "<schema.org/mainEntity>",
            "<schema.org/url>",
            "isa:<schema.org/QAPage>"
        ],
        "count": 5458.0
    },
    {
        "pset": [
            "<schema.org/mainEntity>",
            "<schema.org/text>",
            "isa:<schema.org/QAPage>"
        ],
        "count": 4826.0
    },
    {
        "pset": [
            "<schema.org/description>",
            "<schema.org/mainEntity>",
            "<schema.org/name>",
            "<schema.org/primaryImageOfPage>",
            "<schema.org/url>",
            "isa:<schema.org/QAPage>"
        ],
        "count": 4473.0
    },
    {
        "pset": [
            "<schema.org/breadcrumb>",
            "<schema.org/dateModified>",
            "<schema.org/datePublished>",
            "<schema.org/description>",
            "<schema.org/inLanguage>",
            "<schema.org/isPartOf>",
            "<schema.org/name>",
            "<schema.org/potentialAction>",
            "<schema.org/url>",
            "isa:<schema.org/QAPage>",
            "isa:<schema.org/WebPage>"
        ],
        "count": 4453.0
    },
    {
        "pset": [
            "<schema.org/author>",
            "<schema.org/dateModified>",
            "<schema.org/datePublished>",
            "<schema.org/headline>",
            "<schema.org/image>",
            "<schema.org/interactionStatistic>",
            "<schema.org/mainEntity>",
            "isa:<schema.org/QAPage>"
        ],
        "count": 4092.0
    },
    {
        "pset": [
            "<schema.org/breadcrumb>",
            "<schema.org/mainEntity>",
            "isa:<schema.org/QAPage>"
        ],
        "count": 3982.0
    },
    {
        "pset": [
            "<schema.org/author>",
            "<schema.org/dateCreated>",
            "<schema.org/mainEntity>",
            "<schema.org/upvoteCount>",
            "<schema.org/url>",
            "isa:<schema.org/QAPage>"
        ],
        "count": 3156.0
    },
    {
        "pset": [
            "<schema.org/author>",
            "<schema.org/dateCreated>",
            "<schema.org/dateModified>",
            "<schema.org/datePublished>",
            "<schema.org/headline>",
            "<schema.org/image>",
            "<schema.org/interactionStatistic>",
            "<schema.org/mainEntity>",
            "<schema.org/name>",
            "<schema.org/text>",
            "<schema.org/url>",
            "isa:<schema.org/QAPage>"
        ],
        "count": 2257.0
    },
    {
        "pset": [
            "<schema.org/mainEntity>",
            "<schema.org/speakable>",
            "isa:<schema.org/QAPage>"
        ],
        "count": 2051.0
    },
    {
        "pset": [
            "isa:<schema.org/QAPage>"
        ],
        "count": 1973.0
    },
    {
        "pset": [
            "<schema.org/mainEntity>",
            "<schema.org/specialty>",
            "isa:<schema.org/QAPage>"
        ],
        "count": 1864.0
    },
    {
        "pset": [
            "<schema.org/breadcrumb>",
            "<schema.org/dateModified>",
            "<schema.org/datePublished>",
            "<schema.org/description>",
            "<schema.org/image>",
            "<schema.org/inLanguage>",
            "<schema.org/isPartOf>",
            "<schema.org/name>",
            "<schema.org/potentialAction>",
            "<schema.org/primaryImageOfPage>",
            "<schema.org/thumbnailUrl>",
            "<schema.org/url>",
            "isa:<schema.org/QAPage>",
            "isa:<schema.org/WebPage>"
        ],
        "count": 1741.0
    },
    {
        "pset": [
            "<schema.org/description>",
            "<schema.org/mainEntity>",
            "<schema.org/name>",
            "<schema.org/primaryImageOfPage>",
            "isa:<schema.org/QAPage>"
        ],
        "count": 1232.0
    },
    {
        "pset": [
            "<schema.org/keywords>",
            "<schema.org/mainEntity>",
            "<schema.org/mainEntityOfPage>",
            "<schema.org/publisher>",
            "<schema.org/url>",
            "isa:<schema.org/QAPage>"
        ],
        "count": 1123.0
    },
    {
        "pset": [
            "<schema.org/breadcrumb>",
            "<schema.org/dateModified>",
            "<schema.org/datePublished>",
            "<schema.org/image>",
            "<schema.org/inLanguage>",
            "<schema.org/isPartOf>",
            "<schema.org/name>",
            "<schema.org/potentialAction>",
            "<schema.org/primaryImageOfPage>",
            "<schema.org/thumbnailUrl>",
            "<schema.org/url>",
            "isa:<schema.org/QAPage>",
            "isa:<schema.org/WebPage>"
        ],
        "count": 973.0
    },
    {
        "pset": [
            "<schema.org/dateModified>",
            "<schema.org/datePublished>",
            "<schema.org/description>",
            "<schema.org/headline>",
            "<schema.org/image>",
            "<schema.org/mainEntity>",
            "<schema.org/publisher>",
            "isa:<schema.org/QAPage>"
        ],
        "count": 888.0
    },
    {
        "pset": [
            "<schema.org/author>",
            "<schema.org/description>",
            "<schema.org/image>",
            "<schema.org/mainEntity>",
            "<schema.org/name>",
            "isa:<schema.org/QAPage>"
        ],
        "count": 820.0
    },
    {
        "pset": [
            "<schema.org/commentCount>",
            "<schema.org/discussionUrl>",
            "<schema.org/headline>",
            "<schema.org/image>",
            "<schema.org/isFamilyFriendly>",
            "<schema.org/keywords>",
            "<schema.org/mainEntityOfPage>",
            "<schema.org/name>",
            "<schema.org/publisher>",
            "<schema.org/url>",
            "isa:<schema.org/QAPage>"
        ],
        "count": 802.0
    },
    {
        "pset": [
            "<schema.org/image>",
            "<schema.org/mainEntity>",
            "<schema.org/thumbnailUrl>",
            "isa:<schema.org/QAPage>"
        ],
        "count": 793.0
    },
    {
        "pset": [
            "<schema.org/breadcrumb>",
            "<schema.org/description>",
            "<schema.org/mainEntity>",
            "<schema.org/name>",
            "isa:<schema.org/QAPage>"
        ],
        "count": 782.0
    },
    {
        "pset": [
            "<schema.org/breadcrumb>",
            "<schema.org/dateModified>",
            "<schema.org/datePublished>",
            "<schema.org/description>",
            "<schema.org/image>",
            "<schema.org/inLanguage>",
            "<schema.org/isPartOf>",
            "<schema.org/mainEntity>",
            "<schema.org/name>",
            "<schema.org/potentialAction>",
            "<schema.org/primaryImageOfPage>",
            "<schema.org/thumbnailUrl>",
            "<schema.org/url>",
            "isa:<schema.org/FAQPage>",
            "isa:<schema.org/QAPage>",
            "isa:<schema.org/WebPage>"
        ],
        "count": 760.0
    },
    {
        "pset": [
            "<schema.org/breadcrumb>",
            "<schema.org/dateModified>",
            "<schema.org/datePublished>",
            "<schema.org/image>",
            "<schema.org/inLanguage>",
            "<schema.org/isPartOf>",
            "<schema.org/mainEntity>",
            "<schema.org/name>",
            "<schema.org/potentialAction>",
            "<schema.org/primaryImageOfPage>",
            "<schema.org/thumbnailUrl>",
            "<schema.org/url>",
            "isa:<schema.org/FAQPage>",
            "isa:<schema.org/QAPage>",
            "isa:<schema.org/WebPage>"
        ],
        "count": 667.0
    },
    {
        "pset": [
            "<schema.org/breadcrumb>",
            "isa:<schema.org/QAPage>"
        ],
        "count": 641.0
    },
    {
        "pset": [
            "<schema.org/description>",
            "<schema.org/image>",
            "<schema.org/mainEntity>",
            "<schema.org/mainEntityOfPage>",
            "<schema.org/name>",
            "isa:<schema.org/QAPage>"
        ],
        "count": 610.0
    },
    {
        "pset": [
            "<schema.org/breadcrumb>",
            "<schema.org/dateModified>",
            "<schema.org/datePublished>",
            "<schema.org/description>",
            "<schema.org/inLanguage>",
            "<schema.org/isPartOf>",
            "<schema.org/name>",
            "<schema.org/potentialAction>",
            "<schema.org/primaryImageOfPage>",
            "<schema.org/url>",
            "isa:<schema.org/QAPage>",
            "isa:<schema.org/WebPage>"
        ],
        "count": 600.0
    },
    {
        "pset": [
            "<schema.org/mainEntity>",
            "<schema.org/suggestedAnswer>",
            "isa:<schema.org/QAPage>"
        ],
        "count": 523.0
    },
    {
        "pset": [
            "<schema.org/description>",
            "<schema.org/name>",
            "isa:<schema.org/QAPage>"
        ],
        "count": 487.0
    },
    {
        "pset": [
            "<schema.org/description>",
            "<schema.org/mainEntity>",
            "<schema.org/name>",
            "<schema.org/url>",
            "isa:<schema.org/QAPage>"
        ],
        "count": 458.0
    },
    {
        "pset": [
            "<schema.org/isPartOf>",
            "<schema.org/mainEntity>",
            "isa:<schema.org/QAPage>"
        ],
        "count": 425.0
    },
    {
        "pset": [
            "<schema.org/author>",
            "<schema.org/headline>",
            "<schema.org/image>",
            "<schema.org/interactionStatistic>",
            "<schema.org/mainEntity>",
            "<schema.org/provider>",
            "isa:<schema.org/QAPage>"
        ],
        "count": 413.0
    },
    {
        "pset": [
            "<schema.org/dateModified>",
            "<schema.org/datePublished>",
            "<schema.org/headline>",
            "<schema.org/image>",
            "<schema.org/mainEntity>",
            "<schema.org/publisher>",
            "<schema.org/url>",
            "isa:<schema.org/QAPage>"
        ],
        "count": 384.0
    },
    {
        "pset": [
            "<schema.org/description>",
            "<schema.org/mainEntity>",
            "<schema.org/name>",
            "isa:<schema.org/QAPage>"
        ],
        "count": 382.0
    },
    {
        "pset": [
            "<schema.org/breadcrumb>",
            "<schema.org/dateModified>",
            "<schema.org/datePublished>",
            "<schema.org/inLanguage>",
            "<schema.org/isPartOf>",
            "<schema.org/name>",
            "<schema.org/potentialAction>",
            "<schema.org/primaryImageOfPage>",
            "<schema.org/url>",
            "isa:<schema.org/QAPage>",
            "isa:<schema.org/WebPage>"
        ],
        "count": 368.0
    },
    {
        "pset": [
            "<schema.org/dateModified>",
            "<schema.org/headline>",
            "<schema.org/inLanguage>",
            "<schema.org/isAccessibleForFree>",
            "<schema.org/lastReviewed>",
            "<schema.org/mainEntity>",
            "<schema.org/url>",
            "isa:<schema.org/QAPage>"
        ],
        "count": 347.0
    },
    {
        "pset": [
            "<schema.org/description>",
            "<schema.org/inLanguage>",
            "<schema.org/mainEntity>",
            "<schema.org/name>",
            "<schema.org/url>",
            "isa:<schema.org/QAPage>"
        ],
        "count": 307.0
    },
    {
        "pset": [
            "<schema.org/author>",
            "<schema.org/breadcrumb>",
            "<schema.org/dateModified>",
            "<schema.org/datePublished>",
            "<schema.org/description>",
            "<schema.org/inLanguage>",
            "<schema.org/isPartOf>",
            "<schema.org/name>",
            "<schema.org/potentialAction>",
            "<schema.org/url>",
            "isa:<schema.org/QAPage>",
            "isa:<schema.org/WebPage>"
        ],
        "count": 192.0
    },
    {
        "pset": [
            "<schema.org/dateModified>",
            "<schema.org/mainEntity>",
            "<schema.org/mainEntityOfPage>",
            "isa:<schema.org/QAPage>"
        ],
        "count": 187.0
    },
    {
        "pset": [
            "<schema.org/author>",
            "<schema.org/breadcrumb>",
            "<schema.org/dateModified>",
            "<schema.org/datePublished>",
            "<schema.org/description>",
            "<schema.org/inLanguage>",
            "<schema.org/isPartOf>",
            "<schema.org/name>",
            "<schema.org/potentialAction>",
            "<schema.org/primaryImageOfPage>",
            "<schema.org/url>",
            "isa:<schema.org/QAPage>",
            "isa:<schema.org/WebPage>"
        ],
        "count": 170.0
    },
    {
        "pset": [
            "<schema.org/inLanguage>",
            "<schema.org/mainEntity>",
            "isa:<schema.org/QAPage>"
        ],
        "count": 147.0
    },
    {
        "pset": [
            "<schema.org/about>",
            "<schema.org/audience>",
            "<schema.org/creator>",
            "<schema.org/datePublished>",
            "<schema.org/description>",
            "<schema.org/image>",
            "<schema.org/inLanguage>",
            "<schema.org/isAccessibleForFree>",
            "<schema.org/keywords>",
            "<schema.org/mainEntity>",
            "<schema.org/name>",
            "<schema.org/provider>",
            "<schema.org/publisher>",
            "isa:<schema.org/QAPage>"
        ],
        "count": 143.0
    },
    {
        "pset": [
            "<schema.org/dateModified>",
            "<schema.org/datePublished>",
            "<schema.org/headline>",
            "<schema.org/image>",
            "<schema.org/publisher>",
            "<schema.org/url>",
            "isa:<schema.org/QAPage>"
        ],
        "count": 134.0
    },
    {
        "pset": [
            "<schema.org/aggregateRating>",
            "<schema.org/dateModified>",
            "<schema.org/datePublished>",
            "<schema.org/description>",
            "<schema.org/headline>",
            "<schema.org/image>",
            "<schema.org/mainEntity>",
            "<schema.org/publisher>",
            "isa:<schema.org/QAPage>"
        ],
        "count": 132.0
    },
    {
        "pset": [
            "<schema.org/datePublished>",
            "<schema.org/headline>",
            "<schema.org/image>",
            "<schema.org/mainEntity>",
            "<schema.org/publisher>",
            "<schema.org/url>",
            "isa:<schema.org/QAPage>"
        ],
        "count": 131.0
    },
    {
        "pset": [
            "<schema.org/mainEntity>",
            "<schema.org/publisher>",
            "isa:<schema.org/QAPage>"
        ],
        "count": 128.0
    },
    {
        "pset": [
            "<schema.org/author>",
            "<schema.org/mainEntity>",
            "<schema.org/name>",
            "isa:<schema.org/QAPage>"
        ],
        "count": 123.0
    },
    {
        "pset": [
            "<schema.org/mainEntity>",
            "<schema.org/video>",
            "isa:<schema.org/QAPage>"
        ],
        "count": 120.0
    },
    {
        "pset": [
            "<schema.org/datePublished>",
            "<schema.org/description>",
            "<schema.org/headline>",
            "<schema.org/mainEntity>",
            "<schema.org/publisher>",
            "<schema.org/url>",
            "isa:<schema.org/QAPage>"
        ],
        "count": 116.0
    },
    {
        "pset": [
            "<schema.org/dateModified>",
            "<schema.org/datePublished>",
            "<schema.org/image>",
            "<schema.org/mainEntity>",
            "<schema.org/publisher>",
            "<schema.org/url>",
            "isa:<schema.org/QAPage>"
        ],
        "count": 116.0
    },
    {
        "pset": [
            "<schema.org/mainEntity>",
            "<schema.org/mainEntityOfPage>",
            "<schema.org/url>",
            "isa:<schema.org/QAPage>"
        ],
        "count": 111.0
    },
    {
        "pset": [
            "<schema.org/author>",
            "<schema.org/copyrightHolder>",
            "<schema.org/copyrightYear>",
            "<schema.org/creator>",
            "<schema.org/dateModified>",
            "<schema.org/datePublished>",
            "<schema.org/description>",
            "<schema.org/headline>",
            "<schema.org/image>",
            "<schema.org/inLanguage>",
            "<schema.org/mainEntityOfPage>",
            "<schema.org/name>",
            "<schema.org/publisher>",
            "<schema.org/url>",
            "isa:<schema.org/QAPage>"
        ],
        "count": 105.0
    },
    {
        "pset": [
            "<schema.org/Author>",
            "<schema.org/breadcrumb>",
            "<schema.org/headline>",
            "<schema.org/image>",
            "<schema.org/keywords>",
            "<schema.org/mainEntity>",
            "<schema.org/name>",
            "<schema.org/primaryImageOfPage>",
            "<schema.org/text>",
            "<schema.org/thumbnailUrl>",
            "<schema.org/url>",
            "isa:<schema.org/QAPage>"
        ],
        "count": 99.0
    },
    {
        "pset": [
            "<schema.org/breadcrumb>",
            "<schema.org/description>",
            "<schema.org/isPartOf>",
            "<schema.org/mainEntity>",
            "<schema.org/url>",
            "isa:<schema.org/QAPage>"
        ],
        "count": 92.0
    },
    {
        "pset": [
            "<schema.org/Description>",
            "<schema.org/image>",
            "<schema.org/mainEntity>",
            "<schema.org/name>",
            "isa:<schema.org/QAPage>"
        ],
        "count": 85.0
    },
    {
        "pset": [
            "<schema.org/description>",
            "<schema.org/headline>",
            "<schema.org/mainEntity>",
            "<schema.org/mainEntityOfPage>",
            "<schema.org/publisher>",
            "isa:<schema.org/QAPage>"
        ],
        "count": 84.0
    },
    {
        "pset": [
            "<schema.org/author>",
            "<schema.org/hasPart>",
            "<schema.org/inLanguage>",
            "<schema.org/isAccessibleForFree>",
            "<schema.org/name>",
            "<schema.org/publisher>",
            "isa:<schema.org/QAPage>"
        ],
        "count": 80.0
    },
    {
        "pset": [
            "<schema.org/author>",
            "<schema.org/mainEntity>",
            "<schema.org/name>",
            "<schema.org/relatedLink>",
            "<schema.org/text>",
            "isa:<schema.org/QAPage>"
        ],
        "count": 78.0
    },
    {
        "pset": [
            "<schema.org/mainEntityOfPage>",
            "<schema.org/reviewedBy>",
            "isa:<schema.org/QAPage>"
        ],
        "count": 77.0
    },
    {
        "pset": [
            "<schema.org/url>",
            "isa:<schema.org/QAPage>"
        ],
        "count": 75.0
    },
    {
        "pset": [
            "<schema.org/dateCreated>",
            "<schema.org/dateModified>",
            "<schema.org/mainEntity>",
            "isa:<schema.org/QAPage>"
        ],
        "count": 68.0
    },
    {
        "pset": [
            "<schema.org/hasPart>",
            "<schema.org/isAccessibleForFree>",
            "<schema.org/mainEntity>",
            "<schema.org/url>",
            "isa:<schema.org/QAPage>"
        ],
        "count": 64.0
    },
    {
        "pset": [
            "<schema.org/hasPart>",
            "<schema.org/isAccessibleForFree>",
            "<schema.org/mainEntity>",
            "isa:<schema.org/QAPage>"
        ],
        "count": 60.0
    },
    {
        "pset": [
            "<schema.org/mainEntity>",
            "<schema.org/name>",
            "<schema.org/speakable>",
            "<schema.org/text>",
            "<schema.org/url>",
            "isa:<schema.org/QAPage>"
        ],
        "count": 56.0
    },
    {
        "pset": [
            "<schema.org/description>",
            "<schema.org/mainEntity>",
            "<schema.org/name>",
            "<schema.org/relatedLink>",
            "isa:<schema.org/QAPage>"
        ],
        "count": 54.0
    },
    {
        "pset": [
            "<schema.org/additionalType>",
            "<schema.org/breadcrumb>",
            "<schema.org/dateModified>",
            "<schema.org/datePublished>",
            "<schema.org/inLanguage>",
            "<schema.org/isAccessibleForFree>",
            "<schema.org/isPartOf>",
            "<schema.org/mainEntity>",
            "<schema.org/mainEntityOfPage>",
            "<schema.org/potentialAction>",
            "<schema.org/publisher>",
            "<schema.org/url>",
            "isa:<schema.org/QAPage>"
        ],
        "count": 53.0
    },
    {
        "pset": [
            "<schema.org/lastReviewed>",
            "<schema.org/mainEntity>",
            "<schema.org/relatedLink>",
            "<schema.org/significantLink>",
            "isa:<schema.org/QAPage>"
        ],
        "count": 52.0
    },
    {
        "pset": [
            "<schema.org/about>",
            "<schema.org/description>",
            "<schema.org/headline>",
            "<schema.org/mainEntity>",
            "<schema.org/mainEntityOfPage>",
            "<schema.org/publisher>",
            "isa:<schema.org/QAPage>"
        ],
        "count": 47.0
    },
    {
        "pset": [
            "<schema.org/headline>",
            "<schema.org/mainContentOfPage>",
            "<schema.org/reviewedBy>",
            "<schema.org/speakable>",
            "<schema.org/specialty>",
            "<schema.org/url>",
            "isa:<schema.org/QAPage>"
        ],
        "count": 47.0
    },
    {
        "pset": [
            "<schema.org/breadcrumb>",
            "<schema.org/description>",
            "<schema.org/headline>",
            "<schema.org/inLanguage>",
            "<schema.org/mainEntity>",
            "<schema.org/name>",
            "isa:<schema.org/QAPage>"
        ],
        "count": 45.0
    },
    {
        "pset": [
            "<schema.org/dateModified>",
            "<schema.org/datePublished>",
            "<schema.org/inLanguage>",
            "<schema.org/isPartOf>",
            "<schema.org/name>",
            "<schema.org/potentialAction>",
            "<schema.org/primaryImageOfPage>",
            "<schema.org/url>",
            "isa:<schema.org/QAPage>",
            "isa:<schema.org/WebPage>"
        ],
        "count": 44.0
    },
    {
        "pset": [
            "<schema.org/headline>",
            "<schema.org/mainEntity>",
            "<schema.org/publisher>",
            "isa:<schema.org/QAPage>"
        ],
        "count": 44.0
    },
    {
        "pset": [
            "<schema.org/commentCount>",
            "<schema.org/discussionUrl>",
            "<schema.org/headline>",
            "<schema.org/image>",
            "<schema.org/isFamilyFriendly>",
            "<schema.org/mainEntityOfPage>",
            "<schema.org/name>",
            "<schema.org/publisher>",
            "<schema.org/url>",
            "isa:<schema.org/QAPage>"
        ],
        "count": 42.0
    },
    {
        "pset": [
            "<schema.org/inLanguage>",
            "<schema.org/mainEntity>",
            "<schema.org/video>",
            "isa:<schema.org/QAPage>"
        ],
        "count": 41.0
    },
    {
        "pset": [
            "<schema.org/author>",
            "<schema.org/mainEntity>",
            "isa:<schema.org/QAPage>"
        ],
        "count": 40.0
    },
    {
        "pset": [
            "<schema.org/headline>",
            "<schema.org/mainContentOfPage>",
            "<schema.org/reviewedBy>",
            "<schema.org/speakable>",
            "<schema.org/url>",
            "isa:<schema.org/QAPage>"
        ],
        "count": 40.0
    },
    {
        "pset": [
            "<schema.org/breadcrumb>",
            "<schema.org/dateModified>",
            "<schema.org/datePublished>",
            "<schema.org/description>",
            "<schema.org/inLanguage>",
            "<schema.org/isPartOf>",
            "<schema.org/mainEntity>",
            "<schema.org/name>",
            "<schema.org/potentialAction>",
            "<schema.org/url>",
            "isa:<schema.org/QAPage>",
            "isa:<schema.org/WebPage>"
        ],
        "count": 37.0
    },
    {
        "pset": [
            "<schema.org/isAccessibleForFree>",
            "<schema.org/mainEntity>",
            "<schema.org/speakable>",
            "isa:<schema.org/QAPage>"
        ],
        "count": 37.0
    },
    {
        "pset": [
            "<schema.org/audio>",
            "<schema.org/breadcrumb>",
            "isa:<schema.org/QAPage>"
        ],
        "count": 36.0
    },
    {
        "pset": [
            "<schema.org/dateCreated>",
            "<schema.org/description>",
            "<schema.org/mainEntity>",
            "<schema.org/name>",
            "<schema.org/relatedLink>",
            "<schema.org/text>",
            "isa:<schema.org/QAPage>"
        ],
        "count": 35.0
    },
    {
        "pset": [
            "<schema.org/dateModified>",
            "<schema.org/hasPart>",
            "<schema.org/headline>",
            "<schema.org/inLanguage>",
            "<schema.org/isAccessibleForFree>",
            "<schema.org/lastReviewed>",
            "<schema.org/mainEntity>",
            "<schema.org/url>",
            "isa:<schema.org/QAPage>"
        ],
        "count": 33.0
    },
    {
        "pset": [
            "<schema.org/alternateName>",
            "<schema.org/author>",
            "<schema.org/dateCreated>",
            "<schema.org/dateModified>",
            "<schema.org/datePublished>",
            "<schema.org/headline>",
            "<schema.org/keywords>",
            "<schema.org/lastReviewed>",
            "<schema.org/mainEntity>",
            "<schema.org/mainEntityOfPage>",
            "<schema.org/name>",
            "<schema.org/publisher>",
            "<schema.org/reviewedBy>",
            "<schema.org/url>",
            "isa:<schema.org/QAPage>"
        ],
        "count": 30.0
    },
    {
        "pset": [
            "<schema.org/dateModified>",
            "<schema.org/datePublished>",
            "<schema.org/description>",
            "<schema.org/inLanguage>",
            "<schema.org/isPartOf>",
            "<schema.org/name>",
            "<schema.org/potentialAction>",
            "<schema.org/primaryImageOfPage>",
            "<schema.org/url>",
            "isa:<schema.org/QAPage>",
            "isa:<schema.org/WebPage>"
        ],
        "count": 30.0
    },
    {
        "pset": [
            "<schema.org/author>",
            "<schema.org/breadcrumb>",
            "<schema.org/dateModified>",
            "<schema.org/datePublished>",
            "<schema.org/description>",
            "<schema.org/image>",
            "<schema.org/inLanguage>",
            "<schema.org/isPartOf>",
            "<schema.org/name>",
            "<schema.org/potentialAction>",
            "<schema.org/primaryImageOfPage>",
            "<schema.org/thumbnailUrl>",
            "<schema.org/url>",
            "isa:<schema.org/QAPage>",
            "isa:<schema.org/WebPage>"
        ],
        "count": 29.0
    },
    {
        "pset": [
            "<schema.org/lastReviewed>",
            "<schema.org/mainEntity>",
            "isa:<schema.org/QAPage>"
        ],
        "count": 28.0
    },
    {
        "pset": [
            "<schema.org/author>",
            "<schema.org/breadcrumb>",
            "<schema.org/dateModified>",
            "<schema.org/datePublished>",
            "<schema.org/inLanguage>",
            "<schema.org/isPartOf>",
            "<schema.org/name>",
            "<schema.org/potentialAction>",
            "<schema.org/url>",
            "isa:<schema.org/QAPage>",
            "isa:<schema.org/WebPage>"
        ],
        "count": 26.0
    },
    {
        "pset": [
            "<schema.org/author>",
            "<schema.org/copyrightHolder>",
            "<schema.org/copyrightYear>",
            "<schema.org/creator>",
            "<schema.org/dateModified>",
            "<schema.org/datePublished>",
            "<schema.org/description>",
            "<schema.org/headline>",
            "<schema.org/inLanguage>",
            "<schema.org/mainEntityOfPage>",
            "<schema.org/name>",
            "<schema.org/publisher>",
            "<schema.org/url>",
            "isa:<schema.org/QAPage>"
        ],
        "count": 25.0
    },
    {
        "pset": [
            "<schema.org/breadcrumb>",
            "<schema.org/headline>",
            "<schema.org/inLanguage>",
            "<schema.org/mainEntity>",
            "<schema.org/name>",
            "isa:<schema.org/QAPage>"
        ],
        "count": 25.0
    },
    {
        "pset": [
            "<schema.org/description>",
            "<schema.org/mainEntityOfPage>",
            "<schema.org/name>",
            "<schema.org/url>",
            "isa:<schema.org/QAPage>"
        ],
        "count": 24.0
    },
    {
        "pset": [
            "<schema.org/breadcrumb>",
            "<schema.org/dateCreated>",
            "<schema.org/editor>",
            "<schema.org/inLanguage>",
            "<schema.org/lastReviewed>",
            "<schema.org/mainEntity>",
            "<schema.org/speakable>",
            "<schema.org/url>",
            "isa:<schema.org/QAPage>"
        ],
        "count": 24.0
    },
    {
        "pset": [
            "<schema.org/dateModified>",
            "<schema.org/datePublished>",
            "<schema.org/description>",
            "<schema.org/headline>",
            "<schema.org/mainEntity>",
            "<schema.org/publisher>",
            "<schema.org/url>",
            "isa:<schema.org/QAPage>"
        ],
        "count": 23.0
    },
    {
        "pset": [
            "<schema.org/datePublished>",
            "<schema.org/headline>",
            "<schema.org/mainEntity>",
            "isa:<schema.org/QAPage>"
        ],
        "count": 23.0
    },
    {
        "pset": [
            "<schema.org/name>",
            "isa:<schema.org/QAPage>"
        ],
        "count": 22.0
    },
    {
        "pset": [
            "<schema.org/logo>",
            "<schema.org/name>",
            "<schema.org/url>",
            "isa:<schema.org/Organization>",
            "isa:<schema.org/QAPage>"
        ],
        "count": 21.0
    },
    {
        "pset": [
            "<schema.org/breadcrumb>",
            "<schema.org/dateModified>",
            "<schema.org/datePublished>",
            "<schema.org/inLanguage>",
            "<schema.org/isPartOf>",
            "<schema.org/mainEntity>",
            "<schema.org/name>",
            "<schema.org/potentialAction>",
            "<schema.org/url>",
            "isa:<schema.org/QAPage>",
            "isa:<schema.org/WebPage>"
        ],
        "count": 21.0
    },
    {
        "pset": [
            "<schema.org/description>",
            "<schema.org/image>",
            "<schema.org/name>",
            "isa:<schema.org/QAPage>"
        ],
        "count": 20.0
    },
    {
        "pset": [
            "<schema.org/author>",
            "<schema.org/breadcrumb>",
            "<schema.org/dateModified>",
            "<schema.org/datePublished>",
            "<schema.org/image>",
            "<schema.org/inLanguage>",
            "<schema.org/isPartOf>",
            "<schema.org/name>",
            "<schema.org/potentialAction>",
            "<schema.org/primaryImageOfPage>",
            "<schema.org/thumbnailUrl>",
            "<schema.org/url>",
            "isa:<schema.org/QAPage>",
            "isa:<schema.org/WebPage>"
        ],
        "count": 19.0
    },
    {
        "pset": [
            "<schema.org/author>",
            "<schema.org/inLanguage>",
            "<schema.org/isAccessibleForFree>",
            "<schema.org/name>",
            "<schema.org/publisher>",
            "isa:<schema.org/QAPage>"
        ],
        "count": 16.0
    },
    {
        "pset": [
            "<schema.org/author>",
            "<schema.org/dateModified>",
            "<schema.org/datePublished>",
            "<schema.org/hasPart>",
            "<schema.org/headline>",
            "<schema.org/image>",
            "<schema.org/mainEntityOfPage>",
            "<schema.org/name>",
            "<schema.org/publisher>",
            "isa:<schema.org/QAPage>"
        ],
        "count": 16.0
    },
    {
        "pset": [
            "<schema.org/dateCreated>",
            "<schema.org/dateModified>",
            "<schema.org/datePublished>",
            "<schema.org/mainEntity>",
            "isa:<schema.org/QAPage>"
        ],
        "count": 15.0
    },
    {
        "pset": [
            "<schema.org/dateModified>",
            "<schema.org/datePublished>",
            "<schema.org/description>",
            "<schema.org/inLanguage>",
            "<schema.org/isPartOf>",
            "<schema.org/name>",
            "<schema.org/potentialAction>",
            "<schema.org/url>",
            "isa:<schema.org/QAPage>",
            "isa:<schema.org/WebPage>"
        ],
        "count": 15.0
    },
    {
        "pset": [
            "<schema.org/headline>",
            "<schema.org/keywords>",
            "<schema.org/mainEntity>",
            "<schema.org/primaryImageOfPage>",
            "<schema.org/timeRequired>",
            "<schema.org/url>",
            "isa:<schema.org/QAPage>"
        ],
        "count": 14.0
    },
    {
        "pset": [
            "<schema.org/mainEntityOfPage>",
            "<schema.org/name>",
            "<schema.org/url>",
            "isa:<schema.org/QAPage>"
        ],
        "count": 13.0
    },
    {
        "pset": [
            "<schema.org/breadcrumb>",
            "<schema.org/dateModified>",
            "<schema.org/datePublished>",
            "<schema.org/description>",
            "<schema.org/inLanguage>",
            "<schema.org/isPartOf>",
            "<schema.org/mainEntity>",
            "<schema.org/name>",
            "<schema.org/potentialAction>",
            "<schema.org/url>",
            "isa:<schema.org/FAQPage>",
            "isa:<schema.org/QAPage>",
            "isa:<schema.org/WebPage>"
        ],
        "count": 12.0
    },
    {
        "pset": [
            "<schema.org/breadcrumb>",
            "<schema.org/description>",
            "<schema.org/headline>",
            "<schema.org/image>",
            "<schema.org/inLanguage>",
            "<schema.org/mainEntity>",
            "<schema.org/name>",
            "<schema.org/primaryImageOfPage>",
            "isa:<schema.org/QAPage>"
        ],
        "count": 11.0
    },
    {
        "pset": [
            "<schema.org/keywords>",
            "<schema.org/lastReviewed>",
            "<schema.org/mainEntity>",
            "<schema.org/publisher>",
            "isa:<schema.org/QAPage>"
        ],
        "count": 11.0
    },
    {
        "pset": [
            "<schema.org/author>",
            "<schema.org/dateCreated>",
            "<schema.org/mainEntity>",
            "isa:<schema.org/QAPage>"
        ],
        "count": 10.0
    },
    {
        "pset": [
            "<schema.org/description>",
            "<schema.org/mainEntity>",
            "<schema.org/name>",
            "<schema.org/potentialAction>",
            "<schema.org/url>",
            "isa:<schema.org/QAPage>"
        ],
        "count": 10.0
    },
    {
        "pset": [
            "<schema.org/articleBody>",
            "<schema.org/articleSection>",
            "<schema.org/author>",
            "<schema.org/dateModified>",
            "<schema.org/datePublished>",
            "<schema.org/headline>",
            "<schema.org/image>",
            "<schema.org/interactionStatistic>",
            "<schema.org/mainEntity>",
            "isa:<schema.org/DiscussionForumPosting>",
            "isa:<schema.org/QAPage>"
        ],
        "count": 9.0
    },
    {
        "pset": [
            "<schema.org/articleBody>",
            "<schema.org/author>",
            "<schema.org/dateModified>",
            "<schema.org/datePublished>",
            "<schema.org/description>",
            "<schema.org/headline>",
            "<schema.org/image>",
            "<schema.org/mainEntity>",
            "<schema.org/mainEntityOfPage>",
            "<schema.org/name>",
            "<schema.org/publisher>",
            "isa:<schema.org/QAPage>"
        ],
        "count": 9.0
    },
    {
        "pset": [
            "<schema.org/datePublished>",
            "<schema.org/lastReviewed>",
            "<schema.org/mainEntity>",
            "<schema.org/reviewedBy>",
            "<schema.org/url>",
            "isa:<schema.org/QAPage>"
        ],
        "count": 9.0
    },
    {
        "pset": [
            "<schema.org/breadcrumb>",
            "<schema.org/dateModified>",
            "<schema.org/datePublished>",
            "<schema.org/description>",
            "<schema.org/inLanguage>",
            "<schema.org/isPartOf>",
            "<schema.org/mainEntity>",
            "<schema.org/name>",
            "<schema.org/potentialAction>",
            "<schema.org/primaryImageOfPage>",
            "<schema.org/url>",
            "isa:<schema.org/FAQPage>",
            "isa:<schema.org/QAPage>",
            "isa:<schema.org/WebPage>"
        ],
        "count": 8.0
    },
    {
        "pset": [
            "<schema.org/aggregateRating>",
            "<schema.org/alternativeHeadline>",
            "<schema.org/author>",
            "<schema.org/description>",
            "<schema.org/discussionUrl>",
            "<schema.org/headline>",
            "<schema.org/image>",
            "<schema.org/interactionStatistic>",
            "<schema.org/mainEntity>",
            "<schema.org/name>",
            "<schema.org/publisher>",
            "isa:<schema.org/Book>",
            "isa:<schema.org/QAPage>"
        ],
        "count": 8.0
    },
    {
        "pset": [
            "<schema.org/description>",
            "<schema.org/name>",
            "<schema.org/url>",
            "isa:<schema.org/QAPage>"
        ],
        "count": 8.0
    },
    {
        "pset": [
            "<schema.org/image>",
            "<schema.org/mainEntity>",
            "<schema.org/relatedLink>",
            "<schema.org/thumbnailUrl>",
            "isa:<schema.org/QAPage>"
        ],
        "count": 8.0
    },
    {
        "pset": [
            "<schema.org/breadcrumb>",
            "<schema.org/dateModified>",
            "<schema.org/datePublished>",
            "<schema.org/description>",
            "<schema.org/inLanguage>",
            "<schema.org/isPartOf>",
            "<schema.org/name>",
            "<schema.org/url>",
            "isa:<schema.org/CollectionPage>",
            "isa:<schema.org/QAPage>",
            "isa:<schema.org/WebPage>"
        ],
        "count": 7.0
    },
    {
        "pset": [
            "<schema.org/breadcrumb>",
            "<schema.org/mainEntity>",
            "<schema.org/position>",
            "<schema.org/url>",
            "isa:<schema.org/ListItem>",
            "isa:<schema.org/QAPage>"
        ],
        "count": 7.0
    },
    {
        "pset": [
            "<schema.org/dateModified>",
            "<schema.org/datePublished>",
            "<schema.org/inLanguage>",
            "<schema.org/isPartOf>",
            "<schema.org/name>",
            "<schema.org/potentialAction>",
            "<schema.org/url>",
            "isa:<schema.org/QAPage>",
            "isa:<schema.org/WebPage>"
        ],
        "count": 7.0
    },
    {
        "pset": [
            "<schema.org/author>",
            "<schema.org/breadcrumb>",
            "<schema.org/dateModified>",
            "<schema.org/datePublished>",
            "<schema.org/inLanguage>",
            "<schema.org/isPartOf>",
            "<schema.org/name>",
            "<schema.org/potentialAction>",
            "<schema.org/primaryImageOfPage>",
            "<schema.org/url>",
            "isa:<schema.org/QAPage>",
            "isa:<schema.org/WebPage>"
        ],
        "count": 7.0
    },
    {
        "pset": [
            "<schema.org/breadcrumb>",
            "<schema.org/description>",
            "<schema.org/image>",
            "<schema.org/name>",
            "isa:<schema.org/QAPage>"
        ],
        "count": 7.0
    },
    {
        "pset": [
            "<schema.org/author>",
            "<schema.org/isAccessibleForFree>",
            "<schema.org/mainEntity>",
            "<schema.org/publisher>",
            "isa:<schema.org/QAPage>"
        ],
        "count": 7.0
    },
    {
        "pset": [
            "<schema.org/description>",
            "<schema.org/image>",
            "<schema.org/name>",
            "<schema.org/url>",
            "isa:<schema.org/QAPage>"
        ],
        "count": 6.0
    },
    {
        "pset": [
            "<schema.org/datePublished>",
            "<schema.org/description>",
            "<schema.org/headline>",
            "<schema.org/image>",
            "<schema.org/publisher>",
            "<schema.org/url>",
            "isa:<schema.org/QAPage>"
        ],
        "count": 6.0
    },
    {
        "pset": [
            "<schema.org/about>",
            "<schema.org/breadcrumb>",
            "<schema.org/dateModified>",
            "<schema.org/datePublished>",
            "<schema.org/description>",
            "<schema.org/image>",
            "<schema.org/inLanguage>",
            "<schema.org/isPartOf>",
            "<schema.org/name>",
            "<schema.org/potentialAction>",
            "<schema.org/primaryImageOfPage>",
            "<schema.org/thumbnailUrl>",
            "<schema.org/url>",
            "isa:<schema.org/QAPage>",
            "isa:<schema.org/WebPage>"
        ],
        "count": 6.0
    },
    {
        "pset": [
            "<schema.org/breadcrumb>",
            "<schema.org/video>",
            "isa:<schema.org/QAPage>"
        ],
        "count": 6.0
    },
    {
        "pset": [
            "<schema.org/author>",
            "<schema.org/copyrightHolder>",
            "<schema.org/copyrightYear>",
            "<schema.org/creator>",
            "<schema.org/dateModified>",
            "<schema.org/datePublished>",
            "<schema.org/headline>",
            "<schema.org/inLanguage>",
            "<schema.org/mainEntityOfPage>",
            "<schema.org/name>",
            "<schema.org/publisher>",
            "<schema.org/url>",
            "isa:<schema.org/QAPage>"
        ],
        "count": 5.0
    },
    {
        "pset": [
            "<schema.org/datePublished>",
            "<schema.org/keywords>",
            "<schema.org/lastReviewed>",
            "<schema.org/mainEntity>",
            "<schema.org/reviewedBy>",
            "<schema.org/url>",
            "isa:<schema.org/QAPage>"
        ],
        "count": 5.0
    },
    {
        "pset": [
            "<schema.org/description>",
            "<schema.org/image>",
            "<schema.org/mainEntity>",
            "<schema.org/mainEntityOfPage>",
            "<schema.org/name>",
            "<schema.org/primaryImageOfPage>",
            "isa:<schema.org/QAPage>"
        ],
        "count": 5.0
    },
    {
        "pset": [
            "<schema.org/author>",
            "<schema.org/dateModified>",
            "<schema.org/datePublished>",
            "<schema.org/description>",
            "<schema.org/inLanguage>",
            "<schema.org/isPartOf>",
            "<schema.org/name>",
            "<schema.org/potentialAction>",
            "<schema.org/primaryImageOfPage>",
            "<schema.org/url>",
            "isa:<schema.org/QAPage>",
            "isa:<schema.org/WebPage>"
        ],
        "count": 5.0
    },
    {
        "pset": [
            "<schema.org/author>",
            "<schema.org/copyrightHolder>",
            "<schema.org/copyrightYear>",
            "<schema.org/dateCreated>",
            "<schema.org/dateModified>",
            "<schema.org/datePublished>",
            "<schema.org/description>",
            "<schema.org/headline>",
            "<schema.org/image>",
            "<schema.org/inLanguage>",
            "<schema.org/keywords>",
            "<schema.org/mainEntityOfPage>",
            "<schema.org/name>",
            "<schema.org/publisher>",
            "<schema.org/url>",
            "isa:<schema.org/QAPage>"
        ],
        "count": 5.0
    },
    {
        "pset": [
            "<schema.org/author>",
            "<schema.org/copyrightHolder>",
            "<schema.org/copyrightYear>",
            "<schema.org/creator>",
            "<schema.org/dateModified>",
            "<schema.org/datePublished>",
            "<schema.org/description>",
            "<schema.org/headline>",
            "<schema.org/image>",
            "<schema.org/inLanguage>",
            "<schema.org/mainEntityOfPage>",
            "<schema.org/name>",
            "<schema.org/potentialAction>",
            "<schema.org/publisher>",
            "<schema.org/url>",
            "isa:<schema.org/QAPage>"
        ],
        "count": 5.0
    },
    {
        "pset": [
            "<schema.org/breadcrumb>",
            "<schema.org/dateModified>",
            "<schema.org/datePublished>",
            "<schema.org/inLanguage>",
            "<schema.org/isPartOf>",
            "<schema.org/mainEntity>",
            "<schema.org/name>",
            "<schema.org/potentialAction>",
            "<schema.org/url>",
            "isa:<schema.org/FAQPage>",
            "isa:<schema.org/QAPage>",
            "isa:<schema.org/WebPage>"
        ],
        "count": 5.0
    },
    {
        "pset": [
            "<schema.org/description>",
            "<schema.org/name>",
            "<schema.org/publisher>",
            "isa:<schema.org/QAPage>"
        ],
        "count": 5.0
    },
    {
        "pset": [
            "<schema.org/description>",
            "<schema.org/hasPart>",
            "<schema.org/mainEntity>",
            "<schema.org/name>",
            "isa:<schema.org/QAPage>"
        ],
        "count": 4.0
    },
    {
        "pset": [
            "<schema.org/breadcrumb>",
            "<schema.org/contentReferenceTime>",
            "<schema.org/dateModified>",
            "<schema.org/datePublished>",
            "<schema.org/headline>",
            "<schema.org/mainEntity>",
            "<schema.org/mainEntityOfPage>",
            "isa:<schema.org/QAPage>"
        ],
        "count": 4.0
    },
    {
        "pset": [
            "<schema.org/mainEntity>",
            "<schema.org/reviewedBy>",
            "isa:<schema.org/QAPage>"
        ],
        "count": 4.0
    },
    {
        "pset": [
            "<schema.org/about>",
            "<schema.org/breadcrumb>",
            "<schema.org/dateModified>",
            "<schema.org/datePublished>",
            "<schema.org/description>",
            "<schema.org/inLanguage>",
            "<schema.org/isPartOf>",
            "<schema.org/name>",
            "<schema.org/potentialAction>",
            "<schema.org/url>",
            "isa:<schema.org/QAPage>",
            "isa:<schema.org/WebPage>"
        ],
        "count": 4.0
    },
    {
        "pset": [
            "<schema.org/about>",
            "<schema.org/breadcrumb>",
            "<schema.org/dateModified>",
            "<schema.org/datePublished>",
            "<schema.org/description>",
            "<schema.org/inLanguage>",
            "<schema.org/isPartOf>",
            "<schema.org/name>",
            "<schema.org/potentialAction>",
            "<schema.org/primaryImageOfPage>",
            "<schema.org/url>",
            "isa:<schema.org/QAPage>",
            "isa:<schema.org/WebPage>"
        ],
        "count": 4.0
    },
    {
        "pset": [
            "<schema.org/accessibilityFeature>",
            "<schema.org/breadcrumb>",
            "<schema.org/dateModified>",
            "<schema.org/datePublished>",
            "<schema.org/description>",
            "<schema.org/image>",
            "<schema.org/inLanguage>",
            "<schema.org/isPartOf>",
            "<schema.org/name>",
            "<schema.org/potentialAction>",
            "<schema.org/primaryImageOfPage>",
            "<schema.org/thumbnailUrl>",
            "<schema.org/url>",
            "isa:<schema.org/QAPage>",
            "isa:<schema.org/WebPage>"
        ],
        "count": 3.0
    },
    {
        "pset": [
            "<schema.org/address>",
            "<schema.org/breadcrumb>",
            "<schema.org/dateModified>",
            "<schema.org/datePublished>",
            "<schema.org/description>",
            "<schema.org/geo>",
            "<schema.org/image>",
            "<schema.org/inLanguage>",
            "<schema.org/isPartOf>",
            "<schema.org/name>",
            "<schema.org/openingHoursSpecification>",
            "<schema.org/potentialAction>",
            "<schema.org/priceRange>",
            "<schema.org/primaryImageOfPage>",
            "<schema.org/sameAs>",
            "<schema.org/telephone>",
            "<schema.org/thumbnailUrl>",
            "<schema.org/url>",
            "isa:<schema.org/LocalBusiness>",
            "isa:<schema.org/QAPage>",
            "isa:<schema.org/WebPage>"
        ],
        "count": 3.0
    },
    {
        "pset": [
            "<schema.org/description>",
            "<schema.org/headline>",
            "<schema.org/mainEntity>",
            "isa:<schema.org/QAPage>"
        ],
        "count": 3.0
    },
    {
        "pset": [
            "<schema.org/headline>",
            "<schema.org/keywords>",
            "<schema.org/mainEntity>",
            "<schema.org/primaryImageOfPage>",
            "<schema.org/publisher>",
            "<schema.org/timeRequired>",
            "<schema.org/url>",
            "isa:<schema.org/QAPage>"
        ],
        "count": 3.0
    },
    {
        "pset": [
            "<schema.org/author>",
            "<schema.org/image>",
            "<schema.org/inLanguage>",
            "<schema.org/mainEntity>",
            "<schema.org/name>",
            "<schema.org/url>",
            "isa:<schema.org/QAPage>"
        ],
        "count": 3.0
    },
    {
        "pset": [
            "<schema.org/about>",
            "<schema.org/audience>",
            "<schema.org/description>",
            "<schema.org/specialty>",
            "isa:<schema.org/QAPage>"
        ],
        "count": 3.0
    },
    {
        "pset": [
            "<schema.org/author>",
            "<schema.org/dateModified>",
            "<schema.org/datePublished>",
            "<schema.org/name>",
            "<schema.org/publisher>",
            "<schema.org/url>",
            "isa:<schema.org/QAPage>"
        ],
        "count": 3.0
    },
    {
        "pset": [
            "<schema.org/mainEntity>",
            "<schema.org/relatedLink>",
            "<schema.org/significantLink>",
            "isa:<schema.org/QAPage>"
        ],
        "count": 3.0
    },
    {
        "pset": [
            "<schema.org/breadcrumb>",
            "<schema.org/dateModified>",
            "<schema.org/datePublished>",
            "<schema.org/inLanguage>",
            "<schema.org/isPartOf>",
            "<schema.org/name>",
            "<schema.org/potentialAction>",
            "<schema.org/url>",
            "isa:<schema.org/FAQPage>",
            "isa:<schema.org/QAPage>",
            "isa:<schema.org/WebPage>"
        ],
        "count": 2.0
    },
    {
        "pset": [
            "<schema.org/author>",
            "<schema.org/copyrightHolder>",
            "<schema.org/copyrightYear>",
            "<schema.org/creator>",
            "<schema.org/dateModified>",
            "<schema.org/datePublished>",
            "<schema.org/headline>",
            "<schema.org/image>",
            "<schema.org/inLanguage>",
            "<schema.org/mainEntityOfPage>",
            "<schema.org/name>",
            "<schema.org/publisher>",
            "<schema.org/url>",
            "isa:<schema.org/QAPage>"
        ],
        "count": 2.0
    },
    {
        "pset": [
            "<schema.org/author>",
            "<schema.org/breadcrumb>",
            "<schema.org/dateModified>",
            "<schema.org/datePublished>",
            "<schema.org/description>",
            "<schema.org/inLanguage>",
            "<schema.org/isPartOf>",
            "<schema.org/mainEntity>",
            "<schema.org/name>",
            "<schema.org/potentialAction>",
            "<schema.org/primaryImageOfPage>",
            "<schema.org/url>",
            "isa:<schema.org/FAQPage>",
            "isa:<schema.org/QAPage>",
            "isa:<schema.org/WebPage>"
        ],
        "count": 2.0
    },
    {
        "pset": [
            "<schema.org/about>",
            "<schema.org/dateModified>",
            "<schema.org/datePublished>",
            "<schema.org/description>",
            "<schema.org/inLanguage>",
            "<schema.org/isPartOf>",
            "<schema.org/name>",
            "<schema.org/potentialAction>",
            "<schema.org/primaryImageOfPage>",
            "<schema.org/url>",
            "isa:<schema.org/QAPage>",
            "isa:<schema.org/WebPage>"
        ],
        "count": 2.0
    },
    {
        "pset": [
            "<schema.org/mainEntity>",
            "<schema.org/offers>",
            "<schema.org/publisher>",
            "isa:<schema.org/QAPage>"
        ],
        "count": 2.0
    },
    {
        "pset": [
            "<schema.org/author>",
            "<schema.org/dateCreated>",
            "<schema.org/dateModified>",
            "<schema.org/description>",
            "<schema.org/headline>",
            "<schema.org/name>",
            "<schema.org/primaryImageOfPage>",
            "<schema.org/publisher>",
            "<schema.org/relatedLink>",
            "<schema.org/sameAs>",
            "<schema.org/text>",
            "<schema.org/url>",
            "isa:<schema.org/QAPage>"
        ],
        "count": 2.0
    },
    {
        "pset": [
            "<schema.org/author>",
            "<schema.org/comment>",
            "<schema.org/dateCreated>",
            "<schema.org/dateModified>",
            "<schema.org/datePublished>",
            "<schema.org/discussionUrl>",
            "<schema.org/headline>",
            "<schema.org/image>",
            "<schema.org/interactionStatistic>",
            "<schema.org/isPartOf>",
            "<schema.org/mainEntity>",
            "<schema.org/mainEntityOfPage>",
            "<schema.org/name>",
            "<schema.org/pageEnd>",
            "<schema.org/pageStart>",
            "<schema.org/publisher>",
            "<schema.org/text>",
            "<schema.org/url>",
            "isa:<schema.org/DiscussionForumPosting>",
            "isa:<schema.org/QAPage>",
            "isa:<schema.org/WebPage>"
        ],
        "count": 2.0
    },
    {
        "pset": [
            "<schema.org/author>",
            "<schema.org/dateCreated>",
            "<schema.org/dateModified>",
            "<schema.org/description>",
            "<schema.org/headline>",
            "<schema.org/name>",
            "<schema.org/primaryImageOfPage>",
            "<schema.org/publisher>",
            "<schema.org/relatedLink>",
            "<schema.org/text>",
            "<schema.org/url>",
            "isa:<schema.org/QAPage>"
        ],
        "count": 2.0
    },
    {
        "pset": [
            "<schema.org/breadcrumb>",
            "<schema.org/datePublished>",
            "<schema.org/description>",
            "<schema.org/lastReviewed>",
            "<schema.org/name>",
            "<schema.org/publisher>",
            "isa:<schema.org/QAPage>"
        ],
        "count": 2.0
    },
    {
        "pset": [
            "<schema.org/breadcrumb>",
            "<schema.org/dateModified>",
            "<schema.org/datePublished>",
            "<schema.org/inLanguage>",
            "<schema.org/isPartOf>",
            "<schema.org/mainEntity>",
            "<schema.org/name>",
            "<schema.org/potentialAction>",
            "<schema.org/primaryImageOfPage>",
            "<schema.org/url>",
            "isa:<schema.org/FAQPage>",
            "isa:<schema.org/QAPage>",
            "isa:<schema.org/WebPage>"
        ],
        "count": 2.0
    },
    {
        "pset": [
            "<schema.org/address>",
            "<schema.org/breadcrumb>",
            "<schema.org/dateModified>",
            "<schema.org/datePublished>",
            "<schema.org/description>",
            "<schema.org/geo>",
            "<schema.org/image>",
            "<schema.org/inLanguage>",
            "<schema.org/isPartOf>",
            "<schema.org/name>",
            "<schema.org/potentialAction>",
            "<schema.org/priceRange>",
            "<schema.org/primaryImageOfPage>",
            "<schema.org/telephone>",
            "<schema.org/thumbnailUrl>",
            "<schema.org/url>",
            "isa:<schema.org/ProfessionalService>",
            "isa:<schema.org/QAPage>",
            "isa:<schema.org/WebPage>"
        ],
        "count": 2.0
    },
    {
        "pset": [
            "<schema.org/breadcrumb>",
            "<schema.org/dateModified>",
            "<schema.org/datePublished>",
            "<schema.org/description>",
            "<schema.org/inLanguage>",
            "<schema.org/isPartOf>",
            "<schema.org/name>",
            "<schema.org/potentialAction>",
            "<schema.org/url>",
            "isa:<schema.org/CollectionPage>",
            "isa:<schema.org/QAPage>",
            "isa:<schema.org/WebPage>"
        ],
        "count": 2.0
    },
    {
        "pset": [
            "<schema.org/author>",
            "<schema.org/copyrightHolder>",
            "<schema.org/copyrightYear>",
            "<schema.org/creator>",
            "<schema.org/dateModified>",
            "<schema.org/datePublished>",
            "<schema.org/description>",
            "<schema.org/headline>",
            "<schema.org/image>",
            "<schema.org/inLanguage>",
            "<schema.org/mainEntity>",
            "<schema.org/mainEntityOfPage>",
            "<schema.org/name>",
            "<schema.org/publisher>",
            "<schema.org/url>",
            "isa:<schema.org/QAPage>"
        ],
        "count": 2.0
    },
    {
        "pset": [
            "<schema.org/MainEntity>",
            "<schema.org/description>",
            "<schema.org/name>",
            "isa:<schema.org/QAPage>"
        ],
        "count": 2.0
    },
    {
        "pset": [
            "<schema.org/alternativeHeadline>",
            "<schema.org/breadcrumb>",
            "<schema.org/mainEntity>",
            "<schema.org/name>",
            "<schema.org/primaryImageofPage>",
            "<schema.org/publisher>",
            "isa:<schema.org/QAPage>"
        ],
        "count": 1.0
    },
    {
        "pset": [
            "<schema.org/lastReviewed>",
            "<schema.org/reviewedBy>",
            "isa:<schema.org/QAPage>"
        ],
        "count": 1.0
    },
    {
        "pset": [
            "<schema.org/breadcrumb>",
            "<schema.org/copyrightHolder>",
            "<schema.org/copyrightYear>",
            "<schema.org/datePublished>",
            "<schema.org/genre>",
            "<schema.org/headline>",
            "<schema.org/mainEntity>",
            "<schema.org/relatedLink>",
            "<schema.org/specialty>",
            "isa:<schema.org/QAPage>"
        ],
        "count": 1.0
    },
    {
        "pset": [
            "<schema.org/author>",
            "<schema.org/creator>",
            "<schema.org/dateCreated>",
            "<schema.org/dateModified>",
            "<schema.org/datePublished>",
            "<schema.org/description>",
            "<schema.org/headline>",
            "<schema.org/image>",
            "<schema.org/mainEntityOfPage>",
            "<schema.org/publisher>",
            "<schema.org/url>",
            "isa:<schema.org/QAPage>"
        ],
        "count": 1.0
    },
    {
        "pset": [
            "<schema.org/author>",
            "<schema.org/dateModified>",
            "<schema.org/datePublished>",
            "<schema.org/description>",
            "<schema.org/inLanguage>",
            "<schema.org/isPartOf>",
            "<schema.org/name>",
            "<schema.org/potentialAction>",
            "<schema.org/url>",
            "isa:<schema.org/QAPage>",
            "isa:<schema.org/WebPage>"
        ],
        "count": 1.0
    },
    {
        "pset": [
            "<schema.org/acceptedAnswer>",
            "<schema.org/mainEntityOfPage>",
            "<schema.org/publisher>",
            "isa:<schema.org/QAPage>"
        ],
        "count": 1.0
    },
    {
        "pset": [
            "<schema.org/about>",
            "<schema.org/breadcrumb>",
            "<schema.org/dateModified>",
            "<schema.org/datePublished>",
            "<schema.org/image>",
            "<schema.org/inLanguage>",
            "<schema.org/isPartOf>",
            "<schema.org/name>",
            "<schema.org/potentialAction>",
            "<schema.org/primaryImageOfPage>",
            "<schema.org/thumbnailUrl>",
            "<schema.org/url>",
            "isa:<schema.org/QAPage>",
            "isa:<schema.org/WebPage>"
        ],
        "count": 1.0
    },
    {
        "pset": [
            "<schema.org/dateModified>",
            "<schema.org/datePublished>",
            "<schema.org/inLanguage>",
            "<schema.org/isPartOf>",
            "<schema.org/name>",
            "<schema.org/potentialAction>",
            "<schema.org/url>",
            "isa:<schema.org/FAQPage>",
            "isa:<schema.org/QAPage>",
            "isa:<schema.org/WebPage>"
        ],
        "count": 1.0
    },
    {
        "pset": [
            "<schema.org/copyrightHolder>",
            "<schema.org/keywords>",
            "<schema.org/mainEntity>",
            "<schema.org/name>",
            "<schema.org/publisher>",
            "<schema.org/text>",
            "<schema.org/thumbnailUrl>",
            "isa:<schema.org/QAPage>"
        ],
        "count": 1.0
    },
    {
        "pset": [
            "<schema.org/address>",
            "<schema.org/breadcrumb>",
            "<schema.org/dateModified>",
            "<schema.org/datePublished>",
            "<schema.org/description>",
            "<schema.org/geo>",
            "<schema.org/image>",
            "<schema.org/inLanguage>",
            "<schema.org/isPartOf>",
            "<schema.org/name>",
            "<schema.org/potentialAction>",
            "<schema.org/sameAs>",
            "<schema.org/telephone>",
            "<schema.org/url>",
            "isa:<schema.org/GeneralContractor>",
            "isa:<schema.org/QAPage>",
            "isa:<schema.org/WebPage>"
        ],
        "count": 1.0
    },
    {
        "pset": [
            "<schema.org/breadcrumb>",
            "<schema.org/dateModified>",
            "<schema.org/datePublished>",
            "<schema.org/description>",
            "<schema.org/image>",
            "<schema.org/inLanguage>",
            "<schema.org/isPartOf>",
            "<schema.org/name>",
            "<schema.org/potentialAction>",
            "<schema.org/primaryImageOfPage>",
            "<schema.org/thumbnailUrl>",
            "<schema.org/url>",
            "isa:<schema.org/Person>",
            "isa:<schema.org/QAPage>",
            "isa:<schema.org/WebPage>"
        ],
        "count": 1.0
    },
    {
        "pset": [
            "<schema.org/about>",
            "<schema.org/alternateName>",
            "<schema.org/author>",
            "<schema.org/keywords>",
            "<schema.org/name>",
            "<schema.org/potentialAction>",
            "<schema.org/url>",
            "isa:<schema.org/QAPage>"
        ],
        "count": 1.0
    },
    {
        "pset": [
            "<schema.org/author>",
            "<schema.org/dateModified>",
            "<schema.org/name>",
            "<schema.org/publisher>",
            "<schema.org/url>",
            "isa:<schema.org/QAPage>"
        ],
        "count": 1.0
    },
    {
        "pset": [
            "<schema.org/keywords>",
            "<schema.org/mainEntity>",
            "isa:<schema.org/QAPage>"
        ],
        "count": 1.0
    },
    {
        "pset": [
            "<schema.org/author>",
            "<schema.org/breadcrumb>",
            "<schema.org/dateModified>",
            "<schema.org/datePublished>",
            "<schema.org/description>",
            "<schema.org/headline>",
            "<schema.org/image>",
            "<schema.org/inLanguage>",
            "<schema.org/isPartOf>",
            "<schema.org/mainEntityOfPage>",
            "<schema.org/name>",
            "<schema.org/potentialAction>",
            "<schema.org/primaryImageOfPage>",
            "<schema.org/publisher>",
            "<schema.org/thumbnailUrl>",
            "<schema.org/url>",
            "isa:<schema.org/Article>",
            "isa:<schema.org/QAPage>",
            "isa:<schema.org/WebPage>"
        ],
        "count": 1.0
    },
    {
        "pset": [
            "<schema.org/author>",
            "<schema.org/breadcrumb>",
            "<schema.org/dateModified>",
            "<schema.org/datePublished>",
            "<schema.org/description>",
            "<schema.org/image>",
            "<schema.org/inLanguage>",
            "<schema.org/isPartOf>",
            "<schema.org/mainEntity>",
            "<schema.org/name>",
            "<schema.org/potentialAction>",
            "<schema.org/primaryImageOfPage>",
            "<schema.org/thumbnailUrl>",
            "<schema.org/url>",
            "isa:<schema.org/FAQPage>",
            "isa:<schema.org/QAPage>",
            "isa:<schema.org/WebPage>"
        ],
        "count": 1.0
    },
    {
        "pset": [
            "<schema.org/breadcrumb>",
            "<schema.org/dateModified>",
            "<schema.org/datePublished>",
            "<schema.org/description>",
            "<schema.org/image>",
            "<schema.org/inLanguage>",
            "<schema.org/isPartOf>",
            "<schema.org/mainEntityOfPage>",
            "<schema.org/name>",
            "<schema.org/potentialAction>",
            "<schema.org/primaryImageOfPage>",
            "<schema.org/thumbnailUrl>",
            "<schema.org/url>",
            "isa:<schema.org/QAPage>",
            "isa:<schema.org/WebPage>"
        ],
        "count": 1.0
    },
    {
        "pset": [
            "<schema.org/dateModified>",
            "<schema.org/datePublished>",
            "<schema.org/headline>",
            "<schema.org/mainEntity>",
            "<schema.org/publisher>",
            "<schema.org/url>",
            "isa:<schema.org/QAPage>"
        ],
        "count": 1.0
    },
    {
        "pset": [
            "<schema.org/author>",
            "<schema.org/dateCreated>",
            "<schema.org/mainEntity>",
            "<schema.org/name>",
            "<schema.org/url>",
            "isa:<schema.org/QAPage>"
        ],
        "count": 1.0
    },
    {
        "pset": [
            "<schema.org/author>",
            "<schema.org/description>",
            "<schema.org/headline>",
            "<schema.org/keywords>",
            "<schema.org/mainContentOfPage>",
            "<schema.org/name>",
            "<schema.org/potentialAction>",
            "<schema.org/publisher>",
            "<schema.org/significantLink>",
            "<schema.org/sourceOrganization>",
            "<schema.org/url>",
            "isa:<schema.org/QAPage>"
        ],
        "count": 1.0
    },
    {
        "pset": [
            "<schema.org/image>",
            "<schema.org/mainEntity>",
            "<schema.org/name>",
            "<schema.org/text>",
            "isa:<schema.org/QAPage>"
        ],
        "count": 1.0
    },
    {
        "pset": [
            "<schema.org/description>",
            "<schema.org/hasPart>",
            "<schema.org/name>",
            "isa:<schema.org/QAPage>"
        ],
        "count": 1.0
    },
    {
        "pset": [
            "<schema.org/name>",
            "<schema.org/url>",
            "isa:<schema.org/QAPage>"
        ],
        "count": 1.0
    },
    {
        "pset": [
            "<schema.org/description>",
            "<schema.org/headline>",
            "<schema.org/image>",
            "<schema.org/mainEntity>",
            "isa:<schema.org/QAPage>"
        ],
        "count": 1.0
    },
    {
        "pset": [
            "<schema.org/author>",
            "<schema.org/copyrightHolder>",
            "<schema.org/copyrightYear>",
            "<schema.org/dateCreated>",
            "<schema.org/dateModified>",
            "<schema.org/datePublished>",
            "<schema.org/description>",
            "<schema.org/headline>",
            "<schema.org/image>",
            "<schema.org/inLanguage>",
            "<schema.org/mainEntityOfPage>",
            "<schema.org/name>",
            "<schema.org/publisher>",
            "<schema.org/url>",
            "isa:<schema.org/QAPage>"
        ],
        "count": 1.0
    },
    {
        "pset": [
            "<schema.org/hasPart>",
            "<schema.org/name>",
            "isa:<schema.org/QAPage>"
        ],
        "count": 1.0
    },
    {
        "pset": [
            "<schema.org/author>",
            "<schema.org/breadcrumb>",
            "<schema.org/dateModified>",
            "<schema.org/datePublished>",
            "<schema.org/description>",
            "<schema.org/inLanguage>",
            "<schema.org/isPartOf>",
            "<schema.org/mainEntity>",
            "<schema.org/name>",
            "<schema.org/potentialAction>",
            "<schema.org/url>",
            "isa:<schema.org/FAQPage>",
            "isa:<schema.org/QAPage>",
            "isa:<schema.org/WebPage>"
        ],
        "count": 1.0
    },
    {
        "pset": [
            "<schema.org/articleBody>",
            "<schema.org/articleSection>",
            "<schema.org/author>",
            "<schema.org/dateModified>",
            "<schema.org/datePublished>",
            "<schema.org/headline>",
            "<schema.org/image>",
            "<schema.org/interactionStatistic>",
            "<schema.org/mainEntity>",
            "<schema.org/mainEntityOfPage>",
            "<schema.org/publisher>",
            "isa:<schema.org/DiscussionForumPosting>",
            "isa:<schema.org/QAPage>",
            "isa:<schema.org/WebPage>"
        ],
        "count": 1.0
    },
    {
        "pset": [
            "<schema.org/headline>",
            "<schema.org/keywords>",
            "<schema.org/mainEntity>",
            "<schema.org/name>",
            "<schema.org/primaryImageOfPage>",
            "<schema.org/publisher>",
            "<schema.org/speakable>",
            "<schema.org/timeRequired>",
            "<schema.org/url>",
            "isa:<schema.org/QAPage>"
        ],
        "count": 1.0
    },
    {
        "pset": [
            "<schema.org/breadcrumb>",
            "<schema.org/dateModified>",
            "<schema.org/datePublished>",
            "<schema.org/headline>",
            "<schema.org/lastReviewed>",
            "<schema.org/mainEntity>",
            "<schema.org/reviewedBy>",
            "isa:<schema.org/QAPage>"
        ],
        "count": 1.0
    },
    {
        "pset": [
            "<schema.org/dateModified>",
            "<schema.org/mainEntity>",
            "<schema.org/name>",
            "isa:<schema.org/QAPage>"
        ],
        "count": 1.0
    }
]