[
    {
        "pset": [
            "<schema.org/unitCode>",
            "<schema.org/value>",
            "isa:<schema.org/QuantitativeValue>"
        ],
        "count": 11539478.0
    },
    {
        "pset": [
            "<schema.org/value>",
            "isa:<schema.org/QuantitativeValue>"
        ],
        "count": 6693435.0
    },
    {
        "pset": [
            "<schema.org/unitText>",
            "<schema.org/value>",
            "isa:<schema.org/QuantitativeValue>"
        ],
        "count": 2985464.0
    },
    {
        "pset": [
            "<schema.org/maxValue>",
            "<schema.org/minValue>",
            "isa:<schema.org/QuantitativeValue>"
        ],
        "count": 1227052.0
    },
    {
        "pset": [
            "<schema.org/name>",
            "isa:<schema.org/QuantitativeValue>"
        ],
        "count": 779478.0
    },
    {
        "pset": [
            "<schema.org/maxValue>",
            "isa:<schema.org/QuantitativeValue>"
        ],
        "count": 736130.0
    },
    {
        "pset": [
            "<schema.org/maxValue>",
            "<schema.org/minValue>",
            "<schema.org/unitText>",
            "isa:<schema.org/QuantitativeValue>"
        ],
        "count": 528873.0
    },
    {
        "pset": [
            "<schema.org/maxValue>",
            "<schema.org/minValue>",
            "<schema.org/unitCode>",
            "isa:<schema.org/QuantitativeValue>"
        ],
        "count": 448671.0
    },
    {
        "pset": [
            "<schema.org/name>",
            "<schema.org/unitCode>",
            "<schema.org/unitText>",
            "<schema.org/value>",
            "isa:<schema.org/QuantitativeValue>"
        ],
        "count": 446017.0
    },
    {
        "pset": [
            "<schema.org/name>",
            "<schema.org/value>",
            "isa:<schema.org/QuantitativeValue>"
        ],
        "count": 359379.0
    },
    {
        "pset": [
            "<schema.org/maxValue>",
            "<schema.org/minValue>",
            "<schema.org/name>",
            "isa:<schema.org/QuantitativeValue>"
        ],
        "count": 342498.0
    },
    {
        "pset": [
            "<schema.org/unitCode>",
            "<schema.org/unitText>",
            "<schema.org/value>",
            "isa:<schema.org/QuantitativeValue>"
        ],
        "count": 238367.0
    },
    {
        "pset": [
            "<schema.org/unitText>",
            "isa:<schema.org/QuantitativeValue>"
        ],
        "count": 226382.0
    },
    {
        "pset": [
            "<schema.org/maxValue>",
            "<schema.org/minValue>",
            "<schema.org/unitText>",
            "<schema.org/value>",
            "isa:<schema.org/QuantitativeValue>"
        ],
        "count": 224808.0
    },
    {
        "pset": [
            "<schema.org/minValue>",
            "<schema.org/unitCode>",
            "isa:<schema.org/QuantitativeValue>"
        ],
        "count": 161903.0
    },
    {
        "pset": [
            "<schema.org/minValue>",
            "<schema.org/name>",
            "isa:<schema.org/QuantitativeValue>"
        ],
        "count": 100841.0
    },
    {
        "pset": [
            "<schema.org/minValue>",
            "isa:<schema.org/QuantitativeValue>"
        ],
        "count": 90673.0
    },
    {
        "pset": [
            "<schema.org/unitCode>",
            "isa:<schema.org/QuantitativeValue>"
        ],
        "count": 81188.0
    },
    {
        "pset": [
            "isa:<schema.org/QuantitativeValue>"
        ],
        "count": 75832.0
    },
    {
        "pset": [
            "<schema.org/maxValue>",
            "<schema.org/minValue>",
            "<schema.org/name>",
            "<schema.org/unitCode>",
            "isa:<schema.org/QuantitativeValue>"
        ],
        "count": 55280.0
    },
    {
        "pset": [
            "<schema.org/unitText>",
            "<schema.org/value>",
            "isa:<schema.org/Distance>",
            "isa:<schema.org/QuantitativeValue>"
        ],
        "count": 54706.0
    },
    {
        "pset": [
            "<schema.org/minValue>",
            "<schema.org/unitText>",
            "isa:<schema.org/QuantitativeValue>"
        ],
        "count": 46789.0
    },
    {
        "pset": [
            "<schema.org/maxValue>",
            "<schema.org/unitCode>",
            "isa:<schema.org/QuantitativeValue>"
        ],
        "count": 43537.0
    },
    {
        "pset": [
            "<schema.org/unitcode>",
            "<schema.org/value>",
            "isa:<schema.org/QuantitativeValue>"
        ],
        "count": 16623.0
    },
    {
        "pset": [
            "<schema.org/unitCode>",
            "<schema.org/value>",
            "<schema.org/valueReference>",
            "isa:<schema.org/QuantitativeValue>"
        ],
        "count": 15585.0
    },
    {
        "pset": [
            "<schema.org/name>",
            "<schema.org/unitText>",
            "isa:<schema.org/QuantitativeValue>"
        ],
        "count": 10974.0
    },
    {
        "pset": [
            "<schema.org/identifier>",
            "<schema.org/name>",
            "<schema.org/unitCode>",
            "<schema.org/unitText>",
            "<schema.org/value>",
            "isa:<schema.org/QuantitativeValue>"
        ],
        "count": 10944.0
    },
    {
        "pset": [
            "<schema.org/maxValue>",
            "<schema.org/minValue>",
            "<schema.org/price>",
            "<schema.org/priceCurrency>",
            "<schema.org/unitCode>",
            "<schema.org/valueAddedTaxIncluded>",
            "isa:<schema.org/PriceSpecification>",
            "isa:<schema.org/QuantitativeValue>"
        ],
        "count": 10493.0
    },
    {
        "pset": [
            "<schema.org/maxValue>",
            "<schema.org/name>",
            "<schema.org/unitCode>",
            "isa:<schema.org/QuantitativeValue>"
        ],
        "count": 10202.0
    },
    {
        "pset": [
            "<schema.org/maxValue>",
            "<schema.org/minValue>",
            "<schema.org/value>",
            "isa:<schema.org/QuantitativeValue>"
        ],
        "count": 9761.0
    },
    {
        "pset": [
            "<schema.org/unitText>",
            "<schema.org/value>",
            "<schema.org/valueReference>",
            "isa:<schema.org/QuantitativeValue>"
        ],
        "count": 9159.0
    },
    {
        "pset": [
            "<schema.org/name>",
            "<schema.org/unitCode>",
            "isa:<schema.org/QuantitativeValue>"
        ],
        "count": 8577.0
    },
    {
        "pset": [
            "<schema.org/alternateDescription>",
            "<schema.org/description>",
            "<schema.org/maxValue>",
            "<schema.org/minValue>",
            "<schema.org/unitCode>",
            "isa:<schema.org/QuantitativeValue>"
        ],
        "count": 8490.0
    },
    {
        "pset": [
            "<schema.org/minValue>",
            "<schema.org/name>",
            "<schema.org/unitText>",
            "isa:<schema.org/QuantitativeValue>"
        ],
        "count": 8415.0
    },
    {
        "pset": [
            "<schema.org/name>",
            "<schema.org/unitCode>",
            "<schema.org/value>",
            "isa:<schema.org/QuantitativeValue>"
        ],
        "count": 6978.0
    },
    {
        "pset": [
            "<schema.org/maxValue>",
            "<schema.org/minValue>",
            "<schema.org/name>",
            "<schema.org/unitText>",
            "isa:<schema.org/QuantitativeValue>"
        ],
        "count": 6051.0
    },
    {
        "pset": [
            "<schema.org/Value>",
            "<schema.org/unitText>",
            "isa:<schema.org/QuantitativeValue>"
        ],
        "count": 4705.0
    },
    {
        "pset": [
            "<schema.org/unitCode>",
            "<schema.org/unitName>",
            "<schema.org/value>",
            "isa:<schema.org/QuantitativeValue>"
        ],
        "count": 4671.0
    },
    {
        "pset": [
            "<schema.org/Value>",
            "isa:<schema.org/QuantitativeValue>"
        ],
        "count": 4624.0
    },
    {
        "pset": [
            "<schema.org/maxvalue>",
            "<schema.org/minvalue>",
            "<schema.org/unitText>",
            "isa:<schema.org/QuantitativeValue>"
        ],
        "count": 4314.0
    },
    {
        "pset": [
            "<schema.org/maxValue>",
            "<schema.org/minValue>",
            "<schema.org/name>",
            "<schema.org/price>",
            "<schema.org/priceCurrency>",
            "<schema.org/unitCode>",
            "<schema.org/valueAddedTaxIncluded>",
            "isa:<schema.org/PriceSpecification>",
            "isa:<schema.org/QuantitativeValue>",
            "isa:<schema.org/WebPage>"
        ],
        "count": 3873.0
    },
    {
        "pset": [
            "<schema.org/description>",
            "isa:<schema.org/QuantitativeValue>"
        ],
        "count": 3598.0
    },
    {
        "pset": [
            "<schema.org/unitCode>",
            "<schema.org/value>",
            "isa:<gs1.org/voc/QuantitativeValue>",
            "isa:<schema.org/QuantitativeValue>"
        ],
        "count": 3586.0
    },
    {
        "pset": [
            "<schema.org/name>",
            "<schema.org/unitText>",
            "<schema.org/value>",
            "isa:<schema.org/QuantitativeValue>"
        ],
        "count": 3496.0
    },
    {
        "pset": [
            "<schema.org/UnitText>",
            "<schema.org/Value>",
            "isa:<schema.org/QuantitativeValue>"
        ],
        "count": 3159.0
    },
    {
        "pset": [
            "<schema.org/maxValue>",
            "<schema.org/minValue>",
            "<schema.org/unitCode>",
            "<schema.org/unitText>",
            "isa:<schema.org/QuantitativeValue>"
        ],
        "count": 2960.0
    },
    {
        "pset": [
            "<schema.org/maxValue>",
            "<schema.org/name>",
            "<schema.org/unitText>",
            "isa:<schema.org/QuantitativeValue>"
        ],
        "count": 2814.0
    },
    {
        "pset": [
            "<schema.org/price>",
            "<schema.org/priceCurrency>",
            "isa:<schema.org/QuantitativeValue>"
        ],
        "count": 2452.0
    },
    {
        "pset": [
            "<schema.org/maxValue>",
            "<schema.org/value>",
            "isa:<schema.org/QuantitativeValue>"
        ],
        "count": 2410.0
    },
    {
        "pset": [
            "<schema.org/minValue>",
            "<schema.org/unitCode>",
            "<schema.org/unitText>",
            "isa:<schema.org/QuantitativeValue>"
        ],
        "count": 2310.0
    },
    {
        "pset": [
            "<schema.org/unitCode>",
            "<schema.org/unitText>",
            "isa:<schema.org/QuantitativeValue>"
        ],
        "count": 2305.0
    },
    {
        "pset": [
            "<schema.org/maxValue>",
            "<schema.org/unitText>",
            "isa:<schema.org/QuantitativeValue>"
        ],
        "count": 2289.0
    },
    {
        "pset": [
            "<schema.org/maxvalue>",
            "<schema.org/minvalue>",
            "isa:<schema.org/QuantitativeValue>"
        ],
        "count": 2194.0
    },
    {
        "pset": [
            "<schema.org/maxValue>",
            "<schema.org/minValue>",
            "<schema.org/unitCode>",
            "<schema.org/value>",
            "isa:<schema.org/QuantitativeValue>"
        ],
        "count": 1903.0
    },
    {
        "pset": [
            "<schema.org/minValue>",
            "<schema.org/unitText>",
            "<schema.org/value>",
            "isa:<schema.org/QuantitativeValue>"
        ],
        "count": 1827.0
    },
    {
        "pset": [
            "<schema.org/maxvalue>",
            "<schema.org/minvalue>",
            "<schema.org/value>",
            "isa:<schema.org/QuantitativeValue>"
        ],
        "count": 1799.0
    },
    {
        "pset": [
            "<schema.org/UnitCode>",
            "<schema.org/Value>",
            "isa:<schema.org/QuantitativeValue>"
        ],
        "count": 1771.0
    },
    {
        "pset": [
            "<schema.org/Value>",
            "<schema.org/maxValue>",
            "<schema.org/minValue>",
            "<schema.org/unitText>",
            "isa:<schema.org/QuantitativeValue>"
        ],
        "count": 1604.0
    },
    {
        "pset": [
            "<schema.org/jobBenefits>",
            "<schema.org/maxValue>",
            "<schema.org/minValue>",
            "<schema.org/unitText>",
            "isa:<schema.org/QuantitativeValue>"
        ],
        "count": 1332.0
    },
    {
        "pset": [
            "<schema.org/minValue>",
            "<schema.org/name>",
            "<schema.org/unitCode>",
            "isa:<schema.org/QuantitativeValue>"
        ],
        "count": 1304.0
    },
    {
        "pset": [
            "<schema.org/maxValue>",
            "<schema.org/name>",
            "isa:<schema.org/QuantitativeValue>"
        ],
        "count": 1271.0
    },
    {
        "pset": [
            "<schema.org/maxValue>",
            "<schema.org/minValue>",
            "<schema.org/unittext>",
            "isa:<schema.org/QuantitativeValue>"
        ],
        "count": 1253.0
    },
    {
        "pset": [
            "<schema.org/minvalue>",
            "<schema.org/unitText>",
            "isa:<schema.org/QuantitativeValue>"
        ],
        "count": 1226.0
    },
    {
        "pset": [
            "<schema.org/unittext>",
            "<schema.org/value>",
            "isa:<schema.org/QuantitativeValue>"
        ],
        "count": 1213.0
    },
    {
        "pset": [
            "<schema.org/value>",
            "<schema.org/valueReference>",
            "isa:<schema.org/QuantitativeValue>"
        ],
        "count": 1098.0
    },
    {
        "pset": [
            "<schema.org/maxvalue>",
            "<schema.org/minValue>",
            "<schema.org/unitText>",
            "<schema.org/value>",
            "isa:<schema.org/QuantitativeValue>"
        ],
        "count": 805.0
    },
    {
        "pset": [
            "<schema.org/basePeriod>",
            "<schema.org/value>",
            "isa:<schema.org/QuantitativeValue>"
        ],
        "count": 733.0
    },
    {
        "pset": [
            "<schema.org/minValue>",
            "<schema.org/unitCode>",
            "<schema.org/unitText>",
            "<schema.org/value>",
            "isa:<schema.org/QuantitativeValue>"
        ],
        "count": 679.0
    },
    {
        "pset": [
            "<schema.org/deliveryLeadTime>",
            "<schema.org/name>",
            "<schema.org/transitTime>",
            "isa:<schema.org/QuantitativeValue>"
        ],
        "count": 673.0
    },
    {
        "pset": [
            "<schema.org/maxValue>",
            "<schema.org/unitText>",
            "<schema.org/value>",
            "isa:<schema.org/QuantitativeValue>"
        ],
        "count": 636.0
    },
    {
        "pset": [
            "<schema.org/additionalProperty>",
            "isa:<schema.org/QuantitativeValue>"
        ],
        "count": 614.0
    },
    {
        "pset": [
            "<schema.org/mainEntityOfPage>",
            "<schema.org/maxValue>",
            "<schema.org/minValue>",
            "<schema.org/name>",
            "<schema.org/unitCode>",
            "<schema.org/unitText>",
            "<schema.org/value>",
            "isa:<schema.org/QuantitativeValue>"
        ],
        "count": 466.0
    },
    {
        "pset": [
            "<schema.org/MaxValue>",
            "<schema.org/UnitCode>",
            "isa:<schema.org/QuantitativeValue>"
        ],
        "count": 403.0
    },
    {
        "pset": [
            "<schema.org/Value>",
            "<schema.org/minValue>",
            "<schema.org/unitText>",
            "isa:<schema.org/QuantitativeValue>"
        ],
        "count": 395.0
    },
    {
        "pset": [
            "<schema.org/description>",
            "<schema.org/unitCode>",
            "<schema.org/unitText>",
            "isa:<schema.org/QuantitativeValue>"
        ],
        "count": 366.0
    },
    {
        "pset": [
            "<schema.org/Value>",
            "<schema.org/maxvalue>",
            "<schema.org/minValue>",
            "isa:<schema.org/QuantitativeValue>"
        ],
        "count": 360.0
    },
    {
        "pset": [
            "<schema.org/maxValue>",
            "<schema.org/minValue>",
            "<schema.org/unitCode>",
            "<schema.org/unitText>",
            "<schema.org/value>",
            "isa:<schema.org/QuantitativeValue>"
        ],
        "count": 356.0
    },
    {
        "pset": [
            "<schema.org/Value>",
            "<schema.org/unitCode>",
            "isa:<schema.org/QuantitativeValue>"
        ],
        "count": 295.0
    },
    {
        "pset": [
            "<schema.org/maxValue>",
            "<schema.org/minvalue>",
            "<schema.org/unitText>",
            "<schema.org/value>",
            "isa:<schema.org/QuantitativeValue>"
        ],
        "count": 268.0
    },
    {
        "pset": [
            "<schema.org/alternateDescription>",
            "<schema.org/description>",
            "<schema.org/unitCode>",
            "<schema.org/value>",
            "isa:<schema.org/QuantitativeValue>"
        ],
        "count": 239.0
    },
    {
        "pset": [
            "<schema.org/maxvalue>",
            "<schema.org/minValue>",
            "<schema.org/unitText>",
            "isa:<schema.org/QuantitativeValue>"
        ],
        "count": 214.0
    },
    {
        "pset": [
            "<schema.org/maxValue>",
            "<schema.org/minValue>",
            "<schema.org/name>",
            "<schema.org/unitCode>",
            "<schema.org/unitText>",
            "isa:<schema.org/QuantitativeValue>"
        ],
        "count": 200.0
    },
    {
        "pset": [
            "<schema.org/name>",
            "<schema.org/unitCode>",
            "<schema.org/unitText>",
            "isa:<schema.org/QuantitativeValue>"
        ],
        "count": 195.0
    },
    {
        "pset": [
            "<schema.org/description>",
            "<schema.org/unitText>",
            "<schema.org/value>",
            "isa:<schema.org/QuantitativeValue>"
        ],
        "count": 180.0
    },
    {
        "pset": [
            "<schema.org/maxValue>",
            "<schema.org/unitCode>",
            "<schema.org/unitText>",
            "isa:<schema.org/QuantitativeValue>"
        ],
        "count": 141.0
    },
    {
        "pset": [
            "<schema.org/maxvalue>",
            "<schema.org/minValue>",
            "isa:<schema.org/QuantitativeValue>"
        ],
        "count": 141.0
    },
    {
        "pset": [
            "<schema.org/maxValue>",
            "<schema.org/minValue>",
            "<schema.org/unitText>",
            "<schema.org/unitcode>",
            "isa:<schema.org/QuantitativeValue>"
        ],
        "count": 125.0
    },
    {
        "pset": [
            "<schema.org/minValue>",
            "<schema.org/value>",
            "isa:<schema.org/QuantitativeValue>"
        ],
        "count": 99.0
    },
    {
        "pset": [
            "<schema.org/Unitcode>",
            "<schema.org/maxValue>",
            "<schema.org/minValue>",
            "isa:<schema.org/QuantitativeValue>"
        ],
        "count": 92.0
    },
    {
        "pset": [
            "<schema.org/maxValue>",
            "<schema.org/minValue>",
            "<schema.org/unitText>",
            "<schema.org/unittext>",
            "isa:<schema.org/QuantitativeValue>"
        ],
        "count": 90.0
    },
    {
        "pset": [
            "<schema.org/quantityUnit>",
            "<schema.org/value>",
            "isa:<schema.org/QuantitativeValue>"
        ],
        "count": 88.0
    },
    {
        "pset": [
            "<schema.org/unitCode>",
            "<schema.org/unitText>",
            "<schema.org/value>",
            "<schema.org/valueReference>",
            "isa:<schema.org/QuantitativeValue>"
        ],
        "count": 78.0
    },
    {
        "pset": [
            "<schema.org/description>",
            "<schema.org/maxValue>",
            "<schema.org/minValue>",
            "<schema.org/name>",
            "<schema.org/unitText>",
            "isa:<schema.org/QuantitativeValue>"
        ],
        "count": 72.0
    },
    {
        "pset": [
            "<schema.org/maxvalue>",
            "<schema.org/minvalue>",
            "<schema.org/unitText>",
            "<schema.org/value>",
            "isa:<schema.org/QuantitativeValue>"
        ],
        "count": 62.0
    },
    {
        "pset": [
            "<schema.org/description>",
            "<schema.org/unitCode>",
            "isa:<schema.org/QuantitativeValue>"
        ],
        "count": 59.0
    },
    {
        "pset": [
            "<schema.org/residenceCode>",
            "<schema.org/value>",
            "isa:<schema.org/QuantitativeValue>"
        ],
        "count": 54.0
    },
    {
        "pset": [
            "<schema.org/description>",
            "<schema.org/unitCode>",
            "<schema.org/value>",
            "isa:<schema.org/QuantitativeValue>"
        ],
        "count": 52.0
    },
    {
        "pset": [
            "<schema.org/Value>",
            "<schema.org/maxValue>",
            "<schema.org/minValue>",
            "<schema.org/name>",
            "isa:<schema.org/QuantitativeValue>"
        ],
        "count": 32.0
    },
    {
        "pset": [
            "<schema.org/MaxValue>",
            "<schema.org/MinValue>",
            "<schema.org/unitText>",
            "isa:<schema.org/QuantitativeValue>"
        ],
        "count": 29.0
    },
    {
        "pset": [
            "<schema.org/unitCode>",
            "<schema.org/valueReference>",
            "isa:<schema.org/QuantitativeValue>"
        ],
        "count": 28.0
    },
    {
        "pset": [
            "<schema.org/sameAs>",
            "<schema.org/unitCode>",
            "<schema.org/value>",
            "isa:<schema.org/QuantitativeValue>"
        ],
        "count": 25.0
    },
    {
        "pset": [
            "<schema.org/sameAs>",
            "<schema.org/unitText>",
            "<schema.org/value>",
            "isa:<schema.org/QuantitativeValue>"
        ],
        "count": 24.0
    },
    {
        "pset": [
            "<schema.org/description>",
            "<schema.org/image>",
            "<schema.org/maxValue>",
            "<schema.org/minValue>",
            "<schema.org/name>",
            "<schema.org/subjectOf>",
            "<schema.org/url>",
            "isa:<schema.org/QuantitativeValue>"
        ],
        "count": 19.0
    },
    {
        "pset": [
            "<schema.org/brand>",
            "<schema.org/description>",
            "<schema.org/priceRange>",
            "<schema.org/unitCode>",
            "<schema.org/value>",
            "isa:<schema.org/QuantitativeValue>"
        ],
        "count": 18.0
    },
    {
        "pset": [
            "<schema.org/Name>",
            "<schema.org/UnitCode>",
            "<schema.org/UnitText>",
            "<schema.org/Value>",
            "isa:<schema.org/QuantitativeValue>"
        ],
        "count": 16.0
    },
    {
        "pset": [
            "<schema.org/maxValue>",
            "<schema.org/minValue>",
            "<schema.org/unitText>",
            "<schema.org/valueReference>",
            "isa:<schema.org/QuantitativeValue>"
        ],
        "count": 14.0
    },
    {
        "pset": [
            "<schema.org/Value>",
            "<schema.org/name>",
            "isa:<schema.org/QuantitativeValue>"
        ],
        "count": 14.0
    },
    {
        "pset": [
            "<schema.org/description>",
            "<schema.org/name>",
            "isa:<schema.org/QuantitativeValue>"
        ],
        "count": 14.0
    },
    {
        "pset": [
            "<schema.org/maxValue>",
            "<schema.org/minValue>",
            "<schema.org/name>",
            "<schema.org/unitCode>",
            "<schema.org/url>",
            "isa:<schema.org/QuantitativeValue>"
        ],
        "count": 13.0
    },
    {
        "pset": [
            "<schema.org/MinValue>",
            "<schema.org/UnitText>",
            "isa:<schema.org/QuantitativeValue>"
        ],
        "count": 11.0
    },
    {
        "pset": [
            "<schema.org/maxValue>",
            "<schema.org/minValue>",
            "<schema.org/transitTime>",
            "isa:<schema.org/QuantitativeValue>"
        ],
        "count": 11.0
    },
    {
        "pset": [
            "<schema.org/max>",
            "<schema.org/unitCode>",
            "isa:<schema.org/QuantitativeValue>"
        ],
        "count": 9.0
    },
    {
        "pset": [
            "<schema.org/MaxValue>",
            "<schema.org/MinValue>",
            "<schema.org/UnitText>",
            "isa:<schema.org/QuantitativeValue>"
        ],
        "count": 9.0
    },
    {
        "pset": [
            "<schema.org/MaxValue>",
            "<schema.org/MinValue>",
            "<schema.org/UnitText>",
            "<schema.org/value>",
            "isa:<schema.org/QuantitativeValue>"
        ],
        "count": 8.0
    },
    {
        "pset": [
            "<schema.org/maximum_compensation>",
            "<schema.org/minimum_compensation>",
            "<schema.org/unitText>",
            "isa:<schema.org/QuantitativeValue>"
        ],
        "count": 8.0
    },
    {
        "pset": [
            "<schema.org/employmentType>",
            "<schema.org/maxValue>",
            "<schema.org/minValue>",
            "<schema.org/unitText>",
            "isa:<schema.org/QuantitativeValue>"
        ],
        "count": 7.0
    },
    {
        "pset": [
            "<schema.org/maxValue>",
            "<schema.org/minvalue>",
            "<schema.org/unitText>",
            "isa:<schema.org/QuantitativeValue>"
        ],
        "count": 6.0
    },
    {
        "pset": [
            "<schema.org/minvalue>",
            "<schema.org/unitText>",
            "<schema.org/value>",
            "isa:<schema.org/QuantitativeValue>"
        ],
        "count": 5.0
    },
    {
        "pset": [
            "<schema.org/\\uFF56alue>",
            "<schema.org/unitText>",
            "isa:<schema.org/QuantitativeValue>"
        ],
        "count": 4.0
    },
    {
        "pset": [
            "<schema.org/Value>",
            "<schema.org/maxValue>",
            "<schema.org/unitText>",
            "isa:<schema.org/QuantitativeValue>"
        ],
        "count": 4.0
    },
    {
        "pset": [
            "<schema.org/currency>",
            "<schema.org/unitText>",
            "<schema.org/value>",
            "isa:<schema.org/QuantitativeValue>"
        ],
        "count": 3.0
    },
    {
        "pset": [
            "<schema.org/unitText>",
            "<schema.org/valueMax>",
            "<schema.org/valueMin>",
            "isa:<schema.org/QuantitativeValue>"
        ],
        "count": 3.0
    },
    {
        "pset": [
            "<schema.org/price>",
            "<schema.org/priceCurrency>",
            "<schema.org/unitText>",
            "<schema.org/value>",
            "isa:<schema.org/QuantitativeValue>"
        ],
        "count": 3.0
    },
    {
        "pset": [
            "<schema.org/max>",
            "<schema.org/min>",
            "<schema.org/unitCode>",
            "isa:<schema.org/QuantitativeValue>"
        ],
        "count": 3.0
    },
    {
        "pset": [
            "<schema.org/unitText>",
            "<schema.org/valueReference>",
            "isa:<schema.org/QuantitativeValue>"
        ],
        "count": 3.0
    },
    {
        "pset": [
            "<schema.org/maxvValue>",
            "<schema.org/minvValue>",
            "<schema.org/unitText>",
            "isa:<schema.org/QuantitativeValue>"
        ],
        "count": 2.0
    },
    {
        "pset": [
            "<schema.org/description>",
            "<schema.org/url>",
            "isa:<schema.org/QuantitativeValue>"
        ],
        "count": 2.0
    },
    {
        "pset": [
            "<schema.org/unitCode>",
            "<schema.org/unitName>",
            "isa:<schema.org/QuantitativeValue>"
        ],
        "count": 2.0
    },
    {
        "pset": [
            "<schema.org/Wert>",
            "<schema.org/unitText>",
            "isa:<schema.org/QuantitativeValue>"
        ],
        "count": 2.0
    },
    {
        "pset": [
            "<schema.org/max%20value>",
            "<schema.org/min%20value>",
            "<schema.org/unitText>",
            "<schema.org/value>",
            "isa:<schema.org/QuantitativeValue>"
        ],
        "count": 2.0
    },
    {
        "pset": [
            "<schema.org/currency>",
            "<schema.org/maxValue>",
            "<schema.org/minValue>",
            "<schema.org/unitText>",
            "isa:<schema.org/QuantitativeValue>"
        ],
        "count": 2.0
    },
    {
        "pset": [
            "<schema.org/mainEntityOfPage>",
            "<schema.org/maxValue>",
            "<schema.org/minValue>",
            "<schema.org/name>",
            "<schema.org/unitCode>",
            "isa:<schema.org/QuantitativeValue>"
        ],
        "count": 2.0
    },
    {
        "pset": [
            "<schema.org/alternateName>",
            "<schema.org/maxValue>",
            "<schema.org/minValue>",
            "<schema.org/name>",
            "isa:<schema.org/QuantitativeValue>"
        ],
        "count": 1.0
    },
    {
        "pset": [
            "<schema.org/maxvalue>",
            "<schema.org/unitCode>",
            "isa:<schema.org/QuantitativeValue>"
        ],
        "count": 1.0
    },
    {
        "pset": [
            "<schema.org/brand>",
            "<schema.org/category>",
            "<schema.org/depth>",
            "<schema.org/description>",
            "<schema.org/height>",
            "<schema.org/image>",
            "<schema.org/name>",
            "<schema.org/offers>",
            "<schema.org/sku>",
            "<schema.org/url>",
            "<schema.org/weight>",
            "<schema.org/width>",
            "isa:<schema.org/QuantitativeValue>"
        ],
        "count": 1.0
    },
    {
        "pset": [
            "<schema.org/duration>",
            "<schema.org/value>",
            "isa:<schema.org/QuantitativeValue>"
        ],
        "count": 1.0
    },
    {
        "pset": [
            "<schema.org/description>",
            "<schema.org/maxValue>",
            "<schema.org/minValue>",
            "<schema.org/name>",
            "<schema.org/unitCode>",
            "isa:<schema.org/QuantitativeValue>"
        ],
        "count": 1.0
    },
    {
        "pset": [
            "<schema.org/maxValue>",
            "<schema.org/minValue>",
            "<schema.org/unitCode>",
            "<schema.org/valueReference>",
            "isa:<schema.org/QuantitativeValue>"
        ],
        "count": 1.0
    },
    {
        "pset": [
            "<schema.org/additionalProperty>",
            "<schema.org/unitText>",
            "<schema.org/value>",
            "isa:<schema.org/QuantitativeValue>"
        ],
        "count": 1.0
    },
    {
        "pset": [
            "<schema.org/name>",
            "<schema.org/valueReference>",
            "isa:<schema.org/QuantitativeValue>"
        ],
        "count": 1.0
    },
    {
        "pset": [
            "<schema.org/maxvalue>",
            "<schema.org/minValue>",
            "<schema.org/value>",
            "isa:<schema.org/QuantitativeValue>"
        ],
        "count": 1.0
    },
    {
        "pset": [
            "<schema.org/employmentType>",
            "<schema.org/maxValue>",
            "<schema.org/minValue>",
            "<schema.org/unitText>",
            "<schema.org/value>",
            "isa:<schema.org/QuantitativeValue>"
        ],
        "count": 1.0
    },
    {
        "pset": [
            "<schema.org/exact_compensation>",
            "<schema.org/unitText>",
            "isa:<schema.org/QuantitativeValue>"
        ],
        "count": 1.0
    },
    {
        "pset": [
            "<schema.org/quantitativeValue>",
            "isa:<schema.org/QuantitativeValue>"
        ],
        "count": 1.0
    },
    {
        "pset": [
            "<schema.org/Value>",
            "<schema.org/minValue>",
            "isa:<schema.org/QuantitativeValue>"
        ],
        "count": 1.0
    },
    {
        "pset": [
            "<schema.org/untText>",
            "<schema.org/value>",
            "isa:<schema.org/QuantitativeValue>"
        ],
        "count": 1.0
    },
    {
        "pset": [
            "<schema.org/alternateName>",
            "<schema.org/description>",
            "<schema.org/mainEntityOfPage>",
            "<schema.org/maxValue>",
            "<schema.org/minValue>",
            "<schema.org/name>",
            "<schema.org/unitText>",
            "isa:<schema.org/QuantitativeValue>"
        ],
        "count": 1.0
    },
    {
        "pset": [
            "<schema.org/description>",
            "<schema.org/name>",
            "<schema.org/unitCode>",
            "<schema.org/value>",
            "isa:<schema.org/QuantitativeValue>"
        ],
        "count": 1.0
    }
]