[
    {
        "pset": [
            "<schema.org/name>",
            "<schema.org/url>",
            "isa:<schema.org/RadioSeries>"
        ],
        "count": 44541.0
    },
    {
        "pset": [
            "<schema.org/accessMode>",
            "<schema.org/image>",
            "<schema.org/name>",
            "<schema.org/productionCompany>",
            "<schema.org/thumbnailUrl>",
            "<schema.org/url>",
            "isa:<schema.org/RadioSeries>"
        ],
        "count": 17268.0
    },
    {
        "pset": [
            "<schema.org/accessMode>",
            "<schema.org/episodes>",
            "<schema.org/genre>",
            "<schema.org/image>",
            "<schema.org/isFamilyFriendly>",
            "<schema.org/name>",
            "<schema.org/productionCompany>",
            "<schema.org/url>",
            "isa:<schema.org/RadioSeries>"
        ],
        "count": 11455.0
    },
    {
        "pset": [
            "<schema.org/accessMode>",
            "<schema.org/image>",
            "<schema.org/isFamilyFriendly>",
            "<schema.org/name>",
            "<schema.org/productionCompany>",
            "<schema.org/thumbnailUrl>",
            "<schema.org/url>",
            "isa:<schema.org/RadioSeries>"
        ],
        "count": 6421.0
    },
    {
        "pset": [
            "<schema.org/episode>",
            "<schema.org/url>",
            "isa:<schema.org/RadioSeries>"
        ],
        "count": 5982.0
    },
    {
        "pset": [
            "<schema.org/description>",
            "<schema.org/image>",
            "<schema.org/name>",
            "<schema.org/url>",
            "isa:<schema.org/RadioSeries>"
        ],
        "count": 4247.0
    },
    {
        "pset": [
            "<schema.org/name>",
            "isa:<schema.org/RadioSeries>"
        ],
        "count": 3061.0
    },
    {
        "pset": [
            "<schema.org/accessMode>",
            "<schema.org/episodes>",
            "<schema.org/genre>",
            "<schema.org/image>",
            "<schema.org/isFamilyFriendly>",
            "<schema.org/name>",
            "<schema.org/productionCompany>",
            "<schema.org/thumbnailUrl>",
            "<schema.org/url>",
            "isa:<schema.org/RadioSeries>"
        ],
        "count": 2307.0
    },
    {
        "pset": [
            "<schema.org/description>",
            "<schema.org/episode>",
            "<schema.org/name>",
            "isa:<schema.org/RadioSeries>"
        ],
        "count": 2141.0
    },
    {
        "pset": [
            "<schema.org/description>",
            "<schema.org/hasPart>",
            "<schema.org/image>",
            "<schema.org/name>",
            "<schema.org/url>",
            "isa:<schema.org/RadioSeries>"
        ],
        "count": 1073.0
    },
    {
        "pset": [
            "<schema.org/episode>",
            "<schema.org/name>",
            "isa:<schema.org/RadioSeries>"
        ],
        "count": 803.0
    },
    {
        "pset": [
            "<schema.org/abstract>",
            "<schema.org/author>",
            "<schema.org/image>",
            "<schema.org/name>",
            "<schema.org/sourceOrganization>",
            "isa:<schema.org/RadioSeries>"
        ],
        "count": 689.0
    },
    {
        "pset": [
            "<schema.org/accessMode>",
            "<schema.org/episodes>",
            "<schema.org/image>",
            "<schema.org/isFamilyFriendly>",
            "<schema.org/name>",
            "<schema.org/productionCompany>",
            "<schema.org/url>",
            "isa:<schema.org/RadioSeries>"
        ],
        "count": 410.0
    },
    {
        "pset": [
            "<schema.org/episode>",
            "<schema.org/mainEntityOfPage>",
            "<schema.org/name>",
            "isa:<schema.org/RadioSeries>"
        ],
        "count": 301.0
    },
    {
        "pset": [
            "<schema.org/abstract>",
            "<schema.org/image>",
            "<schema.org/name>",
            "<schema.org/sourceOrganization>",
            "isa:<schema.org/RadioSeries>"
        ],
        "count": 260.0
    },
    {
        "pset": [
            "<schema.org/creator>",
            "<schema.org/description>",
            "<schema.org/director>",
            "<schema.org/genre>",
            "<schema.org/name>",
            "<schema.org/numberOfEpisodes>",
            "<schema.org/publication>",
            "<schema.org/thumbnailUrl>",
            "<schema.org/url>",
            "isa:<schema.org/RadioSeries>"
        ],
        "count": 199.0
    },
    {
        "pset": [
            "<schema.org/contentUrl>",
            "<schema.org/datePublished>",
            "<schema.org/description>",
            "<schema.org/name>",
            "<schema.org/thumbnailUrl>",
            "isa:<schema.org/RadioSeries>"
        ],
        "count": 143.0
    },
    {
        "pset": [
            "<schema.org/description>",
            "<schema.org/image>",
            "<schema.org/name>",
            "<schema.org/numberOfSeasons>",
            "<schema.org/url>",
            "isa:<schema.org/RadioSeries>"
        ],
        "count": 135.0
    },
    {
        "pset": [
            "<schema.org/episode>",
            "isa:<schema.org/RadioSeries>"
        ],
        "count": 131.0
    },
    {
        "pset": [
            "<schema.org/description>",
            "<schema.org/episode>",
            "<schema.org/image>",
            "<schema.org/name>",
            "<schema.org/thumbnailImage>",
            "<schema.org/url>",
            "isa:<schema.org/RadioSeries>"
        ],
        "count": 130.0
    },
    {
        "pset": [
            "<schema.org/image>",
            "<schema.org/name>",
            "<schema.org/productionCompany>",
            "isa:<schema.org/RadioSeries>"
        ],
        "count": 92.0
    },
    {
        "pset": [
            "<schema.org/author>",
            "<schema.org/copyrightHolder>",
            "<schema.org/copyrightYear>",
            "<schema.org/dateCreated>",
            "<schema.org/dateModified>",
            "<schema.org/datePublished>",
            "<schema.org/description>",
            "<schema.org/headline>",
            "<schema.org/image>",
            "<schema.org/inLanguage>",
            "<schema.org/keywords>",
            "<schema.org/mainEntityOfPage>",
            "<schema.org/name>",
            "<schema.org/publisher>",
            "<schema.org/url>",
            "isa:<schema.org/RadioSeries>"
        ],
        "count": 64.0
    },
    {
        "pset": [
            "<schema.org/creator>",
            "<schema.org/episode>",
            "<schema.org/image>",
            "<schema.org/name>",
            "<schema.org/productionCompany>",
            "<schema.org/url>",
            "isa:<schema.org/RadioSeries>"
        ],
        "count": 60.0
    },
    {
        "pset": [
            "<schema.org/description>",
            "<schema.org/episode>",
            "<schema.org/image>",
            "<schema.org/name>",
            "<schema.org/url>",
            "isa:<schema.org/RadioSeries>"
        ],
        "count": 59.0
    },
    {
        "pset": [
            "<schema.org/author>",
            "<schema.org/copyrightHolder>",
            "<schema.org/copyrightYear>",
            "<schema.org/creator>",
            "<schema.org/dateModified>",
            "<schema.org/datePublished>",
            "<schema.org/description>",
            "<schema.org/headline>",
            "<schema.org/image>",
            "<schema.org/inLanguage>",
            "<schema.org/mainEntityOfPage>",
            "<schema.org/name>",
            "<schema.org/potentialAction>",
            "<schema.org/publisher>",
            "<schema.org/url>",
            "isa:<schema.org/RadioSeries>"
        ],
        "count": 56.0
    },
    {
        "pset": [
            "<schema.org/episode>",
            "<schema.org/episodeNumber>",
            "<schema.org/image>",
            "<schema.org/mentions>",
            "<schema.org/musicBy>",
            "<schema.org/name>",
            "<schema.org/publisher>",
            "isa:<schema.org/RadioSeries>"
        ],
        "count": 41.0
    },
    {
        "pset": [
            "<schema.org/description>",
            "<schema.org/inLanguage>",
            "<schema.org/name>",
            "<schema.org/url>",
            "isa:<schema.org/RadioSeries>"
        ],
        "count": 34.0
    },
    {
        "pset": [
            "<schema.org/about>",
            "<schema.org/articleSection>",
            "<schema.org/dateCreated>",
            "<schema.org/datePublished>",
            "<schema.org/episode>",
            "<schema.org/headline>",
            "<schema.org/image>",
            "<schema.org/keywords>",
            "<schema.org/publisher>",
            "<schema.org/thumbnailUrl>",
            "<schema.org/url>",
            "isa:<schema.org/RadioSeries>"
        ],
        "count": 29.0
    },
    {
        "pset": [
            "<schema.org/accessMode>",
            "<schema.org/episodes>",
            "<schema.org/image>",
            "<schema.org/isFamilyFriendly>",
            "<schema.org/name>",
            "<schema.org/productionCompany>",
            "<schema.org/thumbnailUrl>",
            "<schema.org/url>",
            "isa:<schema.org/RadioSeries>"
        ],
        "count": 28.0
    },
    {
        "pset": [
            "<schema.org/actor>",
            "<schema.org/author>",
            "<schema.org/copyrightHolder>",
            "<schema.org/creator>",
            "<schema.org/description>",
            "<schema.org/director>",
            "<schema.org/image>",
            "<schema.org/inLanguage>",
            "<schema.org/mainEntityOfPage>",
            "<schema.org/name>",
            "<schema.org/url>",
            "isa:<schema.org/RadioSeries>"
        ],
        "count": 28.0
    },
    {
        "pset": [
            "<schema.org/aggregateRating>",
            "<schema.org/creator>",
            "<schema.org/episode>",
            "<schema.org/url>",
            "isa:<schema.org/RadioSeries>"
        ],
        "count": 20.0
    },
    {
        "pset": [
            "<schema.org/author>",
            "<schema.org/creator>",
            "<schema.org/dateCreated>",
            "<schema.org/dateModified>",
            "<schema.org/datePublished>",
            "<schema.org/description>",
            "<schema.org/headline>",
            "<schema.org/image>",
            "<schema.org/mainEntityOfPage>",
            "<schema.org/publisher>",
            "<schema.org/url>",
            "isa:<schema.org/RadioSeries>"
        ],
        "count": 17.0
    },
    {
        "pset": [
            "<schema.org/description>",
            "<schema.org/name>",
            "<schema.org/url>",
            "isa:<schema.org/RadioSeries>"
        ],
        "count": 15.0
    },
    {
        "pset": [
            "<schema.org/description>",
            "<schema.org/episode>",
            "<schema.org/image>",
            "<schema.org/name>",
            "<schema.org/potentialAction>",
            "<schema.org/url>",
            "isa:<schema.org/RadioSeries>"
        ],
        "count": 12.0
    },
    {
        "pset": [
            "<schema.org/description>",
            "<schema.org/director>",
            "<schema.org/genre>",
            "<schema.org/name>",
            "<schema.org/numberOfEpisodes>",
            "<schema.org/thumbnailUrl>",
            "<schema.org/url>",
            "isa:<schema.org/RadioSeries>"
        ],
        "count": 7.0
    },
    {
        "pset": [
            "<schema.org/about>",
            "<schema.org/articleSection>",
            "<schema.org/author>",
            "<schema.org/dateCreated>",
            "<schema.org/datePublished>",
            "<schema.org/episode>",
            "<schema.org/headline>",
            "<schema.org/image>",
            "<schema.org/keywords>",
            "<schema.org/publisher>",
            "<schema.org/thumbnailUrl>",
            "<schema.org/url>",
            "isa:<schema.org/RadioSeries>"
        ],
        "count": 6.0
    },
    {
        "pset": [
            "<schema.org/author>",
            "<schema.org/creator>",
            "<schema.org/dateCreated>",
            "<schema.org/dateModified>",
            "<schema.org/datePublished>",
            "<schema.org/mainEntityOfPage>",
            "<schema.org/publisher>",
            "<schema.org/url>",
            "isa:<schema.org/RadioSeries>"
        ],
        "count": 4.0
    },
    {
        "pset": [
            "<schema.org/episode>",
            "<schema.org/name>",
            "<schema.org/url>",
            "isa:<schema.org/RadioSeries>"
        ],
        "count": 4.0
    },
    {
        "pset": [
            "<schema.org/description>",
            "<schema.org/hasPart>",
            "<schema.org/identifier>",
            "<schema.org/image>",
            "<schema.org/name>",
            "<schema.org/url>",
            "isa:<schema.org/RadioSeries>"
        ],
        "count": 3.0
    },
    {
        "pset": [
            "<schema.org/copyrightHolder>",
            "<schema.org/dateCreated>",
            "<schema.org/dateModified>",
            "<schema.org/datePublished>",
            "<schema.org/description>",
            "<schema.org/image>",
            "<schema.org/inLanguage>",
            "<schema.org/isAccessibleForFree>",
            "<schema.org/mainEntityOfPage>",
            "<schema.org/name>",
            "<schema.org/numberOfEpisodes>",
            "<schema.org/productionCompany>",
            "<schema.org/publisher>",
            "<schema.org/thumbnailUrl>",
            "<schema.org/url>",
            "isa:<schema.org/RadioSeries>"
        ],
        "count": 2.0
    },
    {
        "pset": [
            "<schema.org/description>",
            "<schema.org/episode>",
            "<schema.org/name>",
            "<schema.org/url>",
            "isa:<schema.org/RadioSeries>"
        ],
        "count": 2.0
    },
    {
        "pset": [
            "<schema.org/author>",
            "<schema.org/copyrightHolder>",
            "<schema.org/creator>",
            "<schema.org/description>",
            "<schema.org/image>",
            "<schema.org/inLanguage>",
            "<schema.org/mainEntityOfPage>",
            "<schema.org/name>",
            "<schema.org/url>",
            "isa:<schema.org/RadioSeries>"
        ],
        "count": 2.0
    },
    {
        "pset": [
            "<schema.org/description>",
            "<schema.org/image>",
            "<schema.org/name>",
            "<schema.org/productionCompany>",
            "<schema.org/url>",
            "isa:<schema.org/RadioSeries>"
        ],
        "count": 1.0
    },
    {
        "pset": [
            "<schema.org/abstract>",
            "<schema.org/episode>",
            "<schema.org/image>",
            "<schema.org/name>",
            "<schema.org/producer>",
            "<schema.org/publisher>",
            "<schema.org/thumbnailUrl>",
            "<schema.org/url>",
            "isa:<schema.org/RadioSeries>"
        ],
        "count": 1.0
    },
    {
        "pset": [
            "<schema.org/author>",
            "<schema.org/copyrightHolder>",
            "<schema.org/creator>",
            "<schema.org/description>",
            "<schema.org/image>",
            "<schema.org/inLanguage>",
            "<schema.org/mainEntityOfPage>",
            "<schema.org/name>",
            "<schema.org/publisher>",
            "<schema.org/url>",
            "isa:<schema.org/RadioSeries>"
        ],
        "count": 1.0
    },
    {
        "pset": [
            "<schema.org/accessMode>",
            "<schema.org/genre>",
            "<schema.org/image>",
            "<schema.org/isFamilyFriendly>",
            "<schema.org/name>",
            "<schema.org/productionCompany>",
            "<schema.org/thumbnailUrl>",
            "<schema.org/url>",
            "isa:<schema.org/RadioSeries>"
        ],
        "count": 1.0
    },
    {
        "pset": [
            "<schema.org/url>",
            "isa:<schema.org/RadioSeries>"
        ],
        "count": 1.0
    },
    {
        "pset": [
            "<schema.org/alternateName>",
            "<schema.org/description>",
            "<schema.org/name>",
            "<schema.org/url>",
            "isa:<schema.org/RadioSeries>"
        ],
        "count": 1.0
    },
    {
        "pset": [
            "<schema.org/description>",
            "<schema.org/hasPart>",
            "<schema.org/name>",
            "<schema.org/url>",
            "isa:<schema.org/RadioSeries>"
        ],
        "count": 1.0
    },
    {
        "pset": [
            "<schema.org/description>",
            "<schema.org/director>",
            "<schema.org/image>",
            "<schema.org/keywords>",
            "<schema.org/name>",
            "<schema.org/productionCompany>",
            "<schema.org/subjectOf>",
            "isa:<schema.org/RadioSeries>"
        ],
        "count": 1.0
    },
    {
        "pset": [
            "<schema.org/address>",
            "<schema.org/image>",
            "<schema.org/name>",
            "<schema.org/sameAs>",
            "<schema.org/telephone>",
            "<schema.org/url>",
            "isa:<schema.org/RadioSeries>"
        ],
        "count": 1.0
    },
    {
        "pset": [
            "<schema.org/image>",
            "<schema.org/name>",
            "<schema.org/sourceOrganization>",
            "isa:<schema.org/RadioSeries>"
        ],
        "count": 1.0
    },
    {
        "pset": [
            "<schema.org/author>",
            "<schema.org/copyrightHolder>",
            "<schema.org/copyrightYear>",
            "<schema.org/creator>",
            "<schema.org/dateModified>",
            "<schema.org/datePublished>",
            "<schema.org/description>",
            "<schema.org/headline>",
            "<schema.org/inLanguage>",
            "<schema.org/mainEntityOfPage>",
            "<schema.org/name>",
            "<schema.org/potentialAction>",
            "<schema.org/publisher>",
            "<schema.org/url>",
            "isa:<schema.org/RadioSeries>"
        ],
        "count": 1.0
    },
    {
        "pset": [
            "<schema.org/actor>",
            "<schema.org/author>",
            "<schema.org/copyrightHolder>",
            "<schema.org/copyrightYear>",
            "<schema.org/creator>",
            "<schema.org/director>",
            "<schema.org/image>",
            "<schema.org/inLanguage>",
            "<schema.org/mainEntityOfPage>",
            "<schema.org/name>",
            "<schema.org/url>",
            "isa:<schema.org/RadioSeries>"
        ],
        "count": 1.0
    },
    {
        "pset": [
            "<schema.org/image>",
            "<schema.org/name>",
            "<schema.org/url>",
            "isa:<schema.org/RadioSeries>"
        ],
        "count": 1.0
    },
    {
        "pset": [
            "<schema.org/Image>",
            "<schema.org/Keywords>",
            "<schema.org/Name>",
            "<schema.org/description>",
            "<schema.org/episode>",
            "<schema.org/url>",
            "isa:<schema.org/RadioSeries>"
        ],
        "count": 1.0
    },
    {
        "pset": [
            "<schema.org/hasPart>",
            "<schema.org/name>",
            "<schema.org/url>",
            "isa:<schema.org/RadioSeries>"
        ],
        "count": 1.0
    },
    {
        "pset": [
            "<schema.org/description>",
            "<schema.org/encodingFormat>",
            "<schema.org/episode>",
            "<schema.org/genre>",
            "<schema.org/image>",
            "<schema.org/inLanguage>",
            "<schema.org/isAccessibleForFree>",
            "<schema.org/keywords>",
            "<schema.org/name>",
            "<schema.org/productionCompany>",
            "<schema.org/sameAs>",
            "<schema.org/url>",
            "isa:<schema.org/RadioSeries>"
        ],
        "count": 1.0
    },
    {
        "pset": [
            "<schema.org/actor>",
            "<schema.org/author>",
            "<schema.org/copyrightHolder>",
            "<schema.org/copyrightYear>",
            "<schema.org/creator>",
            "<schema.org/dateModified>",
            "<schema.org/datePublished>",
            "<schema.org/description>",
            "<schema.org/director>",
            "<schema.org/genre>",
            "<schema.org/headline>",
            "<schema.org/image>",
            "<schema.org/inLanguage>",
            "<schema.org/mainEntityOfPage>",
            "<schema.org/name>",
            "<schema.org/productionCompany>",
            "<schema.org/publisher>",
            "<schema.org/url>",
            "isa:<schema.org/RadioSeries>"
        ],
        "count": 1.0
    }
]