[
    {
        "pset": [
            "<schema.org/logo>",
            "<schema.org/name>",
            "<schema.org/sameAs>",
            "<schema.org/url>",
            "isa:<schema.org/ResearchProject>"
        ],
        "count": 729.0
    },
    {
        "pset": [
            "<schema.org/amount>",
            "<schema.org/description>",
            "<schema.org/funder>",
            "<schema.org/identifier>",
            "<schema.org/name>",
            "<schema.org/url>",
            "isa:<schema.org/MonetaryGrant>",
            "isa:<schema.org/ResearchProject>"
        ],
        "count": 420.0
    },
    {
        "pset": [
            "<schema.org/alternateName>",
            "<schema.org/description>",
            "<schema.org/name>",
            "<schema.org/url>",
            "isa:<schema.org/ResearchProject>"
        ],
        "count": 353.0
    },
    {
        "pset": [
            "<schema.org/department>",
            "<schema.org/description>",
            "<schema.org/image>",
            "<schema.org/name>",
            "<schema.org/parentOrganization>",
            "isa:<schema.org/ResearchProject>"
        ],
        "count": 328.0
    },
    {
        "pset": [
            "<schema.org/aggregateRating>",
            "<schema.org/logo>",
            "<schema.org/name>",
            "<schema.org/url>",
            "isa:<schema.org/ResearchProject>"
        ],
        "count": 293.0
    },
    {
        "pset": [
            "<schema.org/alternateName>",
            "<schema.org/contactPoint>",
            "<schema.org/logo>",
            "<schema.org/name>",
            "<schema.org/url>",
            "isa:<schema.org/ResearchProject>"
        ],
        "count": 271.0
    },
    {
        "pset": [
            "<schema.org/name>",
            "<schema.org/sameAs>",
            "<schema.org/url>",
            "isa:<schema.org/ResearchProject>"
        ],
        "count": 112.0
    },
    {
        "pset": [
            "<schema.org/alternateName>",
            "<schema.org/logo>",
            "<schema.org/name>",
            "<schema.org/sameAs>",
            "<schema.org/url>",
            "isa:<schema.org/ResearchProject>"
        ],
        "count": 103.0
    },
    {
        "pset": [
            "<schema.org/description>",
            "<schema.org/name>",
            "<schema.org/url>",
            "isa:<schema.org/MonetaryGrant>",
            "isa:<schema.org/ResearchProject>"
        ],
        "count": 78.0
    },
    {
        "pset": [
            "<schema.org/contactPoint>",
            "<schema.org/logo>",
            "<schema.org/name>",
            "<schema.org/sameAs>",
            "<schema.org/url>",
            "isa:<schema.org/ResearchProject>"
        ],
        "count": 71.0
    },
    {
        "pset": [
            "<schema.org/alternateName>",
            "<schema.org/areaServed>",
            "<schema.org/description>",
            "<schema.org/identifier>",
            "<schema.org/member>",
            "<schema.org/name>",
            "<schema.org/temporalCoverage>",
            "<schema.org/url>",
            "isa:<schema.org/ResearchProject>"
        ],
        "count": 70.0
    },
    {
        "pset": [
            "<schema.org/name>",
            "<schema.org/url>",
            "isa:<schema.org/ResearchProject>"
        ],
        "count": 36.0
    },
    {
        "pset": [
            "<schema.org/description>",
            "<schema.org/identifier>",
            "<schema.org/location>",
            "<schema.org/parentOrganization>",
            "<schema.org/title>",
            "<schema.org/url>",
            "isa:<schema.org/ResearchProject>"
        ],
        "count": 25.0
    },
    {
        "pset": [
            "<schema.org/logo>",
            "<schema.org/name>",
            "<schema.org/openingHours>",
            "<schema.org/url>",
            "isa:<schema.org/Organization>",
            "isa:<schema.org/ResearchProject>"
        ],
        "count": 22.0
    },
    {
        "pset": [
            "<schema.org/logo>",
            "<schema.org/name>",
            "<schema.org/url>",
            "isa:<schema.org/ResearchProject>"
        ],
        "count": 22.0
    },
    {
        "pset": [
            "<schema.org/alternateName>",
            "<schema.org/description>",
            "<schema.org/identifier>",
            "<schema.org/member>",
            "<schema.org/name>",
            "<schema.org/temporalCoverage>",
            "<schema.org/url>",
            "isa:<schema.org/ResearchProject>"
        ],
        "count": 16.0
    },
    {
        "pset": [
            "<schema.org/address>",
            "<schema.org/alternateName>",
            "<schema.org/contactPoint>",
            "<schema.org/email>",
            "<schema.org/logo>",
            "<schema.org/name>",
            "<schema.org/url>",
            "isa:<schema.org/ResearchProject>"
        ],
        "count": 16.0
    },
    {
        "pset": [
            "<schema.org/alternateName>",
            "<schema.org/areaServed>",
            "<schema.org/description>",
            "<schema.org/identifier>",
            "<schema.org/member>",
            "<schema.org/name>",
            "<schema.org/sameAs>",
            "<schema.org/temporalCoverage>",
            "<schema.org/url>",
            "isa:<schema.org/ResearchProject>"
        ],
        "count": 16.0
    },
    {
        "pset": [
            "<schema.org/logo>",
            "<schema.org/name>",
            "<schema.org/sameAs>",
            "<schema.org/url>",
            "isa:<schema.org/Organization>",
            "isa:<schema.org/ResearchProject>"
        ],
        "count": 10.0
    },
    {
        "pset": [
            "<schema.org/alternateName>",
            "<schema.org/areaServed>",
            "<schema.org/description>",
            "<schema.org/identifier>",
            "<schema.org/image>",
            "<schema.org/member>",
            "<schema.org/name>",
            "<schema.org/sameAs>",
            "<schema.org/temporalCoverage>",
            "<schema.org/url>",
            "isa:<schema.org/ResearchProject>"
        ],
        "count": 9.0
    },
    {
        "pset": [
            "<schema.org/alternateName>",
            "<schema.org/contactPoint>",
            "<schema.org/logo>",
            "<schema.org/name>",
            "<schema.org/sameAs>",
            "<schema.org/url>",
            "isa:<schema.org/ResearchProject>"
        ],
        "count": 9.0
    },
    {
        "pset": [
            "<schema.org/alternateName>",
            "<schema.org/areaServed>",
            "<schema.org/description>",
            "<schema.org/member>",
            "<schema.org/name>",
            "<schema.org/sameAs>",
            "<schema.org/temporalCoverage>",
            "<schema.org/url>",
            "isa:<schema.org/ResearchProject>"
        ],
        "count": 5.0
    },
    {
        "pset": [
            "<schema.org/alternateName>",
            "<schema.org/areaServed>",
            "<schema.org/description>",
            "<schema.org/member>",
            "<schema.org/name>",
            "<schema.org/temporalCoverage>",
            "<schema.org/url>",
            "isa:<schema.org/ResearchProject>"
        ],
        "count": 5.0
    },
    {
        "pset": [
            "<schema.org/alternateName>",
            "<schema.org/logo>",
            "<schema.org/name>",
            "<schema.org/url>",
            "isa:<schema.org/ResearchProject>"
        ],
        "count": 5.0
    },
    {
        "pset": [
            "<schema.org/name>",
            "<schema.org/openingHours>",
            "<schema.org/url>",
            "isa:<schema.org/Organization>",
            "isa:<schema.org/ResearchProject>"
        ],
        "count": 4.0
    },
    {
        "pset": [
            "<schema.org/address>",
            "<schema.org/description>",
            "<schema.org/geo>",
            "<schema.org/image>",
            "<schema.org/name>",
            "<schema.org/review>",
            "<schema.org/url>",
            "isa:<schema.org/ResearchProject>"
        ],
        "count": 4.0
    },
    {
        "pset": [
            "<schema.org/alternateName>",
            "<schema.org/areaServed>",
            "<schema.org/description>",
            "<schema.org/image>",
            "<schema.org/member>",
            "<schema.org/name>",
            "<schema.org/sameAs>",
            "<schema.org/temporalCoverage>",
            "<schema.org/url>",
            "isa:<schema.org/ResearchProject>"
        ],
        "count": 3.0
    },
    {
        "pset": [
            "<schema.org/email>",
            "<schema.org/logo>",
            "<schema.org/name>",
            "<schema.org/openingHours>",
            "<schema.org/url>",
            "isa:<schema.org/Organization>",
            "isa:<schema.org/ResearchProject>"
        ],
        "count": 3.0
    },
    {
        "pset": [
            "<schema.org/additionalType>",
            "<schema.org/alternateName>",
            "<schema.org/areaServed>",
            "<schema.org/description>",
            "<schema.org/disambiguatingDescription>",
            "<schema.org/keywords>",
            "<schema.org/name>",
            "<schema.org/provider>",
            "<schema.org/url>",
            "isa:<schema.org/ResearchProject>",
            "isa:<schema.org/Service>",
            "isa:<schema.org/WebPage>"
        ],
        "count": 2.0
    },
    {
        "pset": [
            "<schema.org/address>",
            "<schema.org/location>",
            "<schema.org/logo>",
            "<schema.org/name>",
            "<schema.org/openingHours>",
            "<schema.org/url>",
            "isa:<schema.org/Organization>",
            "isa:<schema.org/ResearchProject>"
        ],
        "count": 2.0
    },
    {
        "pset": [
            "<schema.org/brand>",
            "<schema.org/logo>",
            "<schema.org/name>",
            "<schema.org/slogan>",
            "isa:<schema.org/Organization>",
            "isa:<schema.org/ResearchProject>"
        ],
        "count": 2.0
    },
    {
        "pset": [
            "<schema.org/name>",
            "<schema.org/url>",
            "isa:<schema.org/MonetaryGrant>",
            "isa:<schema.org/ResearchProject>"
        ],
        "count": 2.0
    },
    {
        "pset": [
            "<schema.org/alternateName>",
            "<schema.org/areaServed>",
            "<schema.org/description>",
            "<schema.org/identifier>",
            "<schema.org/member>",
            "<schema.org/name>",
            "<schema.org/url>",
            "isa:<schema.org/ResearchProject>"
        ],
        "count": 2.0
    },
    {
        "pset": [
            "<schema.org/alternateName>",
            "<schema.org/areaServed>",
            "<schema.org/description>",
            "<schema.org/identifier>",
            "<schema.org/image>",
            "<schema.org/member>",
            "<schema.org/name>",
            "<schema.org/temporalCoverage>",
            "<schema.org/url>",
            "isa:<schema.org/ResearchProject>"
        ],
        "count": 2.0
    },
    {
        "pset": [
            "<schema.org/address>",
            "<schema.org/description>",
            "<schema.org/geo>",
            "<schema.org/name>",
            "<schema.org/review>",
            "<schema.org/url>",
            "isa:<schema.org/ResearchProject>"
        ],
        "count": 2.0
    },
    {
        "pset": [
            "<schema.org/address>",
            "<schema.org/logo>",
            "<schema.org/name>",
            "<schema.org/sameAs>",
            "<schema.org/telephone>",
            "<schema.org/url>",
            "isa:<schema.org/ResearchProject>"
        ],
        "count": 2.0
    },
    {
        "pset": [
            "<schema.org/description>",
            "<schema.org/name>",
            "<schema.org/url>",
            "isa:<schema.org/ResearchProject>"
        ],
        "count": 2.0
    },
    {
        "pset": [
            "<schema.org/alternateName>",
            "<schema.org/areaServed>",
            "<schema.org/description>",
            "<schema.org/image>",
            "<schema.org/member>",
            "<schema.org/name>",
            "<schema.org/sameAs>",
            "<schema.org/url>",
            "isa:<schema.org/ResearchProject>"
        ],
        "count": 1.0
    },
    {
        "pset": [
            "<schema.org/address>",
            "<schema.org/email>",
            "<schema.org/image>",
            "<schema.org/logo>",
            "<schema.org/name>",
            "<schema.org/openingHoursSpecification>",
            "<schema.org/sameAs>",
            "<schema.org/telephone>",
            "<schema.org/url>",
            "isa:<schema.org/Organization>",
            "isa:<schema.org/Place>",
            "isa:<schema.org/ResearchProject>"
        ],
        "count": 1.0
    },
    {
        "pset": [
            "<schema.org/alternateName>",
            "<schema.org/description>",
            "<schema.org/logo>",
            "<schema.org/name>",
            "<schema.org/sameAs>",
            "<schema.org/url>",
            "isa:<schema.org/ResearchProject>"
        ],
        "count": 1.0
    },
    {
        "pset": [
            "<schema.org/abstract>",
            "<schema.org/accessMode>",
            "<schema.org/alternateName>",
            "<schema.org/alternativeHeadline>",
            "<schema.org/applicationCategory>",
            "<schema.org/author>",
            "<schema.org/category>",
            "<schema.org/copyrightHolder>",
            "<schema.org/description>",
            "<schema.org/educationalUse>",
            "<schema.org/inLanguage>",
            "<schema.org/isFamilyFriendly>",
            "<schema.org/isSimilarTo>",
            "<schema.org/keywords>",
            "<schema.org/name>",
            "<schema.org/potentialAction>",
            "<schema.org/serviceOutput>",
            "<schema.org/teaches>",
            "<schema.org/url>",
            "isa:<schema.org/LearningResource>",
            "isa:<schema.org/ResearchProject>",
            "isa:<schema.org/Service>",
            "isa:<schema.org/WebApplication>",
            "isa:<schema.org/Website>"
        ],
        "count": 1.0
    },
    {
        "pset": [
            "<schema.org/address>",
            "<schema.org/image>",
            "<schema.org/name>",
            "<schema.org/telephone>",
            "<schema.org/url>",
            "isa:<schema.org/ResearchProject>"
        ],
        "count": 1.0
    },
    {
        "pset": [
            "<schema.org/address>",
            "<schema.org/contactPoint>",
            "<schema.org/email>",
            "<schema.org/location>",
            "<schema.org/logo>",
            "<schema.org/name>",
            "<schema.org/openingHours>",
            "<schema.org/url>",
            "isa:<schema.org/Organization>",
            "isa:<schema.org/ResearchProject>"
        ],
        "count": 1.0
    },
    {
        "pset": [
            "<schema.org/address>",
            "<schema.org/alternateName>",
            "<schema.org/contactPoint>",
            "<schema.org/description>",
            "<schema.org/foundingDate>",
            "<schema.org/funder>",
            "<schema.org/hasOfferCatalog>",
            "<schema.org/identifier>",
            "<schema.org/knowsAbout>",
            "<schema.org/logo>",
            "<schema.org/name>",
            "<schema.org/parentOrganization>",
            "<schema.org/publishingPrinciples>",
            "<schema.org/sameAs>",
            "<schema.org/url>",
            "isa:<schema.org/DataCatalog>",
            "isa:<schema.org/ResearchProject>",
            "isa:<schema.org/Organization>"
        ],
        "count": 1.0
    },
    {
        "pset": [
            "<schema.org/description>",
            "<schema.org/image>",
            "<schema.org/mainEntityOfPage>",
            "<schema.org/name>",
            "<schema.org/url>",
            "isa:<schema.org/ResearchProject>"
        ],
        "count": 1.0
    },
    {
        "pset": [
            "<schema.org/alternateName>",
            "<schema.org/contactPoint>",
            "<schema.org/description>",
            "<schema.org/logo>",
            "<schema.org/name>",
            "<schema.org/sameAs>",
            "<schema.org/url>",
            "isa:<schema.org/ResearchProject>"
        ],
        "count": 1.0
    },
    {
        "pset": [
            "<schema.org/address>",
            "<schema.org/email>",
            "<schema.org/image>",
            "<schema.org/location>",
            "<schema.org/logo>",
            "<schema.org/name>",
            "<schema.org/sameAs>",
            "<schema.org/url>",
            "isa:<schema.org/Organization>",
            "isa:<schema.org/ResearchProject>"
        ],
        "count": 1.0
    },
    {
        "pset": [
            "<schema.org/address>",
            "<schema.org/availableChannel>",
            "<schema.org/category>",
            "<schema.org/contactPoint>",
            "<schema.org/description>",
            "<schema.org/foundingDate>",
            "<schema.org/funder>",
            "<schema.org/legalName>",
            "<schema.org/logo>",
            "<schema.org/name>",
            "<schema.org/parentOrganization>",
            "<schema.org/provider>",
            "<schema.org/sameAs>",
            "<schema.org/url>",
            "isa:<schema.org/ResearchProject>",
            "isa:<schema.org/Service>"
        ],
        "count": 1.0
    },
    {
        "pset": [
            "<schema.org/alternateName>",
            "<schema.org/description>",
            "<schema.org/member>",
            "<schema.org/name>",
            "<schema.org/temporalCoverage>",
            "<schema.org/url>",
            "isa:<schema.org/ResearchProject>"
        ],
        "count": 1.0
    },
    {
        "pset": [
            "<schema.org/alternatename>",
            "<schema.org/description>",
            "<schema.org/image>",
            "<schema.org/logo>",
            "<schema.org/name>",
            "<schema.org/sameAs>",
            "<schema.org/url>",
            "isa:<schema.org/ResearchProject>"
        ],
        "count": 1.0
    },
    {
        "pset": [
            "<schema.org/name>",
            "<schema.org/organisation>",
            "<schema.org/url>",
            "isa:<schema.org/ResearchProject>"
        ],
        "count": 1.0
    },
    {
        "pset": [
            "<schema.org/description>",
            "<schema.org/image>",
            "<schema.org/keywords>",
            "<schema.org/logo>",
            "<schema.org/member>",
            "<schema.org/name>",
            "<schema.org/sameAs>",
            "<schema.org/url>",
            "isa:<schema.org/Organization>",
            "isa:<schema.org/ResearchProject>"
        ],
        "count": 1.0
    },
    {
        "pset": [
            "<schema.org/address>",
            "<schema.org/image>",
            "<schema.org/logo>",
            "<schema.org/name>",
            "<schema.org/url>",
            "isa:<schema.org/ResearchProject>"
        ],
        "count": 1.0
    },
    {
        "pset": [
            "<schema.org/address>",
            "<schema.org/category>",
            "<schema.org/contactPoint>",
            "<schema.org/description>",
            "<schema.org/foundingDate>",
            "<schema.org/funder>",
            "<schema.org/hasOfferCatalog>",
            "<schema.org/identifier>",
            "<schema.org/legalName>",
            "<schema.org/logo>",
            "<schema.org/name>",
            "<schema.org/provider>",
            "<schema.org/sameAs>",
            "<schema.org/url>",
            "isa:<schema.org/Organization>",
            "isa:<schema.org/ResearchProject>",
            "isa:<schema.org/Service>"
        ],
        "count": 1.0
    },
    {
        "pset": [
            "<schema.org/alternateName>",
            "<schema.org/areaServed>",
            "<schema.org/description>",
            "<schema.org/identifier>",
            "<schema.org/image>",
            "<schema.org/member>",
            "<schema.org/name>",
            "<schema.org/sameAs>",
            "<schema.org/url>",
            "isa:<schema.org/ResearchProject>"
        ],
        "count": 1.0
    },
    {
        "pset": [
            "<schema.org/description>",
            "<schema.org/image>",
            "<schema.org/mainEntityOfPage>",
            "<schema.org/name>",
            "<schema.org/potentialAction>",
            "<schema.org/url>",
            "isa:<schema.org/ResearchProject>"
        ],
        "count": 1.0
    },
    {
        "pset": [
            "<schema.org/logo>",
            "<schema.org/name>",
            "<schema.org/openingHours>",
            "<schema.org/url>",
            "isa:<schema.org/ResearchProject>"
        ],
        "count": 1.0
    }
]