[
    {
        "pset": [
            "<schema.org/address>",
            "<schema.org/email>",
            "<schema.org/logo>",
            "<schema.org/name>",
            "<schema.org/telephone>",
            "<schema.org/url>",
            "isa:<schema.org/ResearchOrganization>"
        ],
        "count": 192.0
    },
    {
        "pset": [
            "<schema.org/address>",
            "<schema.org/description>",
            "<schema.org/keywords>",
            "<schema.org/mainEntityOfPage>",
            "<schema.org/member>",
            "<schema.org/name>",
            "<schema.org/numberOfEmployees>",
            "<schema.org/sameAs>",
            "<schema.org/subjectOf>",
            "<schema.org/url>",
            "isa:<schema.org/ResearchOrganization>"
        ],
        "count": 118.0
    },
    {
        "pset": [
            "<schema.org/address>",
            "<schema.org/alternateName>",
            "<schema.org/foundingDate>",
            "<schema.org/funder>",
            "<schema.org/logo>",
            "<schema.org/name>",
            "<schema.org/sameAs>",
            "<schema.org/url>",
            "isa:<schema.org/ResearchOrganization>"
        ],
        "count": 10.0
    },
    {
        "pset": [
            "<schema.org/logo>",
            "<schema.org/name>",
            "<schema.org/url>",
            "isa:<schema.org/ResearchOrganization>"
        ],
        "count": 6.0
    },
    {
        "pset": [
            "<schema.org/ContactPoint>",
            "<schema.org/logo>",
            "<schema.org/name>",
            "<schema.org/url>",
            "isa:<schema.org/ResearchOrganization>"
        ],
        "count": 5.0
    },
    {
        "pset": [
            "<schema.org/ContactPoint>",
            "<schema.org/logo>",
            "<schema.org/name>",
            "<schema.org/sameAs>",
            "<schema.org/url>",
            "isa:<schema.org/ResearchOrganization>"
        ],
        "count": 3.0
    },
    {
        "pset": [
            "<schema.org/name>",
            "isa:<schema.org/ResearchOrganization>"
        ],
        "count": 3.0
    },
    {
        "pset": [
            "<schema.org/logo>",
            "<schema.org/name>",
            "<schema.org/sameAs>",
            "<schema.org/url>",
            "isa:<schema.org/ResearchOrganization>"
        ],
        "count": 2.0
    },
    {
        "pset": [
            "<schema.org/address>",
            "<schema.org/image>",
            "<schema.org/knowsAbout>",
            "<schema.org/logo>",
            "<schema.org/name>",
            "<schema.org/sameAs>",
            "<schema.org/url>",
            "isa:<schema.org/ResearchOrganization>"
        ],
        "count": 1.0
    },
    {
        "pset": [
            "<schema.org/image>",
            "<schema.org/logo>",
            "<schema.org/name>",
            "<schema.org/url>",
            "isa:<schema.org/ResearchOrganization>"
        ],
        "count": 1.0
    },
    {
        "pset": [
            "<schema.org/additionalType>",
            "<schema.org/address>",
            "<schema.org/alternateName>",
            "<schema.org/description>",
            "<schema.org/disambiguatingDescription>",
            "<schema.org/email>",
            "<schema.org/image>",
            "<schema.org/knowsAbout>",
            "<schema.org/logo>",
            "<schema.org/name>",
            "<schema.org/sameAs>",
            "<schema.org/telephone>",
            "<schema.org/url>",
            "isa:<schema.org/ResearchOrganization>"
        ],
        "count": 1.0
    },
    {
        "pset": [
            "<schema.org/name>",
            "<schema.org/sameAs>",
            "<schema.org/url>",
            "isa:<schema.org/ResearchOrganization>"
        ],
        "count": 1.0
    },
    {
        "pset": [
            "<schema.org/address>",
            "<schema.org/logo>",
            "<schema.org/name>",
            "<schema.org/url>",
            "isa:<schema.org/ResearchOrganization>"
        ],
        "count": 1.0
    }
]