[
    {
        "pset": [
            "<schema.org/author>",
            "<schema.org/datePublished>",
            "<schema.org/description>",
            "<schema.org/headline>",
            "<schema.org/image>",
            "<schema.org/mainEntityOfPage>",
            "<schema.org/publisher>",
            "isa:<schema.org/ReviewNewsArticle>"
        ],
        "count": 6592.0
    },
    {
        "pset": [
            "<schema.org/about>",
            "<schema.org/author>",
            "<schema.org/datePublished>",
            "<schema.org/description>",
            "<schema.org/headline>",
            "<schema.org/image>",
            "<schema.org/itemReview>",
            "<schema.org/mainEntityOfPage>",
            "<schema.org/publisher>",
            "isa:<schema.org/ReviewNewsArticle>"
        ],
        "count": 1504.0
    },
    {
        "pset": [
            "<schema.org/author>",
            "<schema.org/dateModified>",
            "<schema.org/datePublished>",
            "<schema.org/description>",
            "<schema.org/headline>",
            "<schema.org/image>",
            "<schema.org/itemReviewed>",
            "<schema.org/mainEntityOfPage>",
            "<schema.org/publisher>",
            "<schema.org/speakable>",
            "isa:<schema.org/ReviewNewsArticle>"
        ],
        "count": 1290.0
    },
    {
        "pset": [
            "<schema.org/author>",
            "<schema.org/copyrightHolder>",
            "<schema.org/copyrightYear>",
            "<schema.org/creator>",
            "<schema.org/dateModified>",
            "<schema.org/datePublished>",
            "<schema.org/description>",
            "<schema.org/headline>",
            "<schema.org/image>",
            "<schema.org/inLanguage>",
            "<schema.org/mainEntityOfPage>",
            "<schema.org/name>",
            "<schema.org/publisher>",
            "<schema.org/url>",
            "isa:<schema.org/ReviewNewsArticle>"
        ],
        "count": 1126.0
    },
    {
        "pset": [
            "<schema.org/articleSection>",
            "<schema.org/author>",
            "<schema.org/copyrightHolder>",
            "<schema.org/copyrightYear>",
            "<schema.org/dateModified>",
            "<schema.org/datePublished>",
            "<schema.org/headline>",
            "<schema.org/image>",
            "<schema.org/inLanguage>",
            "<schema.org/isPartOf>",
            "<schema.org/keywords>",
            "<schema.org/mainEntityOfPage>",
            "<schema.org/publisher>",
            "<schema.org/thumbnailUrl>",
            "<schema.org/wordCount>",
            "isa:<schema.org/ReviewNewsArticle>"
        ],
        "count": 1109.0
    },
    {
        "pset": [
            "<schema.org/author>",
            "<schema.org/dateCreated>",
            "<schema.org/dateModified>",
            "<schema.org/datePublished>",
            "<schema.org/description>",
            "<schema.org/headline>",
            "<schema.org/image>",
            "<schema.org/itemReviewed>",
            "<schema.org/keywords>",
            "<schema.org/mainEntityOfPage>",
            "<schema.org/publisher>",
            "<schema.org/reviewBody>",
            "<schema.org/reviewRating>",
            "<schema.org/thumbnailUrl>",
            "<schema.org/url>",
            "isa:<schema.org/ReviewNewsArticle>"
        ],
        "count": 779.0
    },
    {
        "pset": [
            "<schema.org/articleSection>",
            "<schema.org/author>",
            "<schema.org/commentCount>",
            "<schema.org/copyrightHolder>",
            "<schema.org/copyrightYear>",
            "<schema.org/dateModified>",
            "<schema.org/datePublished>",
            "<schema.org/headline>",
            "<schema.org/image>",
            "<schema.org/inLanguage>",
            "<schema.org/isPartOf>",
            "<schema.org/keywords>",
            "<schema.org/mainEntityOfPage>",
            "<schema.org/publisher>",
            "<schema.org/thumbnailUrl>",
            "<schema.org/wordCount>",
            "isa:<schema.org/ReviewNewsArticle>"
        ],
        "count": 776.0
    },
    {
        "pset": [
            "<schema.org/author>",
            "<schema.org/dateModified>",
            "<schema.org/datePublished>",
            "<schema.org/description>",
            "<schema.org/headline>",
            "<schema.org/itemReviewed>",
            "<schema.org/mainEntityOfPage>",
            "<schema.org/publisher>",
            "<schema.org/speakable>",
            "isa:<schema.org/ReviewNewsArticle>"
        ],
        "count": 745.0
    },
    {
        "pset": [
            "<schema.org/articleBody>",
            "<schema.org/articleSection>",
            "<schema.org/author>",
            "<schema.org/copyrightYear>",
            "<schema.org/dateModified>",
            "<schema.org/datePublished>",
            "<schema.org/description>",
            "<schema.org/hasPart>",
            "<schema.org/headline>",
            "<schema.org/image>",
            "<schema.org/inLanguage>",
            "<schema.org/isAccessibleForFree>",
            "<schema.org/isPartOf>",
            "<schema.org/itemReviewed>",
            "<schema.org/keywords>",
            "<schema.org/license>",
            "<schema.org/mainEntityOfPage>",
            "<schema.org/publisher>",
            "<schema.org/publishingPrinciples>",
            "isa:<schema.org/NewsArticle>",
            "isa:<schema.org/ReviewNewsArticle>"
        ],
        "count": 585.0
    },
    {
        "pset": [
            "<schema.org/articleSection>",
            "<schema.org/author>",
            "<schema.org/creator>",
            "<schema.org/dateCreated>",
            "<schema.org/dateModified>",
            "<schema.org/datePublished>",
            "<schema.org/description>",
            "<schema.org/hasPart>",
            "<schema.org/headline>",
            "<schema.org/image>",
            "<schema.org/isAccessibleForFree>",
            "<schema.org/isPartOf>",
            "<schema.org/keywords>",
            "<schema.org/mainEntityOfPage>",
            "<schema.org/publisher>",
            "<schema.org/thumbnailUrl>",
            "<schema.org/timestamp>",
            "<schema.org/url>",
            "isa:<schema.org/ReviewNewsArticle>"
        ],
        "count": 464.0
    },
    {
        "pset": [
            "<schema.org/author>",
            "<schema.org/dateModified>",
            "<schema.org/datePublished>",
            "<schema.org/description>",
            "<schema.org/headline>",
            "<schema.org/image>",
            "<schema.org/itemReviewed>",
            "<schema.org/mainEntityOfPage>",
            "<schema.org/publisher>",
            "isa:<schema.org/ReviewNewsArticle>"
        ],
        "count": 416.0
    },
    {
        "pset": [
            "<schema.org/author>",
            "<schema.org/datePublished>",
            "<schema.org/headline>",
            "<schema.org/mainEntityOfPage>",
            "<schema.org/publisher>",
            "isa:<schema.org/ReviewNewsArticle>"
        ],
        "count": 365.0
    },
    {
        "pset": [
            "<schema.org/about>",
            "<schema.org/author>",
            "<schema.org/dateModified>",
            "<schema.org/datePublished>",
            "<schema.org/description>",
            "<schema.org/headline>",
            "<schema.org/image>",
            "<schema.org/isAccessibleForFree>",
            "<schema.org/mainEntityOfPage>",
            "<schema.org/name>",
            "<schema.org/publisher>",
            "isa:<schema.org/ReviewNewsArticle>"
        ],
        "count": 269.0
    },
    {
        "pset": [
            "<schema.org/alternativeHeadline>",
            "<schema.org/articleBody>",
            "<schema.org/articleSection>",
            "<schema.org/author>",
            "<schema.org/dateCreated>",
            "<schema.org/dateModified>",
            "<schema.org/datePublished>",
            "<schema.org/description>",
            "<schema.org/genre>",
            "<schema.org/hasPart>",
            "<schema.org/headline>",
            "<schema.org/image>",
            "<schema.org/inLanguage>",
            "<schema.org/isAccessibleForFree>",
            "<schema.org/locationCreated>",
            "<schema.org/mainEntityOfPage>",
            "<schema.org/publisher>",
            "<schema.org/publishingPrinciples>",
            "isa:<schema.org/ReviewNewsArticle>"
        ],
        "count": 239.0
    },
    {
        "pset": [
            "<schema.org/author>",
            "<schema.org/datePublished>",
            "<schema.org/headline>",
            "<schema.org/image>",
            "<schema.org/publishingPrinciples>",
            "isa:<schema.org/ReportageNewsArticle>",
            "isa:<schema.org/ReviewNewsArticle>"
        ],
        "count": 215.0
    },
    {
        "pset": [
            "<schema.org/author>",
            "<schema.org/datePublished>",
            "<schema.org/headline>",
            "<schema.org/image>",
            "<schema.org/mainEntityOfPage>",
            "<schema.org/publisher>",
            "isa:<schema.org/ReviewNewsArticle>"
        ],
        "count": 205.0
    },
    {
        "pset": [
            "<schema.org/author>",
            "<schema.org/datePublished>",
            "<schema.org/headline>",
            "<schema.org/image>",
            "isa:<schema.org/ReviewNewsArticle>"
        ],
        "count": 184.0
    },
    {
        "pset": [
            "<schema.org/articleSection>",
            "<schema.org/author>",
            "<schema.org/dateModified>",
            "<schema.org/datePublished>",
            "<schema.org/description>",
            "<schema.org/headline>",
            "<schema.org/image>",
            "<schema.org/mainEntityOfPage>",
            "<schema.org/publisher>",
            "<schema.org/sourceOrganization>",
            "<schema.org/url>",
            "isa:<schema.org/ReviewNewsArticle>"
        ],
        "count": 157.0
    },
    {
        "pset": [
            "<schema.org/articleSection>",
            "<schema.org/author>",
            "<schema.org/commentCount>",
            "<schema.org/copyrightHolder>",
            "<schema.org/copyrightYear>",
            "<schema.org/dateModified>",
            "<schema.org/datePublished>",
            "<schema.org/headline>",
            "<schema.org/image>",
            "<schema.org/inLanguage>",
            "<schema.org/isPartOf>",
            "<schema.org/keywords>",
            "<schema.org/mainEntityOfPage>",
            "<schema.org/potentialAction>",
            "<schema.org/publisher>",
            "<schema.org/thumbnailUrl>",
            "<schema.org/wordCount>",
            "isa:<schema.org/ReviewNewsArticle>"
        ],
        "count": 137.0
    },
    {
        "pset": [
            "<schema.org/articleBody>",
            "<schema.org/articleSection>",
            "<schema.org/author>",
            "<schema.org/contentLocation>",
            "<schema.org/copyrightYear>",
            "<schema.org/dateModified>",
            "<schema.org/datePublished>",
            "<schema.org/description>",
            "<schema.org/hasPart>",
            "<schema.org/headline>",
            "<schema.org/image>",
            "<schema.org/inLanguage>",
            "<schema.org/isAccessibleForFree>",
            "<schema.org/isPartOf>",
            "<schema.org/itemReviewed>",
            "<schema.org/keywords>",
            "<schema.org/license>",
            "<schema.org/mainEntityOfPage>",
            "<schema.org/publisher>",
            "<schema.org/publishingPrinciples>",
            "isa:<schema.org/NewsArticle>",
            "isa:<schema.org/ReviewNewsArticle>"
        ],
        "count": 114.0
    },
    {
        "pset": [
            "<schema.org/author>",
            "<schema.org/datePublished>",
            "<schema.org/headline>",
            "<schema.org/image>",
            "<schema.org/publishingPrinciples>",
            "isa:<schema.org/ReviewNewsArticle>"
        ],
        "count": 109.0
    },
    {
        "pset": [
            "<schema.org/articleBody>",
            "<schema.org/articleSection>",
            "<schema.org/author>",
            "<schema.org/copyrightYear>",
            "<schema.org/dateModified>",
            "<schema.org/datePublished>",
            "<schema.org/description>",
            "<schema.org/hasPart>",
            "<schema.org/headline>",
            "<schema.org/image>",
            "<schema.org/inLanguage>",
            "<schema.org/isAccessibleForFree>",
            "<schema.org/isPartOf>",
            "<schema.org/itemReviewed>",
            "<schema.org/keywords>",
            "<schema.org/license>",
            "<schema.org/mainEntityOfPage>",
            "<schema.org/publisher>",
            "<schema.org/publishingPrinciples>",
            "<schema.org/video>",
            "isa:<schema.org/NewsArticle>",
            "isa:<schema.org/ReviewNewsArticle>"
        ],
        "count": 98.0
    },
    {
        "pset": [
            "<schema.org/alternativeHeadline>",
            "<schema.org/articleSection>",
            "<schema.org/author>",
            "<schema.org/dateModified>",
            "<schema.org/datePublished>",
            "<schema.org/description>",
            "<schema.org/hasPart>",
            "<schema.org/headline>",
            "<schema.org/image>",
            "<schema.org/isAccessibleForFree>",
            "<schema.org/isPartOf>",
            "<schema.org/mainEntityOfPage>",
            "<schema.org/publisher>",
            "<schema.org/publishingPrinciples>",
            "<schema.org/speakable>",
            "isa:<schema.org/Article>",
            "isa:<schema.org/ReviewNewsArticle>"
        ],
        "count": 94.0
    },
    {
        "pset": [
            "<schema.org/ArticleSection>",
            "<schema.org/articleSection>",
            "<schema.org/author>",
            "<schema.org/dateModified>",
            "<schema.org/datePublished>",
            "<schema.org/description>",
            "<schema.org/headline>",
            "<schema.org/image>",
            "<schema.org/mainEntityOfPage>",
            "<schema.org/publisher>",
            "<schema.org/sourceOrganization>",
            "<schema.org/url>",
            "isa:<schema.org/ReviewNewsArticle>"
        ],
        "count": 92.0
    },
    {
        "pset": [
            "<schema.org/author>",
            "<schema.org/datePublished>",
            "<schema.org/description>",
            "<schema.org/headline>",
            "<schema.org/mainEntityOfPage>",
            "<schema.org/publisher>",
            "isa:<schema.org/ReviewNewsArticle>"
        ],
        "count": 81.0
    },
    {
        "pset": [
            "<schema.org/author>",
            "<schema.org/creator>",
            "<schema.org/dateCreated>",
            "<schema.org/dateModified>",
            "<schema.org/datePublished>",
            "<schema.org/description>",
            "<schema.org/hasPart>",
            "<schema.org/headline>",
            "<schema.org/image>",
            "<schema.org/isAccessibleForFree>",
            "<schema.org/isPartOf>",
            "<schema.org/keywords>",
            "<schema.org/mainEntityOfPage>",
            "<schema.org/publisher>",
            "<schema.org/thumbnailUrl>",
            "<schema.org/timestamp>",
            "<schema.org/url>",
            "isa:<schema.org/ReviewNewsArticle>"
        ],
        "count": 62.0
    },
    {
        "pset": [
            "<schema.org/articleSection>",
            "<schema.org/author>",
            "<schema.org/dateModified>",
            "<schema.org/datePublished>",
            "<schema.org/description>",
            "<schema.org/headline>",
            "<schema.org/image>",
            "<schema.org/itemReviewed>",
            "<schema.org/keywords>",
            "<schema.org/mainEntityOfPage>",
            "<schema.org/publisher>",
            "<schema.org/reviewRating>",
            "isa:<schema.org/Review>",
            "isa:<schema.org/ReviewNewsArticle>"
        ],
        "count": 59.0
    },
    {
        "pset": [
            "<schema.org/author>",
            "<schema.org/dateCreated>",
            "<schema.org/dateModified>",
            "<schema.org/datePublished>",
            "<schema.org/description>",
            "<schema.org/headline>",
            "<schema.org/image>",
            "<schema.org/itemReviewed>",
            "<schema.org/keywords>",
            "<schema.org/mainEntityOfPage>",
            "<schema.org/publisher>",
            "<schema.org/reviewBody>",
            "<schema.org/thumbnailUrl>",
            "<schema.org/url>",
            "isa:<schema.org/ReviewNewsArticle>"
        ],
        "count": 58.0
    },
    {
        "pset": [
            "<schema.org/articleBody>",
            "<schema.org/articleSection>",
            "<schema.org/author>",
            "<schema.org/dateCreated>",
            "<schema.org/dateModified>",
            "<schema.org/datePublished>",
            "<schema.org/description>",
            "<schema.org/genre>",
            "<schema.org/hasPart>",
            "<schema.org/headline>",
            "<schema.org/image>",
            "<schema.org/inLanguage>",
            "<schema.org/isAccessibleForFree>",
            "<schema.org/locationCreated>",
            "<schema.org/mainEntityOfPage>",
            "<schema.org/publisher>",
            "<schema.org/publishingPrinciples>",
            "isa:<schema.org/ReviewNewsArticle>"
        ],
        "count": 47.0
    },
    {
        "pset": [
            "<schema.org/author>",
            "<schema.org/datePublished>",
            "<schema.org/description>",
            "<schema.org/headline>",
            "<schema.org/image>",
            "<schema.org/itemReviewed>",
            "<schema.org/publisher>",
            "<schema.org/reviewBody>",
            "<schema.org/reviewRating>",
            "isa:<schema.org/ReviewNewsArticle>"
        ],
        "count": 45.0
    },
    {
        "pset": [
            "<schema.org/articleBody>",
            "<schema.org/articleSection>",
            "<schema.org/author>",
            "<schema.org/copyrightYear>",
            "<schema.org/dateModified>",
            "<schema.org/datePublished>",
            "<schema.org/description>",
            "<schema.org/hasPart>",
            "<schema.org/headline>",
            "<schema.org/image>",
            "<schema.org/inLanguage>",
            "<schema.org/isAccessibleForFree>",
            "<schema.org/isPartOf>",
            "<schema.org/itemReviewed>",
            "<schema.org/license>",
            "<schema.org/mainEntityOfPage>",
            "<schema.org/publisher>",
            "<schema.org/publishingPrinciples>",
            "isa:<schema.org/NewsArticle>",
            "isa:<schema.org/ReviewNewsArticle>"
        ],
        "count": 39.0
    },
    {
        "pset": [
            "<schema.org/author>",
            "<schema.org/copyrightHolder>",
            "<schema.org/copyrightYear>",
            "<schema.org/creator>",
            "<schema.org/dateModified>",
            "<schema.org/datePublished>",
            "<schema.org/headline>",
            "<schema.org/image>",
            "<schema.org/inLanguage>",
            "<schema.org/mainEntityOfPage>",
            "<schema.org/name>",
            "<schema.org/publisher>",
            "<schema.org/url>",
            "isa:<schema.org/ReviewNewsArticle>"
        ],
        "count": 38.0
    },
    {
        "pset": [
            "<schema.org/articleSection>",
            "<schema.org/author>",
            "<schema.org/commentCount>",
            "<schema.org/copyrightHolder>",
            "<schema.org/copyrightYear>",
            "<schema.org/dateModified>",
            "<schema.org/datePublished>",
            "<schema.org/headline>",
            "<schema.org/image>",
            "<schema.org/inLanguage>",
            "<schema.org/isPartOf>",
            "<schema.org/mainEntityOfPage>",
            "<schema.org/potentialAction>",
            "<schema.org/publisher>",
            "<schema.org/thumbnailUrl>",
            "<schema.org/wordCount>",
            "isa:<schema.org/ReviewNewsArticle>"
        ],
        "count": 38.0
    },
    {
        "pset": [
            "<schema.org/author>",
            "<schema.org/backstory>",
            "<schema.org/correction>",
            "<schema.org/dateModified>",
            "<schema.org/datePublished>",
            "<schema.org/dateline>",
            "<schema.org/description>",
            "<schema.org/headline>",
            "<schema.org/image>",
            "<schema.org/mainEntityOfPage>",
            "<schema.org/publisher>",
            "<schema.org/publishingPrinciples>",
            "isa:<schema.org/ReviewNewsArticle>"
        ],
        "count": 37.0
    },
    {
        "pset": [
            "<schema.org/alternativeHeadline>",
            "<schema.org/articleBody>",
            "<schema.org/author>",
            "<schema.org/backstory>",
            "<schema.org/citation>",
            "<schema.org/dateModified>",
            "<schema.org/datePublished>",
            "<schema.org/dateline>",
            "<schema.org/description>",
            "<schema.org/headline>",
            "<schema.org/image>",
            "<schema.org/isAccessibleForFree>",
            "<schema.org/isPartOf>",
            "<schema.org/keywords>",
            "<schema.org/mainEntityOfPage>",
            "<schema.org/publisher>",
            "<schema.org/publishingPrinciples>",
            "<schema.org/video>",
            "isa:<schema.org/ReviewNewsArticle>"
        ],
        "count": 30.0
    },
    {
        "pset": [
            "<schema.org/articleSection>",
            "<schema.org/author>",
            "<schema.org/dateModified>",
            "<schema.org/datePublished>",
            "<schema.org/description>",
            "<schema.org/headline>",
            "<schema.org/mainEntityOfPage>",
            "<schema.org/publisher>",
            "<schema.org/sourceOrganization>",
            "<schema.org/url>",
            "isa:<schema.org/ReviewNewsArticle>"
        ],
        "count": 30.0
    },
    {
        "pset": [
            "<schema.org/articleSection>",
            "<schema.org/author>",
            "<schema.org/copyrightHolder>",
            "<schema.org/copyrightYear>",
            "<schema.org/dateModified>",
            "<schema.org/datePublished>",
            "<schema.org/headline>",
            "<schema.org/image>",
            "<schema.org/inLanguage>",
            "<schema.org/isPartOf>",
            "<schema.org/mainEntityOfPage>",
            "<schema.org/publisher>",
            "<schema.org/thumbnailUrl>",
            "<schema.org/wordCount>",
            "isa:<schema.org/ReviewNewsArticle>"
        ],
        "count": 29.0
    },
    {
        "pset": [
            "<schema.org/alternativeHeadline>",
            "<schema.org/author>",
            "<schema.org/datePublished>",
            "<schema.org/headline>",
            "<schema.org/image>",
            "<schema.org/itemReviewed>",
            "<schema.org/publisher>",
            "<schema.org/url>",
            "isa:<schema.org/ReviewNewsArticle>"
        ],
        "count": 23.0
    },
    {
        "pset": [
            "<schema.org/abstract>",
            "<schema.org/alternativeHeadline>",
            "<schema.org/articleBody>",
            "<schema.org/articleSection>",
            "<schema.org/author>",
            "<schema.org/copyrightHolder>",
            "<schema.org/dateCreated>",
            "<schema.org/dateModified>",
            "<schema.org/datePublished>",
            "<schema.org/description>",
            "<schema.org/headline>",
            "<schema.org/image>",
            "<schema.org/inLanguage>",
            "<schema.org/itemReviewed>",
            "<schema.org/mainEntityOfPage>",
            "<schema.org/name>",
            "<schema.org/publisher>",
            "<schema.org/url>",
            "isa:<schema.org/ReviewNewsArticle>"
        ],
        "count": 23.0
    },
    {
        "pset": [
            "<schema.org/alternativeHeadline>",
            "<schema.org/articleSection>",
            "<schema.org/author>",
            "<schema.org/dateModified>",
            "<schema.org/datePublished>",
            "<schema.org/description>",
            "<schema.org/hasPart>",
            "<schema.org/headline>",
            "<schema.org/image>",
            "<schema.org/isAccessibleForFree>",
            "<schema.org/isPartOf>",
            "<schema.org/mainEntityOfPage>",
            "<schema.org/publisher>",
            "<schema.org/publishingPrinciples>",
            "isa:<schema.org/Article>",
            "isa:<schema.org/ReviewNewsArticle>"
        ],
        "count": 22.0
    },
    {
        "pset": [
            "<schema.org/alternativeHeadline>",
            "<schema.org/articleSection>",
            "<schema.org/dateModified>",
            "<schema.org/datePublished>",
            "<schema.org/description>",
            "<schema.org/hasPart>",
            "<schema.org/headline>",
            "<schema.org/image>",
            "<schema.org/isAccessibleForFree>",
            "<schema.org/isPartOf>",
            "<schema.org/mainEntityOfPage>",
            "<schema.org/publisher>",
            "<schema.org/publishingPrinciples>",
            "isa:<schema.org/Article>",
            "isa:<schema.org/ReviewNewsArticle>"
        ],
        "count": 22.0
    },
    {
        "pset": [
            "<schema.org/author>",
            "<schema.org/datePublished>",
            "<schema.org/description>",
            "<schema.org/headline>",
            "<schema.org/image>",
            "<schema.org/itemReviewed>",
            "<schema.org/mainEntityOfPage>",
            "<schema.org/publisher>",
            "<schema.org/reviewRating>",
            "isa:<schema.org/ReviewNewsArticle>"
        ],
        "count": 19.0
    },
    {
        "pset": [
            "<schema.org/author>",
            "<schema.org/datePublished>",
            "<schema.org/headline>",
            "<schema.org/image>",
            "<schema.org/locationCreated>",
            "isa:<schema.org/ReviewNewsArticle>"
        ],
        "count": 16.0
    },
    {
        "pset": [
            "<schema.org/articleBody>",
            "<schema.org/author>",
            "<schema.org/dateModified>",
            "<schema.org/datePublished>",
            "<schema.org/dateline>",
            "<schema.org/description>",
            "<schema.org/hasPart>",
            "<schema.org/headline>",
            "<schema.org/image>",
            "<schema.org/isAccessibleForFree>",
            "<schema.org/keywords>",
            "<schema.org/publisher>",
            "isa:<schema.org/NewsArticle>",
            "isa:<schema.org/ReviewNewsArticle>"
        ],
        "count": 15.0
    },
    {
        "pset": [
            "<schema.org/articleBody>",
            "<schema.org/articleSection>",
            "<schema.org/author>",
            "<schema.org/contentLocation>",
            "<schema.org/copyrightYear>",
            "<schema.org/dateModified>",
            "<schema.org/datePublished>",
            "<schema.org/description>",
            "<schema.org/hasPart>",
            "<schema.org/headline>",
            "<schema.org/image>",
            "<schema.org/inLanguage>",
            "<schema.org/isAccessibleForFree>",
            "<schema.org/isPartOf>",
            "<schema.org/itemReviewed>",
            "<schema.org/keywords>",
            "<schema.org/license>",
            "<schema.org/mainEntityOfPage>",
            "<schema.org/publisher>",
            "<schema.org/publishingPrinciples>",
            "<schema.org/video>",
            "isa:<schema.org/NewsArticle>",
            "isa:<schema.org/ReviewNewsArticle>"
        ],
        "count": 15.0
    },
    {
        "pset": [
            "<schema.org/alternativeHeadline>",
            "<schema.org/articleBody>",
            "<schema.org/articleSection>",
            "<schema.org/author>",
            "<schema.org/dateCreated>",
            "<schema.org/dateModified>",
            "<schema.org/datePublished>",
            "<schema.org/description>",
            "<schema.org/genre>",
            "<schema.org/hasPart>",
            "<schema.org/headline>",
            "<schema.org/image>",
            "<schema.org/inLanguage>",
            "<schema.org/isAccessibleForFree>",
            "<schema.org/locationCreated>",
            "<schema.org/mainEntityOfPage>",
            "<schema.org/noBylinePolicy>",
            "<schema.org/publisher>",
            "<schema.org/publishingPrinciples>",
            "isa:<schema.org/ReviewNewsArticle>"
        ],
        "count": 15.0
    },
    {
        "pset": [
            "<schema.org/mainEntityOfPage>",
            "isa:<schema.org/ReviewNewsArticle>"
        ],
        "count": 14.0
    },
    {
        "pset": [
            "<schema.org/articleSection>",
            "<schema.org/author>",
            "<schema.org/copyrightHolder>",
            "<schema.org/copyrightYear>",
            "<schema.org/dateModified>",
            "<schema.org/datePublished>",
            "<schema.org/headline>",
            "<schema.org/image>",
            "<schema.org/inLanguage>",
            "<schema.org/isPartOf>",
            "<schema.org/itemReviewed>",
            "<schema.org/keywords>",
            "<schema.org/mainEntityOfPage>",
            "<schema.org/publisher>",
            "<schema.org/thumbnailUrl>",
            "<schema.org/wordCount>",
            "isa:<schema.org/ReviewNewsArticle>"
        ],
        "count": 13.0
    },
    {
        "pset": [
            "<schema.org/alternativeHeadline>",
            "<schema.org/articleBody>",
            "<schema.org/author>",
            "<schema.org/backstory>",
            "<schema.org/citation>",
            "<schema.org/dateModified>",
            "<schema.org/datePublished>",
            "<schema.org/dateline>",
            "<schema.org/description>",
            "<schema.org/headline>",
            "<schema.org/image>",
            "<schema.org/isAccessibleForFree>",
            "<schema.org/isPartOf>",
            "<schema.org/itemReviewed>",
            "<schema.org/keywords>",
            "<schema.org/mainEntityOfPage>",
            "<schema.org/publisher>",
            "<schema.org/publishingPrinciples>",
            "<schema.org/video>",
            "isa:<schema.org/ReviewNewsArticle>"
        ],
        "count": 11.0
    },
    {
        "pset": [
            "<schema.org/alternativeHeadline>",
            "<schema.org/articleSection>",
            "<schema.org/dateModified>",
            "<schema.org/datePublished>",
            "<schema.org/description>",
            "<schema.org/hasPart>",
            "<schema.org/headline>",
            "<schema.org/image>",
            "<schema.org/isAccessibleForFree>",
            "<schema.org/isPartOf>",
            "<schema.org/mainEntityOfPage>",
            "<schema.org/publisher>",
            "<schema.org/publishingPrinciples>",
            "<schema.org/speakable>",
            "isa:<schema.org/Article>",
            "isa:<schema.org/ReviewNewsArticle>"
        ],
        "count": 11.0
    },
    {
        "pset": [
            "<schema.org/articleBody>",
            "<schema.org/author>",
            "<schema.org/dateModified>",
            "<schema.org/datePublished>",
            "<schema.org/dateline>",
            "<schema.org/description>",
            "<schema.org/headline>",
            "<schema.org/image>",
            "<schema.org/isAccessibleForFree>",
            "<schema.org/keywords>",
            "<schema.org/publisher>",
            "isa:<schema.org/NewsArticle>",
            "isa:<schema.org/ReviewNewsArticle>"
        ],
        "count": 10.0
    },
    {
        "pset": [
            "<schema.org/articleBody>",
            "<schema.org/author>",
            "<schema.org/datePublished>",
            "<schema.org/headline>",
            "<schema.org/image>",
            "<schema.org/mainEntityOfPage>",
            "<schema.org/publisher>",
            "<schema.org/url>",
            "isa:<schema.org/ReviewNewsArticle>"
        ],
        "count": 10.0
    },
    {
        "pset": [
            "<schema.org/accessibilityFeature>",
            "<schema.org/articleSection>",
            "<schema.org/author>",
            "<schema.org/commentCount>",
            "<schema.org/copyrightHolder>",
            "<schema.org/copyrightYear>",
            "<schema.org/dateModified>",
            "<schema.org/datePublished>",
            "<schema.org/headline>",
            "<schema.org/image>",
            "<schema.org/inLanguage>",
            "<schema.org/isPartOf>",
            "<schema.org/keywords>",
            "<schema.org/mainEntityOfPage>",
            "<schema.org/potentialAction>",
            "<schema.org/publisher>",
            "<schema.org/thumbnailUrl>",
            "<schema.org/wordCount>",
            "isa:<schema.org/ReviewNewsArticle>"
        ],
        "count": 9.0
    },
    {
        "pset": [
            "<schema.org/author>",
            "<schema.org/copyrightHolder>",
            "<schema.org/copyrightYear>",
            "<schema.org/dateModified>",
            "<schema.org/datePublished>",
            "<schema.org/headline>",
            "<schema.org/image>",
            "<schema.org/inLanguage>",
            "<schema.org/isPartOf>",
            "<schema.org/mainEntityOfPage>",
            "<schema.org/publisher>",
            "<schema.org/thumbnailUrl>",
            "<schema.org/wordCount>",
            "isa:<schema.org/ReviewNewsArticle>"
        ],
        "count": 8.0
    },
    {
        "pset": [
            "<schema.org/articleBody>",
            "<schema.org/articleSection>",
            "<schema.org/author>",
            "<schema.org/dateCreated>",
            "<schema.org/dateModified>",
            "<schema.org/datePublished>",
            "<schema.org/description>",
            "<schema.org/genre>",
            "<schema.org/hasPart>",
            "<schema.org/headline>",
            "<schema.org/image>",
            "<schema.org/inLanguage>",
            "<schema.org/isAccessibleForFree>",
            "<schema.org/locationCreated>",
            "<schema.org/mainEntityOfPage>",
            "<schema.org/noBylinePolicy>",
            "<schema.org/publisher>",
            "<schema.org/publishingPrinciples>",
            "isa:<schema.org/ReviewNewsArticle>"
        ],
        "count": 8.0
    },
    {
        "pset": [
            "<schema.org/abstract>",
            "<schema.org/articleBody>",
            "<schema.org/articleSection>",
            "<schema.org/author>",
            "<schema.org/copyrightHolder>",
            "<schema.org/dateCreated>",
            "<schema.org/dateModified>",
            "<schema.org/datePublished>",
            "<schema.org/description>",
            "<schema.org/headline>",
            "<schema.org/image>",
            "<schema.org/inLanguage>",
            "<schema.org/itemReviewed>",
            "<schema.org/mainEntityOfPage>",
            "<schema.org/name>",
            "<schema.org/publisher>",
            "<schema.org/url>",
            "isa:<schema.org/ReviewNewsArticle>"
        ],
        "count": 8.0
    },
    {
        "pset": [
            "<schema.org/articleSection>",
            "<schema.org/author>",
            "<schema.org/copyrightHolder>",
            "<schema.org/copyrightYear>",
            "<schema.org/dateModified>",
            "<schema.org/datePublished>",
            "<schema.org/headline>",
            "<schema.org/image>",
            "<schema.org/inLanguage>",
            "<schema.org/isPartOf>",
            "<schema.org/itemReviewed>",
            "<schema.org/keywords>",
            "<schema.org/mainEntityOfPage>",
            "<schema.org/publisher>",
            "<schema.org/reviewRating>",
            "<schema.org/thumbnailUrl>",
            "<schema.org/wordCount>",
            "isa:<schema.org/ReviewNewsArticle>"
        ],
        "count": 7.0
    },
    {
        "pset": [
            "<schema.org/alternativeHeadline>",
            "<schema.org/articleBody>",
            "<schema.org/articleSection>",
            "<schema.org/author>",
            "<schema.org/dateCreated>",
            "<schema.org/dateModified>",
            "<schema.org/datePublished>",
            "<schema.org/description>",
            "<schema.org/genre>",
            "<schema.org/headline>",
            "<schema.org/image>",
            "<schema.org/inLanguage>",
            "<schema.org/isAccessibleForFree>",
            "<schema.org/locationCreated>",
            "<schema.org/mainEntityOfPage>",
            "<schema.org/publisher>",
            "<schema.org/publishingPrinciples>",
            "isa:<schema.org/ReviewNewsArticle>"
        ],
        "count": 6.0
    },
    {
        "pset": [
            "<schema.org/author>",
            "<schema.org/creator>",
            "<schema.org/dateCreated>",
            "<schema.org/dateModified>",
            "<schema.org/datePublished>",
            "<schema.org/description>",
            "<schema.org/hasPart>",
            "<schema.org/headline>",
            "<schema.org/isAccessibleForFree>",
            "<schema.org/isPartOf>",
            "<schema.org/keywords>",
            "<schema.org/mainEntityOfPage>",
            "<schema.org/publisher>",
            "<schema.org/timestamp>",
            "<schema.org/url>",
            "isa:<schema.org/ReviewNewsArticle>"
        ],
        "count": 6.0
    },
    {
        "pset": [
            "<schema.org/accessibilityFeature>",
            "<schema.org/articleSection>",
            "<schema.org/author>",
            "<schema.org/copyrightHolder>",
            "<schema.org/copyrightYear>",
            "<schema.org/dateModified>",
            "<schema.org/datePublished>",
            "<schema.org/headline>",
            "<schema.org/image>",
            "<schema.org/inLanguage>",
            "<schema.org/isPartOf>",
            "<schema.org/keywords>",
            "<schema.org/mainEntityOfPage>",
            "<schema.org/publisher>",
            "<schema.org/thumbnailUrl>",
            "<schema.org/wordCount>",
            "isa:<schema.org/ReviewNewsArticle>"
        ],
        "count": 6.0
    },
    {
        "pset": [
            "<schema.org/about>",
            "<schema.org/description>",
            "<schema.org/headline>",
            "<schema.org/image>",
            "<schema.org/name>",
            "isa:<schema.org/ReviewNewsArticle>"
        ],
        "count": 6.0
    },
    {
        "pset": [
            "<schema.org/author>",
            "<schema.org/dateModified>",
            "<schema.org/datePublished>",
            "<schema.org/description>",
            "<schema.org/headline>",
            "<schema.org/image>",
            "<schema.org/itemReviewed>",
            "<schema.org/mainEntityOfPage>",
            "<schema.org/publisher>",
            "<schema.org/reviewBody>",
            "<schema.org/thumbnailUrl>",
            "<schema.org/url>",
            "isa:<schema.org/ReviewNewsArticle>"
        ],
        "count": 6.0
    },
    {
        "pset": [
            "<schema.org/alternativeHeadline>",
            "<schema.org/articleBody>",
            "<schema.org/author>",
            "<schema.org/backstory>",
            "<schema.org/dateModified>",
            "<schema.org/datePublished>",
            "<schema.org/dateline>",
            "<schema.org/description>",
            "<schema.org/headline>",
            "<schema.org/image>",
            "<schema.org/isAccessibleForFree>",
            "<schema.org/isPartOf>",
            "<schema.org/keywords>",
            "<schema.org/mainEntityOfPage>",
            "<schema.org/publisher>",
            "<schema.org/publishingPrinciples>",
            "isa:<schema.org/ReviewNewsArticle>"
        ],
        "count": 5.0
    },
    {
        "pset": [
            "<schema.org/articleSection>",
            "<schema.org/author>",
            "<schema.org/dateModified>",
            "<schema.org/datePublished>",
            "<schema.org/description>",
            "<schema.org/headline>",
            "<schema.org/image>",
            "<schema.org/mainEntityOfPage>",
            "<schema.org/publisher>",
            "<schema.org/url>",
            "isa:<schema.org/ReviewNewsArticle>"
        ],
        "count": 5.0
    },
    {
        "pset": [
            "<schema.org/author>",
            "<schema.org/copyrightHolder>",
            "<schema.org/copyrightYear>",
            "<schema.org/dateModified>",
            "<schema.org/datePublished>",
            "<schema.org/headline>",
            "<schema.org/inLanguage>",
            "<schema.org/isPartOf>",
            "<schema.org/mainEntityOfPage>",
            "<schema.org/publisher>",
            "<schema.org/wordCount>",
            "isa:<schema.org/ReviewNewsArticle>"
        ],
        "count": 5.0
    },
    {
        "pset": [
            "<schema.org/alternativeHeadline>",
            "<schema.org/articleSection>",
            "<schema.org/author>",
            "<schema.org/creator>",
            "<schema.org/dateModified>",
            "<schema.org/datePublished>",
            "<schema.org/description>",
            "<schema.org/headline>",
            "<schema.org/image>",
            "<schema.org/itemReviewed>",
            "<schema.org/keywords>",
            "<schema.org/mainEntityOfPage>",
            "<schema.org/name>",
            "<schema.org/publisher>",
            "<schema.org/url>",
            "isa:<schema.org/ReviewNewsArticle>"
        ],
        "count": 4.0
    },
    {
        "pset": [
            "<schema.org/articleBody>",
            "<schema.org/articleSection>",
            "<schema.org/author>",
            "<schema.org/contentLocation>",
            "<schema.org/copyrightYear>",
            "<schema.org/dateModified>",
            "<schema.org/datePublished>",
            "<schema.org/description>",
            "<schema.org/hasPart>",
            "<schema.org/headline>",
            "<schema.org/image>",
            "<schema.org/inLanguage>",
            "<schema.org/isAccessibleForFree>",
            "<schema.org/isPartOf>",
            "<schema.org/itemReviewed>",
            "<schema.org/license>",
            "<schema.org/mainEntityOfPage>",
            "<schema.org/publisher>",
            "<schema.org/publishingPrinciples>",
            "isa:<schema.org/NewsArticle>",
            "isa:<schema.org/ReviewNewsArticle>"
        ],
        "count": 4.0
    },
    {
        "pset": [
            "<schema.org/articleSection>",
            "<schema.org/author>",
            "<schema.org/creator>",
            "<schema.org/dateCreated>",
            "<schema.org/dateModified>",
            "<schema.org/datePublished>",
            "<schema.org/description>",
            "<schema.org/hasPart>",
            "<schema.org/headline>",
            "<schema.org/image>",
            "<schema.org/isAccessibleForFree>",
            "<schema.org/isPartOf>",
            "<schema.org/keywords>",
            "<schema.org/mainEntityOfPage>",
            "<schema.org/publisher>",
            "<schema.org/thumbnailUrl>",
            "<schema.org/url>",
            "isa:<schema.org/ReviewNewsArticle>"
        ],
        "count": 4.0
    },
    {
        "pset": [
            "<schema.org/articleBody>",
            "<schema.org/articleSection>",
            "<schema.org/author>",
            "<schema.org/copyrightYear>",
            "<schema.org/dateModified>",
            "<schema.org/datePublished>",
            "<schema.org/description>",
            "<schema.org/hasPart>",
            "<schema.org/headline>",
            "<schema.org/image>",
            "<schema.org/inLanguage>",
            "<schema.org/isAccessibleForFree>",
            "<schema.org/isPartOf>",
            "<schema.org/itemReviewed>",
            "<schema.org/license>",
            "<schema.org/mainEntityOfPage>",
            "<schema.org/publisher>",
            "<schema.org/publishingPrinciples>",
            "<schema.org/video>",
            "isa:<schema.org/NewsArticle>",
            "isa:<schema.org/ReviewNewsArticle>"
        ],
        "count": 4.0
    },
    {
        "pset": [
            "<schema.org/alternativeHeadline>",
            "<schema.org/articleBody>",
            "<schema.org/author>",
            "<schema.org/backstory>",
            "<schema.org/dateModified>",
            "<schema.org/datePublished>",
            "<schema.org/dateline>",
            "<schema.org/description>",
            "<schema.org/headline>",
            "<schema.org/image>",
            "<schema.org/isAccessibleForFree>",
            "<schema.org/isPartOf>",
            "<schema.org/keywords>",
            "<schema.org/mainEntityOfPage>",
            "<schema.org/publisher>",
            "<schema.org/publishingPrinciples>",
            "<schema.org/video>",
            "isa:<schema.org/ReviewNewsArticle>"
        ],
        "count": 4.0
    },
    {
        "pset": [
            "<schema.org/ArticleSection>",
            "<schema.org/articleSection>",
            "<schema.org/author>",
            "<schema.org/dateModified>",
            "<schema.org/datePublished>",
            "<schema.org/description>",
            "<schema.org/headline>",
            "<schema.org/image>",
            "<schema.org/mainEntityOfPage>",
            "<schema.org/publisher>",
            "<schema.org/url>",
            "isa:<schema.org/ReviewNewsArticle>"
        ],
        "count": 4.0
    },
    {
        "pset": [
            "<schema.org/about>",
            "<schema.org/author>",
            "<schema.org/datePublished>",
            "<schema.org/headline>",
            "<schema.org/image>",
            "<schema.org/itemReview>",
            "<schema.org/mainEntityOfPage>",
            "<schema.org/publisher>",
            "isa:<schema.org/ReviewNewsArticle>"
        ],
        "count": 3.0
    },
    {
        "pset": [
            "<schema.org/articleBody>",
            "<schema.org/author>",
            "<schema.org/dateModified>",
            "<schema.org/datePublished>",
            "<schema.org/headline>",
            "<schema.org/itemReviewed>",
            "<schema.org/mainEntityOfPage>",
            "<schema.org/name>",
            "<schema.org/publisher>",
            "<schema.org/reviewBody>",
            "<schema.org/reviewRating>",
            "isa:<schema.org/ReviewNewsArticle>"
        ],
        "count": 3.0
    },
    {
        "pset": [
            "<schema.org/alternativeHeadline>",
            "<schema.org/articleBody>",
            "<schema.org/author>",
            "<schema.org/backstory>",
            "<schema.org/citation>",
            "<schema.org/dateModified>",
            "<schema.org/datePublished>",
            "<schema.org/dateline>",
            "<schema.org/description>",
            "<schema.org/headline>",
            "<schema.org/image>",
            "<schema.org/isAccessibleForFree>",
            "<schema.org/isPartOf>",
            "<schema.org/keywords>",
            "<schema.org/mainEntityOfPage>",
            "<schema.org/publisher>",
            "<schema.org/publishingPrinciples>",
            "isa:<schema.org/ReviewNewsArticle>"
        ],
        "count": 3.0
    },
    {
        "pset": [
            "<schema.org/author>",
            "<schema.org/dateModified>",
            "<schema.org/datePublished>",
            "<schema.org/description>",
            "<schema.org/image>",
            "<schema.org/itemReviewed>",
            "<schema.org/mainEntityOfPage>",
            "<schema.org/publisher>",
            "<schema.org/reviewAspect>",
            "<schema.org/reviewBody>",
            "<schema.org/reviewRating>",
            "isa:<schema.org/ReviewNewsArticle>"
        ],
        "count": 3.0
    },
    {
        "pset": [
            "<schema.org/articleBody>",
            "<schema.org/author>",
            "<schema.org/dateModified>",
            "<schema.org/datePublished>",
            "<schema.org/headline>",
            "<schema.org/image>",
            "<schema.org/interactionStatistic>",
            "<schema.org/itemReviewed>",
            "<schema.org/mainEntityOfPage>",
            "<schema.org/name>",
            "<schema.org/publisher>",
            "<schema.org/reviewBody>",
            "<schema.org/reviewRating>",
            "isa:<schema.org/ReviewNewsArticle>"
        ],
        "count": 3.0
    },
    {
        "pset": [
            "<schema.org/mainEntityOfPage>",
            "<schema.org/review>",
            "isa:<schema.org/ReviewNewsArticle>"
        ],
        "count": 3.0
    },
    {
        "pset": [
            "<schema.org/articleBody>",
            "<schema.org/articleSection>",
            "<schema.org/author>",
            "<schema.org/dateCreated>",
            "<schema.org/dateModified>",
            "<schema.org/datePublished>",
            "<schema.org/hasPart>",
            "<schema.org/headline>",
            "<schema.org/image>",
            "<schema.org/isAccessibleForFree>",
            "<schema.org/isPartOf>",
            "<schema.org/keywords>",
            "<schema.org/mainEntityOfPage>",
            "<schema.org/publisher>",
            "<schema.org/publishingPrinciples>",
            "<schema.org/thumbnailUrl>",
            "<schema.org/url>",
            "isa:<schema.org/ReviewNewsArticle>"
        ],
        "count": 3.0
    },
    {
        "pset": [
            "<schema.org/dateModified>",
            "<schema.org/headline>",
            "<schema.org/image>",
            "<schema.org/isPartOf>",
            "isa:<schema.org/ReviewNewsArticle>"
        ],
        "count": 3.0
    },
    {
        "pset": [
            "<schema.org/additionnalType>",
            "<schema.org/dateModified>",
            "<schema.org/description>",
            "<schema.org/hasPart>",
            "<schema.org/headline>",
            "<schema.org/image>",
            "<schema.org/isPartOf>",
            "isa:<schema.org/ReviewNewsArticle>"
        ],
        "count": 3.0
    },
    {
        "pset": [
            "<schema.org/author>",
            "<schema.org/dateCreated>",
            "<schema.org/dateModified>",
            "<schema.org/datePublished>",
            "<schema.org/description>",
            "<schema.org/hasPart>",
            "<schema.org/headline>",
            "<schema.org/image>",
            "<schema.org/isAccessibleForFree>",
            "<schema.org/isPartOf>",
            "<schema.org/keywords>",
            "<schema.org/mainEntityOfPage>",
            "<schema.org/publisher>",
            "<schema.org/thumbnailUrl>",
            "<schema.org/timestamp>",
            "<schema.org/url>",
            "isa:<schema.org/ReviewNewsArticle>"
        ],
        "count": 2.0
    },
    {
        "pset": [
            "<schema.org/author>",
            "<schema.org/datePublished>",
            "<schema.org/headline>",
            "<schema.org/image>",
            "isa:<schema.org/OpinionNewsArticle>",
            "isa:<schema.org/ReportageNewsArticle>",
            "isa:<schema.org/ReviewNewsArticle>"
        ],
        "count": 2.0
    },
    {
        "pset": [
            "<schema.org/alternativeHeadline>",
            "<schema.org/articleBody>",
            "<schema.org/articleSection>",
            "<schema.org/author>",
            "<schema.org/dateModified>",
            "<schema.org/datePublished>",
            "<schema.org/description>",
            "<schema.org/hasPart>",
            "<schema.org/headline>",
            "<schema.org/image>",
            "<schema.org/isAccessibleForFree>",
            "<schema.org/keywords>",
            "<schema.org/mainEntityOfPage>",
            "<schema.org/publisher>",
            "<schema.org/publishingPrinciples>",
            "isa:<schema.org/ReviewNewsArticle>"
        ],
        "count": 2.0
    },
    {
        "pset": [
            "<schema.org/author>",
            "<schema.org/backstory>",
            "<schema.org/correction>",
            "<schema.org/dateModified>",
            "<schema.org/datePublished>",
            "<schema.org/dateline>",
            "<schema.org/description>",
            "<schema.org/headline>",
            "<schema.org/image>",
            "<schema.org/mainEntityOfPage>",
            "<schema.org/publisher>",
            "<schema.org/publishingPrinciples>",
            "<schema.org/thumbnailUrl>",
            "isa:<schema.org/ReviewNewsArticle>"
        ],
        "count": 2.0
    },
    {
        "pset": [
            "<schema.org/author>",
            "<schema.org/correction>",
            "<schema.org/datePublished>",
            "<schema.org/headline>",
            "<schema.org/image>",
            "<schema.org/publishingPrinciples>",
            "isa:<schema.org/ReportageNewsArticle>",
            "isa:<schema.org/ReviewNewsArticle>"
        ],
        "count": 2.0
    },
    {
        "pset": [
            "<schema.org/articleSection>",
            "<schema.org/author>",
            "<schema.org/creator>",
            "<schema.org/dateCreated>",
            "<schema.org/dateModified>",
            "<schema.org/datePublished>",
            "<schema.org/description>",
            "<schema.org/hasPart>",
            "<schema.org/headline>",
            "<schema.org/isAccessibleForFree>",
            "<schema.org/isPartOf>",
            "<schema.org/keywords>",
            "<schema.org/mainEntityOfPage>",
            "<schema.org/publisher>",
            "<schema.org/timestamp>",
            "<schema.org/url>",
            "isa:<schema.org/ReviewNewsArticle>"
        ],
        "count": 2.0
    },
    {
        "pset": [
            "<schema.org/author>",
            "<schema.org/datePublished>",
            "<schema.org/description>",
            "<schema.org/headline>",
            "<schema.org/image>",
            "<schema.org/itemReviewed>",
            "<schema.org/publisher>",
            "<schema.org/reviewRating>",
            "isa:<schema.org/ReviewNewsArticle>"
        ],
        "count": 2.0
    },
    {
        "pset": [
            "<schema.org/author>",
            "<schema.org/dateCreated>",
            "<schema.org/dateModified>",
            "<schema.org/datePublished>",
            "<schema.org/description>",
            "<schema.org/headline>",
            "<schema.org/image>",
            "<schema.org/itemReviewed>",
            "<schema.org/keywords>",
            "<schema.org/locationCreated>",
            "<schema.org/mainEntityOfPage>",
            "<schema.org/publisher>",
            "<schema.org/reviewBody>",
            "<schema.org/thumbnailUrl>",
            "<schema.org/url>",
            "isa:<schema.org/ReviewNewsArticle>"
        ],
        "count": 2.0
    },
    {
        "pset": [
            "<schema.org/author>",
            "<schema.org/creator>",
            "<schema.org/dateCreated>",
            "<schema.org/dateModified>",
            "<schema.org/datePublished>",
            "<schema.org/description>",
            "<schema.org/hasPart>",
            "<schema.org/headline>",
            "<schema.org/image>",
            "<schema.org/isAccessibleForFree>",
            "<schema.org/isPartOf>",
            "<schema.org/keywords>",
            "<schema.org/mainEntityOfPage>",
            "<schema.org/publisher>",
            "<schema.org/thumbnailUrl>",
            "<schema.org/url>",
            "isa:<schema.org/ReviewNewsArticle>"
        ],
        "count": 2.0
    },
    {
        "pset": [
            "<schema.org/author>",
            "<schema.org/dateModified>",
            "<schema.org/datePublished>",
            "<schema.org/description>",
            "<schema.org/image>",
            "<schema.org/itemReviewed>",
            "<schema.org/mainEntityOfPage>",
            "<schema.org/publisher>",
            "<schema.org/reviewAspect>",
            "<schema.org/reviewBody>",
            "isa:<schema.org/ReviewNewsArticle>"
        ],
        "count": 2.0
    },
    {
        "pset": [
            "<schema.org/articleBody>",
            "<schema.org/author>",
            "<schema.org/dateModified>",
            "<schema.org/datePublished>",
            "<schema.org/description>",
            "<schema.org/headline>",
            "<schema.org/image>",
            "<schema.org/inLanguage>",
            "<schema.org/itemReviewed>",
            "<schema.org/keywords>",
            "<schema.org/mainEntityOfPage>",
            "<schema.org/publisher>",
            "<schema.org/speakable>",
            "<schema.org/thumbnailUrl>",
            "<schema.org/url>",
            "<schema.org/wordCount>",
            "isa:<schema.org/ReviewNewsArticle>"
        ],
        "count": 2.0
    },
    {
        "pset": [
            "<schema.org/articleBody>",
            "<schema.org/articleSection>",
            "<schema.org/author>",
            "<schema.org/contentLocation>",
            "<schema.org/copyrightYear>",
            "<schema.org/dateModified>",
            "<schema.org/datePublished>",
            "<schema.org/description>",
            "<schema.org/hasPart>",
            "<schema.org/headline>",
            "<schema.org/image>",
            "<schema.org/inLanguage>",
            "<schema.org/isAccessibleForFree>",
            "<schema.org/isPartOf>",
            "<schema.org/itemReviewed>",
            "<schema.org/license>",
            "<schema.org/mainEntityOfPage>",
            "<schema.org/publisher>",
            "<schema.org/publishingPrinciples>",
            "<schema.org/video>",
            "isa:<schema.org/NewsArticle>",
            "isa:<schema.org/ReviewNewsArticle>"
        ],
        "count": 1.0
    },
    {
        "pset": [
            "<schema.org/author>",
            "<schema.org/datePublished>",
            "<schema.org/headline>",
            "<schema.org/image>",
            "<schema.org/knowsLanguage>",
            "<schema.org/publishingPrinciples>",
            "isa:<schema.org/ReviewNewsArticle>"
        ],
        "count": 1.0
    },
    {
        "pset": [
            "<schema.org/articleBody>",
            "<schema.org/author>",
            "<schema.org/datePublished>",
            "<schema.org/headline>",
            "<schema.org/image>",
            "<schema.org/keywords>",
            "<schema.org/mainEntityOfPage>",
            "<schema.org/publisher>",
            "<schema.org/url>",
            "isa:<schema.org/ReviewNewsArticle>"
        ],
        "count": 1.0
    },
    {
        "pset": [
            "<schema.org/articleBody>",
            "<schema.org/author>",
            "<schema.org/dateModified>",
            "<schema.org/datePublished>",
            "<schema.org/dateline>",
            "<schema.org/description>",
            "<schema.org/hasPart>",
            "<schema.org/headline>",
            "<schema.org/image>",
            "<schema.org/isAccessibleForFree>",
            "<schema.org/publisher>",
            "isa:<schema.org/NewsArticle>",
            "isa:<schema.org/ReviewNewsArticle>"
        ],
        "count": 1.0
    },
    {
        "pset": [
            "<schema.org/articleSection>",
            "<schema.org/author>",
            "<schema.org/dateModified>",
            "<schema.org/datePublished>",
            "<schema.org/description>",
            "<schema.org/headline>",
            "<schema.org/image>",
            "<schema.org/keywords>",
            "<schema.org/mainEntityOfPage>",
            "<schema.org/publisher>",
            "isa:<schema.org/ReviewNewsArticle>"
        ],
        "count": 1.0
    },
    {
        "pset": [
            "<schema.org/alternativeHeadline>",
            "<schema.org/articleBody>",
            "<schema.org/articleSection>",
            "<schema.org/author>",
            "<schema.org/dateModified>",
            "<schema.org/datePublished>",
            "<schema.org/description>",
            "<schema.org/headline>",
            "<schema.org/image>",
            "<schema.org/keywords>",
            "<schema.org/mainEntityOfPage>",
            "<schema.org/publisher>",
            "<schema.org/publishingPrinciples>",
            "isa:<schema.org/ReviewNewsArticle>"
        ],
        "count": 1.0
    },
    {
        "pset": [
            "<schema.org/alternativeHeadline>",
            "<schema.org/articleBody>",
            "<schema.org/articleSection>",
            "<schema.org/author>",
            "<schema.org/dateCreated>",
            "<schema.org/dateModified>",
            "<schema.org/datePublished>",
            "<schema.org/description>",
            "<schema.org/genre>",
            "<schema.org/headline>",
            "<schema.org/image>",
            "<schema.org/inLanguage>",
            "<schema.org/isAccessibleForFree>",
            "<schema.org/locationCreated>",
            "<schema.org/mainEntityOfPage>",
            "<schema.org/noBylinePolicy>",
            "<schema.org/publisher>",
            "<schema.org/publishingPrinciples>",
            "isa:<schema.org/ReviewNewsArticle>"
        ],
        "count": 1.0
    },
    {
        "pset": [
            "<schema.org/author>",
            "<schema.org/datePublished>",
            "<schema.org/headline>",
            "<schema.org/image>",
            "isa:<schema.org/ReportageNewsArticle>",
            "isa:<schema.org/ReviewNewsArticle>"
        ],
        "count": 1.0
    },
    {
        "pset": [
            "<schema.org/author>",
            "<schema.org/datePublished>",
            "<schema.org/headline>",
            "<schema.org/publishingPrinciples>",
            "isa:<schema.org/ReviewNewsArticle>"
        ],
        "count": 1.0
    },
    {
        "pset": [
            "<schema.org/author>",
            "<schema.org/dateModified>",
            "<schema.org/datePublished>",
            "<schema.org/description>",
            "<schema.org/headline>",
            "<schema.org/image>",
            "<schema.org/mainEntityOfPage>",
            "<schema.org/publisher>",
            "<schema.org/publishingPrinciples>",
            "isa:<schema.org/ReviewNewsArticle>"
        ],
        "count": 1.0
    },
    {
        "pset": [
            "<schema.org/articleSection>",
            "<schema.org/author>",
            "<schema.org/commentCount>",
            "<schema.org/copyrightHolder>",
            "<schema.org/copyrightYear>",
            "<schema.org/dateModified>",
            "<schema.org/datePublished>",
            "<schema.org/headline>",
            "<schema.org/image>",
            "<schema.org/inLanguage>",
            "<schema.org/isPartOf>",
            "<schema.org/keywords>",
            "<schema.org/mainEntityOfPage>",
            "<schema.org/potentialAction>",
            "<schema.org/publisher>",
            "<schema.org/thumbnailUrl>",
            "<schema.org/video>",
            "<schema.org/wordCount>",
            "isa:<schema.org/ReviewNewsArticle>"
        ],
        "count": 1.0
    },
    {
        "pset": [
            "<schema.org/additionnalType>",
            "<schema.org/dateModified>",
            "<schema.org/description>",
            "<schema.org/hasPart>",
            "<schema.org/headline>",
            "<schema.org/image>",
            "isa:<schema.org/ReviewNewsArticle>"
        ],
        "count": 1.0
    },
    {
        "pset": [
            "<schema.org/articleSection>",
            "<schema.org/author>",
            "<schema.org/creator>",
            "<schema.org/dateCreated>",
            "<schema.org/dateModified>",
            "<schema.org/datePublished>",
            "<schema.org/description>",
            "<schema.org/hasPart>",
            "<schema.org/headline>",
            "<schema.org/isAccessibleForFree>",
            "<schema.org/isPartOf>",
            "<schema.org/keywords>",
            "<schema.org/mainEntityOfPage>",
            "<schema.org/publisher>",
            "<schema.org/url>",
            "isa:<schema.org/ReviewNewsArticle>"
        ],
        "count": 1.0
    },
    {
        "pset": [
            "<schema.org/alternativeHeadline>",
            "<schema.org/articleBody>",
            "<schema.org/author>",
            "<schema.org/backstory>",
            "<schema.org/citation>",
            "<schema.org/correction>",
            "<schema.org/dateModified>",
            "<schema.org/datePublished>",
            "<schema.org/dateline>",
            "<schema.org/description>",
            "<schema.org/headline>",
            "<schema.org/image>",
            "<schema.org/isAccessibleForFree>",
            "<schema.org/isPartOf>",
            "<schema.org/keywords>",
            "<schema.org/mainEntityOfPage>",
            "<schema.org/publisher>",
            "<schema.org/publishingPrinciples>",
            "<schema.org/video>",
            "isa:<schema.org/ReviewNewsArticle>"
        ],
        "count": 1.0
    },
    {
        "pset": [
            "<schema.org/dateCreated>",
            "<schema.org/dateModified>",
            "<schema.org/headline>",
            "<schema.org/image>",
            "<schema.org/isPartOf>",
            "isa:<schema.org/ReviewNewsArticle>"
        ],
        "count": 1.0
    },
    {
        "pset": [
            "<schema.org/alternativeHeadline>",
            "<schema.org/articleBody>",
            "<schema.org/author>",
            "<schema.org/backstory>",
            "<schema.org/correction>",
            "<schema.org/dateModified>",
            "<schema.org/datePublished>",
            "<schema.org/dateline>",
            "<schema.org/description>",
            "<schema.org/headline>",
            "<schema.org/image>",
            "<schema.org/isAccessibleForFree>",
            "<schema.org/isPartOf>",
            "<schema.org/keywords>",
            "<schema.org/mainEntityOfPage>",
            "<schema.org/publisher>",
            "<schema.org/publishingPrinciples>",
            "<schema.org/video>",
            "isa:<schema.org/ReviewNewsArticle>"
        ],
        "count": 1.0
    },
    {
        "pset": [
            "<schema.org/articleSection>",
            "<schema.org/audience>",
            "<schema.org/author>",
            "<schema.org/citation>",
            "<schema.org/dateModified>",
            "<schema.org/datePublished>",
            "<schema.org/description>",
            "<schema.org/headline>",
            "<schema.org/image>",
            "<schema.org/itemReviewed>",
            "<schema.org/keywords>",
            "<schema.org/mainEntityOfPage>",
            "<schema.org/publisher>",
            "isa:<schema.org/Review>",
            "isa:<schema.org/ReviewNewsArticle>"
        ],
        "count": 1.0
    },
    {
        "pset": [
            "<schema.org/articleSection>",
            "<schema.org/author>",
            "<schema.org/dateModified>",
            "<schema.org/datePublished>",
            "<schema.org/description>",
            "<schema.org/headline>",
            "<schema.org/image>",
            "<schema.org/itemReviewed>",
            "<schema.org/mainEntityOfPage>",
            "<schema.org/publisher>",
            "<schema.org/reviewRating>",
            "isa:<schema.org/Review>",
            "isa:<schema.org/ReviewNewsArticle>"
        ],
        "count": 1.0
    },
    {
        "pset": [
            "<schema.org/author>",
            "<schema.org/dateModified>",
            "<schema.org/datePublished>",
            "<schema.org/description>",
            "<schema.org/headline>",
            "<schema.org/image>",
            "<schema.org/itemReviewed>",
            "<schema.org/mainEntityOfPage>",
            "isa:<schema.org/ReviewNewsArticle>"
        ],
        "count": 1.0
    },
    {
        "pset": [
            "<schema.org/author>",
            "<schema.org/dateModified>",
            "<schema.org/datePublished>",
            "<schema.org/headline>",
            "<schema.org/image>",
            "<schema.org/inLanguage>",
            "<schema.org/isPartOf>",
            "<schema.org/mainEntityOfPage>",
            "<schema.org/publisher>",
            "<schema.org/thumbnailUrl>",
            "<schema.org/wordCount>",
            "isa:<schema.org/ReviewNewsArticle>"
        ],
        "count": 1.0
    },
    {
        "pset": [
            "<schema.org/accessibilityFeature>",
            "<schema.org/articleSection>",
            "<schema.org/author>",
            "<schema.org/commentCount>",
            "<schema.org/copyrightHolder>",
            "<schema.org/copyrightYear>",
            "<schema.org/dateModified>",
            "<schema.org/datePublished>",
            "<schema.org/headline>",
            "<schema.org/image>",
            "<schema.org/inLanguage>",
            "<schema.org/isPartOf>",
            "<schema.org/mainEntityOfPage>",
            "<schema.org/potentialAction>",
            "<schema.org/publisher>",
            "<schema.org/thumbnailUrl>",
            "<schema.org/video>",
            "<schema.org/wordCount>",
            "isa:<schema.org/ReviewNewsArticle>"
        ],
        "count": 1.0
    },
    {
        "pset": [
            "<schema.org/articleSection>",
            "<schema.org/author>",
            "<schema.org/dateCreated>",
            "<schema.org/dateModified>",
            "<schema.org/datePublished>",
            "<schema.org/description>",
            "<schema.org/hasPart>",
            "<schema.org/headline>",
            "<schema.org/image>",
            "<schema.org/isAccessibleForFree>",
            "<schema.org/isPartOf>",
            "<schema.org/keywords>",
            "<schema.org/mainEntityOfPage>",
            "<schema.org/publisher>",
            "<schema.org/thumbnailUrl>",
            "<schema.org/timestamp>",
            "<schema.org/url>",
            "isa:<schema.org/ReviewNewsArticle>"
        ],
        "count": 1.0
    },
    {
        "pset": [
            "<schema.org/accessibilityFeature>",
            "<schema.org/articleSection>",
            "<schema.org/author>",
            "<schema.org/copyrightHolder>",
            "<schema.org/copyrightYear>",
            "<schema.org/dateModified>",
            "<schema.org/datePublished>",
            "<schema.org/headline>",
            "<schema.org/image>",
            "<schema.org/inLanguage>",
            "<schema.org/isPartOf>",
            "<schema.org/mainEntityOfPage>",
            "<schema.org/publisher>",
            "<schema.org/thumbnailUrl>",
            "<schema.org/wordCount>",
            "isa:<schema.org/ReviewNewsArticle>"
        ],
        "count": 1.0
    },
    {
        "pset": [
            "<schema.org/author>",
            "<schema.org/dateModified>",
            "<schema.org/datePublished>",
            "<schema.org/description>",
            "<schema.org/headline>",
            "<schema.org/image>",
            "<schema.org/itemReviewed>",
            "<schema.org/mainEntityOfPage>",
            "<schema.org/publisher>",
            "<schema.org/reviewRating>",
            "isa:<schema.org/Review>",
            "isa:<schema.org/ReviewNewsArticle>"
        ],
        "count": 1.0
    },
    {
        "pset": [
            "<schema.org/additionnalType>",
            "<schema.org/dateCreated>",
            "<schema.org/dateModified>",
            "<schema.org/hasPart>",
            "<schema.org/headline>",
            "<schema.org/image>",
            "isa:<schema.org/ReviewNewsArticle>"
        ],
        "count": 1.0
    },
    {
        "pset": [
            "<schema.org/author>",
            "<schema.org/dateModified>",
            "<schema.org/datePublished>",
            "<schema.org/description>",
            "<schema.org/headline>",
            "<schema.org/itemReviewed>",
            "<schema.org/mainEntityOfPage>",
            "<schema.org/publisher>",
            "isa:<schema.org/ReviewNewsArticle>"
        ],
        "count": 1.0
    },
    {
        "pset": [
            "<schema.org/articleSection>",
            "<schema.org/audience>",
            "<schema.org/author>",
            "<schema.org/dateModified>",
            "<schema.org/datePublished>",
            "<schema.org/description>",
            "<schema.org/editor>",
            "<schema.org/headline>",
            "<schema.org/image>",
            "<schema.org/itemReviewed>",
            "<schema.org/keywords>",
            "<schema.org/mainEntityOfPage>",
            "<schema.org/publisher>",
            "<schema.org/reviewRating>",
            "isa:<schema.org/Review>",
            "isa:<schema.org/ReviewNewsArticle>"
        ],
        "count": 1.0
    },
    {
        "pset": [
            "<schema.org/articleSection>",
            "<schema.org/author>",
            "<schema.org/commentCount>",
            "<schema.org/dateModified>",
            "<schema.org/datePublished>",
            "<schema.org/headline>",
            "<schema.org/image>",
            "<schema.org/inLanguage>",
            "<schema.org/isPartOf>",
            "<schema.org/keywords>",
            "<schema.org/mainEntityOfPage>",
            "<schema.org/potentialAction>",
            "<schema.org/publisher>",
            "<schema.org/thumbnailUrl>",
            "<schema.org/wordCount>",
            "isa:<schema.org/ReviewNewsArticle>"
        ],
        "count": 1.0
    },
    {
        "pset": [
            "<schema.org/articleSection>",
            "<schema.org/author>",
            "<schema.org/commentCount>",
            "<schema.org/copyrightHolder>",
            "<schema.org/copyrightYear>",
            "<schema.org/dateModified>",
            "<schema.org/datePublished>",
            "<schema.org/headline>",
            "<schema.org/inLanguage>",
            "<schema.org/isPartOf>",
            "<schema.org/keywords>",
            "<schema.org/mainEntityOfPage>",
            "<schema.org/potentialAction>",
            "<schema.org/publisher>",
            "<schema.org/wordCount>",
            "isa:<schema.org/ReviewNewsArticle>"
        ],
        "count": 1.0
    }
]