[
    {
        "pset": [
            "<schema.org/description>",
            "<schema.org/image>",
            "<schema.org/name>",
            "isa:<schema.org/Room>"
        ],
        "count": 2014.0
    },
    {
        "pset": [
            "<schema.org/description>",
            "<schema.org/image>",
            "<schema.org/name>",
            "<schema.org/url>",
            "isa:<schema.org/Room>"
        ],
        "count": 608.0
    },
    {
        "pset": [
            "<schema.org/address>",
            "<schema.org/description>",
            "<schema.org/geo>",
            "<schema.org/image>",
            "<schema.org/name>",
            "<schema.org/priceRange>",
            "<schema.org/sameAs>",
            "<schema.org/telephone>",
            "<schema.org/url>",
            "isa:<schema.org/Room>"
        ],
        "count": 451.0
    },
    {
        "pset": [
            "<schema.org/additionalType>",
            "<schema.org/address>",
            "<schema.org/branchCode>",
            "<schema.org/description>",
            "<schema.org/floorSize>",
            "<schema.org/geo>",
            "<schema.org/image>",
            "<schema.org/logo>",
            "<schema.org/numberOfRooms>",
            "<schema.org/telephone>",
            "<schema.org/url>",
            "isa:<schema.org/Room>"
        ],
        "count": 239.0
    },
    {
        "pset": [
            "<schema.org/description>",
            "<schema.org/name>",
            "isa:<schema.org/Room>"
        ],
        "count": 122.0
    },
    {
        "pset": [
            "<schema.org/address>",
            "<schema.org/description>",
            "<schema.org/floorSize>",
            "<schema.org/geo>",
            "<schema.org/image>",
            "<schema.org/name>",
            "<schema.org/url>",
            "isa:<schema.org/Room>"
        ],
        "count": 102.0
    },
    {
        "pset": [
            "<schema.org/description>",
            "<schema.org/name>",
            "<schema.org/photo>",
            "isa:<schema.org/Room>"
        ],
        "count": 86.0
    },
    {
        "pset": [
            "<schema.org/address>",
            "<schema.org/description>",
            "<schema.org/floorSize>",
            "<schema.org/image>",
            "<schema.org/name>",
            "<schema.org/numberOfBedrooms>",
            "isa:<schema.org/Room>"
        ],
        "count": 81.0
    },
    {
        "pset": [
            "<schema.org/address>",
            "<schema.org/description>",
            "<schema.org/name>",
            "isa:<schema.org/Room>"
        ],
        "count": 68.0
    },
    {
        "pset": [
            "<schema.org/description>",
            "<schema.org/image>",
            "<schema.org/name>",
            "<schema.org/offers>",
            "isa:<schema.org/Product>",
            "isa:<schema.org/Room>"
        ],
        "count": 64.0
    },
    {
        "pset": [
            "<schema.org/address>",
            "<schema.org/alternateName>",
            "<schema.org/amenityFeature>",
            "<schema.org/description>",
            "<schema.org/geo>",
            "<schema.org/hasMap>",
            "<schema.org/logo>",
            "<schema.org/name>",
            "<schema.org/petsAllowed>",
            "<schema.org/potentialAction>",
            "<schema.org/smokingAllowed>",
            "isa:<schema.org/Room>"
        ],
        "count": 48.0
    },
    {
        "pset": [
            "<schema.org/address>",
            "<schema.org/description>",
            "<schema.org/image>",
            "<schema.org/name>",
            "isa:<schema.org/Room>"
        ],
        "count": 45.0
    },
    {
        "pset": [
            "<schema.org/address>",
            "<schema.org/description>",
            "<schema.org/latitude>",
            "<schema.org/longitude>",
            "<schema.org/name>",
            "<schema.org/photo>",
            "<schema.org/url>",
            "isa:<schema.org/Room>"
        ],
        "count": 31.0
    },
    {
        "pset": [
            "<schema.org/address>",
            "<schema.org/description>",
            "<schema.org/floorSize>",
            "<schema.org/image>",
            "<schema.org/name>",
            "isa:<schema.org/Room>"
        ],
        "count": 30.0
    },
    {
        "pset": [
            "<schema.org/description>",
            "<schema.org/latitude>",
            "<schema.org/longitude>",
            "<schema.org/name>",
            "<schema.org/numberOfBathroomsTotal>",
            "<schema.org/numberOfBedrooms>",
            "<schema.org/photo>",
            "<schema.org/url>",
            "isa:<schema.org/Room>"
        ],
        "count": 28.0
    },
    {
        "pset": [
            "<schema.org/address>",
            "<schema.org/name>",
            "isa:<schema.org/Room>"
        ],
        "count": 28.0
    },
    {
        "pset": [
            "<schema.org/address>",
            "<schema.org/description>",
            "<schema.org/latitude>",
            "<schema.org/longitude>",
            "<schema.org/name>",
            "<schema.org/numberOfBathroomsTotal>",
            "<schema.org/numberOfBedrooms>",
            "<schema.org/photo>",
            "<schema.org/url>",
            "isa:<schema.org/Room>"
        ],
        "count": 26.0
    },
    {
        "pset": [
            "<schema.org/description>",
            "<schema.org/latitude>",
            "<schema.org/longitude>",
            "<schema.org/name>",
            "<schema.org/photo>",
            "<schema.org/url>",
            "isa:<schema.org/Room>"
        ],
        "count": 25.0
    },
    {
        "pset": [
            "<schema.org/address>",
            "<schema.org/description>",
            "<schema.org/floorSize>",
            "<schema.org/name>",
            "<schema.org/numberOfBedrooms>",
            "isa:<schema.org/Room>"
        ],
        "count": 25.0
    },
    {
        "pset": [
            "<schema.org/accommodationCategory>",
            "<schema.org/description>",
            "<schema.org/image>",
            "<schema.org/name>",
            "isa:<schema.org/Room>"
        ],
        "count": 24.0
    },
    {
        "pset": [
            "<schema.org/address>",
            "<schema.org/image>",
            "<schema.org/name>",
            "<schema.org/sameAs>",
            "isa:<schema.org/Room>"
        ],
        "count": 24.0
    },
    {
        "pset": [
            "<schema.org/additionalType>",
            "<schema.org/address>",
            "<schema.org/branchCode>",
            "<schema.org/brand>",
            "<schema.org/description>",
            "<schema.org/floorSize>",
            "<schema.org/geo>",
            "<schema.org/identifier>",
            "<schema.org/image>",
            "<schema.org/logo>",
            "<schema.org/name>",
            "<schema.org/numberOfRooms>",
            "<schema.org/offers>",
            "<schema.org/productID>",
            "<schema.org/productionDate>",
            "<schema.org/releaseDate>",
            "<schema.org/telephone>",
            "<schema.org/url>",
            "isa:<schema.org/Product>",
            "isa:<schema.org/Room>"
        ],
        "count": 19.0
    },
    {
        "pset": [
            "<schema.org/amenityFeature>",
            "<schema.org/description>",
            "<schema.org/image>",
            "<schema.org/name>",
            "<schema.org/offers>",
            "<schema.org/petsAllowed>",
            "<schema.org/smokingAllowed>",
            "<schema.org/url>",
            "isa:<schema.org/Product>",
            "isa:<schema.org/Room>"
        ],
        "count": 19.0
    },
    {
        "pset": [
            "<schema.org/address>",
            "<schema.org/description>",
            "<schema.org/floorSize>",
            "<schema.org/name>",
            "isa:<schema.org/Room>"
        ],
        "count": 19.0
    },
    {
        "pset": [
            "<schema.org/description>",
            "<schema.org/image>",
            "<schema.org/name>",
            "<schema.org/numberOfRooms>",
            "isa:<schema.org/Room>"
        ],
        "count": 18.0
    },
    {
        "pset": [
            "<schema.org/description>",
            "<schema.org/image>",
            "<schema.org/name>",
            "<schema.org/offers>",
            "<schema.org/url>",
            "isa:<schema.org/Room>"
        ],
        "count": 16.0
    },
    {
        "pset": [
            "<schema.org/additionalType>",
            "<schema.org/address>",
            "<schema.org/branchCode>",
            "<schema.org/floorSize>",
            "<schema.org/geo>",
            "<schema.org/image>",
            "<schema.org/logo>",
            "<schema.org/numberOfRooms>",
            "<schema.org/telephone>",
            "<schema.org/url>",
            "isa:<schema.org/Room>"
        ],
        "count": 16.0
    },
    {
        "pset": [
            "<schema.org/address>",
            "<schema.org/floorSize>",
            "<schema.org/geo>",
            "<schema.org/hasMap>",
            "<schema.org/numberOfRooms>",
            "<schema.org/url>",
            "isa:<schema.org/Room>"
        ],
        "count": 13.0
    },
    {
        "pset": [
            "<schema.org/address>",
            "<schema.org/email>",
            "<schema.org/image>",
            "<schema.org/name>",
            "<schema.org/telephone>",
            "isa:<schema.org/Room>"
        ],
        "count": 11.0
    },
    {
        "pset": [
            "<schema.org/address>",
            "<schema.org/description>",
            "<schema.org/geo>",
            "<schema.org/image>",
            "<schema.org/name>",
            "<schema.org/telephone>",
            "<schema.org/url>",
            "isa:<schema.org/Room>"
        ],
        "count": 11.0
    },
    {
        "pset": [
            "<schema.org/address>",
            "<schema.org/description>",
            "<schema.org/floorSize>",
            "<schema.org/geo>",
            "<schema.org/hasMap>",
            "<schema.org/name>",
            "<schema.org/numberOfRooms>",
            "<schema.org/petsAllowed>",
            "<schema.org/smokingAllowed>",
            "isa:<schema.org/Room>"
        ],
        "count": 11.0
    },
    {
        "pset": [
            "<schema.org/address>",
            "<schema.org/description>",
            "<schema.org/floorSize>",
            "<schema.org/image>",
            "<schema.org/name>",
            "<schema.org/url>",
            "isa:<schema.org/Room>"
        ],
        "count": 9.0
    },
    {
        "pset": [
            "<schema.org/aggregateRating>",
            "<schema.org/description>",
            "<schema.org/image>",
            "<schema.org/name>",
            "<schema.org/url>",
            "isa:<schema.org/Room>"
        ],
        "count": 8.0
    },
    {
        "pset": [
            "<schema.org/address>",
            "<schema.org/description>",
            "<schema.org/geo>",
            "<schema.org/image>",
            "<schema.org/name>",
            "isa:<schema.org/Room>"
        ],
        "count": 8.0
    },
    {
        "pset": [
            "<schema.org/address>",
            "<schema.org/description>",
            "<schema.org/floorSize>",
            "<schema.org/geo>",
            "<schema.org/hasMap>",
            "<schema.org/name>",
            "<schema.org/numberOfRooms>",
            "<schema.org/petsAllowed>",
            "<schema.org/photo>",
            "<schema.org/smokingAllowed>",
            "isa:<schema.org/Room>"
        ],
        "count": 7.0
    },
    {
        "pset": [
            "<schema.org/image>",
            "<schema.org/logo>",
            "<schema.org/name>",
            "<schema.org/occupancy>",
            "<schema.org/potentialAction>",
            "<schema.org/url>",
            "isa:<schema.org/HotelRoom>",
            "isa:<schema.org/Room>"
        ],
        "count": 6.0
    },
    {
        "pset": [
            "<schema.org/description>",
            "<schema.org/image>",
            "<schema.org/mainEntityOfPage>",
            "<schema.org/name>",
            "<schema.org/potentialAction>",
            "<schema.org/url>",
            "isa:<schema.org/Room>"
        ],
        "count": 5.0
    },
    {
        "pset": [
            "<schema.org/image>",
            "<schema.org/name>",
            "isa:<schema.org/Room>"
        ],
        "count": 4.0
    },
    {
        "pset": [
            "<schema.org/name>",
            "<schema.org/url>",
            "isa:<schema.org/Room>"
        ],
        "count": 4.0
    },
    {
        "pset": [
            "<schema.org/address>",
            "<schema.org/description>",
            "<schema.org/floorSize>",
            "<schema.org/mainEntityOfPage>",
            "<schema.org/petsAllowed>",
            "<schema.org/url>",
            "isa:<schema.org/Room>"
        ],
        "count": 4.0
    },
    {
        "pset": [
            "<schema.org/address>",
            "<schema.org/alternateName>",
            "<schema.org/amenityFeature>",
            "<schema.org/description>",
            "<schema.org/geo>",
            "<schema.org/hasMap>",
            "<schema.org/logo>",
            "<schema.org/name>",
            "<schema.org/permittedUsage>",
            "<schema.org/petsAllowed>",
            "<schema.org/potentialAction>",
            "<schema.org/smokingAllowed>",
            "isa:<schema.org/Room>"
        ],
        "count": 3.0
    },
    {
        "pset": [
            "<schema.org/address>",
            "<schema.org/description>",
            "<schema.org/floorSize>",
            "<schema.org/mainEntityOfPage>",
            "<schema.org/numberOfBedrooms>",
            "<schema.org/petsAllowed>",
            "<schema.org/url>",
            "isa:<schema.org/Room>"
        ],
        "count": 3.0
    },
    {
        "pset": [
            "<schema.org/address>",
            "<schema.org/description>",
            "<schema.org/name>",
            "<schema.org/numberOfBathroomsTotal>",
            "<schema.org/numberOfBedrooms>",
            "isa:<schema.org/Room>"
        ],
        "count": 3.0
    },
    {
        "pset": [
            "<schema.org/address>",
            "<schema.org/description>",
            "<schema.org/floorSize>",
            "<schema.org/mainEntityOfPage>",
            "<schema.org/numberOfBedrooms>",
            "<schema.org/petsAllowed>",
            "<schema.org/url>",
            "<schema.org/yearBuilt>",
            "isa:<schema.org/Room>"
        ],
        "count": 3.0
    },
    {
        "pset": [
            "<schema.org/address>",
            "<schema.org/description>",
            "<schema.org/floorLevel>",
            "<schema.org/image>",
            "<schema.org/name>",
            "<schema.org/url>",
            "isa:<schema.org/Room>"
        ],
        "count": 2.0
    },
    {
        "pset": [
            "<schema.org/address>",
            "<schema.org/description>",
            "<schema.org/geo>",
            "<schema.org/image>",
            "<schema.org/logo>",
            "<schema.org/name>",
            "<schema.org/telephone>",
            "<schema.org/url>",
            "isa:<schema.org/Room>"
        ],
        "count": 2.0
    },
    {
        "pset": [
            "<schema.org/amenityFeature>",
            "isa:<schema.org/Room>"
        ],
        "count": 2.0
    },
    {
        "pset": [
            "<schema.org/aggregateRating>",
            "<schema.org/name>",
            "isa:<schema.org/Room>"
        ],
        "count": 2.0
    },
    {
        "pset": [
            "<schema.org/address>",
            "<schema.org/description>",
            "<schema.org/floorSize>",
            "<schema.org/geo>",
            "<schema.org/image>",
            "<schema.org/name>",
            "<schema.org/numberOfRooms>",
            "<schema.org/url>",
            "isa:<schema.org/Room>"
        ],
        "count": 1.0
    },
    {
        "pset": [
            "<schema.org/description>",
            "<schema.org/image>",
            "<schema.org/name>",
            "<schema.org/offers>",
            "isa:<schema.org/Apartment>",
            "isa:<schema.org/House>",
            "isa:<schema.org/LocalBusiness>",
            "isa:<schema.org/Product>",
            "isa:<schema.org/Room>"
        ],
        "count": 1.0
    },
    {
        "pset": [
            "<schema.org/description>",
            "<schema.org/latitude>",
            "<schema.org/longitude>",
            "<schema.org/name>",
            "<schema.org/numberOfBedrooms>",
            "<schema.org/photo>",
            "<schema.org/url>",
            "isa:<schema.org/Room>"
        ],
        "count": 1.0
    },
    {
        "pset": [
            "<schema.org/address>",
            "<schema.org/latitude>",
            "<schema.org/longitude>",
            "<schema.org/name>",
            "<schema.org/numberOfBathroomsTotal>",
            "<schema.org/numberOfBedrooms>",
            "isa:<schema.org/Room>"
        ],
        "count": 1.0
    },
    {
        "pset": [
            "<schema.org/address>",
            "<schema.org/latitude>",
            "<schema.org/longitude>",
            "<schema.org/name>",
            "<schema.org/numberOfBedrooms>",
            "isa:<schema.org/Room>"
        ],
        "count": 1.0
    },
    {
        "pset": [
            "<schema.org/address>",
            "<schema.org/description>",
            "<schema.org/geo>",
            "<schema.org/image>",
            "<schema.org/name>",
            "<schema.org/url>",
            "isa:<schema.org/Room>"
        ],
        "count": 1.0
    },
    {
        "pset": [
            "<schema.org/description>",
            "<schema.org/name>",
            "isa:<schema.org/Room>",
            "isa:<schema.org/TouristAttraction>"
        ],
        "count": 1.0
    },
    {
        "pset": [
            "<schema.org/description>",
            "<schema.org/mainEntityOfPage>",
            "<schema.org/name>",
            "<schema.org/sameAs>",
            "<schema.org/url>",
            "isa:<schema.org/Room>"
        ],
        "count": 1.0
    },
    {
        "pset": [
            "<schema.org/description>",
            "<schema.org/image>",
            "<schema.org/name>",
            "<schema.org/offers>",
            "isa:<schema.org/Apartment>",
            "isa:<schema.org/House>",
            "isa:<schema.org/Product>",
            "isa:<schema.org/Room>"
        ],
        "count": 1.0
    },
    {
        "pset": [
            "<schema.org/description>",
            "<schema.org/image>",
            "<schema.org/name>",
            "<schema.org/offers>",
            "isa:<schema.org/Apartment>",
            "isa:<schema.org/LocalBusiness>",
            "isa:<schema.org/Product>",
            "isa:<schema.org/Room>"
        ],
        "count": 1.0
    },
    {
        "pset": [
            "<schema.org/address>",
            "<schema.org/description>",
            "<schema.org/hasMap>",
            "<schema.org/image>",
            "<schema.org/latitude>",
            "<schema.org/longitude>",
            "<schema.org/name>",
            "<schema.org/offers>",
            "<schema.org/photo>",
            "isa:<schema.org/Product>",
            "isa:<schema.org/Room>"
        ],
        "count": 1.0
    }
]