[
    {
        "pset": [
            "<schema.org/result>",
            "<schema.org/target>",
            "isa:<schema.org/ScheduleAction>"
        ],
        "count": 2777.0
    },
    {
        "pset": [
            "<schema.org/name>",
            "isa:<schema.org/ScheduleAction>"
        ],
        "count": 1690.0
    },
    {
        "pset": [
            "<schema.org/target>",
            "isa:<schema.org/ScheduleAction>"
        ],
        "count": 211.0
    },
    {
        "pset": [
            "<schema.org/description>",
            "<schema.org/endTime>",
            "<schema.org/instrument>",
            "<schema.org/name>",
            "<schema.org/participant>",
            "<schema.org/startTime>",
            "isa:<schema.org/ScheduleAction>"
        ],
        "count": 63.0
    },
    {
        "pset": [
            "<schema.org/name>",
            "<schema.org/result>",
            "<schema.org/target>",
            "isa:<schema.org/ScheduleAction>"
        ],
        "count": 40.0
    },
    {
        "pset": [
            "<schema.org/description>",
            "<schema.org/name>",
            "<schema.org/url>",
            "isa:<schema.org/ScheduleAction>"
        ],
        "count": 6.0
    },
    {
        "pset": [
            "<schema.org/actionStatus>",
            "<schema.org/name>",
            "<schema.org/url>",
            "isa:<schema.org/ScheduleAction>"
        ],
        "count": 2.0
    },
    {
        "pset": [
            "<schema.org/actionStatus>",
            "<schema.org/additionalType>",
            "<schema.org/alternateName>",
            "<schema.org/description>",
            "<schema.org/name>",
            "<schema.org/participant>",
            "<schema.org/sameAs>",
            "<schema.org/url>",
            "isa:<schema.org/ScheduleAction>"
        ],
        "count": 1.0
    },
    {
        "pset": [
            "<schema.org/actionStatus>",
            "<schema.org/agent>",
            "<schema.org/image>",
            "<schema.org/name>",
            "<schema.org/url>",
            "isa:<schema.org/ScheduleAction>"
        ],
        "count": 1.0
    },
    {
        "pset": [
            "<schema.org/agent>",
            "<schema.org/name>",
            "<schema.org/target>",
            "isa:<schema.org/ScheduleAction>"
        ],
        "count": 1.0
    },
    {
        "pset": [
            "<schema.org/description>",
            "<schema.org/instrument>",
            "<schema.org/name>",
            "<schema.org/participant>",
            "<schema.org/url>",
            "isa:<schema.org/ScheduleAction>"
        ],
        "count": 1.0
    },
    {
        "pset": [
            "<schema.org/agent>",
            "<schema.org/description>",
            "<schema.org/name>",
            "<schema.org/url>",
            "isa:<schema.org/ScheduleAction>"
        ],
        "count": 1.0
    },
    {
        "pset": [
            "<schema.org/agent>",
            "<schema.org/image>",
            "<schema.org/name>",
            "<schema.org/url>",
            "isa:<schema.org/ScheduleAction>"
        ],
        "count": 1.0
    }
]