[
    {
        "pset": [
            "<schema.org/name>",
            "isa:<schema.org/SchoolDistrict>"
        ],
        "count": 113.0
    },
    {
        "pset": [
            "<schema.org/name>",
            "<schema.org/sameAs>",
            "isa:<schema.org/SchoolDistrict>"
        ],
        "count": 10.0
    },
    {
        "pset": [
            "<schema.org/address>",
            "<schema.org/fax>",
            "<schema.org/name>",
            "<schema.org/phone>",
            "<schema.org/url>",
            "isa:<schema.org/SchoolDistrict>"
        ],
        "count": 5.0
    },
    {
        "pset": [
            "<schema.org/alternateName>",
            "<schema.org/contactPoint>",
            "<schema.org/logo>",
            "<schema.org/name>",
            "<schema.org/sameAs>",
            "<schema.org/url>",
            "isa:<schema.org/SchoolDistrict>"
        ],
        "count": 2.0
    }
]