[
    {
        "pset": [
            "<schema.org/query-input>",
            "<schema.org/target>",
            "isa:<schema.org/SearchAction>"
        ],
        "count": 461557366.0
    },
    {
        "pset": [
            "<schema.org/query-input>",
            "<schema.org/query>",
            "<schema.org/target>",
            "isa:<schema.org/SearchAction>"
        ],
        "count": 314028.0
    },
    {
        "pset": [
            "<schema.org/query-input>",
            "<schema.org/target>",
            "<schema.org/url>",
            "isa:<schema.org/SearchAction>"
        ],
        "count": 126137.0
    },
    {
        "pset": [
            "<schema.org/query>",
            "<schema.org/target>",
            "isa:<schema.org/SearchAction>"
        ],
        "count": 115905.0
    },
    {
        "pset": [
            "<schema.org/target>",
            "isa:<schema.org/SearchAction>"
        ],
        "count": 92306.0
    },
    {
        "pset": [
            "<schema.org/name>",
            "<schema.org/query-input>",
            "<schema.org/target>",
            "isa:<schema.org/SearchAction>"
        ],
        "count": 75673.0
    },
    {
        "pset": [
            "<schema.org/query-input>",
            "<schema.org/sameAs>",
            "<schema.org/target>",
            "isa:<schema.org/SearchAction>"
        ],
        "count": 65328.0
    },
    {
        "pset": [
            "<schema.org/query-input>",
            "isa:<schema.org/SearchAction>"
        ],
        "count": 57723.0
    },
    {
        "pset": [
            "<schema.org/actionStatus>",
            "<schema.org/query-input>",
            "<schema.org/target>",
            "isa:<schema.org/SearchAction>"
        ],
        "count": 42582.0
    },
    {
        "pset": [
            "<schema.org/agent>",
            "<schema.org/description>",
            "<schema.org/query-input>",
            "<schema.org/target>",
            "isa:<schema.org/SearchAction>"
        ],
        "count": 28860.0
    },
    {
        "pset": [
            "<schema.org/query-input>",
            "<schema.org/query>",
            "isa:<schema.org/SearchAction>"
        ],
        "count": 12544.0
    },
    {
        "pset": [
            "<schema.org/alternateName>",
            "<schema.org/name>",
            "<schema.org/query-input>",
            "<schema.org/target>",
            "<schema.org/url>",
            "isa:<schema.org/SearchAction>"
        ],
        "count": 6238.0
    },
    {
        "pset": [
            "isa:<schema.org/SearchAction>"
        ],
        "count": 5173.0
    },
    {
        "pset": [
            "<schema.org/description>",
            "<schema.org/query-input>",
            "<schema.org/target>",
            "isa:<schema.org/SearchAction>"
        ],
        "count": 4799.0
    },
    {
        "pset": [
            "<schema.org/result>",
            "<schema.org/target>",
            "isa:<schema.org/SearchAction>"
        ],
        "count": 3017.0
    },
    {
        "pset": [
            "<schema.org/hasMap>",
            "<schema.org/query-input>",
            "<schema.org/target>",
            "isa:<schema.org/SearchAction>"
        ],
        "count": 2207.0
    },
    {
        "pset": [
            "<schema.org/agent>",
            "<schema.org/query>",
            "isa:<schema.org/SearchAction>"
        ],
        "count": 1791.0
    },
    {
        "pset": [
            "<schema.org/SearchAction>",
            "<schema.org/actionType>",
            "<schema.org/query-input>",
            "<schema.org/target>",
            "isa:<schema.org/SearchAction>"
        ],
        "count": 1415.0
    },
    {
        "pset": [
            "<schema.org/inLanguage>",
            "<schema.org/query-input>",
            "<schema.org/target>",
            "isa:<schema.org/SearchAction>"
        ],
        "count": 1358.0
    },
    {
        "pset": [
            "<schema.org/query>",
            "isa:<schema.org/SearchAction>"
        ],
        "count": 1090.0
    },
    {
        "pset": [
            "<schema.org/agent>",
            "<schema.org/query-input>",
            "<schema.org/target>",
            "isa:<schema.org/SearchAction>"
        ],
        "count": 959.0
    },
    {
        "pset": [
            "<schema.org/SearchAction>",
            "<schema.org/actionType>",
            "<schema.org/query-input>",
            "<schema.org/query>",
            "<schema.org/target>",
            "isa:<schema.org/SearchAction>"
        ],
        "count": 897.0
    },
    {
        "pset": [
            "<schema.org/image>",
            "<schema.org/query-input>",
            "<schema.org/target>",
            "isa:<schema.org/SearchAction>"
        ],
        "count": 803.0
    },
    {
        "pset": [
            "<schema.org/name>",
            "<schema.org/query>",
            "<schema.org/target>",
            "isa:<schema.org/SearchAction>"
        ],
        "count": 790.0
    },
    {
        "pset": [
            "<schema.org/alternateName>",
            "<schema.org/name>",
            "<schema.org/query-input>",
            "<schema.org/target>",
            "isa:<schema.org/SearchAction>"
        ],
        "count": 779.0
    },
    {
        "pset": [
            "<schema.org/actionStatus>",
            "<schema.org/location>",
            "<schema.org/query>",
            "isa:<schema.org/SearchAction>"
        ],
        "count": 584.0
    },
    {
        "pset": [
            "<schema.org/SearchAction>",
            "<schema.org/actionType>",
            "<schema.org/query-input>",
            "isa:<schema.org/SearchAction>"
        ],
        "count": 532.0
    },
    {
        "pset": [
            "<schema.org/actionStatus>",
            "<schema.org/query>",
            "isa:<schema.org/SearchAction>"
        ],
        "count": 529.0
    },
    {
        "pset": [
            "<schema.org/potentialAction>",
            "isa:<schema.org/SearchAction>"
        ],
        "count": 519.0
    },
    {
        "pset": [
            "<schema.org/Target>",
            "<schema.org/query-input>",
            "isa:<schema.org/SearchAction>"
        ],
        "count": 515.0
    },
    {
        "pset": [
            "<schema.org/description>",
            "<schema.org/query>",
            "<schema.org/target>",
            "isa:<schema.org/SearchAction>"
        ],
        "count": 504.0
    },
    {
        "pset": [
            "<schema.org/query>",
            "<schema.org/url>",
            "isa:<schema.org/SearchAction>"
        ],
        "count": 497.0
    },
    {
        "pset": [
            "<schema.org/@query-input>",
            "<schema.org/target>",
            "isa:<schema.org/SearchAction>"
        ],
        "count": 482.0
    },
    {
        "pset": [
            "<schema.org/agent>",
            "<schema.org/query-input>",
            "<schema.org/query>",
            "<schema.org/target>",
            "isa:<schema.org/SearchAction>"
        ],
        "count": 480.0
    },
    {
        "pset": [
            "<schema.org/about>",
            "<schema.org/abstract>",
            "<schema.org/actionStatus>",
            "<schema.org/aggregateRating>",
            "<schema.org/audience>",
            "<schema.org/description>",
            "<schema.org/isFamilyFriendly>",
            "<schema.org/keywords>",
            "<schema.org/name>",
            "<schema.org/potentialAction>",
            "<schema.org/query-input>",
            "<schema.org/query>",
            "<schema.org/target>",
            "<schema.org/thumbnailUrl>",
            "<schema.org/typicalAgeRange>",
            "<schema.org/url>",
            "isa:<schema.org/ComicSeries>",
            "isa:<schema.org/SearchAction>",
            "isa:<schema.org/WebSite>"
        ],
        "count": 391.0
    },
    {
        "pset": [
            "<schema.org/name>",
            "<schema.org/query-input>",
            "<schema.org/result>",
            "<schema.org/target>",
            "isa:<schema.org/SearchAction>"
        ],
        "count": 340.0
    },
    {
        "pset": [
            "<schema.org/actionStatus>",
            "<schema.org/agent>",
            "<schema.org/object>",
            "<schema.org/query>",
            "isa:<schema.org/SearchAction>"
        ],
        "count": 301.0
    },
    {
        "pset": [
            "<schema.org/query-input>",
            "<schema.org/result>",
            "<schema.org/target>",
            "isa:<schema.org/SearchAction>"
        ],
        "count": 283.0
    },
    {
        "pset": [
            "<schema.org/WebSite.potentialAction.target>",
            "<schema.org/query-input>",
            "<schema.org/target>",
            "isa:<schema.org/SearchAction>"
        ],
        "count": 263.0
    },
    {
        "pset": [
            "<schema.org/query-input>",
            "<schema.org/query>",
            "<schema.org/result>",
            "<schema.org/target>",
            "isa:<schema.org/SearchAction>"
        ],
        "count": 225.0
    },
    {
        "pset": [
            "<schema.org/SearchAction>",
            "<schema.org/query-input>",
            "isa:<schema.org/SearchAction>"
        ],
        "count": 212.0
    },
    {
        "pset": [
            "<schema.org/name>",
            "<schema.org/query-input>",
            "<schema.org/target>",
            "<schema.org/url>",
            "isa:<schema.org/SearchAction>"
        ],
        "count": 211.0
    },
    {
        "pset": [
            "<schema.org/q>",
            "<schema.org/target>",
            "isa:<schema.org/SearchAction>"
        ],
        "count": 202.0
    },
    {
        "pset": [
            "<schema.org/name>",
            "<schema.org/query-input>",
            "<schema.org/query>",
            "<schema.org/target>",
            "isa:<schema.org/SearchAction>"
        ],
        "count": 151.0
    },
    {
        "pset": [
            "<schema.org/Query-input>",
            "<schema.org/Target>",
            "isa:<schema.org/SearchAction>"
        ],
        "count": 141.0
    },
    {
        "pset": [
            "<schema.org/SearchAction>",
            "<schema.org/actionType>",
            "<schema.org/query-input>",
            "<schema.org/query>",
            "isa:<schema.org/SearchAction>"
        ],
        "count": 128.0
    },
    {
        "pset": [
            "<schema.org/queryInput>",
            "<schema.org/target>",
            "isa:<schema.org/SearchAction>"
        ],
        "count": 114.0
    },
    {
        "pset": [
            "<schema.org/about>",
            "<schema.org/abstract>",
            "<schema.org/actionStatus>",
            "<schema.org/aggregateRating>",
            "<schema.org/audience>",
            "<schema.org/character>",
            "<schema.org/description>",
            "<schema.org/isFamilyFriendly>",
            "<schema.org/keywords>",
            "<schema.org/name>",
            "<schema.org/potentialAction>",
            "<schema.org/query-input>",
            "<schema.org/query>",
            "<schema.org/target>",
            "<schema.org/thumbnailUrl>",
            "<schema.org/typicalAgeRange>",
            "<schema.org/url>",
            "isa:<schema.org/ComicSeries>",
            "isa:<schema.org/SearchAction>",
            "isa:<schema.org/WebSite>"
        ],
        "count": 108.0
    },
    {
        "pset": [
            "<schema.org/query-iput>",
            "<schema.org/target>",
            "isa:<schema.org/SearchAction>"
        ],
        "count": 91.0
    },
    {
        "pset": [
            "<schema.org/aggregateRating>",
            "<schema.org/query-input>",
            "<schema.org/target>",
            "isa:<schema.org/SearchAction>"
        ],
        "count": 80.0
    },
    {
        "pset": [
            "<schema.org/s>",
            "<schema.org/target>",
            "isa:<schema.org/SearchAction>"
        ],
        "count": 78.0
    },
    {
        "pset": [
            "<schema.org/breadcrumb>",
            "<schema.org/inLanguage>",
            "<schema.org/name>",
            "<schema.org/speakable>",
            "<schema.org/url>",
            "isa:<schema.org/SearchAction>",
            "isa:<schema.org/WebPage>"
        ],
        "count": 71.0
    },
    {
        "pset": [
            "<schema.org/Query>",
            "<schema.org/query-input>",
            "<schema.org/target>",
            "isa:<schema.org/SearchAction>"
        ],
        "count": 52.0
    },
    {
        "pset": [
            "<schema.org/breadcrumb>",
            "<schema.org/description>",
            "<schema.org/inLanguage>",
            "<schema.org/name>",
            "<schema.org/speakable>",
            "<schema.org/url>",
            "isa:<schema.org/SearchAction>",
            "isa:<schema.org/WebPage>"
        ],
        "count": 40.0
    },
    {
        "pset": [
            "<schema.org/instrument>",
            "isa:<schema.org/SearchAction>"
        ],
        "count": 37.0
    },
    {
        "pset": [
            "<schema.org/breadcrumb>",
            "<schema.org/description>",
            "<schema.org/inLanguage>",
            "<schema.org/name>",
            "<schema.org/sameAs>",
            "<schema.org/speakable>",
            "<schema.org/url>",
            "isa:<schema.org/CollegeOrUniversity>",
            "isa:<schema.org/SearchAction>",
            "isa:<schema.org/WebPage>"
        ],
        "count": 33.0
    },
    {
        "pset": [
            "<schema.org/potentialAction>",
            "<schema.org/query-input>",
            "<schema.org/target>",
            "isa:<schema.org/SearchAction>"
        ],
        "count": 32.0
    },
    {
        "pset": [
            "<schema.org/queryinput>",
            "<schema.org/target>",
            "isa:<schema.org/SearchAction>"
        ],
        "count": 31.0
    },
    {
        "pset": [
            "<schema.org/query>",
            "<schema.org/target>",
            "<schema.org/url>",
            "isa:<schema.org/SearchAction>"
        ],
        "count": 30.0
    },
    {
        "pset": [
            "<schema.org/alternateName>",
            "<schema.org/description>",
            "<schema.org/query-input>",
            "<schema.org/result>",
            "<schema.org/target>",
            "isa:<schema.org/SearchAction>"
        ],
        "count": 29.0
    },
    {
        "pset": [
            "<schema.org/SearchAction>",
            "<schema.org/actionType>",
            "<schema.org/query>",
            "isa:<schema.org/SearchAction>"
        ],
        "count": 21.0
    },
    {
        "pset": [
            "<schema.org/description>",
            "<schema.org/image>",
            "<schema.org/mainEntityOfPage>",
            "<schema.org/name>",
            "<schema.org/url>",
            "isa:<schema.org/SearchAction>"
        ],
        "count": 20.0
    },
    {
        "pset": [
            "<schema.org/urlTemplate>",
            "isa:<schema.org/SearchAction>"
        ],
        "count": 20.0
    },
    {
        "pset": [
            "<schema.org/instrument>",
            "<schema.org/query>",
            "<schema.org/result>",
            "isa:<schema.org/SearchAction>"
        ],
        "count": 20.0
    },
    {
        "pset": [
            "<schema.org/alternateName>",
            "<schema.org/query-input>",
            "<schema.org/target>",
            "isa:<schema.org/SearchAction>"
        ],
        "count": 19.0
    },
    {
        "pset": [
            "<schema.org/about>",
            "<schema.org/abstract>",
            "<schema.org/actionStatus>",
            "<schema.org/audience>",
            "<schema.org/description>",
            "<schema.org/isFamilyFriendly>",
            "<schema.org/keywords>",
            "<schema.org/name>",
            "<schema.org/potentialAction>",
            "<schema.org/query-input>",
            "<schema.org/query>",
            "<schema.org/target>",
            "<schema.org/thumbnailUrl>",
            "<schema.org/typicalAgeRange>",
            "<schema.org/url>",
            "isa:<schema.org/SearchAction>",
            "isa:<schema.org/WebSite>"
        ],
        "count": 18.0
    },
    {
        "pset": [
            "<schema.org/openingHours>",
            "<schema.org/query-input>",
            "<schema.org/target>",
            "isa:<schema.org/SearchAction>"
        ],
        "count": 17.0
    },
    {
        "pset": [
            "<schema.org/description>",
            "<schema.org/name>",
            "<schema.org/query-input>",
            "<schema.org/target>",
            "isa:<schema.org/SearchAction>"
        ],
        "count": 16.0
    },
    {
        "pset": [
            "<schema.org/actionStatus>",
            "<schema.org/agent>",
            "<schema.org/object>",
            "isa:<schema.org/SearchAction>"
        ],
        "count": 12.0
    },
    {
        "pset": [
            "<schema.org/about>",
            "<schema.org/abstract>",
            "<schema.org/actionStatus>",
            "<schema.org/aggregateRating>",
            "<schema.org/audience>",
            "<schema.org/description>",
            "<schema.org/isFamilyFriendly>",
            "<schema.org/name>",
            "<schema.org/potentialAction>",
            "<schema.org/query-input>",
            "<schema.org/query>",
            "<schema.org/target>",
            "<schema.org/thumbnailUrl>",
            "<schema.org/typicalAgeRange>",
            "<schema.org/url>",
            "isa:<schema.org/ComicSeries>",
            "isa:<schema.org/SearchAction>",
            "isa:<schema.org/WebSite>"
        ],
        "count": 11.0
    },
    {
        "pset": [
            "<schema.org/keywords>",
            "<schema.org/query-input>",
            "<schema.org/target>",
            "isa:<schema.org/SearchAction>"
        ],
        "count": 9.0
    },
    {
        "pset": [
            "<schema.org/breadcrumb>",
            "<schema.org/inLanguage>",
            "<schema.org/name>",
            "<schema.org/sameAs>",
            "<schema.org/speakable>",
            "<schema.org/url>",
            "isa:<schema.org/CollegeOrUniversity>",
            "isa:<schema.org/SearchAction>",
            "isa:<schema.org/WebPage>"
        ],
        "count": 8.0
    },
    {
        "pset": [
            "<schema.org/SearchAction>",
            "<schema.org/query-input>",
            "<schema.org/query>",
            "isa:<schema.org/SearchAction>"
        ],
        "count": 7.0
    },
    {
        "pset": [
            "<schema.org/\\u67E5\\u8BE2-input>",
            "<schema.org/target>",
            "isa:<schema.org/SearchAction>"
        ],
        "count": 7.0
    },
    {
        "pset": [
            "<schema.org/query-input>",
            "<schema.org/target>",
            "<schema.org/valueName>",
            "isa:<schema.org/SearchAction>"
        ],
        "count": 6.0
    },
    {
        "pset": [
            "<schema.org/name>",
            "<schema.org/url>",
            "isa:<schema.org/SearchAction>"
        ],
        "count": 6.0
    },
    {
        "pset": [
            "<schema.org/instrument>",
            "<schema.org/query-input>",
            "<schema.org/query>",
            "<schema.org/result>",
            "<schema.org/target>",
            "isa:<schema.org/SearchAction>"
        ],
        "count": 6.0
    },
    {
        "pset": [
            "<schema.org/description>",
            "<schema.org/name>",
            "<schema.org/query-input>",
            "<schema.org/result>",
            "<schema.org/target>",
            "isa:<schema.org/SearchAction>"
        ],
        "count": 4.0
    },
    {
        "pset": [
            "<schema.org/actionStatus>",
            "<schema.org/query-input>",
            "<schema.org/query>",
            "<schema.org/target>",
            "isa:<schema.org/SearchAction>"
        ],
        "count": 4.0
    },
    {
        "pset": [
            "<schema.org/about>",
            "<schema.org/abstract>",
            "<schema.org/actionStatus>",
            "<schema.org/audience>",
            "<schema.org/description>",
            "<schema.org/isFamilyFriendly>",
            "<schema.org/name>",
            "<schema.org/potentialAction>",
            "<schema.org/query-input>",
            "<schema.org/query>",
            "<schema.org/target>",
            "<schema.org/thumbnailUrl>",
            "<schema.org/typicalAgeRange>",
            "<schema.org/url>",
            "isa:<schema.org/SearchAction>",
            "isa:<schema.org/WebSite>"
        ],
        "count": 4.0
    },
    {
        "pset": [
            "<schema.org/inLanguage>",
            "<schema.org/query-input>",
            "<schema.org/query>",
            "<schema.org/target>",
            "isa:<schema.org/SearchAction>"
        ],
        "count": 4.0
    },
    {
        "pset": [
            "<schema.org/\\u76EE\\u6807>",
            "<schema.org/query-input>",
            "isa:<schema.org/SearchAction>"
        ],
        "count": 4.0
    },
    {
        "pset": [
            "<schema.org/about>",
            "<schema.org/keywords>",
            "<schema.org/query-input>",
            "<schema.org/target>",
            "isa:<schema.org/SearchAction>"
        ],
        "count": 3.0
    },
    {
        "pset": [
            "<schema.org/address>",
            "<schema.org/query-input>",
            "<schema.org/target>",
            "isa:<schema.org/SearchAction>"
        ],
        "count": 3.0
    },
    {
        "pset": [
            "<schema.org/about>",
            "<schema.org/abstract>",
            "<schema.org/actionStatus>",
            "<schema.org/aggregateRating>",
            "<schema.org/audience>",
            "<schema.org/isFamilyFriendly>",
            "<schema.org/keywords>",
            "<schema.org/name>",
            "<schema.org/potentialAction>",
            "<schema.org/query-input>",
            "<schema.org/query>",
            "<schema.org/target>",
            "<schema.org/thumbnailUrl>",
            "<schema.org/typicalAgeRange>",
            "<schema.org/url>",
            "isa:<schema.org/ComicSeries>",
            "isa:<schema.org/SearchAction>",
            "isa:<schema.org/WebSite>"
        ],
        "count": 2.0
    },
    {
        "pset": [
            "<schema.org/description>",
            "<schema.org/image>",
            "<schema.org/mainEntityOfPage>",
            "<schema.org/name>",
            "<schema.org/potentialAction>",
            "<schema.org/url>",
            "isa:<schema.org/SearchAction>"
        ],
        "count": 2.0
    },
    {
        "pset": [
            "<schema.org/about>",
            "<schema.org/abstract>",
            "<schema.org/actionStatus>",
            "<schema.org/aggregateRating>",
            "<schema.org/audience>",
            "<schema.org/character>",
            "<schema.org/isFamilyFriendly>",
            "<schema.org/keywords>",
            "<schema.org/name>",
            "<schema.org/potentialAction>",
            "<schema.org/query-input>",
            "<schema.org/query>",
            "<schema.org/target>",
            "<schema.org/thumbnailUrl>",
            "<schema.org/typicalAgeRange>",
            "<schema.org/url>",
            "isa:<schema.org/ComicSeries>",
            "isa:<schema.org/SearchAction>",
            "isa:<schema.org/WebSite>"
        ],
        "count": 2.0
    },
    {
        "pset": [
            "<schema.org/name>",
            "<schema.org/query>",
            "isa:<schema.org/SearchAction>"
        ],
        "count": 2.0
    },
    {
        "pset": [
            "<schema.org/query-input>",
            "<schema.org/tar\\u5F97\\u5230>",
            "isa:<schema.org/SearchAction>"
        ],
        "count": 2.0
    },
    {
        "pset": [
            "<schema.org/description>",
            "<schema.org/name>",
            "isa:<schema.org/SearchAction>"
        ],
        "count": 2.0
    },
    {
        "pset": [
            "<schema.org/query-in\\u628A>",
            "<schema.org/target>",
            "isa:<schema.org/SearchAction>"
        ],
        "count": 2.0
    },
    {
        "pset": [
            "<schema.org/query-finput>",
            "<schema.org/target>",
            "isa:<schema.org/SearchAction>"
        ],
        "count": 1.0
    },
    {
        "pset": [
            "<schema.org/description>",
            "<schema.org/image>",
            "<schema.org/location>",
            "<schema.org/mainEntityOfPage>",
            "<schema.org/name>",
            "<schema.org/url>",
            "isa:<schema.org/SearchAction>"
        ],
        "count": 1.0
    },
    {
        "pset": [
            "<schema.org/description>",
            "<schema.org/mainEntityOfPage>",
            "<schema.org/name>",
            "<schema.org/potentialAction>",
            "<schema.org/url>",
            "isa:<schema.org/SearchAction>"
        ],
        "count": 1.0
    },
    {
        "pset": [
            "<schema.org/actionStatus>",
            "<schema.org/description>",
            "<schema.org/mainEntityOfPage>",
            "<schema.org/name>",
            "<schema.org/object>",
            "<schema.org/query-input>",
            "<schema.org/result>",
            "<schema.org/target>",
            "isa:<schema.org/SearchAction>"
        ],
        "count": 1.0
    },
    {
        "pset": [
            "<schema.org/inLanguage>",
            "<schema.org/name>",
            "<schema.org/speakable>",
            "<schema.org/url>",
            "isa:<schema.org/SearchAction>",
            "isa:<schema.org/WebPage>"
        ],
        "count": 1.0
    },
    {
        "pset": [
            "<schema.org/name>",
            "<schema.org/query-input>",
            "<schema.org/query>",
            "isa:<schema.org/SearchAction>"
        ],
        "count": 1.0
    },
    {
        "pset": [
            "<schema.org/logo>",
            "<schema.org/query-input>",
            "<schema.org/target>",
            "isa:<schema.org/SearchAction>"
        ],
        "count": 1.0
    },
    {
        "pset": [
            "<schema.org/description>",
            "<schema.org/result>",
            "<schema.org/target>",
            "<schema.org/url>",
            "isa:<schema.org/SearchAction>"
        ],
        "count": 1.0
    },
    {
        "pset": [
            "<schema.org/actionStatus>",
            "<schema.org/name>",
            "<schema.org/query-input>",
            "<schema.org/query>",
            "<schema.org/target>",
            "isa:<schema.org/SearchAction>"
        ],
        "count": 1.0
    },
    {
        "pset": [
            "<schema.org/description>",
            "<schema.org/name>",
            "<schema.org/query-input>",
            "<schema.org/query>",
            "<schema.org/target>",
            "isa:<schema.org/SearchAction>"
        ],
        "count": 1.0
    },
    {
        "pset": [
            "<schema.org/location-input>",
            "<schema.org/query-input>",
            "<schema.org/target>",
            "isa:<schema.org/SearchAction>"
        ],
        "count": 1.0
    },
    {
        "pset": [
            "<schema.org/location>",
            "<schema.org/query-input>",
            "<schema.org/target>",
            "isa:<schema.org/SearchAction>"
        ],
        "count": 1.0
    },
    {
        "pset": [
            "<schema.org/additionaltype>",
            "<schema.org/address>",
            "<schema.org/description>",
            "<schema.org/email>",
            "<schema.org/founder>",
            "<schema.org/geo>",
            "<schema.org/image>",
            "<schema.org/logo>",
            "<schema.org/name>",
            "<schema.org/openingHoursSpecification>",
            "<schema.org/potentialAction>",
            "<schema.org/sameAs>",
            "<schema.org/telephone>",
            "<schema.org/url>",
            "isa:<schema.org/SearchAction>"
        ],
        "count": 1.0
    },
    {
        "pset": [
            "<schema.org/Quiz>",
            "<schema.org/query-input>",
            "isa:<schema.org/SearchAction>"
        ],
        "count": 1.0
    },
    {
        "pset": [
            "<schema.org/query-param>",
            "<schema.org/target>",
            "isa:<schema.org/SearchAction>"
        ],
        "count": 1.0
    },
    {
        "pset": [
            "<schema.org/additionalType>",
            "<schema.org/description>",
            "<schema.org/name>",
            "<schema.org/target>",
            "isa:<schema.org/SearchAction>"
        ],
        "count": 1.0
    },
    {
        "pset": [
            "<schema.org/description>",
            "<schema.org/name>",
            "<schema.org/query-input>",
            "<schema.org/target>",
            "<schema.org/url>",
            "isa:<schema.org/SearchAction>"
        ],
        "count": 1.0
    },
    {
        "pset": [
            "<schema.org/additionalType>",
            "<schema.org/brand>",
            "<schema.org/contactPoint>",
            "<schema.org/description>",
            "<schema.org/logo>",
            "<schema.org/name>",
            "<schema.org/potentialAction>",
            "<schema.org/sameAs>",
            "<schema.org/telephone>",
            "<schema.org/url>",
            "isa:<schema.org/Brand>",
            "isa:<schema.org/Organization>",
            "isa:<schema.org/SearchAction>"
        ],
        "count": 1.0
    }
]