[
    {
        "pset": [
            "<schema.org/name>",
            "isa:<schema.org/Season>"
        ],
        "count": 407.0
    },
    {
        "pset": [
            "<schema.org/additionalType>",
            "<schema.org/alternateName>",
            "<schema.org/associatedMedia>",
            "<schema.org/contentUrl>",
            "<schema.org/copyrightNotice>",
            "<schema.org/description>",
            "<schema.org/identifier>",
            "<schema.org/name>",
            "isa:<schema.org/Brand>",
            "isa:<schema.org/CreativeWork>",
            "isa:<schema.org/MediaObject>",
            "isa:<schema.org/Season>"
        ],
        "count": 256.0
    },
    {
        "pset": [
            "<schema.org/additionalType>",
            "<schema.org/alternateName>",
            "<schema.org/associatedMedia>",
            "<schema.org/contentUrl>",
            "<schema.org/copyrightNotice>",
            "<schema.org/description>",
            "<schema.org/embedUrl>",
            "<schema.org/identifier>",
            "<schema.org/name>",
            "isa:<schema.org/Brand>",
            "isa:<schema.org/CreativeWork>",
            "isa:<schema.org/MediaObject>",
            "isa:<schema.org/Season>"
        ],
        "count": 16.0
    },
    {
        "pset": [
            "<schema.org/aggregateRating>",
            "<schema.org/image>",
            "<schema.org/name>",
            "<schema.org/review>",
            "isa:<schema.org/Season>"
        ],
        "count": 10.0
    },
    {
        "pset": [
            "<schema.org/additionalType>",
            "<schema.org/alternateName>",
            "<schema.org/associatedMedia>",
            "<schema.org/contentUrl>",
            "<schema.org/copyrightNotice>",
            "<schema.org/identifier>",
            "<schema.org/name>",
            "isa:<schema.org/Brand>",
            "isa:<schema.org/CreativeWork>",
            "isa:<schema.org/MediaObject>",
            "isa:<schema.org/Season>"
        ],
        "count": 1.0
    }
]