[
    {
        "pset": [
            "<schema.org/mainEntityOfPage>",
            "<schema.org/name>",
            "<schema.org/publisher>",
            "<schema.org/url>",
            "isa:<schema.org/Series>"
        ],
        "count": 280826.0
    },
    {
        "pset": [
            "<schema.org/description>",
            "<schema.org/mainEntityOfPage>",
            "<schema.org/name>",
            "<schema.org/publisher>",
            "<schema.org/url>",
            "isa:<schema.org/Series>"
        ],
        "count": 10944.0
    },
    {
        "pset": [
            "<schema.org/description>",
            "<schema.org/image>",
            "<schema.org/mainEntityOfPage>",
            "<schema.org/name>",
            "<schema.org/publisher>",
            "<schema.org/url>",
            "isa:<schema.org/Series>"
        ],
        "count": 10669.0
    },
    {
        "pset": [
            "<schema.org/name>",
            "<schema.org/publisher>",
            "<schema.org/url>",
            "isa:<schema.org/Series>"
        ],
        "count": 6519.0
    },
    {
        "pset": [
            "<schema.org/image>",
            "<schema.org/mainEntityOfPage>",
            "<schema.org/name>",
            "<schema.org/publisher>",
            "<schema.org/url>",
            "isa:<schema.org/Series>"
        ],
        "count": 6343.0
    },
    {
        "pset": [
            "<schema.org/isPartOf>",
            "<schema.org/name>",
            "<schema.org/url>",
            "isa:<schema.org/Series>"
        ],
        "count": 2254.0
    },
    {
        "pset": [
            "<schema.org/URL>",
            "<schema.org/headline>",
            "<schema.org/image>",
            "isa:<schema.org/Series>"
        ],
        "count": 742.0
    },
    {
        "pset": [
            "<schema.org/name>",
            "<schema.org/url>",
            "isa:<schema.org/Series>"
        ],
        "count": 625.0
    },
    {
        "pset": [
            "<schema.org/mainEntityOfPage>",
            "<schema.org/name>",
            "<schema.org/url>",
            "isa:<schema.org/Series>"
        ],
        "count": 587.0
    },
    {
        "pset": [
            "<schema.org/image>",
            "<schema.org/name>",
            "isa:<schema.org/Series>"
        ],
        "count": 572.0
    },
    {
        "pset": [
            "<schema.org/logo>",
            "<schema.org/mainEntityOfPage>",
            "<schema.org/name>",
            "<schema.org/url>",
            "isa:<schema.org/Series>"
        ],
        "count": 481.0
    },
    {
        "pset": [
            "<schema.org/image>",
            "<schema.org/name>",
            "<schema.org/url>",
            "isa:<schema.org/Series>"
        ],
        "count": 182.0
    },
    {
        "pset": [
            "<schema.org/description>",
            "<schema.org/name>",
            "<schema.org/publisher>",
            "<schema.org/url>",
            "isa:<schema.org/Series>"
        ],
        "count": 177.0
    },
    {
        "pset": [
            "<schema.org/description>",
            "<schema.org/image>",
            "<schema.org/name>",
            "<schema.org/url>",
            "isa:<schema.org/Series>"
        ],
        "count": 163.0
    },
    {
        "pset": [
            "<schema.org/author>",
            "<schema.org/genre>",
            "<schema.org/image>",
            "<schema.org/name>",
            "isa:<schema.org/Series>"
        ],
        "count": 117.0
    },
    {
        "pset": [
            "<schema.org/description>",
            "<schema.org/image>",
            "<schema.org/mainEntityOfPage>",
            "<schema.org/publisher>",
            "<schema.org/url>",
            "isa:<schema.org/Series>"
        ],
        "count": 101.0
    },
    {
        "pset": [
            "<schema.org/articleSection>",
            "<schema.org/dateCreated>",
            "<schema.org/dateModified>",
            "<schema.org/datePublished>",
            "<schema.org/headline>",
            "<schema.org/thumbnailUrl>",
            "<schema.org/url>",
            "isa:<schema.org/Series>"
        ],
        "count": 97.0
    },
    {
        "pset": [
            "<schema.org/description>",
            "<schema.org/mainEntityOfPage>",
            "<schema.org/publisher>",
            "<schema.org/url>",
            "isa:<schema.org/Series>"
        ],
        "count": 61.0
    },
    {
        "pset": [
            "<schema.org/description>",
            "<schema.org/name>",
            "<schema.org/url>",
            "isa:<schema.org/Series>"
        ],
        "count": 54.0
    },
    {
        "pset": [
            "<schema.org/actors>",
            "<schema.org/aggregateRating>",
            "<schema.org/description>",
            "<schema.org/image>",
            "<schema.org/name>",
            "<schema.org/url>",
            "isa:<schema.org/Series>"
        ],
        "count": 44.0
    },
    {
        "pset": [
            "<schema.org/articleSection>",
            "<schema.org/dateCreated>",
            "<schema.org/dateModified>",
            "<schema.org/datePublished>",
            "<schema.org/headline>",
            "<schema.org/url>",
            "isa:<schema.org/Series>"
        ],
        "count": 42.0
    },
    {
        "pset": [
            "<schema.org/description>",
            "<schema.org/image>",
            "<schema.org/name>",
            "<schema.org/publisher>",
            "<schema.org/url>",
            "isa:<schema.org/Series>"
        ],
        "count": 33.0
    },
    {
        "pset": [
            "<schema.org/description>",
            "<schema.org/image>",
            "<schema.org/mainEntityOfPage>",
            "<schema.org/name>",
            "<schema.org/potentialAction>",
            "<schema.org/url>",
            "isa:<schema.org/Series>"
        ],
        "count": 31.0
    },
    {
        "pset": [
            "isa:<example.org/schema/Eventserie>",
            "isa:<schema.org/Event>",
            "isa:<schema.org/EventSeries>",
            "isa:<schema.org/Intangible>",
            "isa:<schema.org/Series>"
        ],
        "count": 24.0
    },
    {
        "pset": [
            "<schema.org/name>",
            "isa:<schema.org/Series>"
        ],
        "count": 23.0
    },
    {
        "pset": [
            "<schema.org/articleSection>",
            "<schema.org/dateCreated>",
            "<schema.org/dateModified>",
            "<schema.org/datePublished>",
            "<schema.org/headline>",
            "<schema.org/keywords>",
            "<schema.org/thumbnailUrl>",
            "<schema.org/url>",
            "isa:<schema.org/Series>"
        ],
        "count": 21.0
    },
    {
        "pset": [
            "<schema.org/description>",
            "<schema.org/mainEntityOfPage>",
            "<schema.org/name>",
            "<schema.org/url>",
            "isa:<schema.org/Series>"
        ],
        "count": 18.0
    },
    {
        "pset": [
            "<schema.org/disambiguatingDescription>",
            "<schema.org/name>",
            "<schema.org/potentialAction>",
            "<schema.org/url>",
            "isa:<schema.org/Series>"
        ],
        "count": 13.0
    },
    {
        "pset": [
            "<schema.org/disambiguatingDescription>",
            "<schema.org/isPartOf>",
            "<schema.org/name>",
            "<schema.org/potentialAction>",
            "<schema.org/url>",
            "isa:<schema.org/Series>"
        ],
        "count": 11.0
    },
    {
        "pset": [
            "<schema.org/contributor>",
            "<schema.org/disambiguatingDescription>",
            "<schema.org/isPartOf>",
            "<schema.org/name>",
            "<schema.org/potentialAction>",
            "<schema.org/url>",
            "isa:<schema.org/Series>"
        ],
        "count": 9.0
    },
    {
        "pset": [
            "<schema.org/hasPart>",
            "isa:<schema.org/Series>"
        ],
        "count": 6.0
    },
    {
        "pset": [
            "<schema.org/image>",
            "<schema.org/name>",
            "<schema.org/publisher>",
            "<schema.org/url>",
            "isa:<schema.org/Series>"
        ],
        "count": 5.0
    },
    {
        "pset": [
            "<schema.org/description>",
            "<schema.org/image>",
            "<schema.org/name>",
            "<schema.org/producer>",
            "<schema.org/sameAs>",
            "<schema.org/url>",
            "isa:<schema.org/Series>"
        ],
        "count": 4.0
    },
    {
        "pset": [
            "<schema.org/contributor>",
            "<schema.org/disambiguatingDescription>",
            "<schema.org/name>",
            "<schema.org/potentialAction>",
            "<schema.org/url>",
            "isa:<schema.org/Series>"
        ],
        "count": 3.0
    },
    {
        "pset": [
            "<schema.org/aggregateRating>",
            "<schema.org/description>",
            "<schema.org/image>",
            "<schema.org/name>",
            "<schema.org/url>",
            "isa:<schema.org/Series>"
        ],
        "count": 3.0
    },
    {
        "pset": [
            "<schema.org/creator>",
            "<schema.org/disambiguatingDescription>",
            "<schema.org/name>",
            "<schema.org/potentialAction>",
            "<schema.org/url>",
            "isa:<schema.org/Series>"
        ],
        "count": 2.0
    },
    {
        "pset": [
            "<schema.org/description>",
            "<schema.org/name>",
            "isa:<schema.org/Series>"
        ],
        "count": 2.0
    },
    {
        "pset": [
            "<schema.org/description>",
            "<schema.org/name>",
            "<schema.org/provider>",
            "isa:<schema.org/Series>"
        ],
        "count": 1.0
    },
    {
        "pset": [
            "<schema.org/description>",
            "<schema.org/mainEntityOfPage>",
            "<schema.org/name>",
            "<schema.org/potentialAction>",
            "<schema.org/url>",
            "isa:<schema.org/Series>"
        ],
        "count": 1.0
    },
    {
        "pset": [
            "<schema.org/description>",
            "<schema.org/image>",
            "<schema.org/mainEntityOfPage>",
            "<schema.org/name>",
            "<schema.org/url>",
            "isa:<schema.org/Series>"
        ],
        "count": 1.0
    },
    {
        "pset": [
            "<schema.org/articleSection>",
            "<schema.org/creator>",
            "<schema.org/dateCreated>",
            "<schema.org/dateModified>",
            "<schema.org/datePublished>",
            "<schema.org/headline>",
            "<schema.org/keywords>",
            "<schema.org/thumbnailUrl>",
            "<schema.org/url>",
            "isa:<schema.org/Series>"
        ],
        "count": 1.0
    },
    {
        "pset": [
            "<schema.org/name>",
            "<schema.org/thumbnail>",
            "isa:<schema.org/Series>"
        ],
        "count": 1.0
    },
    {
        "pset": [
            "isa:<schema.org/Event>",
            "isa:<schema.org/EventSeries>",
            "isa:<schema.org/Intangible>",
            "isa:<schema.org/Series>",
            "isa:<data.murtal.at/schema/Eventserie>"
        ],
        "count": 1.0
    }
]