[
    {
        "pset": [
            "<schema.org/name>",
            "isa:<schema.org/State>"
        ],
        "count": 618183.0
    },
    {
        "pset": [
            "<schema.org/image>",
            "<schema.org/name>",
            "<schema.org/url>",
            "isa:<schema.org/State>"
        ],
        "count": 615682.0
    },
    {
        "pset": [
            "<schema.org/name>",
            "<schema.org/url>",
            "isa:<schema.org/State>"
        ],
        "count": 149378.0
    },
    {
        "pset": [
            "<schema.org/name>",
            "<schema.org/sameAs>",
            "isa:<schema.org/State>"
        ],
        "count": 40799.0
    },
    {
        "pset": [
            "<schema.org/address>",
            "<schema.org/alternateName>",
            "<schema.org/containedInPlace>",
            "<schema.org/name>",
            "isa:<schema.org/State>"
        ],
        "count": 11139.0
    },
    {
        "pset": [
            "<schema.org/containedIn>",
            "<schema.org/name>",
            "isa:<schema.org/State>"
        ],
        "count": 8618.0
    },
    {
        "pset": [
            "<schema.org/alternateName>",
            "<schema.org/name>",
            "<schema.org/url>",
            "isa:<schema.org/State>"
        ],
        "count": 3957.0
    },
    {
        "pset": [
            "<schema.org/name>",
            "<schema.org/telephone>",
            "isa:<schema.org/State>"
        ],
        "count": 1985.0
    },
    {
        "pset": [
            "<schema.org/containedInPlace>",
            "<schema.org/description>",
            "<schema.org/name>",
            "<schema.org/url>",
            "isa:<schema.org/State>"
        ],
        "count": 1603.0
    },
    {
        "pset": [
            "<schema.org/address>",
            "<schema.org/geo>",
            "<schema.org/name>",
            "isa:<schema.org/State>"
        ],
        "count": 1557.0
    },
    {
        "pset": [
            "<schema.org/alternateName>",
            "<schema.org/containedInPlace>",
            "<schema.org/name>",
            "isa:<schema.org/State>"
        ],
        "count": 1207.0
    },
    {
        "pset": [
            "<schema.org/address>",
            "<schema.org/alternateName>",
            "<schema.org/containedInPlace>",
            "<schema.org/name>",
            "<schema.org/url>",
            "isa:<schema.org/State>"
        ],
        "count": 884.0
    },
    {
        "pset": [
            "<schema.org/alternateName>",
            "<schema.org/name>",
            "isa:<schema.org/State>"
        ],
        "count": 721.0
    },
    {
        "pset": [
            "<schema.org/description>",
            "<schema.org/name>",
            "<schema.org/url>",
            "isa:<schema.org/State>"
        ],
        "count": 562.0
    },
    {
        "pset": [
            "<schema.org/address>",
            "<schema.org/description>",
            "<schema.org/image>",
            "<schema.org/logo>",
            "<schema.org/name>",
            "<schema.org/telephone>",
            "<schema.org/url>",
            "isa:<schema.org/State>"
        ],
        "count": 549.0
    },
    {
        "pset": [
            "<schema.org/containedInPlace>",
            "<schema.org/name>",
            "isa:<schema.org/State>"
        ],
        "count": 516.0
    },
    {
        "pset": [
            "<schema.org/containedInPlace>",
            "<schema.org/description>",
            "<schema.org/geo>",
            "<schema.org/name>",
            "<schema.org/url>",
            "isa:<schema.org/State>"
        ],
        "count": 496.0
    },
    {
        "pset": [
            "<schema.org/address>",
            "isa:<schema.org/State>"
        ],
        "count": 409.0
    },
    {
        "pset": [
            "<schema.org/containedInPlace>",
            "<schema.org/name>",
            "<schema.org/url>",
            "isa:<schema.org/State>"
        ],
        "count": 400.0
    },
    {
        "pset": [
            "<schema.org/address>",
            "<schema.org/alternateName>",
            "<schema.org/containedInPlace>",
            "<schema.org/containsPlace>",
            "<schema.org/geo>",
            "<schema.org/name>",
            "<schema.org/url>",
            "isa:<schema.org/State>"
        ],
        "count": 277.0
    },
    {
        "pset": [
            "<schema.org/additionalType>",
            "<schema.org/name>",
            "isa:<schema.org/State>"
        ],
        "count": 222.0
    },
    {
        "pset": [
            "<schema.org/containedInPlace>",
            "<schema.org/containsPlace>",
            "<schema.org/description>",
            "<schema.org/geo>",
            "<schema.org/image>",
            "<schema.org/mainEntityOfPage>",
            "<schema.org/name>",
            "<schema.org/url>",
            "isa:<schema.org/State>"
        ],
        "count": 201.0
    },
    {
        "pset": [
            "isa:<schema.org/State>"
        ],
        "count": 200.0
    },
    {
        "pset": [
            "<schema.org/alternateName>",
            "<schema.org/containedInPlace>",
            "<schema.org/name>",
            "<schema.org/url>",
            "isa:<schema.org/State>"
        ],
        "count": 157.0
    },
    {
        "pset": [
            "<schema.org/description>",
            "<schema.org/isAccessibleForFree>",
            "<schema.org/name>",
            "<schema.org/potentialAction>",
            "<schema.org/publicAccess>",
            "isa:<schema.org/State>"
        ],
        "count": 90.0
    },
    {
        "pset": [
            "<schema.org/isicv4>",
            "<schema.org/name>",
            "isa:<schema.org/State>"
        ],
        "count": 73.0
    },
    {
        "pset": [
            "<schema.org/address>",
            "<schema.org/name>",
            "isa:<schema.org/State>"
        ],
        "count": 67.0
    },
    {
        "pset": [
            "<schema.org/geo>",
            "<schema.org/name>",
            "<schema.org/url>",
            "isa:<schema.org/State>",
            "isa:<schema.org/Thing>"
        ],
        "count": 50.0
    },
    {
        "pset": [
            "<schema.org/description>",
            "<schema.org/image>",
            "<schema.org/title>",
            "<schema.org/url>",
            "isa:<schema.org/State>"
        ],
        "count": 38.0
    },
    {
        "pset": [
            "<schema.org/geo>",
            "<schema.org/name>",
            "isa:<schema.org/State>"
        ],
        "count": 38.0
    },
    {
        "pset": [
            "<schema.org/Name>",
            "isa:<schema.org/State>"
        ],
        "count": 37.0
    },
    {
        "pset": [
            "<schema.org/geo>",
            "<schema.org/hasMap>",
            "<schema.org/name>",
            "<schema.org/sameAs>",
            "isa:<schema.org/State>"
        ],
        "count": 33.0
    },
    {
        "pset": [
            "<schema.org/address>",
            "<schema.org/description>",
            "<schema.org/name>",
            "<schema.org/url>",
            "isa:<schema.org/State>"
        ],
        "count": 28.0
    },
    {
        "pset": [
            "<schema.org/containedInPlace>",
            "<schema.org/description>",
            "<schema.org/image>",
            "<schema.org/name>",
            "<schema.org/photo>",
            "<schema.org/url>",
            "isa:<schema.org/State>"
        ],
        "count": 24.0
    },
    {
        "pset": [
            "<schema.org/description>",
            "<schema.org/image>",
            "<schema.org/name>",
            "<schema.org/url>",
            "isa:<schema.org/State>"
        ],
        "count": 20.0
    },
    {
        "pset": [
            "<schema.org/description>",
            "<schema.org/image>",
            "<schema.org/name>",
            "isa:<schema.org/State>"
        ],
        "count": 20.0
    },
    {
        "pset": [
            "<schema.org/name>",
            "isa:<schema.org/City>",
            "isa:<schema.org/State>"
        ],
        "count": 19.0
    },
    {
        "pset": [
            "<schema.org/address>",
            "<schema.org/alternateName>",
            "<schema.org/containedInPlace>",
            "<schema.org/geo>",
            "<schema.org/name>",
            "<schema.org/url>",
            "isa:<schema.org/State>"
        ],
        "count": 19.0
    },
    {
        "pset": [
            "<schema.org/breadcrumb>",
            "<schema.org/name>",
            "isa:<schema.org/State>"
        ],
        "count": 19.0
    },
    {
        "pset": [
            "<schema.org/address>",
            "<schema.org/name>",
            "<schema.org/url>",
            "isa:<schema.org/State>"
        ],
        "count": 16.0
    },
    {
        "pset": [
            "<schema.org/identifier>",
            "<schema.org/name>",
            "isa:<schema.org/State>"
        ],
        "count": 15.0
    },
    {
        "pset": [
            "<schema.org/name>",
            "<schema.org/sameAs>",
            "<schema.org/slogan>",
            "<schema.org/url>",
            "isa:<schema.org/State>"
        ],
        "count": 11.0
    },
    {
        "pset": [
            "<schema.org/containedInPlace>",
            "<schema.org/description>",
            "<schema.org/geo>",
            "<schema.org/image>",
            "<schema.org/mainEntityOfPage>",
            "<schema.org/name>",
            "<schema.org/url>",
            "isa:<schema.org/State>"
        ],
        "count": 10.0
    },
    {
        "pset": [
            "<schema.org/containedInPlace>",
            "<schema.org/description>",
            "<schema.org/image>",
            "<schema.org/name>",
            "isa:<schema.org/State>"
        ],
        "count": 9.0
    },
    {
        "pset": [
            "<schema.org/name>",
            "<schema.org/sameAs>",
            "<schema.org/url>",
            "isa:<schema.org/State>"
        ],
        "count": 6.0
    },
    {
        "pset": [
            "<schema.org/hasMap>",
            "<schema.org/name>",
            "isa:<schema.org/State>"
        ],
        "count": 5.0
    },
    {
        "pset": [
            "<schema.org/description>",
            "<schema.org/name>",
            "<schema.org/photo>",
            "<schema.org/url>",
            "isa:<schema.org/State>"
        ],
        "count": 5.0
    },
    {
        "pset": [
            "<schema.org/areaServed>",
            "<schema.org/name>",
            "isa:<schema.org/State>"
        ],
        "count": 5.0
    },
    {
        "pset": [
            "<schema.org/name>",
            "<schema.org/sameAs>",
            "isa:<schema.org/Place>",
            "isa:<schema.org/State>"
        ],
        "count": 5.0
    },
    {
        "pset": [
            "<schema.org/name>",
            "isa:<schema.org/AdministrativeArea>",
            "isa:<schema.org/State>"
        ],
        "count": 4.0
    },
    {
        "pset": [
            "<schema.org/description>",
            "<schema.org/name>",
            "<schema.org/url>",
            "isa:<schema.org/Country>",
            "isa:<schema.org/State>"
        ],
        "count": 4.0
    },
    {
        "pset": [
            "<schema.org/about>",
            "<schema.org/description>",
            "<schema.org/geo>",
            "<schema.org/mainEntityOfPage>",
            "<schema.org/name>",
            "<schema.org/photo>",
            "<schema.org/url>",
            "isa:<schema.org/State>"
        ],
        "count": 3.0
    },
    {
        "pset": [
            "<schema.org/containedInPlace>",
            "<schema.org/containsPlace>",
            "<schema.org/description>",
            "<schema.org/geo>",
            "<schema.org/mainEntityOfPage>",
            "<schema.org/name>",
            "<schema.org/url>",
            "isa:<schema.org/State>"
        ],
        "count": 3.0
    },
    {
        "pset": [
            "<schema.org/address>",
            "<schema.org/containedInPlace>",
            "<schema.org/containsPlace>",
            "<schema.org/description>",
            "<schema.org/geo>",
            "<schema.org/image>",
            "<schema.org/mainEntityOfPage>",
            "<schema.org/name>",
            "<schema.org/url>",
            "isa:<schema.org/State>"
        ],
        "count": 3.0
    },
    {
        "pset": [
            "<schema.org/containedInPlace>",
            "<schema.org/name>",
            "<schema.org/sameAs>",
            "isa:<schema.org/State>"
        ],
        "count": 3.0
    },
    {
        "pset": [
            "<schema.org/description>",
            "<schema.org/image>",
            "<schema.org/name>",
            "<schema.org/photo>",
            "<schema.org/url>",
            "isa:<schema.org/State>"
        ],
        "count": 3.0
    },
    {
        "pset": [
            "<schema.org/geo>",
            "<schema.org/name>",
            "<schema.org/openingHoursSpecification>",
            "<schema.org/sameAs>",
            "isa:<schema.org/State>"
        ],
        "count": 2.0
    },
    {
        "pset": [
            "<schema.org/name>",
            "<schema.org/sameAs>",
            "<schema.org/slogan>",
            "<schema.org/url>",
            "isa:<schema.org/City>",
            "isa:<schema.org/State>"
        ],
        "count": 2.0
    },
    {
        "pset": [
            "<schema.org/address>",
            "<schema.org/containedInPlace>",
            "<schema.org/description>",
            "<schema.org/geo>",
            "<schema.org/image>",
            "<schema.org/mainEntityOfPage>",
            "<schema.org/name>",
            "<schema.org/url>",
            "isa:<schema.org/State>"
        ],
        "count": 2.0
    },
    {
        "pset": [
            "<schema.org/description>",
            "<schema.org/hasMap>",
            "<schema.org/image>",
            "<schema.org/mainEntityOfPage>",
            "<schema.org/name>",
            "<schema.org/sameAs>",
            "<schema.org/url>",
            "isa:<schema.org/AdministrativeArea>",
            "isa:<schema.org/City>",
            "isa:<schema.org/State>",
            "isa:<schema.org/Thing>"
        ],
        "count": 2.0
    },
    {
        "pset": [
            "<schema.org/address>",
            "<schema.org/containedInPlace>",
            "<schema.org/containsPlace>",
            "<schema.org/image>",
            "<schema.org/name>",
            "<schema.org/url>",
            "isa:<schema.org/State>"
        ],
        "count": 2.0
    },
    {
        "pset": [
            "<schema.org/alternateName>",
            "<schema.org/containedInPlace>",
            "isa:<schema.org/State>"
        ],
        "count": 2.0
    },
    {
        "pset": [
            "<schema.org/name>",
            "<schema.org/sameAs>",
            "isa:<schema.org/City>",
            "isa:<schema.org/State>"
        ],
        "count": 2.0
    },
    {
        "pset": [
            "<schema.org/description>",
            "<schema.org/geo>",
            "<schema.org/image>",
            "<schema.org/name>",
            "<schema.org/photo>",
            "<schema.org/url>",
            "isa:<schema.org/State>"
        ],
        "count": 2.0
    },
    {
        "pset": [
            "<schema.org/name>",
            "<schema.org/slogan>",
            "<schema.org/url>",
            "isa:<schema.org/State>"
        ],
        "count": 2.0
    },
    {
        "pset": [
            "<schema.org/description>",
            "<schema.org/image>",
            "<schema.org/name>",
            "<schema.org/review>",
            "<schema.org/telephone>",
            "<schema.org/url>",
            "isa:<schema.org/State>"
        ],
        "count": 2.0
    },
    {
        "pset": [
            "<schema.org/address>",
            "<schema.org/disambiguatingDescription>",
            "<schema.org/geo>",
            "<schema.org/image>",
            "<schema.org/name>",
            "<schema.org/sameAs>",
            "<schema.org/telephone>",
            "<schema.org/url>",
            "isa:<schema.org/State>"
        ],
        "count": 2.0
    },
    {
        "pset": [
            "<schema.org/geo>",
            "isa:<schema.org/State>"
        ],
        "count": 2.0
    },
    {
        "pset": [
            "<schema.org/alternateName>",
            "<schema.org/description>",
            "<schema.org/geo>",
            "<schema.org/hasMap>",
            "<schema.org/image>",
            "<schema.org/name>",
            "<schema.org/photo>",
            "<schema.org/url>",
            "isa:<schema.org/State>"
        ],
        "count": 2.0
    },
    {
        "pset": [
            "<schema.org/geo>",
            "<schema.org/hasMap>",
            "<schema.org/name>",
            "isa:<schema.org/State>"
        ],
        "count": 2.0
    },
    {
        "pset": [
            "<schema.org/name>",
            "<schema.org/url>",
            "isa:<schema.org/City>",
            "isa:<schema.org/State>"
        ],
        "count": 2.0
    },
    {
        "pset": [
            "<schema.org/containedInPlace>",
            "<schema.org/description>",
            "<schema.org/geo>",
            "<schema.org/hasMap>",
            "<schema.org/image>",
            "<schema.org/name>",
            "<schema.org/photo>",
            "<schema.org/url>",
            "isa:<schema.org/State>"
        ],
        "count": 2.0
    },
    {
        "pset": [
            "<schema.org/name>",
            "isa:<schema.org/City>",
            "isa:<schema.org/State>",
            "isa:<schema.org/city>"
        ],
        "count": 2.0
    },
    {
        "pset": [
            "<schema.org/name>",
            "<schema.org/sameAs>",
            "<schema.org/slogan>",
            "<schema.org/url>",
            "isa:<schema.org/AdministrativeArea>",
            "isa:<schema.org/City>",
            "isa:<schema.org/State>"
        ],
        "count": 2.0
    },
    {
        "pset": [
            "<schema.org/geo>",
            "<schema.org/hasMap>",
            "<schema.org/name>",
            "<schema.org/sameAs>",
            "<schema.org/slogan>",
            "<schema.org/url>",
            "isa:<schema.org/State>"
        ],
        "count": 1.0
    },
    {
        "pset": [
            "<schema.org/name>",
            "<schema.org/slogan>",
            "<schema.org/url>",
            "isa:<schema.org/AdministrativeArea>",
            "isa:<schema.org/City>",
            "isa:<schema.org/State>"
        ],
        "count": 1.0
    },
    {
        "pset": [
            "<schema.org/name>",
            "<schema.org/slogan>",
            "<schema.org/url>",
            "isa:<schema.org/AdministrativeArea>",
            "isa:<schema.org/State>"
        ],
        "count": 1.0
    },
    {
        "pset": [
            "<schema.org/name>",
            "isa:<schema.org/AdministrativeArea>",
            "isa:<schema.org/City>",
            "isa:<schema.org/State>",
            "isa:<schema.org/City>"
        ],
        "count": 1.0
    },
    {
        "pset": [
            "<schema.org/name>",
            "<schema.org/slogan>",
            "<schema.org/url>",
            "isa:<schema.org/AdministrativeArea>",
            "isa:<schema.org/Place>",
            "isa:<schema.org/State>",
            "isa:<schema.org/place>"
        ],
        "count": 1.0
    },
    {
        "pset": [
            "<schema.org/name>",
            "isa:<schema.org/City>",
            "isa:<schema.org/GeoShape>",
            "isa:<schema.org/State>"
        ],
        "count": 1.0
    },
    {
        "pset": [
            "<schema.org/image>",
            "<schema.org/name>",
            "<schema.org/photo>",
            "<schema.org/url>",
            "isa:<schema.org/State>"
        ],
        "count": 1.0
    },
    {
        "pset": [
            "<schema.org/Hasmap>",
            "<schema.org/description>",
            "<schema.org/image>",
            "<schema.org/map>",
            "<schema.org/name>",
            "<schema.org/sameAs>",
            "<schema.org/slogan>",
            "<schema.org/url>",
            "isa:<schema.org/AdministrativeArea>",
            "isa:<schema.org/City>",
            "isa:<schema.org/Place>",
            "isa:<schema.org/State>"
        ],
        "count": 1.0
    },
    {
        "pset": [
            "<schema.org/description>",
            "<schema.org/geo>",
            "<schema.org/hasMap>",
            "<schema.org/keywords>",
            "<schema.org/name>",
            "isa:<schema.org/AdministrativeArea>",
            "isa:<schema.org/State>"
        ],
        "count": 1.0
    },
    {
        "pset": [
            "<schema.org/name>",
            "<schema.org/sameAs>",
            "<schema.org/url>",
            "isa:<schema.org/Place>",
            "isa:<schema.org/State>"
        ],
        "count": 1.0
    },
    {
        "pset": [
            "<schema.org/address>",
            "<schema.org/geo>",
            "<schema.org/hasMap>",
            "<schema.org/image>",
            "<schema.org/name>",
            "<schema.org/openingHoursSpecification>",
            "<schema.org/priceRange>",
            "<schema.org/sameAs>",
            "<schema.org/telephone>",
            "<schema.org/url>",
            "isa:<schema.org/City>",
            "isa:<schema.org/FurnitureStore>",
            "isa:<schema.org/Place>",
            "isa:<schema.org/State>",
            "isa:<schema.org/City>"
        ],
        "count": 1.0
    },
    {
        "pset": [
            "<schema.org/address>",
            "<schema.org/description>",
            "<schema.org/url>",
            "isa:<schema.org/State>"
        ],
        "count": 1.0
    },
    {
        "pset": [
            "<schema.org/alternateName>",
            "<schema.org/hasMap>",
            "<schema.org/name>",
            "isa:<schema.org/State>"
        ],
        "count": 1.0
    },
    {
        "pset": [
            "<schema.org/name>",
            "<schema.org/sameAs>",
            "isa:<schema.org/City>",
            "isa:<schema.org/GeoShape>",
            "isa:<schema.org/State>"
        ],
        "count": 1.0
    },
    {
        "pset": [
            "<schema.org/description>",
            "<schema.org/geo>",
            "<schema.org/name>",
            "<schema.org/photo>",
            "<schema.org/url>",
            "isa:<schema.org/State>"
        ],
        "count": 1.0
    },
    {
        "pset": [
            "<schema.org/name>",
            "isa:<schema.org/State>",
            "isa:<schema.org/\\u72B6\\u6001>"
        ],
        "count": 1.0
    },
    {
        "pset": [
            "<schema.org/name>",
            "isa:<schema.org/City>",
            "isa:<schema.org/Place>",
            "isa:<schema.org/State>",
            "isa:<schema.org/place>"
        ],
        "count": 1.0
    },
    {
        "pset": [
            "<schema.org/hasOfferCatalog>",
            "<schema.org/name>",
            "isa:<schema.org/State>"
        ],
        "count": 1.0
    },
    {
        "pset": [
            "<schema.org/Name>",
            "<schema.org/name>",
            "<schema.org/sameAs>",
            "<schema.org/slogan>",
            "<schema.org/url>",
            "isa:<schema.org/AdministrativeArea>",
            "isa:<schema.org/State>"
        ],
        "count": 1.0
    },
    {
        "pset": [
            "<schema.org/description>",
            "<schema.org/hasMap>",
            "<schema.org/image>",
            "<schema.org/mainEntityOfPage>",
            "<schema.org/name>",
            "<schema.org/sameAs>",
            "<schema.org/url>",
            "isa:<schema.org/Place>",
            "isa:<schema.org/State>",
            "isa:<schema.org/Thing>"
        ],
        "count": 1.0
    },
    {
        "pset": [
            "<schema.org/address>",
            "<schema.org/name>",
            "<schema.org/photo>",
            "<schema.org/publicAccess>",
            "isa:<schema.org/State>"
        ],
        "count": 1.0
    },
    {
        "pset": [
            "<schema.org/name>",
            "isa:<schema.org/City>",
            "isa:<schema.org/Place>",
            "isa:<schema.org/State>",
            "isa:<schema.org/City>"
        ],
        "count": 1.0
    },
    {
        "pset": [
            "<schema.org/name>",
            "<schema.org/sameAs>",
            "<schema.org/slogan>",
            "<schema.org/url>",
            "isa:<schema.org/Country>",
            "isa:<schema.org/State>"
        ],
        "count": 1.0
    },
    {
        "pset": [
            "<schema.org/description>",
            "<schema.org/hasMap>",
            "<schema.org/name>",
            "<schema.org/sameAs>",
            "<schema.org/url>",
            "isa:<schema.org/Place>",
            "isa:<schema.org/State>"
        ],
        "count": 1.0
    },
    {
        "pset": [
            "<schema.org/description>",
            "<schema.org/name>",
            "<schema.org/sameAs>",
            "<schema.org/slogan>",
            "<schema.org/url>",
            "isa:<schema.org/City>",
            "isa:<schema.org/State>"
        ],
        "count": 1.0
    },
    {
        "pset": [
            "<schema.org/description>",
            "<schema.org/geo>",
            "<schema.org/hasMap>",
            "<schema.org/keywords>",
            "<schema.org/name>",
            "<schema.orgname>",
            "isa:<schema.org/City>",
            "isa:<schema.org/State>",
            "isa:<schema.orgCity>"
        ],
        "count": 1.0
    },
    {
        "pset": [
            "<schema.org/geo>",
            "<schema.org/hasMap>",
            "<schema.org/name>",
            "<schema.org/sameAs>",
            "<schema.org/url>",
            "isa:<schema.org/State>"
        ],
        "count": 1.0
    },
    {
        "pset": [
            "<schema.org/name>",
            "<schema.org/sameAs>",
            "<schema.org/slogan>",
            "<schema.org/url>",
            "isa:<schema.org/City>",
            "isa:<schema.org/State>",
            "isa:<schema.org/state>"
        ],
        "count": 1.0
    },
    {
        "pset": [
            "<schema.org/containedInPlace>",
            "<schema.org/name>",
            "<schema.org/sameAs>",
            "<schema.org/url>",
            "isa:<schema.org/State>"
        ],
        "count": 1.0
    },
    {
        "pset": [
            "<schema.org/geo>",
            "<schema.org/hasMap>",
            "<schema.org/name>",
            "<schema.org/url>",
            "isa:<schema.org/State>"
        ],
        "count": 1.0
    },
    {
        "pset": [
            "<schema.org/containedInPlace>",
            "<schema.org/containsPlace>",
            "<schema.org/description>",
            "<schema.org/geo>",
            "<schema.org/image>",
            "<schema.org/mainEntityOfPage>",
            "<schema.org/name>",
            "<schema.org/subjectOf>",
            "<schema.org/url>",
            "isa:<schema.org/State>"
        ],
        "count": 1.0
    },
    {
        "pset": [
            "<schema.org/address>",
            "<schema.org/alternateName>",
            "<schema.org/containedInPlace>",
            "<schema.org/url>",
            "isa:<schema.org/State>"
        ],
        "count": 1.0
    },
    {
        "pset": [
            "<schema.org/brand>",
            "<schema.org/name>",
            "isa:<schema.org/State>"
        ],
        "count": 1.0
    },
    {
        "pset": [
            "<schema.org/geoContains>",
            "<schema.org/name>",
            "isa:<schema.org/State>"
        ],
        "count": 1.0
    },
    {
        "pset": [
            "<schema.org/name>",
            "<schema.org/sameAs>",
            "<schema.org/slogan>",
            "<schema.org/url>",
            "<schema.orgname>",
            "isa:<schema.org/City>",
            "isa:<schema.org/Place>",
            "isa:<schema.org/State>",
            "isa:<schema.orgCity>"
        ],
        "count": 1.0
    },
    {
        "pset": [
            "<schema.org/name>",
            "isa:<schema.org/AdministrativeArea>",
            "isa:<schema.org/City>",
            "isa:<schema.org/State>"
        ],
        "count": 1.0
    }
]