[
    {
        "pset": [
            "<schema.org/address>",
            "<schema.org/image>",
            "<schema.org/name>",
            "<schema.org/telephone>",
            "<schema.org/url>",
            "isa:<schema.org/TennisComplex>"
        ],
        "count": 11026.0
    },
    {
        "pset": [
            "<schema.org/address>",
            "<schema.org/geo>",
            "<schema.org/image>",
            "<schema.org/name>",
            "<schema.org/telephone>",
            "<schema.org/url>",
            "isa:<schema.org/TennisComplex>"
        ],
        "count": 1943.0
    },
    {
        "pset": [
            "<schema.org/address>",
            "<schema.org/geo>",
            "<schema.org/image>",
            "<schema.org/name>",
            "<schema.org/url>",
            "isa:<schema.org/TennisComplex>"
        ],
        "count": 602.0
    },
    {
        "pset": [
            "<schema.org/address>",
            "<schema.org/aggregateRating>",
            "<schema.org/geo>",
            "<schema.org/image>",
            "<schema.org/name>",
            "<schema.org/reviews>",
            "<schema.org/telephone>",
            "<schema.org/url>",
            "isa:<schema.org/TennisComplex>"
        ],
        "count": 298.0
    },
    {
        "pset": [
            "<schema.org/address>",
            "<schema.org/aggregateRating>",
            "<schema.org/geo>",
            "<schema.org/image>",
            "<schema.org/name>",
            "<schema.org/url>",
            "isa:<schema.org/TennisComplex>"
        ],
        "count": 214.0
    },
    {
        "pset": [
            "<schema.org/address>",
            "<schema.org/aggregateRating>",
            "<schema.org/geo>",
            "<schema.org/image>",
            "<schema.org/name>",
            "<schema.org/telephone>",
            "<schema.org/url>",
            "isa:<schema.org/TennisComplex>"
        ],
        "count": 210.0
    },
    {
        "pset": [
            "<schema.org/address>",
            "<schema.org/aggregateRating>",
            "<schema.org/geo>",
            "<schema.org/image>",
            "<schema.org/name>",
            "<schema.org/reviews>",
            "<schema.org/url>",
            "isa:<schema.org/TennisComplex>"
        ],
        "count": 179.0
    },
    {
        "pset": [
            "<schema.org/address>",
            "<schema.org/contactPoint>",
            "<schema.org/logo>",
            "<schema.org/name>",
            "<schema.org/openingHours>",
            "<schema.org/url>",
            "isa:<schema.org/TennisComplex>"
        ],
        "count": 47.0
    },
    {
        "pset": [
            "<schema.org/address>",
            "<schema.org/description>",
            "<schema.org/geo>",
            "<schema.org/image>",
            "<schema.org/name>",
            "<schema.org/telephone>",
            "<schema.org/url>",
            "isa:<schema.org/TennisComplex>"
        ],
        "count": 21.0
    },
    {
        "pset": [
            "<schema.org/address>",
            "<schema.org/description>",
            "<schema.org/email>",
            "<schema.org/hasMenu>",
            "<schema.org/image>",
            "<schema.org/name>",
            "<schema.org/url>",
            "isa:<schema.org/TennisComplex>"
        ],
        "count": 14.0
    },
    {
        "pset": [
            "<schema.org/address>",
            "<schema.org/author>",
            "<schema.org/breadcrumb>",
            "<schema.org/dateModified>",
            "<schema.org/datePublished>",
            "<schema.org/geo>",
            "<schema.org/image>",
            "<schema.org/inLanguage>",
            "<schema.org/isPartOf>",
            "<schema.org/name>",
            "<schema.org/potentialAction>",
            "<schema.org/priceRange>",
            "<schema.org/primaryImageOfPage>",
            "<schema.org/sameAs>",
            "<schema.org/telephone>",
            "<schema.org/thumbnailUrl>",
            "<schema.org/url>",
            "isa:<schema.org/TennisComplex>",
            "isa:<schema.org/WebPage>"
        ],
        "count": 11.0
    },
    {
        "pset": [
            "<schema.org/address>",
            "<schema.org/alternatename>",
            "<schema.org/description>",
            "<schema.org/email>",
            "<schema.org/founders>",
            "<schema.org/geo>",
            "<schema.org/hasMap>",
            "<schema.org/image>",
            "<schema.org/logo>",
            "<schema.org/name>",
            "<schema.org/openingHours>",
            "<schema.org/priceRange>",
            "<schema.org/sameAs>",
            "<schema.org/telephone>",
            "<schema.org/url>",
            "isa:<schema.org/TennisComplex>"
        ],
        "count": 9.0
    },
    {
        "pset": [
            "<schema.org/address>",
            "<schema.org/breadcrumb>",
            "<schema.org/dateModified>",
            "<schema.org/datePublished>",
            "<schema.org/geo>",
            "<schema.org/image>",
            "<schema.org/inLanguage>",
            "<schema.org/isPartOf>",
            "<schema.org/name>",
            "<schema.org/potentialAction>",
            "<schema.org/priceRange>",
            "<schema.org/sameAs>",
            "<schema.org/telephone>",
            "<schema.org/url>",
            "isa:<schema.org/TennisComplex>",
            "isa:<schema.org/WebPage>"
        ],
        "count": 8.0
    },
    {
        "pset": [
            "<schema.org/address>",
            "<schema.org/currenciesAccepted>",
            "<schema.org/description>",
            "<schema.org/email>",
            "<schema.org/image>",
            "<schema.org/logo>",
            "<schema.org/name>",
            "<schema.org/openingHours>",
            "<schema.org/paymentAccepted>",
            "<schema.org/priceRange>",
            "<schema.org/taxID>",
            "<schema.org/telephone>",
            "<schema.org/url>",
            "isa:<schema.org/TennisComplex>"
        ],
        "count": 8.0
    },
    {
        "pset": [
            "<schema.org/address>",
            "<schema.org/contactPoint>",
            "<schema.org/description>",
            "<schema.org/geo>",
            "<schema.org/image>",
            "<schema.org/logo>",
            "<schema.org/name>",
            "<schema.org/openingHours>",
            "<schema.org/url>",
            "isa:<schema.org/TennisComplex>"
        ],
        "count": 7.0
    },
    {
        "pset": [
            "<schema.org/address>",
            "<schema.org/description>",
            "<schema.org/geo>",
            "<schema.org/image>",
            "<schema.org/name>",
            "<schema.org/url>",
            "isa:<schema.org/TennisComplex>"
        ],
        "count": 6.0
    },
    {
        "pset": [
            "<schema.org/address>",
            "<schema.org/geo>",
            "<schema.org/image>",
            "<schema.org/name>",
            "<schema.org/openingHoursSpecification>",
            "<schema.org/priceRange>",
            "<schema.org/telephone>",
            "<schema.org/url>",
            "isa:<schema.org/TennisComplex>"
        ],
        "count": 5.0
    },
    {
        "pset": [
            "<schema.org/address>",
            "<schema.org/author>",
            "<schema.org/breadcrumb>",
            "<schema.org/dateModified>",
            "<schema.org/datePublished>",
            "<schema.org/geo>",
            "<schema.org/image>",
            "<schema.org/inLanguage>",
            "<schema.org/isPartOf>",
            "<schema.org/name>",
            "<schema.org/potentialAction>",
            "<schema.org/priceRange>",
            "<schema.org/sameAs>",
            "<schema.org/telephone>",
            "<schema.org/url>",
            "isa:<schema.org/TennisComplex>",
            "isa:<schema.org/WebPage>"
        ],
        "count": 4.0
    },
    {
        "pset": [
            "<schema.org/address>",
            "<schema.org/description>",
            "<schema.org/geo>",
            "<schema.org/image>",
            "<schema.org/name>",
            "<schema.org/review>",
            "<schema.org/sameAs>",
            "<schema.org/telephone>",
            "<schema.org/url>",
            "isa:<schema.org/TennisComplex>"
        ],
        "count": 3.0
    },
    {
        "pset": [
            "<schema.org/address>",
            "<schema.org/description>",
            "<schema.org/geo>",
            "<schema.org/name>",
            "<schema.org/telephone>",
            "<schema.org/url>",
            "isa:<schema.org/TennisComplex>"
        ],
        "count": 2.0
    },
    {
        "pset": [
            "<schema.org/address>",
            "<schema.org/breadcrumb>",
            "<schema.org/dateModified>",
            "<schema.org/datePublished>",
            "<schema.org/geo>",
            "<schema.org/image>",
            "<schema.org/inLanguage>",
            "<schema.org/isPartOf>",
            "<schema.org/name>",
            "<schema.org/potentialAction>",
            "<schema.org/priceRange>",
            "<schema.org/primaryImageOfPage>",
            "<schema.org/sameAs>",
            "<schema.org/telephone>",
            "<schema.org/thumbnailUrl>",
            "<schema.org/url>",
            "isa:<schema.org/TennisComplex>",
            "isa:<schema.org/WebPage>"
        ],
        "count": 2.0
    },
    {
        "pset": [
            "<schema.org/address>",
            "<schema.org/description>",
            "<schema.org/geo>",
            "<schema.org/hasMap>",
            "<schema.org/logo>",
            "<schema.org/name>",
            "<schema.org/telephone>",
            "<schema.org/url>",
            "isa:<schema.org/TennisComplex>"
        ],
        "count": 2.0
    },
    {
        "pset": [
            "<schema.org/address>",
            "<schema.org/aggregateRating>",
            "<schema.org/description>",
            "<schema.org/geo>",
            "<schema.org/image>",
            "<schema.org/name>",
            "<schema.org/review>",
            "<schema.org/url>",
            "isa:<schema.org/TennisComplex>"
        ],
        "count": 2.0
    },
    {
        "pset": [
            "<schema.org/address>",
            "<schema.org/description>",
            "<schema.org/geo>",
            "<schema.org/image>",
            "<schema.org/logo>",
            "<schema.org/name>",
            "<schema.org/telephone>",
            "<schema.org/url>",
            "isa:<schema.org/TennisComplex>"
        ],
        "count": 2.0
    },
    {
        "pset": [
            "<schema.org/address>",
            "<schema.org/geo>",
            "<schema.org/image>",
            "<schema.org/name>",
            "<schema.org/priceRange>",
            "<schema.org/sameAs>",
            "<schema.org/telephone>",
            "<schema.org/url>",
            "isa:<schema.org/TennisComplex>"
        ],
        "count": 2.0
    },
    {
        "pset": [
            "<schema.org/address>",
            "<schema.org/breadcrumb>",
            "<schema.org/dateModified>",
            "<schema.org/datePublished>",
            "<schema.org/geo>",
            "<schema.org/image>",
            "<schema.org/inLanguage>",
            "<schema.org/isPartOf>",
            "<schema.org/name>",
            "<schema.org/priceRange>",
            "<schema.org/sameAs>",
            "<schema.org/telephone>",
            "<schema.org/url>",
            "isa:<schema.org/CollectionPage>",
            "isa:<schema.org/TennisComplex>",
            "isa:<schema.org/WebPage>"
        ],
        "count": 1.0
    },
    {
        "pset": [
            "<schema.org/address>",
            "<schema.org/geo>",
            "<schema.org/image>",
            "<schema.org/logo>",
            "<schema.org/name>",
            "<schema.org/priceRange>",
            "<schema.org/sameAs>",
            "<schema.org/telephone>",
            "<schema.org/url>",
            "isa:<schema.org/TennisComplex>"
        ],
        "count": 1.0
    },
    {
        "pset": [
            "<schema.org/address>",
            "<schema.org/amenityFeature>",
            "<schema.org/description>",
            "<schema.org/email>",
            "<schema.org/geo>",
            "<schema.org/image>",
            "<schema.org/keywords>",
            "<schema.org/mainEntityOfPage>",
            "<schema.org/name>",
            "<schema.org/openingHoursSpecification>",
            "<schema.org/priceRange>",
            "<schema.org/telephone>",
            "<schema.org/url>",
            "isa:<schema.org/TennisComplex>"
        ],
        "count": 1.0
    },
    {
        "pset": [
            "<schema.org/address>",
            "<schema.org/geo>",
            "<schema.org/image>",
            "<schema.org/name>",
            "<schema.org/openingHoursSpecification>",
            "<schema.org/sameAs>",
            "<schema.org/telephone>",
            "<schema.org/url>",
            "isa:<schema.org/TennisComplex>"
        ],
        "count": 1.0
    },
    {
        "pset": [
            "<schema.org/address>",
            "<schema.org/email>",
            "<schema.org/image>",
            "<schema.org/location>",
            "<schema.org/logo>",
            "<schema.org/name>",
            "<schema.org/openingHours>",
            "<schema.org/telephone>",
            "<schema.org/url>",
            "isa:<schema.org/Organization>",
            "isa:<schema.org/TennisComplex>"
        ],
        "count": 1.0
    },
    {
        "pset": [
            "<schema.org/address>",
            "<schema.org/description>",
            "<schema.org/email>",
            "<schema.org/founder>",
            "<schema.org/geo>",
            "<schema.org/hasMap>",
            "<schema.org/image>",
            "<schema.org/logo>",
            "<schema.org/name>",
            "<schema.org/openingHoursSpecification>",
            "<schema.org/potentialAction>",
            "<schema.org/priceRange>",
            "<schema.org/sameAs>",
            "<schema.org/telephone>",
            "<schema.org/url>",
            "isa:<schema.org/TennisComplex>"
        ],
        "count": 1.0
    },
    {
        "pset": [
            "<schema.org/address>",
            "<schema.org/email>",
            "<schema.org/geo>",
            "<schema.org/image>",
            "<schema.org/logo>",
            "<schema.org/name>",
            "<schema.org/openingHoursSpecification>",
            "<schema.org/sameAs>",
            "<schema.org/telephone>",
            "<schema.org/url>",
            "isa:<schema.org/Organization>",
            "isa:<schema.org/Place>",
            "isa:<schema.org/TennisComplex>"
        ],
        "count": 1.0
    },
    {
        "pset": [
            "<schema.org/about>",
            "<schema.org/address>",
            "<schema.org/breadcrumb>",
            "<schema.org/dateModified>",
            "<schema.org/datePublished>",
            "<schema.org/description>",
            "<schema.org/geo>",
            "<schema.org/image>",
            "<schema.org/inLanguage>",
            "<schema.org/isPartOf>",
            "<schema.org/name>",
            "<schema.org/openingHoursSpecification>",
            "<schema.org/potentialAction>",
            "<schema.org/priceRange>",
            "<schema.org/telephone>",
            "<schema.org/url>",
            "isa:<schema.org/TennisComplex>",
            "isa:<schema.org/WebPage>"
        ],
        "count": 1.0
    },
    {
        "pset": [
            "<schema.org/address>",
            "<schema.org/amenityFeature>",
            "<schema.org/areaServed>",
            "<schema.org/currenciesAccepted>",
            "<schema.org/description>",
            "<schema.org/email>",
            "<schema.org/geo>",
            "<schema.org/image>",
            "<schema.org/keywords>",
            "<schema.org/name>",
            "<schema.org/openingHoursSpecification>",
            "<schema.org/parentOrganization>",
            "<schema.org/paymentAccepted>",
            "<schema.org/priceRange>",
            "<schema.org/telephone>",
            "<schema.org/url>",
            "isa:<schema.org/TennisComplex>"
        ],
        "count": 1.0
    },
    {
        "pset": [
            "<schema.org/address>",
            "<schema.org/description>",
            "<schema.org/email>",
            "<schema.org/name>",
            "<schema.org/telephone>",
            "isa:<schema.org/TennisComplex>"
        ],
        "count": 1.0
    },
    {
        "pset": [
            "<schema.org/address>",
            "<schema.org/image>",
            "<schema.org/name>",
            "<schema.org/openingHoursSpecification>",
            "<schema.org/priceRange>",
            "<schema.org/sameAs>",
            "<schema.org/telephone>",
            "<schema.org/url>",
            "isa:<schema.org/TennisComplex>"
        ],
        "count": 1.0
    },
    {
        "pset": [
            "<schema.org/name>",
            "<schema.org/openingHours>",
            "<schema.org/telephone>",
            "<schema.org/url>",
            "isa:<schema.org/Organization>",
            "isa:<schema.org/TennisComplex>"
        ],
        "count": 1.0
    },
    {
        "pset": [
            "<schema.org/address>",
            "<schema.org/description>",
            "<schema.org/geo>",
            "<schema.org/image>",
            "<schema.org/name>",
            "<schema.org/review>",
            "<schema.org/telephone>",
            "<schema.org/url>",
            "isa:<schema.org/TennisComplex>"
        ],
        "count": 1.0
    }
]