[
    {
        "pset": [
            "<schema.org/headline>",
            "<schema.org/inLanguage>",
            "<schema.org/name>",
            "isa:<schema.org/TextDigitalDocument>"
        ],
        "count": 24598.0
    },
    {
        "pset": [
            "<schema.org/author>",
            "<schema.org/copyrightYear>",
            "<schema.org/hasPart>",
            "<schema.org/headline>",
            "<schema.org/inLanguage>",
            "<schema.org/name>",
            "<schema.org/publication>",
            "<schema.org/url>",
            "isa:<schema.org/TextDigitalDocument>"
        ],
        "count": 23553.0
    },
    {
        "pset": [
            "<schema.org/author>",
            "<schema.org/copyrightYear>",
            "<schema.org/headline>",
            "<schema.org/inLanguage>",
            "<schema.org/name>",
            "<schema.org/publication>",
            "<schema.org/url>",
            "isa:<schema.org/TextDigitalDocument>"
        ],
        "count": 454.0
    },
    {
        "pset": [
            "<schema.org/author>",
            "<schema.org/description>",
            "<schema.org/name>",
            "<schema.org/thumbnailUrl>",
            "<schema.org/url>",
            "isa:<schema.org/TextDigitalDocument>"
        ],
        "count": 309.0
    },
    {
        "pset": [
            "<schema.org/name>",
            "<schema.org/url>",
            "isa:<schema.org/TextDigitalDocument>"
        ],
        "count": 102.0
    },
    {
        "pset": [
            "<schema.org/acquireLicensePage>",
            "<schema.org/description>",
            "<schema.org/encodingFormat>",
            "<schema.org/license>",
            "<schema.org/name>",
            "<schema.org/url>",
            "isa:<schema.org/TextDigitalDocument>"
        ],
        "count": 87.0
    },
    {
        "pset": [
            "<schema.org/name>",
            "isa:<schema.org/TextDigitalDocument>"
        ],
        "count": 84.0
    },
    {
        "pset": [
            "<schema.org/about>",
            "<schema.org/fileFormat>",
            "<schema.org/keywords>",
            "isa:<schema.org/TextDigitalDocument>"
        ],
        "count": 78.0
    },
    {
        "pset": [
            "isa:<schema.org/TextDigitalDocument>"
        ],
        "count": 28.0
    },
    {
        "pset": [
            "<schema.org/url>",
            "isa:<schema.org/TextDigitalDocument>"
        ],
        "count": 26.0
    },
    {
        "pset": [
            "<schema.org/description>",
            "<schema.org/name>",
            "<schema.org/url>",
            "isa:<schema.org/TextDigitalDocument>"
        ],
        "count": 18.0
    },
    {
        "pset": [
            "<schema.org/description>",
            "<schema.org/name>",
            "<schema.org/offers>",
            "<schema.org/url>",
            "isa:<schema.org/TextDigitalDocument>"
        ],
        "count": 15.0
    },
    {
        "pset": [
            "<schema.org/author>",
            "<schema.org/datePublished>",
            "<schema.org/description>",
            "<schema.org/image>",
            "<schema.org/keywords>",
            "<schema.org/name>",
            "<schema.org/url>",
            "isa:<schema.org/TextDigitalDocument>"
        ],
        "count": 13.0
    },
    {
        "pset": [
            "<schema.org/fileFormat>",
            "<schema.org/name>",
            "<schema.org/url>",
            "isa:<schema.org/TextDigitalDocument>"
        ],
        "count": 11.0
    },
    {
        "pset": [
            "<schema.org/author>",
            "<schema.org/copyrightHolder>",
            "<schema.org/copyrightYear>",
            "<schema.org/creator>",
            "<schema.org/dateModified>",
            "<schema.org/datePublished>",
            "<schema.org/description>",
            "<schema.org/headline>",
            "<schema.org/image>",
            "<schema.org/inLanguage>",
            "<schema.org/mainEntityOfPage>",
            "<schema.org/name>",
            "<schema.org/publisher>",
            "<schema.org/url>",
            "isa:<schema.org/TextDigitalDocument>"
        ],
        "count": 8.0
    },
    {
        "pset": [
            "<schema.org/author>",
            "<schema.org/description>",
            "<schema.org/name>",
            "isa:<schema.org/TextDigitalDocument>"
        ],
        "count": 3.0
    },
    {
        "pset": [
            "<schema.org/headline>",
            "<schema.org/url>",
            "isa:<schema.org/TextDigitalDocument>"
        ],
        "count": 1.0
    }
]