[
    {
        "pset": [
            "<schema.org/businessFunction>",
            "<schema.org/typeOfGood>",
            "isa:<schema.org/TypeAndQuantityNode>"
        ],
        "count": 23742.0
    },
    {
        "pset": [
            "<schema.org/amountOfThisGood>",
            "<schema.org/typeOfGood>",
            "isa:<schema.org/TypeAndQuantityNode>"
        ],
        "count": 7493.0
    },
    {
        "pset": [
            "<schema.org/amountOfThisGood>",
            "<schema.org/unitCode>",
            "<schema.org/unitText>",
            "isa:<schema.org/TypeAndQuantityNode>"
        ],
        "count": 872.0
    },
    {
        "pset": [
            "<schema.org/amountOfThisGood>",
            "isa:<schema.org/TypeAndQuantityNode>"
        ],
        "count": 676.0
    },
    {
        "pset": [
            "<schema.org/amountOfThisGood>",
            "<schema.org/name>",
            "<schema.org/sameAs>",
            "isa:<schema.org/TypeAndQuantityNode>"
        ],
        "count": 238.0
    },
    {
        "pset": [
            "<schema.org/amountOfThisGood>",
            "<schema.org/unitCode>",
            "isa:<schema.org/TypeAndQuantityNode>"
        ],
        "count": 82.0
    },
    {
        "pset": [
            "<schema.org/typeOfGood>",
            "isa:<schema.org/TypeAndQuantityNode>"
        ],
        "count": 67.0
    },
    {
        "pset": [
            "<schema.org/amountOfThisGood>",
            "<schema.org/typeOfGood>",
            "<schema.org/url>",
            "isa:<schema.org/TypeAndQuantityNode>"
        ],
        "count": 47.0
    },
    {
        "pset": [
            "<schema.org/amountOfThisGood>",
            "<schema.org/businessFunction>",
            "<schema.org/unitText>",
            "isa:<schema.org/TypeAndQuantityNode>"
        ],
        "count": 41.0
    },
    {
        "pset": [
            "<schema.org/businessFunction>",
            "<schema.org/name>",
            "<schema.org/typeOfGood>",
            "<schema.org/unitCode>",
            "isa:<schema.org/TypeAndQuantityNode>"
        ],
        "count": 9.0
    },
    {
        "pset": [
            "<schema.org/amountOfThisGood>",
            "<schema.org/unitText>",
            "isa:<schema.org/TypeAndQuantityNode>"
        ],
        "count": 6.0
    },
    {
        "pset": [
            "<schema.org/businessFunction>",
            "<schema.org/name>",
            "<schema.org/typeOfGood>",
            "isa:<schema.org/TypeAndQuantityNode>"
        ],
        "count": 1.0
    }
]