[
    {
        "pset": [
            "<schema.org/copyrightHolder>",
            "<schema.org/copyrightYear>",
            "<schema.org/datePublished>",
            "<schema.org/description>",
            "<schema.org/headline>",
            "<schema.org/image>",
            "<schema.org/inLanguage>",
            "<schema.org/keywords>",
            "<schema.org/name>",
            "<schema.org/provider>",
            "<schema.org/publisher>",
            "<schema.org/sourceOrganization>",
            "<schema.org/url>",
            "isa:<schema.org/VideoGallery>"
        ],
        "count": 5081.0
    },
    {
        "pset": [
            "<schema.org/breadcrumb>",
            "<schema.org/description>",
            "<schema.org/mainEntity>",
            "<schema.org/name>",
            "isa:<schema.org/VideoGallery>"
        ],
        "count": 5039.0
    },
    {
        "pset": [
            "<schema.org/author>",
            "<schema.org/copyrightHolder>",
            "<schema.org/copyrightYear>",
            "<schema.org/creator>",
            "<schema.org/dateModified>",
            "<schema.org/datePublished>",
            "<schema.org/description>",
            "<schema.org/headline>",
            "<schema.org/image>",
            "<schema.org/inLanguage>",
            "<schema.org/mainEntityOfPage>",
            "<schema.org/name>",
            "<schema.org/publisher>",
            "<schema.org/url>",
            "isa:<schema.org/VideoGallery>"
        ],
        "count": 1605.0
    },
    {
        "pset": [
            "<schema.org/author>",
            "<schema.org/description>",
            "<schema.org/editor>",
            "<schema.org/headline>",
            "<schema.org/keywords>",
            "<schema.org/mainEntityOfPage>",
            "<schema.org/publisher>",
            "<schema.org/video>",
            "isa:<schema.org/VideoGallery>"
        ],
        "count": 1399.0
    },
    {
        "pset": [
            "<schema.org/breadcrumb>",
            "<schema.org/description>",
            "<schema.org/image>",
            "<schema.org/lastReviewed>",
            "<schema.org/name>",
            "<schema.org/url>",
            "<schema.org/video>",
            "isa:<schema.org/VideoGallery>"
        ],
        "count": 932.0
    },
    {
        "pset": [
            "<schema.org/headline>",
            "<schema.org/image>",
            "<schema.org/mainEntityOfPage>",
            "<schema.org/publisher>",
            "isa:<schema.org/VideoGallery>"
        ],
        "count": 605.0
    },
    {
        "pset": [
            "<schema.org/description>",
            "<schema.org/name>",
            "<schema.org/thumbnailUrl>",
            "<schema.org/url>",
            "<schema.org/video>",
            "isa:<schema.org/VideoGallery>"
        ],
        "count": 595.0
    },
    {
        "pset": [
            "<schema.org/associatedMedia>",
            "<schema.org/author>",
            "<schema.org/datePublished>",
            "<schema.org/headline>",
            "<schema.org/itemListElement>",
            "<schema.org/keywords>",
            "<schema.org/mainEntityOfPage>",
            "<schema.org/name>",
            "<schema.org/url>",
            "isa:<schema.org/ItemList>",
            "isa:<schema.org/VideoGallery>"
        ],
        "count": 411.0
    },
    {
        "pset": [
            "<schema.org/datePublished>",
            "<schema.org/description>",
            "<schema.org/headline>",
            "<schema.org/image>",
            "<schema.org/inLanguage>",
            "<schema.org/keywords>",
            "<schema.org/name>",
            "<schema.org/publisher>",
            "<schema.org/url>",
            "isa:<schema.org/VideoGallery>"
        ],
        "count": 350.0
    },
    {
        "pset": [
            "<schema.org/description>",
            "<schema.org/itemListElement>",
            "<schema.org/name>",
            "<schema.org/url>",
            "isa:<schema.org/ItemList>",
            "isa:<schema.org/VideoGallery>"
        ],
        "count": 169.0
    },
    {
        "pset": [
            "<schema.org/mainEntity>",
            "<schema.org/name>",
            "<schema.org/url>",
            "isa:<schema.org/VideoGallery>"
        ],
        "count": 102.0
    },
    {
        "pset": [
            "<schema.org/breadcrumb>",
            "<schema.org/description>",
            "<schema.org/mainEntity>",
            "<schema.org/name>",
            "<schema.org/primaryImageOfPage>",
            "isa:<schema.org/VideoGallery>"
        ],
        "count": 93.0
    },
    {
        "pset": [
            "isa:<schema.org/VideoGallery>"
        ],
        "count": 57.0
    },
    {
        "pset": [
            "<schema.org/video>",
            "isa:<schema.org/VideoGallery>"
        ],
        "count": 56.0
    },
    {
        "pset": [
            "<schema.org/url>",
            "<schema.org/video>",
            "isa:<schema.org/VideoGallery>"
        ],
        "count": 34.0
    },
    {
        "pset": [
            "<schema.org/breadcrumb>",
            "<schema.org/mainEntity>",
            "<schema.org/name>",
            "<schema.org/url>",
            "isa:<schema.org/VideoGallery>"
        ],
        "count": 24.0
    },
    {
        "pset": [
            "<schema.org/associatedMedia>",
            "isa:<schema.org/VideoGallery>"
        ],
        "count": 20.0
    },
    {
        "pset": [
            "<schema.org/author>",
            "<schema.org/description>",
            "<schema.org/name>",
            "isa:<schema.org/VideoGallery>"
        ],
        "count": 19.0
    },
    {
        "pset": [
            "<schema.org/description>",
            "<schema.org/image>",
            "<schema.org/name>",
            "isa:<schema.org/VideoGallery>"
        ],
        "count": 17.0
    },
    {
        "pset": [
            "<schema.org/name>",
            "<schema.org/url>",
            "isa:<schema.org/VideoGallery>"
        ],
        "count": 12.0
    },
    {
        "pset": [
            "<schema.org/breadcrumb>",
            "isa:<schema.org/VideoGallery>"
        ],
        "count": 11.0
    },
    {
        "pset": [
            "<schema.org/description>",
            "<schema.org/image>",
            "<schema.org/name>",
            "<schema.org/url>",
            "isa:<schema.org/VideoGallery>"
        ],
        "count": 10.0
    },
    {
        "pset": [
            "<schema.org/copyrightHolder>",
            "<schema.org/copyrightYear>",
            "<schema.org/datePublished>",
            "<schema.org/headline>",
            "<schema.org/image>",
            "<schema.org/inLanguage>",
            "<schema.org/keywords>",
            "<schema.org/name>",
            "<schema.org/provider>",
            "<schema.org/publisher>",
            "<schema.org/sourceOrganization>",
            "<schema.org/url>",
            "isa:<schema.org/VideoGallery>"
        ],
        "count": 7.0
    },
    {
        "pset": [
            "<schema.org/License>",
            "<schema.org/about>",
            "<schema.org/name>",
            "isa:<schema.org/VideoGallery>"
        ],
        "count": 5.0
    },
    {
        "pset": [
            "<schema.org/description>",
            "<schema.org/hasPart>",
            "<schema.org/name>",
            "<schema.org/url>",
            "isa:<schema.org/VideoGallery>"
        ],
        "count": 5.0
    },
    {
        "pset": [
            "<schema.org/copyrightHolder>",
            "<schema.org/image>",
            "<schema.org/name>",
            "<schema.org/primaryImageOfPage>",
            "isa:<schema.org/VideoGallery>"
        ],
        "count": 5.0
    },
    {
        "pset": [
            "<schema.org/about>",
            "<schema.org/description>",
            "<schema.org/image>",
            "<schema.org/mainEntityOfPage>",
            "<schema.org/name>",
            "<schema.org/sourceOrganization>",
            "<schema.org/url>",
            "isa:<schema.org/VideoGallery>"
        ],
        "count": 5.0
    },
    {
        "pset": [
            "<schema.org/copyrightHolder>",
            "<schema.org/copyrightYear>",
            "<schema.org/datePublished>",
            "<schema.org/description>",
            "<schema.org/headline>",
            "<schema.org/image>",
            "<schema.org/inLanguage>",
            "<schema.org/name>",
            "<schema.org/provider>",
            "<schema.org/publisher>",
            "<schema.org/sourceOrganization>",
            "<schema.org/url>",
            "isa:<schema.org/VideoGallery>"
        ],
        "count": 4.0
    },
    {
        "pset": [
            "<schema.org/description>",
            "<schema.org/name>",
            "<schema.org/thumbnailUrl>",
            "<schema.org/url>",
            "isa:<schema.org/VideoGallery>"
        ],
        "count": 3.0
    },
    {
        "pset": [
            "<schema.org/breadcrumb>",
            "<schema.org/isPartOf>",
            "<schema.org/name>",
            "<schema.org/sdDatePublished>",
            "<schema.org/sdPublisher>",
            "<schema.org/specialty>",
            "<schema.org/url>",
            "<schema.org/video>",
            "isa:<schema.org/VideoGallery>"
        ],
        "count": 2.0
    },
    {
        "pset": [
            "<schema.org/associatedMedia>",
            "<schema.org/position>",
            "<schema.org/url>",
            "isa:<schema.org/VideoGallery>"
        ],
        "count": 2.0
    },
    {
        "pset": [
            "<schema.org/author>",
            "<schema.org/dateCreated>",
            "<schema.org/dateModified>",
            "<schema.org/datePublished>",
            "<schema.org/description>",
            "<schema.org/headline>",
            "<schema.org/image>",
            "<schema.org/inLanguage>",
            "<schema.org/mainEntityOfPage>",
            "<schema.org/name>",
            "<schema.org/potentialAction>",
            "<schema.org/primaryImageOfPage>",
            "<schema.org/publisher>",
            "<schema.org/sameAs>",
            "<schema.org/text>",
            "<schema.org/thumbnailUrl>",
            "<schema.org/url>",
            "isa:<schema.org/VideoGallery>"
        ],
        "count": 2.0
    },
    {
        "pset": [
            "<schema.org/about>",
            "<schema.org/author>",
            "<schema.org/description>",
            "<schema.org/hasPart>",
            "<schema.org/keywords>",
            "<schema.org/name>",
            "<schema.org/sameAs>",
            "<schema.org/url>",
            "isa:<schema.org/VideoGallery>"
        ],
        "count": 2.0
    },
    {
        "pset": [
            "<schema.org/author>",
            "<schema.org/copyrightHolder>",
            "<schema.org/copyrightYear>",
            "<schema.org/creator>",
            "<schema.org/dateModified>",
            "<schema.org/datePublished>",
            "<schema.org/description>",
            "<schema.org/headline>",
            "<schema.org/image>",
            "<schema.org/inLanguage>",
            "<schema.org/mainEntityOfPage>",
            "<schema.org/name>",
            "<schema.org/potentialAction>",
            "<schema.org/publisher>",
            "<schema.org/url>",
            "isa:<schema.org/VideoGallery>"
        ],
        "count": 2.0
    },
    {
        "pset": [
            "<schema.org/breadcrumb>",
            "<schema.org/mainEntity>",
            "<schema.org/name>",
            "<schema.org/primaryImageOfPage>",
            "isa:<schema.org/VideoGallery>"
        ],
        "count": 2.0
    },
    {
        "pset": [
            "<schema.org/copyrightHolder>",
            "<schema.org/copyrightYear>",
            "<schema.org/datePublished>",
            "<schema.org/description>",
            "<schema.org/headline>",
            "<schema.org/image>",
            "<schema.org/keywords>",
            "<schema.org/name>",
            "<schema.org/provider>",
            "<schema.org/publisher>",
            "<schema.org/sourceOrganization>",
            "isa:<schema.org/VideoGallery>"
        ],
        "count": 2.0
    },
    {
        "pset": [
            "<schema.org/author>",
            "<schema.org/copyrightHolder>",
            "<schema.org/copyrightYear>",
            "<schema.org/creator>",
            "<schema.org/dateModified>",
            "<schema.org/datePublished>",
            "<schema.org/description>",
            "<schema.org/headline>",
            "<schema.org/inLanguage>",
            "<schema.org/mainEntityOfPage>",
            "<schema.org/name>",
            "<schema.org/publisher>",
            "<schema.org/url>",
            "isa:<schema.org/VideoGallery>"
        ],
        "count": 2.0
    },
    {
        "pset": [
            "<schema.org/about>",
            "<schema.org/audience>",
            "<schema.org/author>",
            "<schema.org/dateCreated>",
            "<schema.org/dateModified>",
            "<schema.org/inLanguage>",
            "<schema.org/isFamilyFriendly>",
            "<schema.org/keywords>",
            "<schema.org/lastReviewed>",
            "<schema.org/mainContentOfPage>",
            "<schema.org/mainEntity>",
            "<schema.org/specialty>",
            "isa:<schema.org/VideoGallery>"
        ],
        "count": 1.0
    },
    {
        "pset": [
            "<schema.org/about>",
            "<schema.org/author>",
            "<schema.org/creator>",
            "<schema.org/description>",
            "<schema.org/inLanguage>",
            "<schema.org/mainEntityOfPage>",
            "<schema.org/name>",
            "<schema.org/provider>",
            "<schema.org/url>",
            "<schema.org/video>",
            "isa:<schema.org/VideoGallery>"
        ],
        "count": 1.0
    },
    {
        "pset": [
            "<schema.org/description>",
            "<schema.org/headline>",
            "<schema.org/image>",
            "<schema.org/inLanguage>",
            "<schema.org/mainEntity>",
            "<schema.org/publisher>",
            "<schema.org/url>",
            "isa:<schema.org/VideoGallery>"
        ],
        "count": 1.0
    },
    {
        "pset": [
            "<schema.org/author>",
            "<schema.org/dateModified>",
            "<schema.org/datePublished>",
            "<schema.org/inLanguage>",
            "<schema.org/isPartOf>",
            "<schema.org/name>",
            "<schema.org/primaryImageOfPage>",
            "<schema.org/url>",
            "isa:<schema.org/VideoGallery>"
        ],
        "count": 1.0
    },
    {
        "pset": [
            "<schema.org/about>",
            "<schema.org/inLanguage>",
            "<schema.org/name>",
            "<schema.org/potentialAction>",
            "<schema.org/provider>",
            "<schema.org/publisher>",
            "<schema.org/url>",
            "isa:<schema.org/VideoGallery>"
        ],
        "count": 1.0
    },
    {
        "pset": [
            "<schema.org/description>",
            "<schema.org/name>",
            "isa:<schema.org/VideoGallery>"
        ],
        "count": 1.0
    },
    {
        "pset": [
            "<schema.org/description>",
            "isa:<schema.org/VideoGallery>"
        ],
        "count": 1.0
    },
    {
        "pset": [
            "<schema.org/alternativeheadline>",
            "<schema.org/author>",
            "<schema.org/breadcrumb>",
            "<schema.org/description>",
            "<schema.org/disambiguatingDescription>",
            "<schema.org/hasPart>",
            "<schema.org/headline>",
            "<schema.org/inLanguage>",
            "<schema.org/isPartOf>",
            "<schema.org/mainEntity>",
            "<schema.org/name>",
            "<schema.org/primaryImageOfPage>",
            "<schema.org/specialty>",
            "<schema.org/thumbnailUrl>",
            "<schema.org/url>",
            "isa:<schema.org/VideoGallery>"
        ],
        "count": 1.0
    },
    {
        "pset": [
            "<schema.org/about>",
            "<schema.org/author>",
            "<schema.org/countryOfOrigin>",
            "<schema.org/dateCreated>",
            "<schema.org/dateModified>",
            "<schema.org/datePublished>",
            "<schema.org/description>",
            "<schema.org/inLanguage>",
            "<schema.org/isAccessibleForFree>",
            "<schema.org/isFamilyFriendly>",
            "<schema.org/keywords>",
            "<schema.org/license>",
            "<schema.org/name>",
            "<schema.org/producer>",
            "<schema.org/publisher>",
            "<schema.org/thumbnailUrl>",
            "<schema.org/url>",
            "<schema.org/video>",
            "isa:<schema.org/VideoGallery>"
        ],
        "count": 1.0
    },
    {
        "pset": [
            "<schema.org/description>",
            "<schema.org/mainContentOfPage>",
            "<schema.org/name>",
            "<schema.org/url>",
            "isa:<schema.org/VideoGallery>"
        ],
        "count": 1.0
    },
    {
        "pset": [
            "<schema.org/description>",
            "<schema.org/image>",
            "<schema.org/name>",
            "<schema.org/publisher>",
            "<schema.org/sameAs>",
            "<schema.org/url>",
            "<schema.org/video>",
            "isa:<schema.org/VideoGallery>"
        ],
        "count": 1.0
    },
    {
        "pset": [
            "<schema.org/alternateName>",
            "<schema.org/author>",
            "<schema.org/dateCreated>",
            "<schema.org/dateModified>",
            "<schema.org/datePublished>",
            "<schema.org/description>",
            "<schema.org/headline>",
            "<schema.org/image>",
            "<schema.org/inLanguage>",
            "<schema.org/isFamilyFriendly>",
            "<schema.org/keywords>",
            "<schema.org/mainEntityOfPage>",
            "<schema.org/name>",
            "<schema.org/potentialAction>",
            "<schema.org/primaryImageOfPage>",
            "<schema.org/publisher>",
            "<schema.org/sameAs>",
            "<schema.org/text>",
            "<schema.org/thumbnailUrl>",
            "<schema.org/url>",
            "isa:<schema.org/VideoGallery>"
        ],
        "count": 1.0
    },
    {
        "pset": [
            "<schema.org/breadcrumb>",
            "<schema.org/name>",
            "<schema.org/video>",
            "isa:<schema.org/VideoGallery>"
        ],
        "count": 1.0
    },
    {
        "pset": [
            "<schema.org/about>",
            "<schema.org/author>",
            "<schema.org/countryOfOrigin>",
            "<schema.org/creator>",
            "<schema.org/dateCreated>",
            "<schema.org/datePublished>",
            "<schema.org/description>",
            "<schema.org/inLanguage>",
            "<schema.org/isAccessibleForFree>",
            "<schema.org/isFamilyFriendly>",
            "<schema.org/keywords>",
            "<schema.org/name>",
            "<schema.org/producer>",
            "<schema.org/publisher>",
            "<schema.org/thumbnailUrl>",
            "<schema.org/url>",
            "<schema.org/video>",
            "isa:<schema.org/VideoGallery>"
        ],
        "count": 1.0
    },
    {
        "pset": [
            "<schema.org/image>",
            "isa:<schema.org/VideoGallery>"
        ],
        "count": 1.0
    },
    {
        "pset": [
            "<schema.org/copyrightHolder>",
            "<schema.org/copyrightYear>",
            "<schema.org/description>",
            "<schema.org/image>",
            "<schema.org/name>",
            "<schema.org/url>",
            "isa:<schema.org/VideoGallery>"
        ],
        "count": 1.0
    },
    {
        "pset": [
            "<schema.org/breadcrumb>",
            "<schema.org/isPartOf>",
            "<schema.org/name>",
            "<schema.org/relatedLink>",
            "<schema.org/sdDatePublished>",
            "<schema.org/sdPublisher>",
            "<schema.org/significantLink>",
            "<schema.org/specialty>",
            "<schema.org/url>",
            "<schema.org/video>",
            "isa:<schema.org/VideoGallery>"
        ],
        "count": 1.0
    },
    {
        "pset": [
            "<schema.org/about>",
            "<schema.org/description>",
            "<schema.org/image>",
            "<schema.org/name>",
            "<schema.org/potentialAction>",
            "<schema.org/publisher>",
            "<schema.org/url>",
            "<schema.org/video>",
            "isa:<schema.org/VideoGallery>"
        ],
        "count": 1.0
    },
    {
        "pset": [
            "<schema.org/isPartOf>",
            "<schema.org/mainEntity>",
            "isa:<schema.org/VideoGallery>"
        ],
        "count": 1.0
    },
    {
        "pset": [
            "<schema.org/author>",
            "<schema.org/dateCreated>",
            "<schema.org/dateModified>",
            "<schema.org/datePublished>",
            "<schema.org/description>",
            "<schema.org/headline>",
            "<schema.org/inLanguage>",
            "<schema.org/mainEntityOfPage>",
            "<schema.org/name>",
            "<schema.org/potentialAction>",
            "<schema.org/publisher>",
            "<schema.org/sameAs>",
            "<schema.org/url>",
            "isa:<schema.org/VideoGallery>"
        ],
        "count": 1.0
    },
    {
        "pset": [
            "<schema.org/breadcrumb>",
            "<schema.org/isPartOf>",
            "<schema.org/name>",
            "<schema.org/relatedLink>",
            "<schema.org/sdDatePublished>",
            "<schema.org/sdPublisher>",
            "<schema.org/significantLink>",
            "<schema.org/specialty>",
            "<schema.org/url>",
            "<schema.org/version>",
            "<schema.org/video>",
            "isa:<schema.org/VideoGallery>"
        ],
        "count": 1.0
    }
]