[
    {
        "pset": [
            "<schema.org/url>",
            "isa:<schema.org/VirtualLocation>"
        ],
        "count": 3268007.0
    },
    {
        "pset": [
            "<schema.org/name>",
            "<schema.org/url>",
            "isa:<schema.org/VirtualLocation>"
        ],
        "count": 256342.0
    },
    {
        "pset": [
            "isa:<schema.org/VirtualLocation>"
        ],
        "count": 11316.0
    },
    {
        "pset": [
            "<schema.org/description>",
            "<schema.org/image>",
            "<schema.org/name>",
            "<schema.org/url>",
            "isa:<schema.org/VirtualLocation>"
        ],
        "count": 10953.0
    },
    {
        "pset": [
            "<schema.org/breadcrumb>",
            "<schema.org/dateModified>",
            "<schema.org/datePublished>",
            "<schema.org/description>",
            "<schema.org/inLanguage>",
            "<schema.org/isPartOf>",
            "<schema.org/mainEntityOfPage>",
            "<schema.org/name>",
            "<schema.org/potentialAction>",
            "<schema.org/primaryImageOfPage>",
            "<schema.org/url>",
            "isa:<schema.org/VirtualLocation>",
            "isa:<schema.org/WebPage>"
        ],
        "count": 9536.0
    },
    {
        "pset": [
            "<schema.org/breadcrumb>",
            "<schema.org/dateModified>",
            "<schema.org/datePublished>",
            "<schema.org/inLanguage>",
            "<schema.org/isPartOf>",
            "<schema.org/mainEntityOfPage>",
            "<schema.org/name>",
            "<schema.org/potentialAction>",
            "<schema.org/primaryImageOfPage>",
            "<schema.org/url>",
            "isa:<schema.org/VirtualLocation>",
            "isa:<schema.org/WebPage>"
        ],
        "count": 7600.0
    },
    {
        "pset": [
            "<schema.org/author>",
            "<schema.org/breadcrumb>",
            "<schema.org/dateModified>",
            "<schema.org/datePublished>",
            "<schema.org/inLanguage>",
            "<schema.org/isPartOf>",
            "<schema.org/mainEntityOfPage>",
            "<schema.org/name>",
            "<schema.org/potentialAction>",
            "<schema.org/primaryImageOfPage>",
            "<schema.org/url>",
            "isa:<schema.org/VirtualLocation>",
            "isa:<schema.org/WebPage>"
        ],
        "count": 3389.0
    },
    {
        "pset": [
            "<schema.org/address>",
            "isa:<schema.org/VirtualLocation>"
        ],
        "count": 2721.0
    },
    {
        "pset": [
            "<schema.org/dateModified>",
            "<schema.org/datePublished>",
            "<schema.org/description>",
            "<schema.org/inLanguage>",
            "<schema.org/isPartOf>",
            "<schema.org/mainEntityOfPage>",
            "<schema.org/name>",
            "<schema.org/potentialAction>",
            "<schema.org/primaryImageOfPage>",
            "<schema.org/url>",
            "isa:<schema.org/VirtualLocation>",
            "isa:<schema.org/WebPage>"
        ],
        "count": 2013.0
    },
    {
        "pset": [
            "<schema.org/breadcrumb>",
            "<schema.org/dateModified>",
            "<schema.org/datePublished>",
            "<schema.org/inLanguage>",
            "<schema.org/isPartOf>",
            "<schema.org/mainEntityOfPage>",
            "<schema.org/name>",
            "<schema.org/potentialAction>",
            "<schema.org/url>",
            "isa:<schema.org/VirtualLocation>",
            "isa:<schema.org/WebPage>"
        ],
        "count": 1653.0
    },
    {
        "pset": [
            "<schema.org/address>",
            "<schema.org/name>",
            "isa:<schema.org/VirtualLocation>"
        ],
        "count": 1640.0
    },
    {
        "pset": [
            "<schema.org/address>",
            "<schema.org/name>",
            "<schema.org/url>",
            "isa:<schema.org/VirtualLocation>"
        ],
        "count": 1628.0
    },
    {
        "pset": [
            "<schema.org/description>",
            "<schema.org/name>",
            "<schema.org/sameAs>",
            "<schema.org/telephone>",
            "<schema.org/url>",
            "isa:<schema.org/VirtualLocation>"
        ],
        "count": 1361.0
    },
    {
        "pset": [
            "<schema.org/author>",
            "<schema.org/breadcrumb>",
            "<schema.org/dateModified>",
            "<schema.org/datePublished>",
            "<schema.org/description>",
            "<schema.org/inLanguage>",
            "<schema.org/isPartOf>",
            "<schema.org/mainEntityOfPage>",
            "<schema.org/name>",
            "<schema.org/potentialAction>",
            "<schema.org/primaryImageOfPage>",
            "<schema.org/url>",
            "isa:<schema.org/VirtualLocation>",
            "isa:<schema.org/WebPage>"
        ],
        "count": 1338.0
    },
    {
        "pset": [
            "<schema.org/description>",
            "<schema.org/name>",
            "<schema.org/url>",
            "isa:<schema.org/VirtualLocation>"
        ],
        "count": 1199.0
    },
    {
        "pset": [
            "<schema.org/author>",
            "<schema.org/breadcrumb>",
            "<schema.org/dateModified>",
            "<schema.org/datePublished>",
            "<schema.org/inLanguage>",
            "<schema.org/isPartOf>",
            "<schema.org/mainEntityOfPage>",
            "<schema.org/name>",
            "<schema.org/potentialAction>",
            "<schema.org/url>",
            "isa:<schema.org/VirtualLocation>",
            "isa:<schema.org/WebPage>"
        ],
        "count": 1014.0
    },
    {
        "pset": [
            "<schema.org/description>",
            "<schema.org/url>",
            "isa:<schema.org/VirtualLocation>"
        ],
        "count": 940.0
    },
    {
        "pset": [
            "<schema.org/name>",
            "isa:<schema.org/VirtualLocation>"
        ],
        "count": 924.0
    },
    {
        "pset": [
            "<schema.org/address>",
            "<schema.org/name>",
            "<schema.org/sameAs>",
            "<schema.org/url>",
            "isa:<schema.org/VirtualLocation>"
        ],
        "count": 776.0
    },
    {
        "pset": [
            "<schema.org/dateModified>",
            "<schema.org/datePublished>",
            "<schema.org/inLanguage>",
            "<schema.org/isPartOf>",
            "<schema.org/mainEntityOfPage>",
            "<schema.org/name>",
            "<schema.org/potentialAction>",
            "<schema.org/primaryImageOfPage>",
            "<schema.org/url>",
            "isa:<schema.org/VirtualLocation>",
            "isa:<schema.org/WebPage>"
        ],
        "count": 540.0
    },
    {
        "pset": [
            "<schema.org/alternateName>",
            "<schema.org/url>",
            "isa:<schema.org/VirtualLocation>"
        ],
        "count": 524.0
    },
    {
        "pset": [
            "<schema.org/author>",
            "<schema.org/dateModified>",
            "<schema.org/datePublished>",
            "<schema.org/description>",
            "<schema.org/inLanguage>",
            "<schema.org/isPartOf>",
            "<schema.org/mainEntityOfPage>",
            "<schema.org/name>",
            "<schema.org/potentialAction>",
            "<schema.org/primaryImageOfPage>",
            "<schema.org/url>",
            "isa:<schema.org/VirtualLocation>",
            "isa:<schema.org/WebPage>"
        ],
        "count": 435.0
    },
    {
        "pset": [
            "<schema.org/breadcrumb>",
            "<schema.org/dateModified>",
            "<schema.org/datePublished>",
            "<schema.org/description>",
            "<schema.org/inLanguage>",
            "<schema.org/isPartOf>",
            "<schema.org/mainEntityOfPage>",
            "<schema.org/name>",
            "<schema.org/potentialAction>",
            "<schema.org/url>",
            "isa:<schema.org/VirtualLocation>",
            "isa:<schema.org/WebPage>"
        ],
        "count": 429.0
    },
    {
        "pset": [
            "<schema.org/author>",
            "<schema.org/breadcrumb>",
            "<schema.org/dateModified>",
            "<schema.org/datePublished>",
            "<schema.org/description>",
            "<schema.org/inLanguage>",
            "<schema.org/isPartOf>",
            "<schema.org/mainEntityOfPage>",
            "<schema.org/name>",
            "<schema.org/potentialAction>",
            "<schema.org/url>",
            "isa:<schema.org/VirtualLocation>",
            "isa:<schema.org/WebPage>"
        ],
        "count": 293.0
    },
    {
        "pset": [
            "<schema.org/author>",
            "<schema.org/dateModified>",
            "<schema.org/datePublished>",
            "<schema.org/inLanguage>",
            "<schema.org/isPartOf>",
            "<schema.org/mainEntityOfPage>",
            "<schema.org/name>",
            "<schema.org/potentialAction>",
            "<schema.org/primaryImageOfPage>",
            "<schema.org/url>",
            "isa:<schema.org/VirtualLocation>",
            "isa:<schema.org/WebPage>"
        ],
        "count": 281.0
    },
    {
        "pset": [
            "<schema.org/sameAs>",
            "<schema.org/url>",
            "isa:<schema.org/VirtualLocation>"
        ],
        "count": 226.0
    },
    {
        "pset": [
            "<schema.org/description>",
            "<schema.org/name>",
            "<schema.org/sameAs>",
            "<schema.org/url>",
            "isa:<schema.org/VirtualLocation>"
        ],
        "count": 222.0
    },
    {
        "pset": [
            "<schema.org/dateModified>",
            "<schema.org/datePublished>",
            "<schema.org/inLanguage>",
            "<schema.org/isPartOf>",
            "<schema.org/mainEntityOfPage>",
            "<schema.org/name>",
            "<schema.org/potentialAction>",
            "<schema.org/url>",
            "isa:<schema.org/VirtualLocation>",
            "isa:<schema.org/WebPage>"
        ],
        "count": 155.0
    },
    {
        "pset": [
            "<schema.org/dateModified>",
            "<schema.org/datePublished>",
            "<schema.org/description>",
            "<schema.org/inLanguage>",
            "<schema.org/isPartOf>",
            "<schema.org/mainEntityOfPage>",
            "<schema.org/name>",
            "<schema.org/potentialAction>",
            "<schema.org/url>",
            "isa:<schema.org/VirtualLocation>",
            "isa:<schema.org/WebPage>"
        ],
        "count": 139.0
    },
    {
        "pset": [
            "<schema.org/additionalType>",
            "isa:<schema.org/VirtualLocation>"
        ],
        "count": 136.0
    },
    {
        "pset": [
            "<schema.org/description>",
            "<schema.org/duration>",
            "<schema.org/endDate>",
            "<schema.org/image>",
            "<schema.org/isAccessibleForFree>",
            "<schema.org/location>",
            "<schema.org/name>",
            "<schema.org/startDate>",
            "<schema.org/url>",
            "isa:<schema.org/BroadcastEvent>",
            "isa:<schema.org/VirtualLocation>"
        ],
        "count": 134.0
    },
    {
        "pset": [
            "<schema.org/accessCode>",
            "<schema.org/accessId>",
            "<schema.org/description>",
            "<schema.org/name>",
            "<schema.org/url>",
            "isa:<schema.org/VirtualLocation>"
        ],
        "count": 111.0
    },
    {
        "pset": [
            "<schema.org/URL>",
            "<schema.org/name>",
            "isa:<schema.org/VirtualLocation>"
        ],
        "count": 75.0
    },
    {
        "pset": [
            "<schema.org/description>",
            "<schema.org/identifier>",
            "<schema.org/name>",
            "<schema.org/url>",
            "isa:<schema.org/VirtualLocation>"
        ],
        "count": 74.0
    },
    {
        "pset": [
            "<schema.org/name>",
            "<schema.org/sameAs>",
            "<schema.org/url>",
            "isa:<schema.org/VirtualLocation>"
        ],
        "count": 69.0
    },
    {
        "pset": [
            "<schema.org/additionalType>",
            "<schema.org/url>",
            "isa:<schema.org/VirtualLocation>"
        ],
        "count": 49.0
    },
    {
        "pset": [
            "<schema.org/name>",
            "<schema.org/sameAs>",
            "isa:<schema.org/VirtualLocation>"
        ],
        "count": 47.0
    },
    {
        "pset": [
            "<schema.org/Url>",
            "isa:<schema.org/VirtualLocation>"
        ],
        "count": 46.0
    },
    {
        "pset": [
            "<schema.org/description>",
            "<schema.org/image>",
            "<schema.org/url>",
            "isa:<schema.org/VirtualLocation>"
        ],
        "count": 42.0
    },
    {
        "pset": [
            "<schema.org/geo>",
            "<schema.org/url>",
            "isa:<schema.org/VirtualLocation>"
        ],
        "count": 41.0
    },
    {
        "pset": [
            "<schema.org/image>",
            "<schema.org/url>",
            "isa:<schema.org/VirtualLocation>"
        ],
        "count": 35.0
    },
    {
        "pset": [
            "<schema.org/address>",
            "<schema.org/name>",
            "<schema.org/telephone>",
            "<schema.org/url>",
            "isa:<schema.org/VirtualLocation>"
        ],
        "count": 31.0
    },
    {
        "pset": [
            "<schema.org/label>",
            "<schema.org/url>",
            "isa:<schema.org/VirtualLocation>"
        ],
        "count": 28.0
    },
    {
        "pset": [
            "<schema.org/author>",
            "<schema.org/dateModified>",
            "<schema.org/datePublished>",
            "<schema.org/inLanguage>",
            "<schema.org/isPartOf>",
            "<schema.org/mainEntityOfPage>",
            "<schema.org/name>",
            "<schema.org/potentialAction>",
            "<schema.org/url>",
            "isa:<schema.org/VirtualLocation>",
            "isa:<schema.org/WebPage>"
        ],
        "count": 23.0
    },
    {
        "pset": [
            "<schema.org/address>",
            "<schema.org/geo>",
            "<schema.org/name>",
            "<schema.org/url>",
            "isa:<schema.org/VirtualLocation>"
        ],
        "count": 21.0
    },
    {
        "pset": [
            "<schema.org/author>",
            "<schema.org/breadcrumb>",
            "<schema.org/creator>",
            "<schema.org/dateModified>",
            "<schema.org/datePublished>",
            "<schema.org/description>",
            "<schema.org/image>",
            "<schema.org/inLanguage>",
            "<schema.org/isPartOf>",
            "<schema.org/name>",
            "<schema.org/primaryImageOfPage>",
            "<schema.org/url>",
            "isa:<schema.org/VirtualLocation>",
            "isa:<schema.org/WebPage>"
        ],
        "count": 20.0
    },
    {
        "pset": [
            "<schema.org/URL>",
            "isa:<schema.org/VirtualLocation>"
        ],
        "count": 17.0
    },
    {
        "pset": [
            "<schema.org/address>",
            "<schema.org/url>",
            "isa:<schema.org/VirtualLocation>"
        ],
        "count": 14.0
    },
    {
        "pset": [
            "<schema.org/image>",
            "<schema.org/mainEntityOfPage>",
            "<schema.org/name>",
            "<schema.org/url>",
            "isa:<schema.org/VirtualLocation>"
        ],
        "count": 10.0
    },
    {
        "pset": [
            "<schema.org/image>",
            "<schema.org/name>",
            "isa:<schema.org/VirtualLocation>"
        ],
        "count": 10.0
    },
    {
        "pset": [
            "<schema.org/name>",
            "<schema.org/telephone>",
            "<schema.org/url>",
            "isa:<schema.org/VirtualLocation>"
        ],
        "count": 7.0
    },
    {
        "pset": [
            "<schema.org/description>",
            "<schema.org/eventAttendanceMode>",
            "<schema.org/eventStatus>",
            "<schema.org/image>",
            "<schema.org/name>",
            "<schema.org/organizer>",
            "<schema.org/url>",
            "isa:<schema.org/VirtualLocation>"
        ],
        "count": 7.0
    },
    {
        "pset": [
            "<schema.org/location.url>",
            "<schema.org/url>",
            "isa:<schema.org/VirtualLocation>"
        ],
        "count": 7.0
    },
    {
        "pset": [
            "<schema.org/address>",
            "<schema.org/description>",
            "<schema.org/name>",
            "<schema.org/sameAs>",
            "<schema.org/telephone>",
            "<schema.org/url>",
            "isa:<schema.org/VirtualLocation>"
        ],
        "count": 6.0
    },
    {
        "pset": [
            "<schema.org/identifier>",
            "<schema.org/name>",
            "<schema.org/url>",
            "isa:<schema.org/VirtualLocation>"
        ],
        "count": 4.0
    },
    {
        "pset": [
            "<schema.org/about>",
            "<schema.org/breadcrumb>",
            "<schema.org/dateModified>",
            "<schema.org/datePublished>",
            "<schema.org/description>",
            "<schema.org/inLanguage>",
            "<schema.org/isPartOf>",
            "<schema.org/mainEntityOfPage>",
            "<schema.org/name>",
            "<schema.org/potentialAction>",
            "<schema.org/primaryImageOfPage>",
            "<schema.org/url>",
            "isa:<schema.org/VirtualLocation>",
            "isa:<schema.org/WebPage>"
        ],
        "count": 4.0
    },
    {
        "pset": [
            "<schema.org/author>",
            "<schema.org/dateModified>",
            "<schema.org/datePublished>",
            "<schema.org/inLanguage>",
            "<schema.org/isPartOf>",
            "<schema.org/name>",
            "<schema.org/potentialAction>",
            "<schema.org/primaryImageOfPage>",
            "<schema.org/url>",
            "isa:<schema.org/VirtualLocation>",
            "isa:<schema.org/WebPage>"
        ],
        "count": 2.0
    },
    {
        "pset": [
            "<schema.org/image>",
            "<schema.org/name>",
            "<schema.org/url>",
            "isa:<schema.org/VirtualLocation>"
        ],
        "count": 2.0
    },
    {
        "pset": [
            "<schema.org/breadcrumb>",
            "<schema.org/dateModified>",
            "<schema.org/datePublished>",
            "<schema.org/description>",
            "<schema.org/inLanguage>",
            "<schema.org/isPartOf>",
            "<schema.org/name>",
            "<schema.org/potentialAction>",
            "<schema.org/primaryImageOfPage>",
            "<schema.org/url>",
            "isa:<schema.org/VirtualLocation>",
            "isa:<schema.org/WebPage>"
        ],
        "count": 2.0
    },
    {
        "pset": [
            "<schema.org/author>",
            "<schema.org/breadcrumb>",
            "<schema.org/dateModified>",
            "<schema.org/datePublished>",
            "<schema.org/inLanguage>",
            "<schema.org/isPartOf>",
            "<schema.org/name>",
            "<schema.org/potentialAction>",
            "<schema.org/primaryImageOfPage>",
            "<schema.org/url>",
            "isa:<schema.org/VirtualLocation>",
            "isa:<schema.org/WebPage>"
        ],
        "count": 2.0
    },
    {
        "pset": [
            "<schema.org/address>",
            "<schema.org/image>",
            "<schema.org/url>",
            "isa:<schema.org/VirtualLocation>"
        ],
        "count": 2.0
    },
    {
        "pset": [
            "<schema.org/description>",
            "<schema.org/eventAttendanceMode>",
            "<schema.org/name>",
            "<schema.org/performer>",
            "<schema.org/startDate>",
            "<schema.org/url>",
            "isa:<schema.org/VirtualLocation>"
        ],
        "count": 2.0
    },
    {
        "pset": [
            "<schema.org/URL>",
            "<schema.org/description>",
            "<schema.org/identifier>",
            "<schema.org/image>",
            "<schema.org/name>",
            "isa:<schema.org/VirtualLocation>"
        ],
        "count": 1.0
    },
    {
        "pset": [
            "<schema.org/additionalType>",
            "<schema.org/description>",
            "<schema.org/url>",
            "isa:<schema.org/VirtualLocation>"
        ],
        "count": 1.0
    },
    {
        "pset": [
            "<schema.org/address>",
            "<schema.org/description>",
            "<schema.org/geo>",
            "<schema.org/image>",
            "<schema.org/knowsAbout>",
            "<schema.org/memberof>",
            "<schema.org/name>",
            "<schema.org/openingHoursSpecification>",
            "<schema.org/priceRange>",
            "<schema.org/sameAs>",
            "<schema.org/seeks>",
            "<schema.org/telephone>",
            "<schema.org/url>",
            "isa:<schema.org/Place>",
            "isa:<schema.org/ProfessionalService>",
            "isa:<schema.org/VirtualLocation>",
            "isa:<schema.org/WebPage>",
            "isa:<schema.org/WebSite>"
        ],
        "count": 1.0
    },
    {
        "pset": [
            "<schema.org/link>",
            "isa:<schema.org/VirtualLocation>"
        ],
        "count": 1.0
    },
    {
        "pset": [
            "<schema.org/address>",
            "<schema.org/geo>",
            "<schema.org/url>",
            "isa:<schema.org/VirtualLocation>"
        ],
        "count": 1.0
    },
    {
        "pset": [
            "<schema.org/image>",
            "<schema.org/name>",
            "<schema.org/sameAs>",
            "isa:<schema.org/VirtualLocation>"
        ],
        "count": 1.0
    },
    {
        "pset": [
            "<schema.org/logo>",
            "<schema.org/name>",
            "<schema.org/url>",
            "isa:<schema.org/VirtualLocation>"
        ],
        "count": 1.0
    }
]