[
    {
        "pset": [
            "<schema.org/cssSelector>",
            "<schema.org/isAccessibleForFree>",
            "isa:<schema.org/WebPageElement>"
        ],
        "count": 5034925.0
    },
    {
        "pset": [
            "isa:<schema.org/WebPageElement>"
        ],
        "count": 124406.0
    },
    {
        "pset": [
            "<schema.org/name>",
            "isa:<schema.org/WebPageElement>"
        ],
        "count": 122627.0
    },
    {
        "pset": [
            "<schema.org/isAccessibleForFree>",
            "isa:<schema.org/WebPageElement>"
        ],
        "count": 116064.0
    },
    {
        "pset": [
            "<schema.org/offers>",
            "isa:<schema.org/WebPageElement>"
        ],
        "count": 87274.0
    },
    {
        "pset": [
            "<schema.org/cssSelector>",
            "isa:<schema.org/WebPageElement>"
        ],
        "count": 53446.0
    },
    {
        "pset": [
            "<schema.org/mainEntityOfPage>",
            "<schema.org/name>",
            "isa:<schema.org/WebPageElement>"
        ],
        "count": 14430.0
    },
    {
        "pset": [
            "<schema.org/mainEntity>",
            "isa:<schema.org/WebPageElement>"
        ],
        "count": 13477.0
    },
    {
        "pset": [
            "<schema.org/cssSelector>",
            "<schema.org/isAccessibleForFree>",
            "<schema.org/name>",
            "isa:<schema.org/WebPageElement>"
        ],
        "count": 12843.0
    },
    {
        "pset": [
            "<schema.org/author>",
            "<schema.org/dateModified>",
            "<schema.org/datePublished>",
            "<schema.org/description>",
            "<schema.org/headline>",
            "<schema.org/image>",
            "<schema.org/mainEntityOfPage>",
            "<schema.org/publisher>",
            "isa:<schema.org/WebPageElement>"
        ],
        "count": 11063.0
    },
    {
        "pset": [
            "<schema.org/cssSelector>",
            "<schema.org/isAccessibleForFree>",
            "<schema.org/requiresSubscription>",
            "isa:<schema.org/WebPageElement>"
        ],
        "count": 7228.0
    },
    {
        "pset": [
            "<schema.org/@offers>",
            "isa:<schema.org/WebPageElement>"
        ],
        "count": 6091.0
    },
    {
        "pset": [
            "<schema.org/@cssSelector>",
            "<schema.org/@isAccessibleForFree>",
            "isa:<schema.org/WebPageElement>"
        ],
        "count": 5920.0
    },
    {
        "pset": [
            "<schema.org/text>",
            "isa:<schema.org/WebPageElement>"
        ],
        "count": 5694.0
    },
    {
        "pset": [
            "<schema.org/headline>",
            "<schema.org/text>",
            "isa:<schema.org/WebPageElement>"
        ],
        "count": 4993.0
    },
    {
        "pset": [
            "<schema.org/about>",
            "isa:<schema.org/WebPageElement>"
        ],
        "count": 4973.0
    },
    {
        "pset": [
            "<schema.org/author>",
            "<schema.org/cssSelector>",
            "<schema.org/isAccessibleForFree>",
            "isa:<schema.org/WebPageElement>"
        ],
        "count": 4724.0
    },
    {
        "pset": [
            "<schema.org/name>",
            "<schema.org/url>",
            "isa:<schema.org/WebPageElement>"
        ],
        "count": 4640.0
    },
    {
        "pset": [
            "<schema.org/cssSelector>",
            "<schema.org/datePublished>",
            "<schema.org/isAccessibleForFree>",
            "<schema.org/url>",
            "isa:<schema.org/WebPageElement>"
        ],
        "count": 4490.0
    },
    {
        "pset": [
            "<schema.org/name>",
            "<schema.org/url>",
            "isa:<schema.org/WebPageElement>",
            "isa:<schema.org/WebSite>"
        ],
        "count": 4085.0
    },
    {
        "pset": [
            "<schema.org/cssSelector>",
            "<schema.org/potentialAction>",
            "isa:<schema.org/WebPageElement>"
        ],
        "count": 4064.0
    },
    {
        "pset": [
            "<schema.org/cssSelector>",
            "<schema.org/datePublished>",
            "<schema.org/isAccessibleForFree>",
            "isa:<schema.org/WebPageElement>"
        ],
        "count": 3766.0
    },
    {
        "pset": [
            "<schema.org/cssSelector>",
            "<schema.org/value>",
            "isa:<schema.org/WebPageElement>"
        ],
        "count": 3622.0
    },
    {
        "pset": [
            "<schema.org/datePublished>",
            "<schema.org/isAccessibleForFree>",
            "isa:<schema.org/WebPageElement>"
        ],
        "count": 3572.0
    },
    {
        "pset": [
            "<schema.org/mainEntityOfPage>",
            "isa:<schema.org/WebPageElement>"
        ],
        "count": 3416.0
    },
    {
        "pset": [
            "<schema.org/about>",
            "<schema.org/offers>",
            "<schema.org/url>",
            "isa:<schema.org/WebPageElement>"
        ],
        "count": 3039.0
    },
    {
        "pset": [
            "<schema.org/mainContentOfPage>",
            "isa:<schema.org/WebPage>",
            "isa:<schema.org/WebPageElement>"
        ],
        "count": 1585.0
    },
    {
        "pset": [
            "<schema.org/cssSelector>",
            "<schema.org/isAccessibleForFree>",
            "<schema.org/value>",
            "isa:<schema.org/WebPageElement>"
        ],
        "count": 1288.0
    },
    {
        "pset": [
            "<schema.org/isAccessibleForFree>",
            "<schema.org/xPath>",
            "isa:<schema.org/WebPageElement>"
        ],
        "count": 1165.0
    },
    {
        "pset": [
            "<schema.org/about>",
            "<schema.org/description>",
            "<schema.org/name>",
            "isa:<schema.org/WebPageElement>"
        ],
        "count": 1021.0
    },
    {
        "pset": [
            "<schema.org/cssSelector>",
            "<schema.org/isAccessibleForFree>",
            "<schema.org/name>",
            "<schema.org/sameAs>",
            "<schema.org/url>",
            "isa:<schema.org/Person>",
            "isa:<schema.org/WebPageElement>"
        ],
        "count": 1009.0
    },
    {
        "pset": [
            "<schema.org/isAccessibleForFree>",
            "<schema.org/name>",
            "isa:<schema.org/WebPageElement>"
        ],
        "count": 973.0
    },
    {
        "pset": [
            "<schema.org/xpath>",
            "isa:<schema.org/WebPageElement>"
        ],
        "count": 846.0
    },
    {
        "pset": [
            "<schema.org/url>",
            "isa:<schema.org/WebPageElement>"
        ],
        "count": 814.0
    },
    {
        "pset": [
            "<schema.org/about>",
            "<schema.org/accessibilitySummary>",
            "<schema.org/acquireLicensePage>",
            "<schema.org/alternateName>",
            "<schema.org/alternativeHeadline>",
            "<schema.org/associatedMedia>",
            "<schema.org/audience>",
            "<schema.org/author>",
            "<schema.org/contentLocation>",
            "<schema.org/contributor>",
            "<schema.org/copyrightNotice>",
            "<schema.org/copyrightYear>",
            "<schema.org/countryOfOrigin>",
            "<schema.org/creator>",
            "<schema.org/dateModified>",
            "<schema.org/datePublished>",
            "<schema.org/description>",
            "<schema.org/disambiguatingDescription>",
            "<schema.org/discussionUrl>",
            "<schema.org/headline>",
            "<schema.org/identifier>",
            "<schema.org/image>",
            "<schema.org/inLanguage>",
            "<schema.org/itemListElement>",
            "<schema.org/itemListOrder>",
            "<schema.org/keywords>",
            "<schema.org/license>",
            "<schema.org/mainContentOfPage>",
            "<schema.org/mainEntity>",
            "<schema.org/mainEntityOfPage>",
            "<schema.org/name>",
            "<schema.org/numberOfItems>",
            "<schema.org/potentialAction>",
            "<schema.org/primaryImageOfPage>",
            "<schema.org/producer>",
            "<schema.org/provider>",
            "<schema.org/relatedLink>",
            "<schema.org/sameAs>",
            "<schema.org/significantLink>",
            "<schema.org/sourceOrganization>",
            "<schema.org/speakable>",
            "<schema.org/specialty>",
            "<schema.org/subjectOf>",
            "<schema.org/url>",
            "isa:<schema.org/BreadcrumbList>",
            "isa:<schema.org/WebPage>",
            "isa:<schema.org/WebPageElement>"
        ],
        "count": 727.0
    },
    {
        "pset": [
            "<schema.org/description>",
            "<schema.org/name>",
            "isa:<schema.org/WebPageElement>"
        ],
        "count": 699.0
    },
    {
        "pset": [
            "<schema.org/datePublished>",
            "<schema.org/description>",
            "<schema.org/headline>",
            "<schema.org/text>",
            "isa:<schema.org/WebPageElement>"
        ],
        "count": 631.0
    },
    {
        "pset": [
            "<schema.org/description>",
            "isa:<schema.org/WebPageElement>"
        ],
        "count": 606.0
    },
    {
        "pset": [
            "<schema.org/accessMode>",
            "<schema.org/accessModeSufficient>",
            "<schema.org/author>",
            "<schema.org/copyrightHolder>",
            "<schema.org/copyrightYear>",
            "<schema.org/creator>",
            "<schema.org/cssSelector>",
            "<schema.org/datePublished>",
            "<schema.org/description>",
            "<schema.org/fileFormat>",
            "<schema.org/image>",
            "<schema.org/inLanguage>",
            "<schema.org/interactivityType>",
            "<schema.org/isAccessibleForFree>",
            "<schema.org/isFamilyFriendly>",
            "<schema.org/isPartOf>",
            "<schema.org/keywords>",
            "<schema.org/locationCreated>",
            "<schema.org/name>",
            "<schema.org/producer>",
            "<schema.org/provider>",
            "<schema.org/publisher>",
            "<schema.org/publishingPrinciples>",
            "<schema.org/subjectOf>",
            "<schema.org/text>",
            "<schema.org/thumbnailUrl>",
            "<schema.org/translator>",
            "<schema.org/typicalAgeRange>",
            "<schema.org/url>",
            "isa:<schema.org/WebPageElement>"
        ],
        "count": 490.0
    },
    {
        "pset": [
            "<schema.org/datePublished>",
            "<schema.org/isAccessibleForFree>",
            "<schema.org/name>",
            "<schema.org/url>",
            "isa:<schema.org/WebPageElement>"
        ],
        "count": 468.0
    },
    {
        "pset": [
            "<schema.org/image>",
            "<schema.org/mainEntityOfPage>",
            "<schema.org/name>",
            "isa:<schema.org/WebPageElement>"
        ],
        "count": 434.0
    },
    {
        "pset": [
            "<schema.org/datePublished>",
            "<schema.org/isAccessibleForFree>",
            "<schema.org/sameAs>",
            "<schema.org/url>",
            "isa:<schema.org/WebPageElement>"
        ],
        "count": 430.0
    },
    {
        "pset": [
            "<schema.org/headline>",
            "<schema.org/identifier>",
            "<schema.org/text>",
            "isa:<schema.org/WebPageElement>"
        ],
        "count": 352.0
    },
    {
        "pset": [
            "<schema.org/image>",
            "<schema.org/text>",
            "isa:<schema.org/WebPageElement>"
        ],
        "count": 346.0
    },
    {
        "pset": [
            "<schema.org/hasPart>",
            "isa:<schema.org/WebPageElement>"
        ],
        "count": 331.0
    },
    {
        "pset": [
            "<schema.org/contentLocation>",
            "<schema.org/headline>",
            "<schema.org/isBasedOn>",
            "isa:<schema.org/WebPageElement>"
        ],
        "count": 312.0
    },
    {
        "pset": [
            "<schema.org/author>",
            "<schema.org/url>",
            "isa:<schema.org/WebPageElement>"
        ],
        "count": 305.0
    },
    {
        "pset": [
            "<schema.org/description>",
            "<schema.org/name>",
            "<schema.org/position>",
            "<schema.org/url>",
            "isa:<schema.org/WebPageElement>"
        ],
        "count": 294.0
    },
    {
        "pset": [
            "<schema.org/name>",
            "<schema.org/text>",
            "isa:<schema.org/WebPageElement>"
        ],
        "count": 262.0
    },
    {
        "pset": [
            "<schema.org/isBasedOn>",
            "isa:<schema.org/WebPageElement>"
        ],
        "count": 252.0
    },
    {
        "pset": [
            "<schema.org/isAccessibleForFree>",
            "<schema.org/name>",
            "<schema.org/url>",
            "isa:<schema.org/WebPageElement>"
        ],
        "count": 182.0
    },
    {
        "pset": [
            "<schema.org/cssSelector>",
            "<schema.org/description>",
            "<schema.org/name>",
            "isa:<schema.org/WebPageElement>"
        ],
        "count": 178.0
    },
    {
        "pset": [
            "<schema.org/image>",
            "<schema.org/name>",
            "<schema.org/url>",
            "isa:<schema.org/WebPageElement>"
        ],
        "count": 169.0
    },
    {
        "pset": [
            "<schema.org/hasPart>",
            "<schema.org/name>",
            "isa:<schema.org/WebPage>",
            "isa:<schema.org/WebPageElement>"
        ],
        "count": 162.0
    },
    {
        "pset": [
            "<schema.org/Headline>",
            "<schema.org/copyrightYear>",
            "<schema.org/description>",
            "<schema.org/isFamilyFriendly>",
            "<schema.org/url>",
            "isa:<schema.org/WebPageElement>"
        ],
        "count": 158.0
    },
    {
        "pset": [
            "<schema.org/datePublished>",
            "<schema.org/isAccessibleForFree>",
            "<schema.org/url>",
            "isa:<schema.org/WebPageElement>"
        ],
        "count": 146.0
    },
    {
        "pset": [
            "<schema.org/mainEntity>",
            "<schema.org/offers>",
            "isa:<schema.org/WebPageElement>"
        ],
        "count": 146.0
    },
    {
        "pset": [
            "<schema.org/cssSelector>",
            "<schema.org/url>",
            "isa:<schema.org/WebPageElement>"
        ],
        "count": 143.0
    },
    {
        "pset": [
            "<schema.org/description>",
            "<schema.org/image>",
            "<schema.org/url>",
            "isa:<schema.org/WebPageElement>"
        ],
        "count": 137.0
    },
    {
        "pset": [
            "<schema.org/additionalType>",
            "<schema.org/contentLocation>",
            "<schema.org/dateModified>",
            "<schema.org/itemListElement>",
            "<schema.org/numberOfItems>",
            "isa:<schema.org/ItemList>",
            "isa:<schema.org/WebPageElement>"
        ],
        "count": 124.0
    },
    {
        "pset": [
            "<schema.org/description>",
            "<schema.org/image>",
            "<schema.org/name>",
            "<schema.org/url>",
            "isa:<schema.org/WebPageElement>"
        ],
        "count": 117.0
    },
    {
        "pset": [
            "<schema.org/description>",
            "<schema.org/headline>",
            "isa:<schema.org/WebPageElement>"
        ],
        "count": 114.0
    },
    {
        "pset": [
            "<schema.org/about>",
            "<schema.org/url>",
            "isa:<schema.org/WebPageElement>"
        ],
        "count": 107.0
    },
    {
        "pset": [
            "<schema.org/author>",
            "<schema.org/cssSelector>",
            "isa:<schema.org/WebPageElement>"
        ],
        "count": 107.0
    },
    {
        "pset": [
            "<schema.org/headline>",
            "<schema.org/image>",
            "<schema.org/text>",
            "isa:<schema.org/WebPageElement>"
        ],
        "count": 105.0
    },
    {
        "pset": [
            "<schema.org/headline>",
            "<schema.org/mainEntity>",
            "isa:<schema.org/WebPageElement>"
        ],
        "count": 104.0
    },
    {
        "pset": [
            "<schema.org/breadcrumb>",
            "isa:<schema.org/WebPage>",
            "isa:<schema.org/WebPageElement>"
        ],
        "count": 100.0
    },
    {
        "pset": [
            "<schema.org/additionalType>",
            "<schema.org/dateModified>",
            "<schema.org/itemListElement>",
            "<schema.org/numberOfItems>",
            "isa:<schema.org/ItemList>",
            "isa:<schema.org/WebPageElement>"
        ],
        "count": 100.0
    },
    {
        "pset": [
            "<schema.org/cssSelector>",
            "<schema.org/isAccessibleForFree>",
            "<schema.org/url>",
            "isa:<schema.org/WebPageElement>"
        ],
        "count": 96.0
    },
    {
        "pset": [
            "<schema.org/copyrightYear>",
            "<schema.org/description>",
            "<schema.org/fileFormat>",
            "<schema.org/headline>",
            "<schema.org/keywords>",
            "<schema.org/mainEntityOfPage>",
            "isa:<schema.org/WebPageElement>"
        ],
        "count": 95.0
    },
    {
        "pset": [
            "<schema.org/isBasedOn>",
            "<schema.org/keywords>",
            "isa:<schema.org/WebPageElement>"
        ],
        "count": 93.0
    },
    {
        "pset": [
            "<schema.org/@about>",
            "<schema.org/@abstract>",
            "isa:<schema.org/WebPageElement>"
        ],
        "count": 87.0
    },
    {
        "pset": [
            "<schema.org/keywords>",
            "isa:<schema.org/WebPageElement>"
        ],
        "count": 79.0
    },
    {
        "pset": [
            "<schema.org/cssSelector>",
            "<schema.org/datePublished>",
            "<schema.org/isAccessibleForFree>",
            "<schema.org/name>",
            "<schema.org/sameAs>",
            "<schema.org/url>",
            "isa:<schema.org/WebPageElement>"
        ],
        "count": 78.0
    },
    {
        "pset": [
            "<schema.org/offers>",
            "<schema.org/url>",
            "isa:<schema.org/WebPageElement>"
        ],
        "count": 75.0
    },
    {
        "pset": [
            "<schema.org/description>",
            "<schema.org/name>",
            "<schema.org/url>",
            "isa:<schema.org/WebPageElement>"
        ],
        "count": 73.0
    },
    {
        "pset": [
            "<schema.org/mainEntity>",
            "<schema.org/name>",
            "<schema.org/position>",
            "isa:<schema.org/WebPageElement>"
        ],
        "count": 72.0
    },
    {
        "pset": [
            "<schema.org/alternativeHeadline>",
            "<schema.org/headline>",
            "<schema.org/name>",
            "isa:<schema.org/WebPageElement>"
        ],
        "count": 63.0
    },
    {
        "pset": [
            "<schema.org/hasPart>",
            "<schema.org/identifier>",
            "<schema.org/name>",
            "<schema.org/position>",
            "<schema.org/text>",
            "isa:<schema.org/WebPageElement>"
        ],
        "count": 62.0
    },
    {
        "pset": [
            "<schema.org/datePublished>",
            "<schema.org/isAccessibleForFree>",
            "<schema.org/name>",
            "<schema.org/sameAs>",
            "<schema.org/url>",
            "isa:<schema.org/WebPageElement>"
        ],
        "count": 61.0
    },
    {
        "pset": [
            "<schema.org/image>",
            "<schema.org/name>",
            "<schema.org/subjectOf>",
            "isa:<schema.org/WebPageElement>"
        ],
        "count": 56.0
    },
    {
        "pset": [
            "<schema.org/description>",
            "<schema.org/headline>",
            "<schema.org/image>",
            "isa:<schema.org/WebPageElement>"
        ],
        "count": 44.0
    },
    {
        "pset": [
            "<schema.org/description>",
            "<schema.org/headline>",
            "<schema.org/image>",
            "<schema.org/url>",
            "isa:<schema.org/WebPageElement>"
        ],
        "count": 39.0
    },
    {
        "pset": [
            "<schema.org/mainEntity>",
            "<schema.org/name>",
            "isa:<schema.org/WebPageElement>"
        ],
        "count": 39.0
    },
    {
        "pset": [
            "<schema.org/headline>",
            "<schema.org/mainEntity>",
            "<schema.org/url>",
            "isa:<schema.org/WebPageElement>"
        ],
        "count": 36.0
    },
    {
        "pset": [
            "<schema.org/potentialAction>",
            "isa:<schema.org/WebPageElement>"
        ],
        "count": 34.0
    },
    {
        "pset": [
            "<schema.org/hasPart>",
            "<schema.org/name>",
            "isa:<schema.org/WebPageElement>"
        ],
        "count": 31.0
    },
    {
        "pset": [
            "<schema.org/about>",
            "<schema.org/image>",
            "<schema.org/isPartOf>",
            "<schema.org/sameAs>",
            "isa:<schema.org/WebPageElement>"
        ],
        "count": 29.0
    },
    {
        "pset": [
            "<schema.org/description>",
            "<schema.org/isAccessibleForFree>",
            "<schema.org/name>",
            "isa:<schema.org/WebPageElement>"
        ],
        "count": 29.0
    },
    {
        "pset": [
            "<schema.org/identifier>",
            "<schema.org/mainEntityOfPage>",
            "<schema.org/name>",
            "<schema.org/position>",
            "<schema.org/text>",
            "isa:<schema.org/WebPageElement>"
        ],
        "count": 28.0
    },
    {
        "pset": [
            "<schema.org/description>",
            "<schema.org/hasPart>",
            "<schema.org/name>",
            "isa:<schema.org/Collection>",
            "isa:<schema.org/WebPageElement>",
            "isa:<schema.org/itemList>"
        ],
        "count": 28.0
    },
    {
        "pset": [
            "<schema.org/description>",
            "<schema.org/keywords>",
            "isa:<schema.org/WebPageElement>"
        ],
        "count": 28.0
    },
    {
        "pset": [
            "<schema.org/additionalType>",
            "<schema.org/hasPart>",
            "<schema.org/name>",
            "isa:<schema.org/Collection>",
            "isa:<schema.org/WebPageElement>"
        ],
        "count": 28.0
    },
    {
        "pset": [
            "<schema.org/alternativeHeadline>",
            "<schema.org/headline>",
            "<schema.org/name>",
            "<schema.org/position>",
            "isa:<schema.org/WebPageElement>"
        ],
        "count": 27.0
    },
    {
        "pset": [
            "<schema.org/headline>",
            "isa:<schema.org/WebPageElement>"
        ],
        "count": 27.0
    },
    {
        "pset": [
            "<schema.org/isAccessibleForFree>",
            "<schema.org/logo>",
            "<schema.org/name>",
            "<schema.org/publisher>",
            "<schema.org/url>",
            "isa:<schema.org/Organization>",
            "isa:<schema.org/WebPageElement>",
            "isa:<schema.org/WebSite>"
        ],
        "count": 25.0
    },
    {
        "pset": [
            "<schema.org/identifier>",
            "<schema.org/name>",
            "<schema.org/position>",
            "<schema.org/text>",
            "<schema.org/url>",
            "isa:<schema.org/WebPageElement>"
        ],
        "count": 24.0
    },
    {
        "pset": [
            "<schema.org/name>",
            "<schema.org/sameAs>",
            "<schema.org/url>",
            "isa:<schema.org/WebPageElement>"
        ],
        "count": 22.0
    },
    {
        "pset": [
            "<schema.org/description>",
            "<schema.org/isAccessibleForFree>",
            "<schema.org/name>",
            "<schema.org/publisher>",
            "isa:<schema.org/WebPage>",
            "isa:<schema.org/WebPageElement>"
        ],
        "count": 21.0
    },
    {
        "pset": [
            "<schema.org/name>",
            "<schema.org/position>",
            "<schema.org/url>",
            "isa:<schema.org/WebPageElement>"
        ],
        "count": 20.0
    },
    {
        "pset": [
            "<schema.org/about>",
            "<schema.org/description>",
            "<schema.org/hasPart>",
            "<schema.org/image>",
            "<schema.org/mentions>",
            "isa:<schema.org/WebPageElement>"
        ],
        "count": 18.0
    },
    {
        "pset": [
            "<schema.org/identifier>",
            "<schema.org/text>",
            "isa:<schema.org/WebPageElement>"
        ],
        "count": 18.0
    },
    {
        "pset": [
            "<schema.org/description>",
            "<schema.org/keywords>",
            "<schema.org/name>",
            "isa:<schema.org/WebPageElement>"
        ],
        "count": 17.0
    },
    {
        "pset": [
            "<schema.org/description>",
            "<schema.org/headline>",
            "<schema.org/name>",
            "isa:<schema.org/WebPageElement>"
        ],
        "count": 13.0
    },
    {
        "pset": [
            "<schema.org/headline>",
            "<schema.org/name>",
            "isa:<schema.org/WebPageElement>"
        ],
        "count": 12.0
    },
    {
        "pset": [
            "<schema.org/headline>",
            "<schema.org/identifier>",
            "<schema.org/mainEntityOfPage>",
            "<schema.org/name>",
            "<schema.org/position>",
            "<schema.org/text>",
            "isa:<schema.org/WebPageElement>"
        ],
        "count": 10.0
    },
    {
        "pset": [
            "<schema.org/datePublished>",
            "<schema.org/isAccessibleForFree>",
            "<schema.org/name>",
            "isa:<schema.org/WebPageElement>"
        ],
        "count": 10.0
    },
    {
        "pset": [
            "<schema.org/headline>",
            "<schema.org/identifier>",
            "<schema.org/name>",
            "<schema.org/position>",
            "<schema.org/text>",
            "isa:<schema.org/WebPageElement>"
        ],
        "count": 10.0
    },
    {
        "pset": [
            "<schema.org/description>",
            "<schema.org/headline>",
            "<schema.org/image>",
            "<schema.org/name>",
            "isa:<schema.org/WebPageElement>"
        ],
        "count": 10.0
    },
    {
        "pset": [
            "<schema.org/description>",
            "<schema.org/headline>",
            "<schema.org/mainEntity>",
            "isa:<schema.org/WebPageElement>"
        ],
        "count": 9.0
    },
    {
        "pset": [
            "<schema.org/about>",
            "<schema.org/cssSelector>",
            "<schema.org/description>",
            "<schema.org/name>",
            "<schema.org/url>",
            "isa:<schema.org/WebPageElement>"
        ],
        "count": 9.0
    },
    {
        "pset": [
            "<schema.org/image>",
            "<schema.org/url>",
            "isa:<schema.org/WebPageElement>"
        ],
        "count": 9.0
    },
    {
        "pset": [
            "<schema.org/alternativeHeadline>",
            "<schema.org/headline>",
            "<schema.org/name>",
            "<schema.org/potentialAction>",
            "isa:<schema.org/WebPageElement>"
        ],
        "count": 9.0
    },
    {
        "pset": [
            "<schema.org/mainEntity>",
            "<schema.org/name>",
            "<schema.org/url>",
            "isa:<schema.org/WebPageElement>"
        ],
        "count": 8.0
    },
    {
        "pset": [
            "<schema.org/inLanguage>",
            "isa:<schema.org/WebPageElement>"
        ],
        "count": 8.0
    },
    {
        "pset": [
            "<schema.org/about>",
            "<schema.org/description>",
            "<schema.org/headline>",
            "<schema.org/image>",
            "<schema.org/name>",
            "<schema.org/subjectOf>",
            "<schema.org/text>",
            "isa:<schema.org/WebPageElement>"
        ],
        "count": 8.0
    },
    {
        "pset": [
            "<schema.org/cssSelector>",
            "<schema.org/isAcessibleForFree>",
            "isa:<schema.org/WebPageElement>"
        ],
        "count": 7.0
    },
    {
        "pset": [
            "<schema.org/description>",
            "<schema.org/identifier>",
            "<schema.org/name>",
            "<schema.org/position>",
            "<schema.org/text>",
            "<schema.org/url>",
            "isa:<schema.org/WebPageElement>"
        ],
        "count": 7.0
    },
    {
        "pset": [
            "<schema.org/description>",
            "<schema.org/image>",
            "<schema.org/text>",
            "isa:<schema.org/WebPageElement>"
        ],
        "count": 6.0
    },
    {
        "pset": [
            "<schema.org/description>",
            "<schema.org/headline>",
            "<schema.org/mainEntity>",
            "<schema.org/name>",
            "<schema.org/url>",
            "isa:<schema.org/WebPageElement>"
        ],
        "count": 5.0
    },
    {
        "pset": [
            "<schema.org/additionalType>",
            "<schema.org/image>",
            "<schema.org/name>",
            "isa:<schema.org/ItemPage>",
            "isa:<schema.org/WebPageElement>"
        ],
        "count": 5.0
    },
    {
        "pset": [
            "<schema.org/alternateName>",
            "<schema.org/description>",
            "<schema.org/keywords>",
            "<schema.org/mainEntityOfPage>",
            "<schema.org/name>",
            "isa:<schema.org/WebPageElement>"
        ],
        "count": 5.0
    },
    {
        "pset": [
            "<schema.org/description>",
            "<schema.org/headline>",
            "<schema.org/url>",
            "isa:<schema.org/WebPageElement>"
        ],
        "count": 5.0
    },
    {
        "pset": [
            "<schema.org/headline>",
            "<schema.org/image>",
            "<schema.org/url>",
            "isa:<schema.org/WebPageElement>"
        ],
        "count": 4.0
    },
    {
        "pset": [
            "<schema.org/datePublished>",
            "isa:<schema.org/WebPageElement>"
        ],
        "count": 4.0
    },
    {
        "pset": [
            "<schema.org/about>",
            "<schema.org/accessibilitySummary>",
            "<schema.org/acquireLicensePage>",
            "<schema.org/alternateName>",
            "<schema.org/alternativeHeadline>",
            "<schema.org/associatedMedia>",
            "<schema.org/audience>",
            "<schema.org/author>",
            "<schema.org/commentCount>",
            "<schema.org/contentLocation>",
            "<schema.org/contributor>",
            "<schema.org/copyrightHolder>",
            "<schema.org/copyrightNotice>",
            "<schema.org/copyrightYear>",
            "<schema.org/countryOfOrigin>",
            "<schema.org/creator>",
            "<schema.org/dateModified>",
            "<schema.org/datePublished>",
            "<schema.org/description>",
            "<schema.org/disambiguatingDescription>",
            "<schema.org/discussionUrl>",
            "<schema.org/genre>",
            "<schema.org/headline>",
            "<schema.org/identifier>",
            "<schema.org/image>",
            "<schema.org/inLanguage>",
            "<schema.org/itemListElement>",
            "<schema.org/itemListOrder>",
            "<schema.org/keywords>",
            "<schema.org/license>",
            "<schema.org/mainContentOfPage>",
            "<schema.org/mainEntity>",
            "<schema.org/mainEntityOfPage>",
            "<schema.org/name>",
            "<schema.org/numberOfItems>",
            "<schema.org/potentialAction>",
            "<schema.org/primaryImageOfPage>",
            "<schema.org/producer>",
            "<schema.org/provider>",
            "<schema.org/publisher>",
            "<schema.org/relatedLink>",
            "<schema.org/sameAs>",
            "<schema.org/significantLink>",
            "<schema.org/sourceOrganization>",
            "<schema.org/speakable>",
            "<schema.org/specialty>",
            "<schema.org/subjectOf>",
            "<schema.org/url>",
            "<schema.org/wordCount>",
            "isa:<schema.org/Article>",
            "isa:<schema.org/BlogPosting>",
            "isa:<schema.org/BreadcrumbList>",
            "isa:<schema.org/WebPage>",
            "isa:<schema.org/WebPageElement>"
        ],
        "count": 4.0
    },
    {
        "pset": [
            "<schema.org/description>",
            "<schema.org/keywords>",
            "<schema.org/mainEntityOfPage>",
            "isa:<schema.org/WebPageElement>"
        ],
        "count": 4.0
    },
    {
        "pset": [
            "<schema.org/datePublished>",
            "<schema.org/isAccessibleForFree>",
            "<schema.org/isFamilyFriendly>",
            "<schema.org/keywords>",
            "<schema.org/name>",
            "isa:<schema.org/WebPageElement>"
        ],
        "count": 4.0
    },
    {
        "pset": [
            "<schema.org/description>",
            "<schema.org/image>",
            "<schema.org/name>",
            "isa:<schema.org/WebPageElement>"
        ],
        "count": 4.0
    },
    {
        "pset": [
            "<schema.org/accessMode>",
            "<schema.org/accessModeSufficient>",
            "<schema.org/author>",
            "<schema.org/copyrightHolder>",
            "<schema.org/copyrightYear>",
            "<schema.org/creator>",
            "<schema.org/cssSelector>",
            "<schema.org/datePublished>",
            "<schema.org/description>",
            "<schema.org/fileFormat>",
            "<schema.org/image>",
            "<schema.org/inLanguage>",
            "<schema.org/interactivityType>",
            "<schema.org/isAccessibleForFree>",
            "<schema.org/isFamilyFriendly>",
            "<schema.org/isPartOf>",
            "<schema.org/keywords>",
            "<schema.org/locationCreated>",
            "<schema.org/name>",
            "<schema.org/producer>",
            "<schema.org/provider>",
            "<schema.org/publisher>",
            "<schema.org/publishingPrinciples>",
            "<schema.org/sourceOrganization>",
            "<schema.org/subjectOf>",
            "<schema.org/text>",
            "<schema.org/thumbnailUrl>",
            "<schema.org/translator>",
            "<schema.org/typicalAgeRange>",
            "<schema.org/url>",
            "isa:<schema.org/WebPageElement>"
        ],
        "count": 3.0
    },
    {
        "pset": [
            "<schema.org/about>",
            "<schema.org/mainEntity>",
            "<schema.org/potentialAction>",
            "isa:<schema.org/WebPageElement>"
        ],
        "count": 3.0
    },
    {
        "pset": [
            "<schema.org/Image>",
            "isa:<schema.org/WebPageElement>"
        ],
        "count": 3.0
    },
    {
        "pset": [
            "<schema.org/image>",
            "isa:<schema.org/WebPageElement>"
        ],
        "count": 3.0
    },
    {
        "pset": [
            "<schema.org/position>",
            "<schema.org/text>",
            "isa:<schema.org/WebPageElement>"
        ],
        "count": 3.0
    },
    {
        "pset": [
            "<schema.org/description>",
            "<schema.org/headline>",
            "<schema.org/name>",
            "<schema.org/url>",
            "isa:<schema.org/WebPageElement>"
        ],
        "count": 3.0
    },
    {
        "pset": [
            "<schema.org/image>",
            "<schema.org/potentialAction>",
            "isa:<schema.org/WebPageElement>"
        ],
        "count": 3.0
    },
    {
        "pset": [
            "<schema.org/Headline>",
            "<schema.org/copyrightYear>",
            "<schema.org/isFamilyFriendly>",
            "<schema.org/url>",
            "isa:<schema.org/WebPageElement>"
        ],
        "count": 3.0
    },
    {
        "pset": [
            "<schema.org/description>",
            "<schema.org/isAccessibleForFree>",
            "<schema.org/name>",
            "<schema.org/potentialAction>",
            "<schema.org/timeRequired>",
            "isa:<schema.org/WebPageElement>"
        ],
        "count": 3.0
    },
    {
        "pset": [
            "<schema.org/copyrightYear>",
            "<schema.org/datePublished>",
            "<schema.org/description>",
            "<schema.org/keywords>",
            "<schema.org/mainEntityOfPage>",
            "isa:<schema.org/WebPageElement>"
        ],
        "count": 3.0
    },
    {
        "pset": [
            "<schema.org/about>",
            "<schema.org/image>",
            "<schema.org/name>",
            "<schema.org/url>",
            "isa:<schema.org/WebPageElement>"
        ],
        "count": 3.0
    },
    {
        "pset": [
            "<schema.org/about>",
            "<schema.org/text>",
            "isa:<schema.org/WebPageElement>"
        ],
        "count": 2.0
    },
    {
        "pset": [
            "<schema.org/image>",
            "<schema.org/name>",
            "<schema.org/subjectOf>",
            "<schema.org/text>",
            "isa:<schema.org/WebPageElement>"
        ],
        "count": 2.0
    },
    {
        "pset": [
            "<schema.org/copyrightYear>",
            "<schema.org/datePublished>",
            "<schema.org/description>",
            "<schema.org/keywords>",
            "<schema.org/mainEntityOfPage>",
            "<schema.org/publishingPrinciples>",
            "<schema.org/typicalAgeRange>",
            "isa:<schema.org/WebPageElement>"
        ],
        "count": 2.0
    },
    {
        "pset": [
            "<schema.org/video>",
            "isa:<schema.org/WebPageElement>"
        ],
        "count": 2.0
    },
    {
        "pset": [
            "<schema.org/about>",
            "<schema.org/image>",
            "<schema.org/potentialAction>",
            "<schema.org/text>",
            "isa:<schema.org/WebPageElement>"
        ],
        "count": 2.0
    },
    {
        "pset": [
            "<schema.org/alternateName>",
            "<schema.org/description>",
            "<schema.org/image>",
            "<schema.org/name>",
            "<schema.org/url>",
            "isa:<schema.org/WebPageElement>"
        ],
        "count": 2.0
    },
    {
        "pset": [
            "<schema.org/description>",
            "<schema.org/headline>",
            "<schema.org/keywords>",
            "<schema.org/text>",
            "isa:<schema.org/WebPageElement>"
        ],
        "count": 2.0
    },
    {
        "pset": [
            "<schema.org/about>",
            "<schema.org/assesses>",
            "<schema.org/author>",
            "<schema.org/contributor>",
            "<schema.org/copyrightHolder>",
            "<schema.org/headline>",
            "<schema.org/keywords>",
            "<schema.org/name>",
            "<schema.org/producer>",
            "<schema.org/publisher>",
            "<schema.org/url>",
            "isa:<schema.org/WebPageElement>"
        ],
        "count": 2.0
    },
    {
        "pset": [
            "<schema.org/name>",
            "<schema.org/subjectOf>",
            "<schema.org/text>",
            "isa:<schema.org/WebPageElement>"
        ],
        "count": 2.0
    },
    {
        "pset": [
            "<schema.org/offers>",
            "isa:<schema.org/WPAdBlock>",
            "isa:<schema.org/WebPageElement>"
        ],
        "count": 2.0
    },
    {
        "pset": [
            "<schema.org/cssSelector>",
            "<schema.org/isAccessibleForFree>",
            "<schema.org/video>",
            "isa:<schema.org/WebPageElement>"
        ],
        "count": 2.0
    },
    {
        "pset": [
            "<schema.org/citation>",
            "<schema.org/image>",
            "<schema.org/potentialAction>",
            "isa:<schema.org/WebPageElement>"
        ],
        "count": 2.0
    },
    {
        "pset": [
            "<schema.org/cssSelector>",
            "<schema.org/isAccesibleForFree>",
            "isa:<schema.org/WebPageElement>"
        ],
        "count": 2.0
    },
    {
        "pset": [
            "<schema.org/additionalType>",
            "<schema.org/hasPart>",
            "<schema.org/name>",
            "isa:<schema.org/WebPageElement>"
        ],
        "count": 2.0
    },
    {
        "pset": [
            "<schema.org/image>",
            "<schema.org/potentialAction>",
            "<schema.org/text>",
            "isa:<schema.org/WebPageElement>"
        ],
        "count": 2.0
    },
    {
        "pset": [
            "<schema.org/author>",
            "<schema.org/mainEntityOfPage>",
            "<schema.org/name>",
            "isa:<schema.org/WebPageElement>"
        ],
        "count": 2.0
    },
    {
        "pset": [
            "<schema.org/author>",
            "<schema.org/cssSelector>",
            "<schema.org/description>",
            "<schema.org/isAccessibleForFree>",
            "<schema.org/logo>",
            "<schema.org/name>",
            "<schema.org/publisher>",
            "<schema.org/sameAs>",
            "<schema.org/url>",
            "isa:<schema.org/Organization>",
            "isa:<schema.org/WebPageElement>",
            "isa:<schema.org/WebSite>"
        ],
        "count": 2.0
    },
    {
        "pset": [
            "<schema.org/about>",
            "<schema.org/alternativeHeadline>",
            "isa:<schema.org/WebPageElement>"
        ],
        "count": 2.0
    },
    {
        "pset": [
            "<schema.org/hasPart>",
            "<schema.org/inLanguage>",
            "isa:<schema.org/WebPageElement>"
        ],
        "count": 2.0
    },
    {
        "pset": [
            "<schema.org/description>",
            "<schema.org/headline>",
            "<schema.org/mainEntity>",
            "<schema.org/name>",
            "isa:<schema.org/WebPageElement>"
        ],
        "count": 2.0
    },
    {
        "pset": [
            "<schema.org/cssSelector>",
            "<schema.org/isFamilyFriendly>",
            "isa:<schema.org/WebPageElement>"
        ],
        "count": 1.0
    },
    {
        "pset": [
            "<schema.org/image>",
            "<schema.org/mainEntity>",
            "<schema.org/name>",
            "isa:<schema.org/WebPageElement>"
        ],
        "count": 1.0
    },
    {
        "pset": [
            "<schema.org/hasPart>",
            "<schema.org/isPartOf>",
            "<schema.org/name>",
            "isa:<schema.org/WebPageElement>"
        ],
        "count": 1.0
    },
    {
        "pset": [
            "<schema.org/isAccessibleForFree>",
            "<schema.org/publisher>",
            "isa:<schema.org/WebPageElement>"
        ],
        "count": 1.0
    },
    {
        "pset": [
            "<schema.org/potentialAction>",
            "<schema.org/video>",
            "isa:<schema.org/WebPageElement>"
        ],
        "count": 1.0
    },
    {
        "pset": [
            "<schema.org/about>",
            "<schema.org/alternativeHeadline>",
            "<schema.org/author>",
            "<schema.org/creator>",
            "<schema.org/keywords>",
            "<schema.org/text>",
            "<schema.org/video>",
            "isa:<schema.org/WebPageElement>"
        ],
        "count": 1.0
    },
    {
        "pset": [
            "<schema.org/availableLanguage>",
            "<schema.org/contactOption>",
            "<schema.org/contactType>",
            "<schema.org/description>",
            "<schema.org/email>",
            "<schema.org/name>",
            "<schema.org/publisher>",
            "<schema.org/telephone>",
            "<schema.org/url>",
            "isa:<schema.org/ContactPoint>",
            "isa:<schema.org/WebPageElement>"
        ],
        "count": 1.0
    },
    {
        "pset": [
            "<schema.org/copyrightYear>",
            "<schema.org/datePublished>",
            "<schema.org/description>",
            "<schema.org/headline>",
            "<schema.org/typicalAgeRange>",
            "isa:<schema.org/WebPageElement>"
        ],
        "count": 1.0
    },
    {
        "pset": [
            "<schema.org/Image>",
            "<schema.org/headline>",
            "<schema.org/name>",
            "isa:<schema.org/WebPageElement>"
        ],
        "count": 1.0
    },
    {
        "pset": [
            "<schema.org/about>",
            "<schema.org/description>",
            "<schema.org/name>",
            "<schema.org/url>",
            "isa:<schema.org/WebPageElement>"
        ],
        "count": 1.0
    },
    {
        "pset": [
            "<schema.org/isAccessibleForFree>",
            "<schema.org/name>",
            "<schema.org/url>",
            "isa:<schema.org/Person>",
            "isa:<schema.org/WebPageElement>"
        ],
        "count": 1.0
    },
    {
        "pset": [
            "<schema.org/headline>",
            "<schema.org/keywords>",
            "isa:<schema.org/WebPageElement>"
        ],
        "count": 1.0
    },
    {
        "pset": [
            "<schema.org/name>",
            "<schema.org/video>",
            "isa:<schema.org/WebPageElement>"
        ],
        "count": 1.0
    },
    {
        "pset": [
            "<schema.org/author>",
            "<schema.org/description>",
            "<schema.org/hasPart>",
            "<schema.org/name>",
            "<schema.org/publisher>",
            "<schema.org/url>",
            "isa:<schema.org/AboutPage>",
            "isa:<schema.org/WebPageElement>"
        ],
        "count": 1.0
    },
    {
        "pset": [
            "<schema.org/author>",
            "<schema.org/description>",
            "<schema.org/hasPart>",
            "<schema.org/name>",
            "<schema.org/publisher>",
            "<schema.org/url>",
            "isa:<schema.org/ContactPage>",
            "isa:<schema.org/WebPageElement>"
        ],
        "count": 1.0
    },
    {
        "pset": [
            "<schema.org/about>",
            "<schema.org/abstract>",
            "<schema.org/copyrightHolder>",
            "<schema.org/inLanguage>",
            "<schema.org/isFamilyFriendly>",
            "<schema.org/keywords>",
            "isa:<schema.org/WebPageElement>"
        ],
        "count": 1.0
    },
    {
        "pset": [
            "<schema.org/isAccessibleForFree>",
            "<schema.org/url>",
            "isa:<schema.org/WebPageElement>"
        ],
        "count": 1.0
    },
    {
        "pset": [
            "<schema.org/publisher>",
            "isa:<schema.org/WebPageElement>"
        ],
        "count": 1.0
    },
    {
        "pset": [
            "<schema.org/alternativeHeadline>",
            "<schema.org/cssSelector>",
            "<schema.org/headline>",
            "<schema.org/keywords>",
            "<schema.org/mainEntityOfPage>",
            "<schema.org/name>",
            "isa:<schema.org/WebPageElement>"
        ],
        "count": 1.0
    },
    {
        "pset": [
            "<schema.org/about>",
            "<schema.org/mainEntity>",
            "<schema.org/name>",
            "<schema.org/text>",
            "isa:<schema.org/WebPageElement>"
        ],
        "count": 1.0
    },
    {
        "pset": [
            "<schema.org/breadcrumb>",
            "<schema.org/description>",
            "<schema.org/name>",
            "isa:<schema.org/WebPage>",
            "isa:<schema.org/WebPageElement>"
        ],
        "count": 1.0
    },
    {
        "pset": [
            "<schema.org/headline>",
            "<schema.org/url>",
            "isa:<schema.org/WebPageElement>"
        ],
        "count": 1.0
    },
    {
        "pset": [
            "<schema.org/author>",
            "isa:<schema.org/WebPageElement>"
        ],
        "count": 1.0
    },
    {
        "pset": [
            "<schema.org/about>",
            "<schema.org/image>",
            "<schema.org/offers>",
            "<schema.org/potentialAction>",
            "<schema.org/text>",
            "isa:<schema.org/WebPageElement>"
        ],
        "count": 1.0
    },
    {
        "pset": [
            "<schema.org/additionalType>",
            "isa:<schema.org/WebPageElement>"
        ],
        "count": 1.0
    },
    {
        "pset": [
            "<schema.org/image>",
            "<schema.org/name>",
            "isa:<schema.org/WebPageElement>"
        ],
        "count": 1.0
    },
    {
        "pset": [
            "<schema.org/author>",
            "<schema.org/contentLocation>",
            "<schema.org/dateModified>",
            "<schema.org/datePublished>",
            "<schema.org/description>",
            "<schema.org/genre>",
            "<schema.org/headline>",
            "<schema.org/image>",
            "<schema.org/mainEntityOfPage>",
            "<schema.org/name>",
            "<schema.org/publisher>",
            "<schema.org/url>",
            "<schema.org/wordCount>",
            "isa:<schema.org/WebPageElement>"
        ],
        "count": 1.0
    },
    {
        "pset": [
            "<schema.org/cssSelector>",
            "<schema.org/isAccessibleForFree>",
            "<schema.org/logo>",
            "<schema.org/name>",
            "<schema.org/sameAs>",
            "<schema.org/url>",
            "isa:<schema.org/Organization>",
            "isa:<schema.org/WebPageElement>"
        ],
        "count": 1.0
    },
    {
        "pset": [
            "<schema.org/description>",
            "<schema.org/mainEntityOfPage>",
            "<schema.org/name>",
            "isa:<schema.org/WebPageElement>"
        ],
        "count": 1.0
    },
    {
        "pset": [
            "<schema.org/cssSelector>",
            "<schema.org/mainEntity>",
            "isa:<schema.org/WebPageElement>"
        ],
        "count": 1.0
    },
    {
        "pset": [
            "<schema.org/description>",
            "<schema.org/name>",
            "<schema.org/potentialAction>",
            "isa:<schema.org/WebPageElement>"
        ],
        "count": 1.0
    },
    {
        "pset": [
            "<schema.org/alternativeHeadline>",
            "isa:<schema.org/WebPageElement>"
        ],
        "count": 1.0
    },
    {
        "pset": [
            "<schema.org/acceptsReservations>",
            "<schema.org/address>",
            "<schema.org/aggregateRating>",
            "<schema.org/description>",
            "<schema.org/geo>",
            "<schema.org/hasPart>",
            "<schema.org/image>",
            "<schema.org/logo>",
            "<schema.org/name>",
            "<schema.org/priceRange>",
            "<schema.org/url>",
            "isa:<schema.org/ItemPage>",
            "isa:<schema.org/LodgingBusiness>",
            "isa:<schema.org/WebPageElement>"
        ],
        "count": 1.0
    },
    {
        "pset": [
            "<schema.org/about>",
            "<schema.org/contentLocation>",
            "<schema.org/description>",
            "<schema.org/isFamilyFriendly>",
            "<schema.org/keywords>",
            "<schema.org/url>",
            "isa:<schema.org/WebPageElement>"
        ],
        "count": 1.0
    },
    {
        "pset": [
            "<schema.org/cssSelector>",
            "<schema.org/headline>",
            "isa:<schema.org/WebPageElement>"
        ],
        "count": 1.0
    },
    {
        "pset": [
            "<schema.org/alternativeHeadline>",
            "<schema.org/cssSelector>",
            "<schema.org/headline>",
            "<schema.org/image>",
            "<schema.org/isPartOf>",
            "<schema.org/keywords>",
            "<schema.org/name>",
            "<schema.org/url>",
            "isa:<schema.org/WebPageElement>"
        ],
        "count": 1.0
    },
    {
        "pset": [
            "<schema.org/name>",
            "<schema.org/xpath>",
            "isa:<schema.org/WebPageElement>"
        ],
        "count": 1.0
    },
    {
        "pset": [
            "<schema.org/cssSelector>",
            "<schema.org/name>",
            "isa:<schema.org/WebPageElement>"
        ],
        "count": 1.0
    },
    {
        "pset": [
            "<schema.org/about>",
            "<schema.org/author>",
            "<schema.org/cssSelector>",
            "<schema.org/description>",
            "<schema.org/name>",
            "<schema.org/url>",
            "isa:<schema.org/WebPageElement>"
        ],
        "count": 1.0
    },
    {
        "pset": [
            "<schema.org/description>",
            "<schema.org/image>",
            "<schema.org/isPartOf>",
            "<schema.org/mainEntity>",
            "<schema.org/mainEntityOfPage>",
            "<schema.org/name>",
            "<schema.org/publisher>",
            "<schema.org/url>",
            "isa:<schema.org/WebPageElement>"
        ],
        "count": 1.0
    },
    {
        "pset": [
            "<schema.org/itemListElement>",
            "<schema.org/name>",
            "<schema.org/numberOfItems>",
            "<schema.org/url>",
            "isa:<schema.org/ItemList>",
            "isa:<schema.org/WebPageElement>"
        ],
        "count": 1.0
    },
    {
        "pset": [
            "<schema.org/alternateName>",
            "<schema.org/alternativeHeadline>",
            "<schema.org/alumniOf>",
            "<schema.org/isAccessibleForFree>",
            "<schema.org/isFamilyFriendly>",
            "<schema.org/keywords>",
            "<schema.org/schemaVersion>",
            "<schema.org/text>",
            "isa:<schema.org/WebPageElement>"
        ],
        "count": 1.0
    },
    {
        "pset": [
            "<schema.org/potentialAction>",
            "<schema.org/text>",
            "isa:<schema.org/WebPageElement>"
        ],
        "count": 1.0
    },
    {
        "pset": [
            "<schema.org/description>",
            "<schema.org/image>",
            "<schema.org/name>",
            "<schema.org/subjectOf>",
            "isa:<schema.org/WebPageElement>"
        ],
        "count": 1.0
    },
    {
        "pset": [
            "<schema.org/citation>",
            "<schema.org/potentialAction>",
            "<schema.org/text>",
            "isa:<schema.org/WebPageElement>"
        ],
        "count": 1.0
    },
    {
        "pset": [
            "<schema.org/description>",
            "<schema.org/headline>",
            "<schema.org/isAccessibleForFree>",
            "<schema.org/isFamilyFriendly>",
            "<schema.org/mainEntityOfPage>",
            "<schema.org/name>",
            "isa:<schema.org/WebPageElement>"
        ],
        "count": 1.0
    },
    {
        "pset": [
            "<schema.org/additionalType>",
            "<schema.org/name>",
            "isa:<schema.org/WebPageElement>"
        ],
        "count": 1.0
    },
    {
        "pset": [
            "<schema.org/additionalType>",
            "<schema.org/alternateName>",
            "<schema.org/image>",
            "<schema.org/name>",
            "isa:<schema.org/ItemPage>",
            "isa:<schema.org/WebPageElement>"
        ],
        "count": 1.0
    },
    {
        "pset": [
            "<schema.org/address>",
            "<schema.org/author>",
            "<schema.org/description>",
            "<schema.org/hasPart>",
            "<schema.org/image>",
            "<schema.org/inLanguage>",
            "<schema.org/isAccessibleForFree>",
            "<schema.org/logo>",
            "<schema.org/name>",
            "<schema.org/publisher>",
            "<schema.org/url>",
            "isa:<schema.org/Organization>",
            "isa:<schema.org/WebPage>",
            "isa:<schema.org/WebPageElement>",
            "isa:<schema.org/WebSite>"
        ],
        "count": 1.0
    },
    {
        "pset": [
            "<schema.org/about>",
            "<schema.org/potentialAction>",
            "isa:<schema.org/WebPageElement>"
        ],
        "count": 1.0
    },
    {
        "pset": [
            "<schema.org/description>",
            "<schema.org/hasPart>",
            "<schema.org/name>",
            "isa:<schema.org/Collection>",
            "isa:<schema.org/WebPageElement>"
        ],
        "count": 1.0
    },
    {
        "pset": [
            "<schema.org/description>",
            "<schema.org/hasPart>",
            "isa:<schema.org/WebPageElement>"
        ],
        "count": 1.0
    }
]