[
    {
        "pset": [
            "<schema.org/alternateName>",
            "<schema.org/name>",
            "<schema.org/url>",
            "isa:<schema.org/WPSideBar>"
        ],
        "count": 6700123.0
    },
    {
        "pset": [
            "<schema.org/cssSelector>",
            "isa:<schema.org/WPSideBar>"
        ],
        "count": 4719.0
    },
    {
        "pset": [
            "<schema.org/copyrightHolder>",
            "<schema.org/copyrightYear>",
            "<schema.org/description>",
            "<schema.org/keywords>",
            "<schema.org/name>",
            "isa:<schema.org/WPSideBar>"
        ],
        "count": 4286.0
    },
    {
        "pset": [
            "<schema.org/name>",
            "<schema.org/position>",
            "<schema.org/url>",
            "isa:<schema.org/WPSideBar>"
        ],
        "count": 4143.0
    },
    {
        "pset": [
            "<schema.org/headline>",
            "isa:<schema.org/WPSideBar>"
        ],
        "count": 2344.0
    },
    {
        "pset": [
            "<schema.org/hasPart>",
            "isa:<schema.org/WPSideBar>"
        ],
        "count": 628.0
    },
    {
        "pset": [
            "<schema.org/cssSelector>",
            "<schema.org/headline>",
            "<schema.org/name>",
            "<schema.org/url>",
            "isa:<schema.org/SiteNavigationElement>",
            "isa:<schema.org/WPSideBar>"
        ],
        "count": 436.0
    },
    {
        "pset": [
            "<schema.org/cssSelector>",
            "<schema.org/potentialAction>",
            "isa:<schema.org/WPSideBar>"
        ],
        "count": 307.0
    },
    {
        "pset": [
            "<schema.org/url>",
            "isa:<schema.org/WPSideBar>"
        ],
        "count": 295.0
    },
    {
        "pset": [
            "<schema.org/about>",
            "<schema.org/cssSelector>",
            "isa:<schema.org/WPSideBar>"
        ],
        "count": 201.0
    },
    {
        "pset": [
            "<schema.org/itemListElement>",
            "isa:<schema.org/ItemList>",
            "isa:<schema.org/WPSideBar>"
        ],
        "count": 171.0
    },
    {
        "pset": [
            "<schema.org/citation>",
            "<schema.org/comment>",
            "<schema.org/cssSelector>",
            "isa:<schema.org/WPSideBar>"
        ],
        "count": 70.0
    },
    {
        "pset": [
            "<schema.org/mainEntityOfPage>",
            "isa:<schema.org/WPSideBar>"
        ],
        "count": 67.0
    },
    {
        "pset": [
            "<schema.org/name>",
            "isa:<schema.org/WPSideBar>"
        ],
        "count": 65.0
    },
    {
        "pset": [
            "<schema.org/isPartOf>",
            "isa:<schema.org/WPSideBar>"
        ],
        "count": 61.0
    },
    {
        "pset": [
            "<schema.org/headline>",
            "<schema.org/image>",
            "<schema.org/isBasedOn>",
            "<schema.org/text>",
            "isa:<schema.org/WPSideBar>"
        ],
        "count": 61.0
    },
    {
        "pset": [
            "isa:<schema.org/WPSideBar>"
        ],
        "count": 59.0
    },
    {
        "pset": [
            "<schema.org/headline>",
            "<schema.org/isBasedOn>",
            "<schema.org/text>",
            "isa:<schema.org/WPSideBar>"
        ],
        "count": 14.0
    },
    {
        "pset": [
            "<schema.org/name>",
            "<schema.org/url>",
            "isa:<schema.org/WPSideBar>"
        ],
        "count": 13.0
    },
    {
        "pset": [
            "<schema.org/mainEntityOfPage>",
            "isa:<schema.org/WPHeader>",
            "isa:<schema.org/WPSideBar>"
        ],
        "count": 12.0
    },
    {
        "pset": [
            "<schema.org/position>",
            "<schema.org/url>",
            "isa:<schema.org/WPSideBar>"
        ],
        "count": 11.0
    },
    {
        "pset": [
            "<schema.org/about>",
            "<schema.org/headline>",
            "<schema.org/mentions>",
            "<schema.org/text>",
            "isa:<schema.org/WPSideBar>"
        ],
        "count": 5.0
    },
    {
        "pset": [
            "<schema.org/audience>",
            "<schema.org/description>",
            "<schema.org/headline>",
            "<schema.org/mentions>",
            "isa:<schema.org/WPSideBar>"
        ],
        "count": 2.0
    },
    {
        "pset": [
            "<schema.org/image>",
            "<schema.org/url>",
            "isa:<schema.org/WPSideBar>"
        ],
        "count": 1.0
    },
    {
        "pset": [
            "<schema.org/headline>",
            "<schema.org/isBasedOn>",
            "isa:<schema.org/WPSideBar>"
        ],
        "count": 1.0
    }
]