[
    {
        "pset": [
            "<schema.org/name>",
            "isa:<schema.org/AdministrativeArea>"
        ],
        "count": 330981.0
    },
    {
        "pset": [
            "<schema.org/address>",
            "isa:<schema.org/AdministrativeArea>"
        ],
        "count": 40635.0
    },
    {
        "pset": [
            "<schema.org/geo>",
            "<schema.org/name>",
            "isa:<schema.org/AdministrativeArea>"
        ],
        "count": 29873.0
    },
    {
        "pset": [
            "<schema.org/address>",
            "<schema.org/geo>",
            "isa:<schema.org/AdministrativeArea>"
        ],
        "count": 22834.0
    },
    {
        "pset": [
            "<schema.org/address>",
            "<schema.org/name>",
            "isa:<schema.org/AdministrativeArea>"
        ],
        "count": 20020.0
    },
    {
        "pset": [
            "<schema.org/containedIn>",
            "<schema.org/name>",
            "isa:<schema.org/AdministrativeArea>"
        ],
        "count": 14537.0
    },
    {
        "pset": [
            "<schema.org/alternateName>",
            "<schema.org/name>",
            "isa:<schema.org/AdministrativeArea>"
        ],
        "count": 10768.0
    },
    {
        "pset": [
            "<schema.org/alternateName>",
            "<schema.org/name>",
            "<schema.org/sameAs>",
            "isa:<schema.org/AdministrativeArea>"
        ],
        "count": 6923.0
    },
    {
        "pset": [
            "<schema.org/name>",
            "<schema.org/sameAs>",
            "isa:<schema.org/AdministrativeArea>"
        ],
        "count": 4108.0
    },
    {
        "pset": [
            "<schema.org/containsPlace>",
            "<schema.org/geo>",
            "isa:<schema.org/AdministrativeArea>"
        ],
        "count": 4010.0
    },
    {
        "pset": [
            "<schema.org/geo>",
            "isa:<schema.org/AdministrativeArea>"
        ],
        "count": 3681.0
    },
    {
        "pset": [
            "<schema.org/address>",
            "<schema.org/country>",
            "<schema.org/geo>",
            "<schema.org/name>",
            "isa:<schema.org/AdministrativeArea>"
        ],
        "count": 2777.0
    },
    {
        "pset": [
            "<schema.org/containedInPlace>",
            "<schema.org/geo>",
            "<schema.org/name>",
            "isa:<schema.org/AdministrativeArea>"
        ],
        "count": 1564.0
    },
    {
        "pset": [
            "<schema.org/containsPlace>",
            "isa:<schema.org/AdministrativeArea>"
        ],
        "count": 1430.0
    },
    {
        "pset": [
            "<schema.org/address>",
            "<schema.org/name>",
            "<schema.org/sameAs>",
            "isa:<schema.org/AdministrativeArea>"
        ],
        "count": 1356.0
    },
    {
        "pset": [
            "<schema.org/address>",
            "<schema.org/geo>",
            "<schema.org/name>",
            "isa:<schema.org/AdministrativeArea>"
        ],
        "count": 1274.0
    },
    {
        "pset": [
            "<schema.org/containedInPlace>",
            "<schema.org/name>",
            "isa:<schema.org/AdministrativeArea>"
        ],
        "count": 1071.0
    },
    {
        "pset": [
            "<schema.org/address>",
            "<schema.org/containedInPlace>",
            "<schema.org/image>",
            "<schema.org/name>",
            "<schema.org/url>",
            "isa:<schema.org/AdministrativeArea>"
        ],
        "count": 918.0
    },
    {
        "pset": [
            "<schema.org/name>",
            "<schema.org/url>",
            "isa:<schema.org/AdministrativeArea>"
        ],
        "count": 862.0
    },
    {
        "pset": [
            "<schema.org/address>",
            "<schema.org/name>",
            "<schema.org/url>",
            "isa:<schema.org/AdministrativeArea>"
        ],
        "count": 544.0
    },
    {
        "pset": [
            "<schema.org/address>",
            "<schema.org/url>",
            "isa:<schema.org/AdministrativeArea>"
        ],
        "count": 490.0
    },
    {
        "pset": [
            "<schema.org/Name>",
            "isa:<schema.org/AdministrativeArea>"
        ],
        "count": 473.0
    },
    {
        "pset": [
            "<schema.org/country>",
            "<schema.org/name>",
            "isa:<schema.org/AdministrativeArea>"
        ],
        "count": 473.0
    },
    {
        "pset": [
            "<schema.org/description>",
            "<schema.org/name>",
            "isa:<schema.org/AdministrativeArea>"
        ],
        "count": 445.0
    },
    {
        "pset": [
            "<schema.org/hasMap>",
            "<schema.org/name>",
            "isa:<schema.org/AdministrativeArea>"
        ],
        "count": 402.0
    },
    {
        "pset": [
            "<schema.org/address>",
            "<schema.org/geo>",
            "<schema.org/name>",
            "<schema.org/url>",
            "isa:<schema.org/AdministrativeArea>"
        ],
        "count": 347.0
    },
    {
        "pset": [
            "<schema.org/latitude>",
            "<schema.org/longitude>",
            "isa:<schema.org/AdministrativeArea>"
        ],
        "count": 323.0
    },
    {
        "pset": [
            "<schema.org/address>",
            "<schema.org/geo>",
            "<schema.org/hasMap>",
            "<schema.org/telephone>",
            "isa:<schema.org/AdministrativeArea>"
        ],
        "count": 272.0
    },
    {
        "pset": [
            "<schema.org/address>",
            "<schema.org/image>",
            "<schema.org/name>",
            "<schema.org/telephone>",
            "<schema.org/url>",
            "isa:<schema.org/AdministrativeArea>"
        ],
        "count": 232.0
    },
    {
        "pset": [
            "<schema.org/country>",
            "<schema.org/name>",
            "<schema.org/url>",
            "isa:<schema.org/AdministrativeArea>"
        ],
        "count": 229.0
    },
    {
        "pset": [
            "<schema.org/name>",
            "<schema.org/telephone>",
            "isa:<schema.org/AdministrativeArea>"
        ],
        "count": 217.0
    },
    {
        "pset": [
            "<schema.org/geo>",
            "<schema.org/image>",
            "<schema.org/name>",
            "isa:<schema.org/AdministrativeArea>"
        ],
        "count": 205.0
    },
    {
        "pset": [
            "<schema.org/address>",
            "<schema.org/containedInPlace>",
            "<schema.org/name>",
            "<schema.org/url>",
            "isa:<schema.org/AdministrativeArea>"
        ],
        "count": 196.0
    },
    {
        "pset": [
            "<schema.org/hasMap>",
            "isa:<schema.org/AdministrativeArea>"
        ],
        "count": 167.0
    },
    {
        "pset": [
            "<schema.org/name>",
            "<schema.org/servicePostaladdress>",
            "isa:<schema.org/AdministrativeArea>"
        ],
        "count": 154.0
    },
    {
        "pset": [
            "<schema.org/address>",
            "<schema.org/geo>",
            "<schema.org/name>",
            "<schema.org/telephone>",
            "isa:<schema.org/AdministrativeArea>"
        ],
        "count": 140.0
    },
    {
        "pset": [
            "<schema.org/alternateName>",
            "<schema.org/containedInPlace>",
            "<schema.org/name>",
            "<schema.org/url>",
            "isa:<schema.org/AdministrativeArea>"
        ],
        "count": 136.0
    },
    {
        "pset": [
            "<schema.org/address>",
            "<schema.org/name>",
            "<schema.org/telephone>",
            "isa:<schema.org/AdministrativeArea>"
        ],
        "count": 130.0
    },
    {
        "pset": [
            "<schema.org/address>",
            "<schema.org/geo>",
            "<schema.org/hasMap>",
            "<schema.org/name>",
            "<schema.org/telephone>",
            "<schema.org/url>",
            "isa:<schema.org/AdministrativeArea>"
        ],
        "count": 126.0
    },
    {
        "pset": [
            "<schema.org/additionalType>",
            "<schema.org/address>",
            "<schema.org/description>",
            "<schema.org/geo>",
            "<schema.org/image>",
            "<schema.org/name>",
            "<schema.org/url>",
            "isa:<schema.org/AdministrativeArea>"
        ],
        "count": 109.0
    },
    {
        "pset": [
            "<schema.org/logo>",
            "<schema.org/name>",
            "isa:<schema.org/AdministrativeArea>"
        ],
        "count": 100.0
    },
    {
        "pset": [
            "isa:<schema.org/AdministrativeArea>"
        ],
        "count": 84.0
    },
    {
        "pset": [
            "<schema.org/address>",
            "<schema.org/sameAs>",
            "isa:<schema.org/AdministrativeArea>"
        ],
        "count": 82.0
    },
    {
        "pset": [
            "<schema.org/description>",
            "<schema.org/name>",
            "<schema.org/url>",
            "isa:<schema.org/AdministrativeArea>"
        ],
        "count": 77.0
    },
    {
        "pset": [
            "<schema.org/description>",
            "<schema.org/isAccessibleForFree>",
            "<schema.org/keywords>",
            "<schema.org/priceCurrency>",
            "<schema.org/publicAccess>",
            "<schema.org/title>",
            "isa:<schema.org/AdministrativeArea>"
        ],
        "count": 66.0
    },
    {
        "pset": [
            "<schema.org/address>",
            "<schema.org/country>",
            "isa:<schema.org/AdministrativeArea>"
        ],
        "count": 55.0
    },
    {
        "pset": [
            "<schema.org/address>",
            "<schema.org/description>",
            "<schema.org/geo>",
            "<schema.org/hasMap>",
            "<schema.org/image>",
            "<schema.org/name>",
            "<schema.org/sameAs>",
            "isa:<schema.org/AdministrativeArea>"
        ],
        "count": 44.0
    },
    {
        "pset": [
            "<schema.org/address>",
            "<schema.org/globalLocationNumber>",
            "<schema.org/name>",
            "<schema.org/photo>",
            "<schema.org/telephone>",
            "<schema.org/url>",
            "isa:<schema.org/AdministrativeArea>"
        ],
        "count": 42.0
    },
    {
        "pset": [
            "<schema.org/additionalType>",
            "<schema.org/name>",
            "isa:<schema.org/AdministrativeArea>"
        ],
        "count": 40.0
    },
    {
        "pset": [
            "<schema.org/geo>",
            "<schema.org/name>",
            "isa:<schema.org/AdministrativeArea>",
            "isa:<schema.org/TouristAttraction>",
            "isa:<schema.org/TouristDestination>",
            "isa:<schema.org/TravelAction>"
        ],
        "count": 40.0
    },
    {
        "pset": [
            "<schema.org/image>",
            "<schema.org/name>",
            "isa:<schema.org/AdministrativeArea>"
        ],
        "count": 40.0
    },
    {
        "pset": [
            "<schema.org/additionalType>",
            "<schema.org/name>",
            "<schema.org/sameAs>",
            "<schema.org/url>",
            "isa:<schema.org/AdministrativeArea>"
        ],
        "count": 35.0
    },
    {
        "pset": [
            "<schema.org/containedIn>",
            "isa:<schema.org/AdministrativeArea>"
        ],
        "count": 35.0
    },
    {
        "pset": [
            "<schema.org/description>",
            "<schema.org/image>",
            "<schema.org/mainEntityOfPage>",
            "<schema.org/name>",
            "<schema.org/url>",
            "isa:<schema.org/AdministrativeArea>"
        ],
        "count": 34.0
    },
    {
        "pset": [
            "<schema.org/description>",
            "<schema.org/name>",
            "<schema.org/photo>",
            "<schema.org/url>",
            "isa:<schema.org/AdministrativeArea>"
        ],
        "count": 24.0
    },
    {
        "pset": [
            "<schema.org/address>",
            "<schema.org/description>",
            "<schema.org/geo>",
            "<schema.org/image>",
            "<schema.org/name>",
            "<schema.org/telephone>",
            "<schema.org/url>",
            "isa:<schema.org/AdministrativeArea>"
        ],
        "count": 24.0
    },
    {
        "pset": [
            "<schema.org/hasMap>",
            "<schema.org/url>",
            "isa:<schema.org/AdministrativeArea>"
        ],
        "count": 22.0
    },
    {
        "pset": [
            "<schema.org/country>",
            "isa:<schema.org/AdministrativeArea>"
        ],
        "count": 21.0
    },
    {
        "pset": [
            "<schema.org/address>",
            "<schema.org/geo>",
            "<schema.org/globalLocationNumber>",
            "<schema.org/name>",
            "<schema.org/openingHoursSpecification>",
            "<schema.org/photo>",
            "<schema.org/url>",
            "isa:<schema.org/AdministrativeArea>"
        ],
        "count": 20.0
    },
    {
        "pset": [
            "<schema.org/address>",
            "<schema.org/description>",
            "<schema.org/image>",
            "<schema.org/name>",
            "<schema.org/url>",
            "isa:<schema.org/AdministrativeArea>"
        ],
        "count": 20.0
    },
    {
        "pset": [
            "<schema.org/name>",
            "<schema.org/slogan>",
            "<schema.org/url>",
            "isa:<schema.org/AdministrativeArea>"
        ],
        "count": 20.0
    },
    {
        "pset": [
            "<schema.org/additionalProperty>",
            "<schema.org/description>",
            "<schema.org/image>",
            "<schema.org/name>",
            "<schema.org/url>",
            "isa:<schema.org/AdministrativeArea>"
        ],
        "count": 19.0
    },
    {
        "pset": [
            "<schema.org/address>",
            "<schema.org/description>",
            "<schema.org/name>",
            "<schema.org/telephone>",
            "isa:<schema.org/AdministrativeArea>"
        ],
        "count": 19.0
    },
    {
        "pset": [
            "<schema.org/address>",
            "<schema.org/country>",
            "<schema.org/geo>",
            "<schema.org/name>",
            "<schema.org/url>",
            "isa:<schema.org/AdministrativeArea>"
        ],
        "count": 19.0
    },
    {
        "pset": [
            "<schema.org/address>",
            "<schema.org/geo>",
            "<schema.org/image>",
            "<schema.org/logo>",
            "<schema.org/name>",
            "<schema.org/sameAs>",
            "<schema.org/slogan>",
            "<schema.org/telephone>",
            "<schema.org/url>",
            "isa:<schema.org/AdministrativeArea>"
        ],
        "count": 18.0
    },
    {
        "pset": [
            "<schema.org/SameAs>",
            "<schema.org/containedInPlace>",
            "<schema.org/name>",
            "isa:<schema.org/AdministrativeArea>",
            "isa:<schema.org/Place>"
        ],
        "count": 16.0
    },
    {
        "pset": [
            "<schema.org/hasMap>",
            "<schema.org/name>",
            "<schema.org/sameAs>",
            "isa:<schema.org/AdministrativeArea>"
        ],
        "count": 16.0
    },
    {
        "pset": [
            "<schema.org/name>",
            "isa:<schema.org/AdministrativeArea>",
            "isa:<schema.org/City>"
        ],
        "count": 15.0
    },
    {
        "pset": [
            "<schema.org/description>",
            "<schema.org/mainEntityOfPage>",
            "<schema.org/name>",
            "<schema.org/sameAs>",
            "<schema.org/url>",
            "isa:<schema.org/AdministrativeArea>",
            "isa:<schema.org/Country>",
            "isa:<schema.org/Place>",
            "isa:<schema.org/Thing>"
        ],
        "count": 14.0
    },
    {
        "pset": [
            "<schema.org/containedInPlace>",
            "<schema.org/geo>",
            "<schema.org/hasMap>",
            "<schema.org/image>",
            "<schema.org/name>",
            "<schema.org/photo>",
            "<schema.org/url>",
            "isa:<schema.org/AdministrativeArea>"
        ],
        "count": 14.0
    },
    {
        "pset": [
            "<schema.org/address>",
            "<schema.org/geo>",
            "<schema.org/image>",
            "<schema.org/name>",
            "<schema.org/openingHoursSpecification>",
            "<schema.org/url>",
            "isa:<schema.org/AdministrativeArea>",
            "isa:<schema.org/WebPage>"
        ],
        "count": 13.0
    },
    {
        "pset": [
            "<schema.org/additionalType>",
            "<schema.org/address>",
            "<schema.org/containedInPlace>",
            "<schema.org/description>",
            "<schema.org/geo>",
            "<schema.org/name>",
            "<schema.org/url>",
            "isa:<schema.org/AdministrativeArea>"
        ],
        "count": 12.0
    },
    {
        "pset": [
            "<schema.org/address>",
            "<schema.org/geo>",
            "<schema.org/globalLocationNumber>",
            "<schema.org/name>",
            "<schema.org/openingHoursSpecification>",
            "<schema.org/photo>",
            "<schema.org/telephone>",
            "<schema.org/url>",
            "isa:<schema.org/AdministrativeArea>"
        ],
        "count": 12.0
    },
    {
        "pset": [
            "<schema.org/SameAs>",
            "<schema.org/name>",
            "isa:<schema.org/AdministrativeArea>"
        ],
        "count": 12.0
    },
    {
        "pset": [
            "<schema.org/address>",
            "<schema.org/country>",
            "<schema.org/geo>",
            "isa:<schema.org/AdministrativeArea>"
        ],
        "count": 11.0
    },
    {
        "pset": [
            "<schema.org/areaServed>",
            "isa:<schema.org/AdministrativeArea>"
        ],
        "count": 10.0
    },
    {
        "pset": [
            "<schema.org/description>",
            "<schema.org/image>",
            "<schema.org/name>",
            "isa:<schema.org/AdministrativeArea>"
        ],
        "count": 8.0
    },
    {
        "pset": [
            "<schema.org/containedInPlace>",
            "<schema.org/description>",
            "<schema.org/geo>",
            "<schema.org/hasMap>",
            "<schema.org/image>",
            "<schema.org/name>",
            "<schema.org/photo>",
            "<schema.org/url>",
            "isa:<schema.org/AdministrativeArea>"
        ],
        "count": 8.0
    },
    {
        "pset": [
            "<schema.org/additionalType>",
            "<schema.org/addressCountry>",
            "<schema.org/addressLocality>",
            "<schema.org/addressRegion>",
            "<schema.org/email>",
            "<schema.org/name>",
            "<schema.org/postalCode>",
            "<schema.org/sameAs>",
            "<schema.org/streetAddress>",
            "<schema.org/telephone>",
            "<schema.org/url>",
            "isa:<schema.org/AdministrativeArea>",
            "isa:<schema.org/PostalAddress>"
        ],
        "count": 8.0
    },
    {
        "pset": [
            "<schema.org/description>",
            "<schema.org/geo>",
            "<schema.org/name>",
            "<schema.org/photo>",
            "<schema.org/url>",
            "isa:<schema.org/AdministrativeArea>"
        ],
        "count": 8.0
    },
    {
        "pset": [
            "<schema.org/hasmap>",
            "isa:<schema.org/AdministrativeArea>"
        ],
        "count": 8.0
    },
    {
        "pset": [
            "<schema.org/additionalType>",
            "<schema.org/address>",
            "<schema.org/containedInPlace>",
            "<schema.org/description>",
            "<schema.org/geo>",
            "<schema.org/image>",
            "<schema.org/logo>",
            "<schema.org/name>",
            "<schema.org/url>",
            "isa:<schema.org/AdministrativeArea>"
        ],
        "count": 7.0
    },
    {
        "pset": [
            "<schema.org/address>",
            "<schema.org/photo>",
            "isa:<schema.org/AdministrativeArea>"
        ],
        "count": 7.0
    },
    {
        "pset": [
            "<schema.org/alternateName>",
            "<schema.org/hasMap>",
            "<schema.org/name>",
            "<schema.org/sameAs>",
            "isa:<schema.org/AdministrativeArea>"
        ],
        "count": 7.0
    },
    {
        "pset": [
            "<schema.org/description>",
            "<schema.org/mainEntityOfPage>",
            "<schema.org/name>",
            "<schema.org/sameAs>",
            "<schema.org/url>",
            "isa:<schema.org/AdministrativeArea>",
            "isa:<schema.org/City>",
            "isa:<schema.org/Place>",
            "isa:<schema.org/Thing>"
        ],
        "count": 7.0
    },
    {
        "pset": [
            "<schema.org/address>",
            "<schema.org/latitude>",
            "<schema.org/longitude>",
            "isa:<schema.org/AdministrativeArea>"
        ],
        "count": 6.0
    },
    {
        "pset": [
            "<schema.org/additionalType>",
            "<schema.org/addressCountry>",
            "<schema.org/addressLocality>",
            "<schema.org/addressRegion>",
            "<schema.org/name>",
            "<schema.org/postalCode>",
            "<schema.org/streetAddress>",
            "isa:<schema.org/AdministrativeArea>",
            "isa:<schema.org/PostalAddress>"
        ],
        "count": 6.0
    },
    {
        "pset": [
            "<schema.org/articleBody>",
            "<schema.org/author>",
            "<schema.org/commentCount>",
            "<schema.org/dateCreated>",
            "<schema.org/dateModified>",
            "<schema.org/datePublished>",
            "<schema.org/description>",
            "<schema.org/discussionUrl>",
            "<schema.org/headline>",
            "<schema.org/image>",
            "<schema.org/itemReviewed>",
            "<schema.org/keywords>",
            "<schema.org/mainEntityOfPage>",
            "<schema.org/maximumAttendeeCapacity>",
            "<schema.org/name>",
            "<schema.org/publisher>",
            "<schema.org/reviewRating>",
            "<schema.org/telephone>",
            "<schema.org/url>",
            "isa:<schema.org/AdministrativeArea>",
            "isa:<schema.org/BlogPosting>",
            "isa:<schema.org/NewsArticle>",
            "isa:<schema.org/Review>"
        ],
        "count": 6.0
    },
    {
        "pset": [
            "<schema.org/url>",
            "isa:<schema.org/AdministrativeArea>"
        ],
        "count": 5.0
    },
    {
        "pset": [
            "<schema.org/name>",
            "<schema.org/slogan>",
            "<schema.org/url>",
            "isa:<schema.org/AdministrativeArea>",
            "isa:<schema.org/place>"
        ],
        "count": 5.0
    },
    {
        "pset": [
            "<schema.org/description>",
            "<schema.org/geo>",
            "<schema.org/name>",
            "<schema.org/url>",
            "isa:<schema.org/AdministrativeArea>",
            "isa:<schema.org/TouristAttraction>"
        ],
        "count": 4.0
    },
    {
        "pset": [
            "<schema.org/hasMap>",
            "<schema.org/name>",
            "<schema.org/url>",
            "isa:<schema.org/AdministrativeArea>"
        ],
        "count": 4.0
    },
    {
        "pset": [
            "<schema.org/hasMap>",
            "<schema.org/latitude>",
            "<schema.org/longitude>",
            "<schema.org/name>",
            "<schema.org/url>",
            "isa:<schema.org/AdministrativeArea>"
        ],
        "count": 4.0
    },
    {
        "pset": [
            "<schema.org/containsPlace>",
            "<schema.org/name>",
            "<schema.org/sameAs>",
            "isa:<schema.org/AdministrativeArea>"
        ],
        "count": 4.0
    },
    {
        "pset": [
            "<schema.org/address>",
            "<schema.org/hasMap>",
            "isa:<schema.org/AdministrativeArea>"
        ],
        "count": 4.0
    },
    {
        "pset": [
            "<schema.org/additionalType>",
            "<schema.org/address>",
            "<schema.org/description>",
            "<schema.org/geo>",
            "<schema.org/name>",
            "<schema.org/url>",
            "isa:<schema.org/AdministrativeArea>"
        ],
        "count": 4.0
    },
    {
        "pset": [
            "<schema.org/description>",
            "<schema.org/mainEntityOfPage>",
            "<schema.org/name>",
            "<schema.org/sameAs>",
            "<schema.org/url>",
            "isa:<schema.org/AdministrativeArea>",
            "isa:<schema.org/Place>",
            "isa:<schema.org/Thing>"
        ],
        "count": 4.0
    },
    {
        "pset": [
            "<schema.org/additionalType>",
            "<schema.org/address>",
            "<schema.org/containedInPlace>",
            "<schema.org/description>",
            "<schema.org/geo>",
            "<schema.org/image>",
            "<schema.org/name>",
            "<schema.org/url>",
            "isa:<schema.org/AdministrativeArea>"
        ],
        "count": 4.0
    },
    {
        "pset": [
            "<schema.org/name>",
            "<schema.org/sameAs>",
            "<schema.org/url>",
            "isa:<schema.org/AdministrativeArea>"
        ],
        "count": 4.0
    },
    {
        "pset": [
            "<schema.org/containsPlace>",
            "<schema.org/name>",
            "isa:<schema.org/AdministrativeArea>"
        ],
        "count": 4.0
    },
    {
        "pset": [
            "<schema.org/address>",
            "<schema.org/description>",
            "<schema.org/geo>",
            "<schema.org/image>",
            "<schema.org/name>",
            "<schema.org/openingHours>",
            "<schema.org/review>",
            "<schema.org/sameAs>",
            "<schema.org/telephone>",
            "<schema.org/url>",
            "isa:<schema.org/AdministrativeArea>"
        ],
        "count": 4.0
    },
    {
        "pset": [
            "<schema.org/address>",
            "<schema.org/description>",
            "<schema.org/geo>",
            "<schema.org/image>",
            "<schema.org/name>",
            "<schema.org/review>",
            "<schema.org/sameAs>",
            "<schema.org/telephone>",
            "<schema.org/url>",
            "isa:<schema.org/AdministrativeArea>"
        ],
        "count": 3.0
    },
    {
        "pset": [
            "<schema.org/description>",
            "<schema.org/image>",
            "<schema.org/name>",
            "<schema.org/sameAs>",
            "<schema.org/url>",
            "isa:<schema.org/AdministrativeArea>"
        ],
        "count": 3.0
    },
    {
        "pset": [
            "<schema.org/name>",
            "<schema.org/slogan>",
            "<schema.org/url>",
            "isa:<schema.org/AdministrativeArea>",
            "isa:<schema.org/City>"
        ],
        "count": 3.0
    },
    {
        "pset": [
            "<schema.org/description>",
            "<schema.org/mainEntityOfPage>",
            "<schema.org/name>",
            "<schema.org/sameAs>",
            "<schema.org/url>",
            "isa:<schema.org/AdministrativeArea>",
            "isa:<schema.org/City>",
            "isa:<schema.org/LandmarksOrHistoricalBuildings>",
            "isa:<schema.org/Place>",
            "isa:<schema.org/Thing>"
        ],
        "count": 3.0
    },
    {
        "pset": [
            "<schema.org/image>",
            "<schema.org/name>",
            "isa:<schema.org/AdministrativeArea>",
            "isa:<schema.org/TouristAttraction>"
        ],
        "count": 3.0
    },
    {
        "pset": [
            "<schema.org/address>",
            "<schema.org/country>",
            "<schema.org/name>",
            "<schema.org/url>",
            "isa:<schema.org/AdministrativeArea>"
        ],
        "count": 3.0
    },
    {
        "pset": [
            "<schema.org/description>",
            "<schema.org/mainEntityOfPage>",
            "<schema.org/name>",
            "<schema.org/sameAs>",
            "<schema.org/url>",
            "isa:<schema.org/AdministrativeArea>",
            "isa:<schema.org/City>",
            "isa:<schema.org/Organization>",
            "isa:<schema.org/Place>",
            "isa:<schema.org/Thing>"
        ],
        "count": 3.0
    },
    {
        "pset": [
            "<schema.org/name>",
            "<schema.org/slogan>",
            "<schema.org/url>",
            "isa:<schema.org/AdministrativeArea>",
            "isa:<schema.org/Place>"
        ],
        "count": 3.0
    },
    {
        "pset": [
            "<schema.org/containsPlace>",
            "<schema.org/geo>",
            "<schema.org/name>",
            "isa:<schema.org/AdministrativeArea>"
        ],
        "count": 3.0
    },
    {
        "pset": [
            "<schema.org/containsPlace>",
            "<schema.org/name>",
            "<schema.org/sameAs>",
            "<schema.org/url>",
            "isa:<schema.org/AdministrativeArea>",
            "isa:<schema.org/Country>"
        ],
        "count": 3.0
    },
    {
        "pset": [
            "<schema.org/address>",
            "<schema.org/description>",
            "<schema.org/geo>",
            "isa:<schema.org/AdministrativeArea>"
        ],
        "count": 3.0
    },
    {
        "pset": [
            "<schema.org/name>",
            "<schema.org/sameAs>",
            "<schema.org/url>",
            "isa:<schema.org/AdministrativeArea>",
            "isa:<schema.org/City>"
        ],
        "count": 2.0
    },
    {
        "pset": [
            "<schema.org/name>",
            "<schema.org/sameAs>",
            "<schema.org/slogan>",
            "<schema.org/url>",
            "isa:<schema.org/AdministrativeArea>",
            "isa:<schema.org/City>"
        ],
        "count": 2.0
    },
    {
        "pset": [
            "<schema.org/name>",
            "<schema.org/sameAs>",
            "<schema.org/touristType>",
            "<schema.org/url>",
            "isa:<schema.org/AdministrativeArea>",
            "isa:<schema.org/TouristAttraction>"
        ],
        "count": 2.0
    },
    {
        "pset": [
            "<schema.org/additionalProperty>",
            "<schema.org/alternateName>",
            "<schema.org/name>",
            "<schema.org/sameAs>",
            "isa:<schema.org/AdministrativeArea>"
        ],
        "count": 2.0
    },
    {
        "pset": [
            "<schema.org/address>",
            "<schema.org/containedInPlace>",
            "<schema.org/containsPlace>",
            "<schema.org/name>",
            "<schema.org/sameAs>",
            "<schema.org/url>",
            "isa:<schema.org/AdministrativeArea>",
            "isa:<schema.org/City>",
            "isa:<schema.org/Place>"
        ],
        "count": 2.0
    },
    {
        "pset": [
            "<schema.org/name>",
            "isa:<schema.org/AdministrativeArea>",
            "isa:<schema.org/place>"
        ],
        "count": 2.0
    },
    {
        "pset": [
            "<schema.org/hasmap>",
            "<schema.org/image>",
            "<schema.org/latitude>",
            "<schema.org/longitude>",
            "<schema.org/name>",
            "<schema.org/url>",
            "isa:<schema.org/AdministrativeArea>"
        ],
        "count": 2.0
    },
    {
        "pset": [
            "<schema.org/additionalType>",
            "<schema.org/addressCountry>",
            "<schema.org/addressLocality>",
            "<schema.org/addressRegion>",
            "<schema.org/name>",
            "<schema.org/postalCode>",
            "<schema.org/streetAddress>",
            "isa:<schema.org/AdministrativeArea>",
            "isa:<schema.org/PostalAddress>",
            "isa:<schema.org/city>"
        ],
        "count": 2.0
    },
    {
        "pset": [
            "<schema.org/description>",
            "<schema.org/mainEntityOfPage>",
            "<schema.org/name>",
            "<schema.org/sameAs>",
            "<schema.org/url>",
            "isa:<schema.org/AdministrativeArea>",
            "isa:<schema.org/Cemetery>",
            "isa:<schema.org/City>",
            "isa:<schema.org/LandmarksOrHistoricalBuildings>",
            "isa:<schema.org/Place>",
            "isa:<schema.org/Thing>"
        ],
        "count": 2.0
    },
    {
        "pset": [
            "<schema.org/description>",
            "<schema.org/geo>",
            "<schema.org/name>",
            "isa:<schema.org/AdministrativeArea>"
        ],
        "count": 2.0
    },
    {
        "pset": [
            "<schema.org/address>",
            "<schema.org/description>",
            "<schema.org/geo>",
            "<schema.org/image>",
            "<schema.org/logo>",
            "<schema.org/name>",
            "<schema.org/telephone>",
            "<schema.org/url>",
            "isa:<schema.org/AdministrativeArea>"
        ],
        "count": 2.0
    },
    {
        "pset": [
            "<schema.org/additionalType>",
            "<schema.org/alternateName>",
            "<schema.org/name>",
            "isa:<schema.org/AdministrativeArea>",
            "isa:<schema.org/GeoShape>"
        ],
        "count": 1.0
    },
    {
        "pset": [
            "<schema.org/name>",
            "isa:<schema.org/AdministrativeArea>",
            "isa:<schema.org/Continent>"
        ],
        "count": 1.0
    },
    {
        "pset": [
            "<schema.org/additionalType>",
            "<schema.org/alternateName>",
            "<schema.org/name>",
            "isa:<schema.org/AdministrativeArea>"
        ],
        "count": 1.0
    },
    {
        "pset": [
            "<schema.org/hasMap>",
            "<schema.org/mainEntityOfPage>",
            "<schema.org/name>",
            "<schema.org/sameAs>",
            "<schema.org/url>",
            "isa:<schema.org/AdministrativeArea>",
            "isa:<schema.org/City>"
        ],
        "count": 1.0
    },
    {
        "pset": [
            "<schema.org/Name>",
            "<schema.org/URL>",
            "<schema.org/address>",
            "<schema.org/description>",
            "<schema.org/hasMap>",
            "<schema.org/hasmap>",
            "<schema.org/image>",
            "<schema.org/logo>",
            "<schema.org/mainEntityOfPage>",
            "<schema.org/mainentityofpage>",
            "<schema.org/name>",
            "<schema.org/sameAs>",
            "<schema.org/url>",
            "isa:<schema.org/AdministrativeArea>",
            "isa:<schema.org/City>",
            "isa:<schema.org/Country>",
            "isa:<schema.org/Person>",
            "isa:<schema.org/Place>",
            "isa:<schema.org/Thing>",
            "isa:<schema.org/city>",
            "isa:<schema.org/place>"
        ],
        "count": 1.0
    },
    {
        "pset": [
            "<schema.org/additionalType>",
            "<schema.org/addressCountry>",
            "<schema.org/addressLocality>",
            "<schema.org/addressRegion>",
            "<schema.org/email>",
            "<schema.org/name>",
            "<schema.org/postalCode>",
            "<schema.org/sameAs>",
            "<schema.org/streetAddress>",
            "<schema.org/telephone>",
            "<schema.org/url>",
            "isa:<schema.org/AdministrativeArea>",
            "isa:<schema.org/City>",
            "isa:<schema.org/PostalAddress>",
            "isa:<schema.org/Service>",
            "isa:<schema.org/city>",
            "isa:<schema.org/country>"
        ],
        "count": 1.0
    },
    {
        "pset": [
            "<schema.org/alternateName>",
            "<schema.org/image>",
            "<schema.org/name>",
            "<schema.orgname>",
            "isa:<schema.org/AdministrativeArea>",
            "isa:<schema.org/City>",
            "isa:<schema.orgCity>"
        ],
        "count": 1.0
    },
    {
        "pset": [
            "<schema.org/name>",
            "<schema.org/url>",
            "isa:<schema.org/AdministrativeArea>",
            "isa:<schema.org/City>",
            "isa:<schema.org/Place>",
            "isa:<schema.org/Thing>"
        ],
        "count": 1.0
    },
    {
        "pset": [
            "<schema.org/additionalType>",
            "<schema.org/name>",
            "isa:<schema.org/AdministrativeArea>",
            "isa:<schema.org/Country>"
        ],
        "count": 1.0
    },
    {
        "pset": [
            "<schema.org/additionalType>",
            "<schema.org/name>",
            "isa:<schema.org/AdministrativeArea>",
            "isa:<schema.org/Place>",
            "isa:<schema.org/country>"
        ],
        "count": 1.0
    },
    {
        "pset": [
            "<schema.org/additionalProperty>",
            "<schema.org/name>",
            "<schema.org/sameAs>",
            "isa:<schema.org/AdministrativeArea>"
        ],
        "count": 1.0
    },
    {
        "pset": [
            "<schema.org/name>",
            "<schema.org/sameAs>",
            "isa:<schema.org/AdministrativeArea>",
            "isa:<schema.org/City>"
        ],
        "count": 1.0
    },
    {
        "pset": [
            "<schema.org/latitude>",
            "<schema.org/longitude>",
            "<schema.org/name>",
            "isa:<schema.org/AdministrativeArea>"
        ],
        "count": 1.0
    },
    {
        "pset": [
            "<schema.org/additionalType>",
            "<schema.org/addressCountry>",
            "<schema.org/addressLocality>",
            "<schema.org/addressRegion>",
            "<schema.org/name>",
            "<schema.org/postalCode>",
            "<schema.org/sameAs>",
            "<schema.org/streetAddress>",
            "isa:<schema.org/AdministrativeArea>",
            "isa:<schema.org/Country>",
            "isa:<schema.org/Place>",
            "isa:<schema.org/PostalAddress>"
        ],
        "count": 1.0
    },
    {
        "pset": [
            "<schema.org/name>",
            "isa:<schema.org/AdministrativeArea>",
            "isa:<schema.org/Place>",
            "isa:<schema.org/place>"
        ],
        "count": 1.0
    },
    {
        "pset": [
            "<schema.org/additionaltype>",
            "<schema.org/name>",
            "isa:<schema.org/AdministrativeArea>"
        ],
        "count": 1.0
    },
    {
        "pset": [
            "<schema.org/name>",
            "<schema.org/slogan>",
            "<schema.org/url>",
            "isa:<schema.org/AdministrativeArea>",
            "isa:<schema.org/Place>",
            "isa:<schema.org/State>",
            "isa:<schema.org/place>"
        ],
        "count": 1.0
    },
    {
        "pset": [
            "<schema.org/description>",
            "<schema.org/mainEntityOfPage>",
            "<schema.org/name>",
            "<schema.org/sameAs>",
            "<schema.org/url>",
            "isa:<schema.org/AdministrativeArea>",
            "isa:<schema.org/City>",
            "isa:<schema.org/EducationalOrganization>",
            "isa:<schema.org/Organization>",
            "isa:<schema.org/Place>",
            "isa:<schema.org/Thing>"
        ],
        "count": 1.0
    },
    {
        "pset": [
            "<schema.org/address>",
            "<schema.org/description>",
            "<schema.org/geo>",
            "<schema.org/name>",
            "<schema.org/openingHoursSpecification>",
            "isa:<schema.org/AdministrativeArea>"
        ],
        "count": 1.0
    },
    {
        "pset": [
            "<schema.org/name>",
            "<schema.org/sameAs>",
            "<schema.org/slogan>",
            "<schema.org/url>",
            "isa:<schema.org/AdministrativeArea>",
            "isa:<schema.org/City>",
            "isa:<schema.org/State>"
        ],
        "count": 1.0
    },
    {
        "pset": [
            "<schema.org/Alternatename>",
            "<schema.org/address>",
            "<schema.org/award>",
            "<schema.org/currenciesAccepted>",
            "<schema.org/description>",
            "<schema.org/disambiguatingdescription>",
            "<schema.org/email>",
            "<schema.org/founder>",
            "<schema.org/foundingDate>",
            "<schema.org/hasMap>",
            "<schema.org/hasOfferCatalog>",
            "<schema.org/image>",
            "<schema.org/latitude>",
            "<schema.org/legalName>",
            "<schema.org/logo>",
            "<schema.org/longitude>",
            "<schema.org/name>",
            "<schema.org/paymentAccepted>",
            "<schema.org/priceRange>",
            "<schema.org/telephone>",
            "<schema.org/url>",
            "isa:<schema.org/AdministrativeArea>",
            "isa:<schema.org/HealthAndBeautyBusiness>"
        ],
        "count": 1.0
    },
    {
        "pset": [
            "<schema.org/additionalType>",
            "<schema.org/addressCountry>",
            "<schema.org/addressLocality>",
            "<schema.org/addressRegion>",
            "<schema.org/name>",
            "<schema.org/postalCode>",
            "<schema.org/streetAddress>",
            "isa:<schema.org/AdministrativeArea>",
            "isa:<schema.org/Administrativearea>",
            "isa:<schema.org/PostalAddress>"
        ],
        "count": 1.0
    },
    {
        "pset": [
            "<schema.org/description>",
            "<schema.org/hasMap>",
            "<schema.org/mainEntityOfPage>",
            "<schema.org/name>",
            "<schema.org/sameAs>",
            "<schema.org/url>",
            "isa:<schema.org/AdministrativeArea>",
            "isa:<schema.org/City>",
            "isa:<schema.org/Place>"
        ],
        "count": 1.0
    },
    {
        "pset": [
            "<schema.org/address>",
            "<schema.org/geo>",
            "<schema.org/name>",
            "<schema.org/openingHoursSpecification>",
            "<schema.org/url>",
            "isa:<schema.org/AdministrativeArea>",
            "isa:<schema.org/WebPage>"
        ],
        "count": 1.0
    },
    {
        "pset": [
            "<schema.org/Alternatename>",
            "<schema.org/address>",
            "<schema.org/award>",
            "<schema.org/currenciesAccepted>",
            "<schema.org/description>",
            "<schema.org/disambiguatingdescription>",
            "<schema.org/email>",
            "<schema.org/founder>",
            "<schema.org/foundingDate>",
            "<schema.org/hasMap>",
            "<schema.org/hasOfferCatalog>",
            "<schema.org/image>",
            "<schema.org/latitude>",
            "<schema.org/legalName>",
            "<schema.org/location>",
            "<schema.org/logo>",
            "<schema.org/longitude>",
            "<schema.org/naics>",
            "<schema.org/name>",
            "<schema.org/paymentAccepted>",
            "<schema.org/priceRange>",
            "<schema.org/telephone>",
            "<schema.org/url>",
            "isa:<schema.org/AdministrativeArea>",
            "isa:<schema.org/LocalBusiness>",
            "isa:<schema.org/Organization>"
        ],
        "count": 1.0
    },
    {
        "pset": [
            "<schema.org/name>",
            "isa:<schema.org/AdministrativeArea>",
            "isa:<schema.org/State>"
        ],
        "count": 1.0
    },
    {
        "pset": [
            "<schema.org/additionalType>",
            "<schema.org/addressCountry>",
            "<schema.org/addressLocality>",
            "<schema.org/addressRegion>",
            "<schema.org/name>",
            "<schema.org/postalCode>",
            "<schema.org/sameAs>",
            "<schema.org/streetAddress>",
            "<schema.org/url>",
            "isa:<schema.org/AdministrativeArea>",
            "isa:<schema.org/Country>",
            "isa:<schema.org/PostalAddress>",
            "isa:<schema.org/city>",
            "isa:<schema.org/country>"
        ],
        "count": 1.0
    },
    {
        "pset": [
            "<schema.org/additionalType>",
            "<schema.org/addressCountry>",
            "<schema.org/addressLocality>",
            "<schema.org/addressRegion>",
            "<schema.org/name>",
            "<schema.org/postalCode>",
            "<schema.org/sameAs>",
            "<schema.org/streetAddress>",
            "<schema.org/url>",
            "isa:<schema.org/AdministrativeArea>",
            "isa:<schema.org/Administrativearea>",
            "isa:<schema.org/PostalAddress>",
            "isa:<schema.org/Service>",
            "isa:<schema.org/city>"
        ],
        "count": 1.0
    },
    {
        "pset": [
            "<schema.org/description>",
            "<schema.org/mainEntityOfPage>",
            "<schema.org/name>",
            "<schema.org/sameAs>",
            "<schema.org/url>",
            "isa:<schema.org/AdministrativeArea>",
            "isa:<schema.org/Country>",
            "isa:<schema.org/DefenceEstablishment>",
            "isa:<schema.org/Place>",
            "isa:<schema.org/Thing>"
        ],
        "count": 1.0
    },
    {
        "pset": [
            "<schema.org/name>",
            "isa:<schema.org/AdministrativeArea>",
            "isa:<schema.org/City>",
            "isa:<schema.org/Country>"
        ],
        "count": 1.0
    },
    {
        "pset": [
            "<schema.org/address>",
            "<schema.org/description>",
            "<schema.org/geo>",
            "<schema.org/image>",
            "<schema.org/name>",
            "<schema.org/review>",
            "<schema.org/sameAs>",
            "<schema.org/url>",
            "isa:<schema.org/AdministrativeArea>"
        ],
        "count": 1.0
    },
    {
        "pset": [
            "<schema.org/description>",
            "<schema.org/mainEntityOfPage>",
            "<schema.org/name>",
            "<schema.org/sameAs>",
            "<schema.org/url>",
            "isa:<schema.org/AdministrativeArea>",
            "isa:<schema.org/City>",
            "isa:<schema.org/LandmarksOrHistoricalBuildings>",
            "isa:<schema.org/Organization>",
            "isa:<schema.org/Place>",
            "isa:<schema.org/Thing>"
        ],
        "count": 1.0
    },
    {
        "pset": [
            "<schema.org/additionalType>",
            "<schema.org/name>",
            "isa:<schema.org/AdministrativeArea>",
            "isa:<schema.org/Continent>"
        ],
        "count": 1.0
    },
    {
        "pset": [
            "<schema.org/additionalType>",
            "<schema.org/addressCountry>",
            "<schema.org/addressLocality>",
            "<schema.org/addressRegion>",
            "<schema.org/alternateName>",
            "<schema.org/email>",
            "<schema.org/name>",
            "<schema.org/postalCode>",
            "<schema.org/sameAs>",
            "<schema.org/streetAddress>",
            "<schema.org/telephone>",
            "<schema.org/url>",
            "isa:<schema.org/AdministrativeArea>",
            "isa:<schema.org/City>",
            "isa:<schema.org/PostalAddress>"
        ],
        "count": 1.0
    },
    {
        "pset": [
            "<schema.org/address>",
            "<schema.org/description>",
            "<schema.org/image>",
            "<schema.org/name>",
            "<schema.org/telephone>",
            "<schema.org/url>",
            "isa:<schema.org/AdministrativeArea>"
        ],
        "count": 1.0
    },
    {
        "pset": [
            "<schema.org/address>",
            "<schema.org/containedInPlace>",
            "<schema.org/description>",
            "<schema.org/name>",
            "<schema.org/potentialAction>",
            "<schema.org/url>",
            "isa:<schema.org/AdministrativeArea>"
        ],
        "count": 1.0
    },
    {
        "pset": [
            "<schema.org/address>",
            "<schema.org/geo>",
            "<schema.org/name>",
            "<schema.org/openingHoursSpecification>",
            "isa:<schema.org/AdministrativeArea>"
        ],
        "count": 1.0
    },
    {
        "pset": [
            "<schema.org/description>",
            "<schema.org/hasMap>",
            "<schema.org/logo>",
            "<schema.org/mainEntityOfPage>",
            "<schema.org/name>",
            "<schema.org/sameAs>",
            "<schema.org/url>",
            "isa:<schema.org/AdministrativeArea>",
            "isa:<schema.org/City>",
            "isa:<schema.org/Country>",
            "isa:<schema.org/Place>"
        ],
        "count": 1.0
    },
    {
        "pset": [
            "<schema.org/description>",
            "<schema.org/eventStatus>",
            "<schema.org/identifier>",
            "<schema.org/image>",
            "<schema.org/location>",
            "<schema.org/name>",
            "<schema.org/url>",
            "isa:<schema.org/AdministrativeArea>"
        ],
        "count": 1.0
    },
    {
        "pset": [
            "<schema.org/description>",
            "<schema.org/mainEntityOfPage>",
            "<schema.org/name>",
            "<schema.org/sameAs>",
            "<schema.org/url>",
            "isa:<schema.org/AdministrativeArea>",
            "isa:<schema.org/Continent>",
            "isa:<schema.org/Place>",
            "isa:<schema.org/Thing>"
        ],
        "count": 1.0
    },
    {
        "pset": [
            "<schema.org/description>",
            "<schema.org/hasMap>",
            "<schema.org/image>",
            "<schema.org/latitude>",
            "<schema.org/location>",
            "<schema.org/logo>",
            "<schema.org/longitude>",
            "<schema.org/name>",
            "<schema.org/sameAs>",
            "<schema.org/url>",
            "isa:<schema.org/AdministrativeArea>",
            "isa:<schema.org/organization>"
        ],
        "count": 1.0
    },
    {
        "pset": [
            "<schema.org/hasMap>",
            "<schema.org/logo>",
            "<schema.org/mainEntityOfPage>",
            "<schema.org/name>",
            "<schema.org/sameAs>",
            "<schema.org/url>",
            "isa:<schema.org/AdministrativeArea>",
            "isa:<schema.org/City>",
            "isa:<schema.org/Country>",
            "isa:<schema.org/Place>"
        ],
        "count": 1.0
    },
    {
        "pset": [
            "<schema.org/address>",
            "<schema.org/containedInPlace>",
            "<schema.org/name>",
            "<schema.org/potentialAction>",
            "<schema.org/telephone>",
            "<schema.org/url>",
            "isa:<schema.org/AdministrativeArea>"
        ],
        "count": 1.0
    },
    {
        "pset": [
            "<schema.org/additionalType>",
            "<schema.org/addressCountry>",
            "<schema.org/addressLocality>",
            "<schema.org/addressRegion>",
            "<schema.org/alternateName>",
            "<schema.org/name>",
            "<schema.org/postalCode>",
            "<schema.org/streetAddress>",
            "<schema.org/url>",
            "isa:<schema.org/AdministrativeArea>",
            "isa:<schema.org/Country>",
            "isa:<schema.org/Place>",
            "isa:<schema.org/PostalAddress>"
        ],
        "count": 1.0
    },
    {
        "pset": [
            "<schema.org/address>",
            "<schema.org/containsPlace>",
            "isa:<schema.org/AdministrativeArea>"
        ],
        "count": 1.0
    },
    {
        "pset": [
            "<schema.org/telephone>",
            "isa:<schema.org/AdministrativeArea>"
        ],
        "count": 1.0
    },
    {
        "pset": [
            "<schema.org/name>",
            "<schema.org/slogan>",
            "<schema.org/url>",
            "isa:<schema.org/AdministrativeArea>",
            "isa:<schema.org/City>",
            "isa:<schema.org/State>",
            "isa:<schema.org/place>"
        ],
        "count": 1.0
    },
    {
        "pset": [
            "<schema.org/address>",
            "<schema.org/geo>",
            "<schema.org/logo>",
            "<schema.org/telephone>",
            "isa:<schema.org/AdministrativeArea>"
        ],
        "count": 1.0
    },
    {
        "pset": [
            "<schema.org/hasMap>",
            "<schema.org/hasmap>",
            "<schema.org/image>",
            "<schema.org/latitude>",
            "<schema.org/longitude>",
            "<schema.org/mainEntityOfPage>",
            "<schema.org/name>",
            "<schema.org/sameAs>",
            "<schema.org/url>",
            "isa:<schema.org/AdministrativeArea>",
            "isa:<schema.org/City>"
        ],
        "count": 1.0
    },
    {
        "pset": [
            "<schema.org/address>",
            "<schema.org/alternateName>",
            "<schema.org/geo>",
            "<schema.org/identifier>",
            "<schema.org/image>",
            "<schema.org/latitude>",
            "<schema.org/longitude>",
            "<schema.org/name>",
            "isa:<schema.org/AdministrativeArea>"
        ],
        "count": 1.0
    },
    {
        "pset": [
            "<schema.org/address>",
            "<schema.org/description>",
            "<schema.org/geo>",
            "<schema.org/image>",
            "<schema.org/latitude>",
            "<schema.org/logo>",
            "<schema.org/longitude>",
            "<schema.org/name>",
            "<schema.org/openingHoursSpecification>",
            "<schema.org/smokingAllowed>",
            "<schema.org/telephone>",
            "<schema.org/url>",
            "isa:<schema.org/AdministrativeArea>"
        ],
        "count": 1.0
    },
    {
        "pset": [
            "<schema.org/geoContains>",
            "<schema.org/name>",
            "<schema.org/sameAs>",
            "isa:<schema.org/AdministrativeArea>"
        ],
        "count": 1.0
    },
    {
        "pset": [
            "<schema.org/articleSection>",
            "<schema.org/author>",
            "<schema.org/creator>",
            "<schema.org/dateModified>",
            "<schema.org/datePublished>",
            "<schema.org/description>",
            "<schema.org/hasMap>",
            "<schema.org/headline>",
            "<schema.org/image>",
            "<schema.org/isAccessibleForFree>",
            "<schema.org/keywords>",
            "<schema.org/mainEntityOfPage>",
            "<schema.org/name>",
            "<schema.org/publisher>",
            "<schema.org/url>",
            "isa:<schema.org/AdministrativeArea>",
            "isa:<schema.org/Article>"
        ],
        "count": 1.0
    },
    {
        "pset": [
            "<schema.org/description>",
            "<schema.org/hasMap>",
            "<schema.org/latitude>",
            "<schema.org/longitude>",
            "<schema.org/mainEntityOfPage>",
            "<schema.org/name>",
            "<schema.org/url>",
            "isa:<schema.org/AdministrativeArea>",
            "isa:<schema.org/Place>",
            "isa:<schema.org/Thing>"
        ],
        "count": 1.0
    },
    {
        "pset": [
            "<schema.org/address>",
            "<schema.org/isAccessibleForFree>",
            "<schema.org/latitude>",
            "<schema.org/longitude>",
            "<schema.org/name>",
            "<schema.org/publicAccess>",
            "isa:<schema.org/AdministrativeArea>"
        ],
        "count": 1.0
    },
    {
        "pset": [
            "<schema.org/address>",
            "<schema.org/containedInPlace>",
            "<schema.org/containsPlace>",
            "<schema.org/description>",
            "<schema.org/geo>",
            "<schema.org/geoCovers>",
            "<schema.org/hasDriveThroughService>",
            "<schema.org/mainEntityOfPage>",
            "<schema.org/name>",
            "<schema.org/url>",
            "isa:<schema.org/AdministrativeArea>"
        ],
        "count": 1.0
    },
    {
        "pset": [
            "<schema.org/description>",
            "<schema.org/hasMap>",
            "<schema.org/image>",
            "<schema.org/latitude>",
            "<schema.org/logo>",
            "<schema.org/longitude>",
            "<schema.org/mainEntityOfPage>",
            "<schema.org/name>",
            "<schema.org/sameAs>",
            "<schema.org/url>",
            "isa:<schema.org/AdministrativeArea>",
            "isa:<schema.org/City>",
            "isa:<schema.org/Country>",
            "isa:<schema.org/Organization>",
            "isa:<schema.org/Person>",
            "isa:<schema.org/Place>",
            "isa:<schema.org/Thing>"
        ],
        "count": 1.0
    },
    {
        "pset": [
            "<schema.org/name>",
            "isa:<schema.org/AdministrativeArea>",
            "isa:<schema.org/Country>"
        ],
        "count": 1.0
    },
    {
        "pset": [
            "<schema.org/description>",
            "<schema.org/disambiguatingDescription>",
            "<schema.org/mainEntityOfPage>",
            "<schema.org/name>",
            "<schema.org/sameAs>",
            "<schema.org/subjectOf>",
            "isa:<schema.org/AdministrativeArea>"
        ],
        "count": 1.0
    },
    {
        "pset": [
            "<schema.org/additionalType>",
            "<schema.org/name>",
            "<schema.org/url>",
            "isa:<schema.org/AdministrativeArea>",
            "isa:<schema.org/Service>"
        ],
        "count": 1.0
    },
    {
        "pset": [
            "<schema.org/additionalType>",
            "<schema.org/addressCountry>",
            "<schema.org/addressLocality>",
            "<schema.org/addressRegion>",
            "<schema.org/name>",
            "<schema.org/postalCode>",
            "<schema.org/sameAs>",
            "<schema.org/streetAddress>",
            "<schema.org/url>",
            "isa:<schema.org/AdministrativeArea>",
            "isa:<schema.org/PostalAddress>"
        ],
        "count": 1.0
    },
    {
        "pset": [
            "<schema.org/address>",
            "<schema.org/containedInPlace>",
            "<schema.org/name>",
            "<schema.org/sameAs>",
            "<schema.org/url>",
            "isa:<schema.org/AdministrativeArea>",
            "isa:<schema.org/City>",
            "isa:<schema.org/Place>"
        ],
        "count": 1.0
    },
    {
        "pset": [
            "<schema.org/description>",
            "<schema.org/mainEntityOfPage>",
            "<schema.org/name>",
            "<schema.org/sameAs>",
            "<schema.org/subjectOf>",
            "isa:<schema.org/AdministrativeArea>"
        ],
        "count": 1.0
    },
    {
        "pset": [
            "<schema.org/Description>",
            "<schema.org/description>",
            "<schema.org/hasMap>",
            "<schema.org/hasmap>",
            "<schema.org/image>",
            "<schema.org/latitude>",
            "<schema.org/logo>",
            "<schema.org/longitude>",
            "<schema.org/mainEntityOfPage>",
            "<schema.org/mainentityofpage>",
            "<schema.org/name>",
            "<schema.org/sameAs>",
            "<schema.org/sameas>",
            "<schema.org/url>",
            "isa:<schema.org/AdministrativeArea>",
            "isa:<schema.org/City>",
            "isa:<schema.org/Country>",
            "isa:<schema.org/Place>",
            "isa:<schema.org/Thing>",
            "isa:<schema.org/country>"
        ],
        "count": 1.0
    },
    {
        "pset": [
            "<schema.org/additionalType>",
            "<schema.org/name>",
            "isa:<schema.org/AdministrativeArea>",
            "isa:<schema.org/city>"
        ],
        "count": 1.0
    },
    {
        "pset": [
            "<schema.org/name>",
            "isa:<schema.org/AdministrativeArea>",
            "isa:<schema.org/City>",
            "isa:<schema.org/Place>"
        ],
        "count": 1.0
    },
    {
        "pset": [
            "<schema.org/description>",
            "isa:<schema.org/AdministrativeArea>"
        ],
        "count": 1.0
    }
]