[
    {
        "pset": [
            "<schema.org/question>",
            "isa:<schema.org/AskAction>"
        ],
        "count": 2533.0
    },
    {
        "pset": [
            "<schema.org/result>",
            "<schema.org/target>",
            "isa:<schema.org/AskAction>"
        ],
        "count": 1398.0
    },
    {
        "pset": [
            "<schema.org/target>",
            "isa:<schema.org/AskAction>"
        ],
        "count": 936.0
    },
    {
        "pset": [
            "<schema.org/agent>",
            "<schema.org/question>",
            "isa:<schema.org/AskAction>"
        ],
        "count": 665.0
    },
    {
        "pset": [
            "isa:<schema.org/AskAction>"
        ],
        "count": 582.0
    },
    {
        "pset": [
            "<schema.org/question>",
            "<schema.org/result>",
            "isa:<schema.org/AskAction>"
        ],
        "count": 286.0
    },
    {
        "pset": [
            "<schema.org/name>",
            "<schema.org/target>",
            "isa:<schema.org/AskAction>"
        ],
        "count": 254.0
    },
    {
        "pset": [
            "<schema.org/agent>",
            "<schema.org/question>",
            "<schema.org/recipient>",
            "isa:<schema.org/AskAction>"
        ],
        "count": 128.0
    },
    {
        "pset": [
            "<schema.org/question>",
            "<schema.org/recipient>",
            "isa:<schema.org/AskAction>"
        ],
        "count": 104.0
    },
    {
        "pset": [
            "<schema.org/agent>",
            "<schema.org/recipient>",
            "<schema.org/resultComment>",
            "isa:<schema.org/AskAction>"
        ],
        "count": 58.0
    },
    {
        "pset": [
            "<schema.org/agent>",
            "<schema.org/recipient>",
            "isa:<schema.org/AskAction>"
        ],
        "count": 47.0
    },
    {
        "pset": [
            "<schema.org/name>",
            "<schema.org/text>",
            "isa:<schema.org/AskAction>"
        ],
        "count": 44.0
    },
    {
        "pset": [
            "<schema.org/about>",
            "<schema.org/agent>",
            "<schema.org/resultComment>",
            "isa:<schema.org/AskAction>"
        ],
        "count": 43.0
    },
    {
        "pset": [
            "<schema.org/agent>",
            "<schema.org/object>",
            "<schema.org/url>",
            "isa:<schema.org/AskAction>"
        ],
        "count": 25.0
    },
    {
        "pset": [
            "<schema.org/acceptedAnswer>",
            "<schema.org/agent>",
            "<schema.org/recipient>",
            "isa:<schema.org/AskAction>"
        ],
        "count": 21.0
    },
    {
        "pset": [
            "<schema.org/agent>",
            "isa:<schema.org/AskAction>"
        ],
        "count": 19.0
    },
    {
        "pset": [
            "<schema.org/agent>",
            "<schema.org/question>",
            "<schema.org/recipient>",
            "<schema.org/resultComment>",
            "isa:<schema.org/AskAction>"
        ],
        "count": 10.0
    },
    {
        "pset": [
            "<schema.org/about>",
            "<schema.org/agent>",
            "<schema.org/question>",
            "isa:<schema.org/AskAction>"
        ],
        "count": 2.0
    },
    {
        "pset": [
            "<schema.org/mainEntityOfPage>",
            "isa:<schema.org/AskAction>"
        ],
        "count": 2.0
    },
    {
        "pset": [
            "<schema.org/name>",
            "isa:<schema.org/AskAction>"
        ],
        "count": 2.0
    },
    {
        "pset": [
            "<schema.org/description>",
            "<schema.org/image>",
            "<schema.org/mainEntityOfPage>",
            "<schema.org/name>",
            "<schema.org/url>",
            "isa:<schema.org/AskAction>"
        ],
        "count": 2.0
    },
    {
        "pset": [
            "<schema.org/about>",
            "<schema.org/inLanguage>",
            "<schema.org/question>",
            "<schema.org/recipient>",
            "isa:<schema.org/AskAction>"
        ],
        "count": 1.0
    },
    {
        "pset": [
            "<schema.org/about>",
            "<schema.org/agent>",
            "<schema.org/question>",
            "<schema.org/result>",
            "isa:<schema.org/AskAction>"
        ],
        "count": 1.0
    }
]