[
    {
        "pset": [
            "<schema.org/abridged>",
            "<schema.org/aggregateRating>",
            "<schema.org/author>",
            "<schema.org/bookFormat>",
            "<schema.org/datePublished>",
            "<schema.org/description>",
            "<schema.org/duration>",
            "<schema.org/image>",
            "<schema.org/inLanguage>",
            "<schema.org/name>",
            "<schema.org/offers>",
            "<schema.org/publisher>",
            "<schema.org/readBy>",
            "<schema.org/regionsAllowed>",
            "isa:<schema.org/Audiobook>"
        ],
        "count": 41248.0
    },
    {
        "pset": [
            "<schema.org/aggregateRating>",
            "<schema.org/image>",
            "<schema.org/name>",
            "<schema.org/url>",
            "isa:<schema.org/Audiobook>"
        ],
        "count": 29212.0
    },
    {
        "pset": [
            "<schema.org/image>",
            "<schema.org/name>",
            "<schema.org/url>",
            "isa:<schema.org/Audiobook>"
        ],
        "count": 10889.0
    },
    {
        "pset": [
            "<schema.org/abridged>",
            "<schema.org/author>",
            "<schema.org/bookFormat>",
            "<schema.org/datePublished>",
            "<schema.org/description>",
            "<schema.org/duration>",
            "<schema.org/image>",
            "<schema.org/inLanguage>",
            "<schema.org/name>",
            "<schema.org/offers>",
            "<schema.org/publisher>",
            "<schema.org/readBy>",
            "<schema.org/regionsAllowed>",
            "isa:<schema.org/Audiobook>"
        ],
        "count": 10668.0
    },
    {
        "pset": [
            "<schema.org/aggregateRating>",
            "<schema.org/name>",
            "isa:<schema.org/Audiobook>"
        ],
        "count": 9536.0
    },
    {
        "pset": [
            "<schema.org/abridged>",
            "<schema.org/aggregateRating>",
            "<schema.org/author>",
            "<schema.org/bookFormat>",
            "<schema.org/datePublished>",
            "<schema.org/description>",
            "<schema.org/duration>",
            "<schema.org/genre>",
            "<schema.org/identifier>",
            "<schema.org/isbn>",
            "<schema.org/keywords>",
            "<schema.org/name>",
            "<schema.org/offers>",
            "<schema.org/publisher>",
            "<schema.org/readBy>",
            "<schema.org/thumbnailUrl>",
            "isa:<schema.org/Audiobook>"
        ],
        "count": 4050.0
    },
    {
        "pset": [
            "<schema.org/aggregateRating>",
            "<schema.org/author>",
            "<schema.org/bookFormat>",
            "<schema.org/datePublished>",
            "<schema.org/description>",
            "<schema.org/duration>",
            "<schema.org/image>",
            "<schema.org/inLanguage>",
            "<schema.org/name>",
            "<schema.org/offers>",
            "<schema.org/publisher>",
            "<schema.org/readBy>",
            "<schema.org/regionsAllowed>",
            "isa:<schema.org/Audiobook>"
        ],
        "count": 2306.0
    },
    {
        "pset": [
            "<schema.org/author>",
            "<schema.org/datePublished>",
            "<schema.org/description>",
            "<schema.org/duration>",
            "<schema.org/genre>",
            "<schema.org/image>",
            "<schema.org/name>",
            "<schema.org/offers>",
            "<schema.org/provider>",
            "<schema.org/readBy>",
            "isa:<schema.org/Audiobook>"
        ],
        "count": 1904.0
    },
    {
        "pset": [
            "<schema.org/author>",
            "<schema.org/name>",
            "<schema.org/url>",
            "isa:<schema.org/Audiobook>"
        ],
        "count": 1295.0
    },
    {
        "pset": [
            "<schema.org/aggregateRating>",
            "<schema.org/author>",
            "<schema.org/datePublished>",
            "<schema.org/description>",
            "<schema.org/duration>",
            "<schema.org/genre>",
            "<schema.org/image>",
            "<schema.org/name>",
            "<schema.org/offers>",
            "<schema.org/provider>",
            "<schema.org/readBy>",
            "isa:<schema.org/Audiobook>"
        ],
        "count": 1123.0
    },
    {
        "pset": [
            "<schema.org/accessibilityAPI>",
            "<schema.org/accessibilityControl>",
            "<schema.org/accessibilityFeature>",
            "<schema.org/accessibilityHazard>",
            "<schema.org/author>",
            "<schema.org/bookFormat>",
            "<schema.org/datePublished>",
            "<schema.org/description>",
            "<schema.org/duration>",
            "<schema.org/image>",
            "<schema.org/inLanguage>",
            "<schema.org/isbn>",
            "<schema.org/name>",
            "<schema.org/publisher>",
            "<schema.org/readBy>",
            "<schema.org/url>",
            "<schema.org/workExample>",
            "isa:<schema.org/Audiobook>"
        ],
        "count": 985.0
    },
    {
        "pset": [
            "<schema.org/abridged>",
            "<schema.org/author>",
            "<schema.org/bookFormat>",
            "<schema.org/brand>",
            "<schema.org/category>",
            "<schema.org/datePublished>",
            "<schema.org/description>",
            "<schema.org/genre>",
            "<schema.org/gtin13>",
            "<schema.org/image>",
            "<schema.org/isbn>",
            "<schema.org/name>",
            "<schema.org/offers>",
            "<schema.org/publisher>",
            "<schema.org/readBy>",
            "<schema.org/sku>",
            "<schema.org/timeRequired>",
            "isa:<schema.org/Audiobook>",
            "isa:<schema.org/Product>"
        ],
        "count": 921.0
    },
    {
        "pset": [
            "<schema.org/abridged>",
            "<schema.org/author>",
            "<schema.org/bookFormat>",
            "<schema.org/description>",
            "<schema.org/duration>",
            "<schema.org/image>",
            "<schema.org/inLanguage>",
            "<schema.org/name>",
            "<schema.org/publisher>",
            "<schema.org/readBy>",
            "isa:<schema.org/Audiobook>"
        ],
        "count": 830.0
    },
    {
        "pset": [
            "<schema.org/author>",
            "<schema.org/bookFormat>",
            "<schema.org/datePublished>",
            "<schema.org/description>",
            "<schema.org/duration>",
            "<schema.org/image>",
            "<schema.org/inLanguage>",
            "<schema.org/name>",
            "<schema.org/offers>",
            "<schema.org/publisher>",
            "<schema.org/readBy>",
            "<schema.org/regionsAllowed>",
            "isa:<schema.org/Audiobook>"
        ],
        "count": 795.0
    },
    {
        "pset": [
            "<schema.org/abridged>",
            "<schema.org/aggregateRating>",
            "<schema.org/author>",
            "<schema.org/bookFormat>",
            "<schema.org/brand>",
            "<schema.org/category>",
            "<schema.org/datePublished>",
            "<schema.org/description>",
            "<schema.org/genre>",
            "<schema.org/gtin13>",
            "<schema.org/image>",
            "<schema.org/isbn>",
            "<schema.org/name>",
            "<schema.org/offers>",
            "<schema.org/publisher>",
            "<schema.org/readBy>",
            "<schema.org/review>",
            "<schema.org/sku>",
            "<schema.org/timeRequired>",
            "isa:<schema.org/Audiobook>",
            "isa:<schema.org/Product>"
        ],
        "count": 552.0
    },
    {
        "pset": [
            "<schema.org/accessibilityAPI>",
            "<schema.org/accessibilityControl>",
            "<schema.org/accessibilityFeature>",
            "<schema.org/accessibilityHazard>",
            "<schema.org/author>",
            "<schema.org/bookFormat>",
            "<schema.org/datePublished>",
            "<schema.org/description>",
            "<schema.org/duration>",
            "<schema.org/image>",
            "<schema.org/inLanguage>",
            "<schema.org/name>",
            "<schema.org/publisher>",
            "<schema.org/readBy>",
            "<schema.org/url>",
            "<schema.org/workExample>",
            "isa:<schema.org/Audiobook>"
        ],
        "count": 517.0
    },
    {
        "pset": [
            "<schema.org/aggregateRating>",
            "<schema.org/author>",
            "<schema.org/datePublished>",
            "<schema.org/description>",
            "<schema.org/duration>",
            "<schema.org/genre>",
            "<schema.org/image>",
            "<schema.org/name>",
            "<schema.org/offers>",
            "<schema.org/provider>",
            "<schema.org/readBy>",
            "<schema.org/review>",
            "isa:<schema.org/Audiobook>"
        ],
        "count": 488.0
    },
    {
        "pset": [
            "<schema.org/aggregateRating>",
            "<schema.org/author>",
            "<schema.org/bookFormat>",
            "<schema.org/datePublished>",
            "<schema.org/description>",
            "<schema.org/genre>",
            "<schema.org/image>",
            "<schema.org/inLanguage>",
            "<schema.org/name>",
            "isa:<schema.org/Audiobook>"
        ],
        "count": 472.0
    },
    {
        "pset": [
            "<schema.org/accessibilityAPI>",
            "<schema.org/accessibilityControl>",
            "<schema.org/accessibilityFeature>",
            "<schema.org/accessibilityHazard>",
            "<schema.org/aggregateRating>",
            "<schema.org/author>",
            "<schema.org/bookFormat>",
            "<schema.org/datePublished>",
            "<schema.org/description>",
            "<schema.org/duration>",
            "<schema.org/image>",
            "<schema.org/inLanguage>",
            "<schema.org/isbn>",
            "<schema.org/name>",
            "<schema.org/publisher>",
            "<schema.org/readBy>",
            "<schema.org/url>",
            "<schema.org/workExample>",
            "isa:<schema.org/Audiobook>"
        ],
        "count": 386.0
    },
    {
        "pset": [
            "<schema.org/abridged>",
            "<schema.org/aggregateRating>",
            "<schema.org/author>",
            "<schema.org/bookFormat>",
            "<schema.org/datePublished>",
            "<schema.org/description>",
            "<schema.org/duration>",
            "<schema.org/identifier>",
            "<schema.org/isbn>",
            "<schema.org/name>",
            "<schema.org/offers>",
            "<schema.org/publisher>",
            "<schema.org/readBy>",
            "<schema.org/thumbnailUrl>",
            "isa:<schema.org/Audiobook>"
        ],
        "count": 354.0
    },
    {
        "pset": [
            "<schema.org/abridged>",
            "<schema.org/author>",
            "<schema.org/bookFormat>",
            "<schema.org/datePublished>",
            "<schema.org/description>",
            "<schema.org/duration>",
            "<schema.org/identifier>",
            "<schema.org/isbn>",
            "<schema.org/name>",
            "<schema.org/offers>",
            "<schema.org/publisher>",
            "<schema.org/readBy>",
            "<schema.org/thumbnailUrl>",
            "isa:<schema.org/Audiobook>"
        ],
        "count": 319.0
    },
    {
        "pset": [
            "<schema.org/author>",
            "<schema.org/dateModified>",
            "<schema.org/datePublished>",
            "<schema.org/description>",
            "<schema.org/image>",
            "<schema.org/name>",
            "<schema.org/url>",
            "isa:<schema.org/Audiobook>"
        ],
        "count": 262.0
    },
    {
        "pset": [
            "<schema.org/audio>",
            "<schema.org/author>",
            "<schema.org/commentCount>",
            "<schema.org/datePublished>",
            "<schema.org/description>",
            "<schema.org/encodingFormat>",
            "<schema.org/image>",
            "<schema.org/name>",
            "<schema.org/playerType>",
            "<schema.org/readBy>",
            "<schema.org/url>",
            "isa:<schema.org/Audiobook>"
        ],
        "count": 248.0
    },
    {
        "pset": [
            "<schema.org/abridged>",
            "<schema.org/author>",
            "<schema.org/contentUrl>",
            "<schema.org/datePublished>",
            "<schema.org/description>",
            "<schema.org/duration>",
            "<schema.org/encodingFormat>",
            "<schema.org/image>",
            "<schema.org/mainEntityOfPage>",
            "<schema.org/name>",
            "<schema.org/playerType>",
            "<schema.org/provider>",
            "<schema.org/publisher>",
            "<schema.org/readBy>",
            "isa:<schema.org/Audiobook>"
        ],
        "count": 230.0
    },
    {
        "pset": [
            "<schema.org/author>",
            "<schema.org/description>",
            "<schema.org/name>",
            "<schema.org/publisher>",
            "isa:<schema.org/Audiobook>"
        ],
        "count": 220.0
    },
    {
        "pset": [
            "<schema.org/alternativeHeadline>",
            "<schema.org/author>",
            "<schema.org/bookFormat>",
            "<schema.org/datePublished>",
            "<schema.org/description>",
            "<schema.org/image>",
            "<schema.org/isAccessibleForFree>",
            "<schema.org/isbn>",
            "<schema.org/potentialAction>",
            "<schema.org/readBy>",
            "<schema.org/thumbnailUrl>",
            "isa:<schema.org/Audiobook>"
        ],
        "count": 216.0
    },
    {
        "pset": [
            "<schema.org/author>",
            "<schema.org/bookFormat>",
            "<schema.org/genre>",
            "<schema.org/inLanguage>",
            "<schema.org/isAccessibleForFree>",
            "<schema.org/name>",
            "<schema.org/publisher>",
            "<schema.org/readBy>",
            "<schema.org/url>",
            "<schema.org/workExample>",
            "isa:<schema.org/Audiobook>"
        ],
        "count": 199.0
    },
    {
        "pset": [
            "<schema.org/author>",
            "<schema.org/description>",
            "<schema.org/mainEntityOfPage>",
            "<schema.org/name>",
            "<schema.org/publisher>",
            "<schema.org/readBy>",
            "isa:<schema.org/Audiobook>"
        ],
        "count": 192.0
    },
    {
        "pset": [
            "<schema.org/abridged>",
            "<schema.org/aggregateRating>",
            "<schema.org/author>",
            "<schema.org/bookFormat>",
            "<schema.org/brand>",
            "<schema.org/category>",
            "<schema.org/datePublished>",
            "<schema.org/description>",
            "<schema.org/genre>",
            "<schema.org/gtin13>",
            "<schema.org/image>",
            "<schema.org/isbn>",
            "<schema.org/name>",
            "<schema.org/offers>",
            "<schema.org/publisher>",
            "<schema.org/readBy>",
            "<schema.org/sku>",
            "<schema.org/timeRequired>",
            "isa:<schema.org/Audiobook>",
            "isa:<schema.org/Product>"
        ],
        "count": 164.0
    },
    {
        "pset": [
            "<schema.org/author>",
            "<schema.org/bookFormat>",
            "<schema.org/datePublished>",
            "<schema.org/description>",
            "<schema.org/duration>",
            "<schema.org/genre>",
            "<schema.org/gtin13>",
            "<schema.org/headline>",
            "<schema.org/image>",
            "<schema.org/inLanguage>",
            "<schema.org/interactionCount>",
            "<schema.org/keywords>",
            "<schema.org/name>",
            "<schema.org/offers>",
            "<schema.org/publisher>",
            "<schema.org/readBy>",
            "<schema.org/text>",
            "<schema.org/translator>",
            "<schema.org/url>",
            "isa:<schema.org/Audiobook>"
        ],
        "count": 161.0
    },
    {
        "pset": [
            "<schema.org/abridged>",
            "<schema.org/abstract>",
            "<schema.org/author>",
            "<schema.org/bookFormat>",
            "<schema.org/contentUrl>",
            "<schema.org/description>",
            "<schema.org/image>",
            "<schema.org/mainEntityOfPage>",
            "<schema.org/name>",
            "<schema.org/provider>",
            "<schema.org/publisher>",
            "isa:<schema.org/Audiobook>"
        ],
        "count": 135.0
    },
    {
        "pset": [
            "<schema.org/accessMode>",
            "<schema.org/author>",
            "<schema.org/bookFormat>",
            "<schema.org/copyrightHolder>",
            "<schema.org/datePublished>",
            "<schema.org/encodingFormat>",
            "<schema.org/image>",
            "<schema.org/inLanguage>",
            "<schema.org/isAccessibleForFree>",
            "<schema.org/isFamilyFriendly>",
            "<schema.org/isbn>",
            "<schema.org/name>",
            "<schema.org/numberOfPages>",
            "<schema.org/publisher>",
            "<schema.org/requiresSubscription>",
            "<schema.org/uploadDate>",
            "isa:<schema.org/Audiobook>"
        ],
        "count": 118.0
    },
    {
        "pset": [
            "<schema.org/abridged>",
            "<schema.org/bookFormat>",
            "<schema.org/datePublished>",
            "<schema.org/duration>",
            "<schema.org/isbn>",
            "<schema.org/potentialAction>",
            "isa:<schema.org/Audiobook>"
        ],
        "count": 117.0
    },
    {
        "pset": [
            "<schema.org/author>",
            "<schema.org/bookFormat>",
            "<schema.org/datePublished>",
            "<schema.org/description>",
            "<schema.org/genre>",
            "<schema.org/image>",
            "<schema.org/inLanguage>",
            "<schema.org/name>",
            "isa:<schema.org/Audiobook>"
        ],
        "count": 83.0
    },
    {
        "pset": [
            "<schema.org/abridged>",
            "<schema.org/author>",
            "<schema.org/bookFormat>",
            "<schema.org/datePublished>",
            "<schema.org/description>",
            "<schema.org/duration>",
            "<schema.org/genre>",
            "<schema.org/identifier>",
            "<schema.org/isbn>",
            "<schema.org/keywords>",
            "<schema.org/name>",
            "<schema.org/offers>",
            "<schema.org/publisher>",
            "<schema.org/readBy>",
            "<schema.org/thumbnailUrl>",
            "isa:<schema.org/Audiobook>"
        ],
        "count": 74.0
    },
    {
        "pset": [
            "<schema.org/author>",
            "<schema.org/datePublished>",
            "<schema.org/description>",
            "<schema.org/image>",
            "<schema.org/isbn>",
            "<schema.org/name>",
            "<schema.org/publisher>",
            "isa:<schema.org/Audiobook>"
        ],
        "count": 69.0
    },
    {
        "pset": [
            "<schema.org/author>",
            "<schema.org/bookFormat>",
            "<schema.org/datePublished>",
            "<schema.org/description>",
            "<schema.org/duration>",
            "<schema.org/genre>",
            "<schema.org/image>",
            "<schema.org/isbn>",
            "<schema.org/name>",
            "<schema.org/offers>",
            "<schema.org/publisher>",
            "<schema.org/readBy>",
            "<schema.org/url>",
            "isa:<schema.org/Audiobook>"
        ],
        "count": 67.0
    },
    {
        "pset": [
            "<schema.org/aggregateRating>",
            "<schema.org/author>",
            "<schema.org/bookFormat>",
            "<schema.org/isbn>",
            "<schema.org/name>",
            "<schema.org/url>",
            "<schema.org/workExample>",
            "isa:<schema.org/Audiobook>"
        ],
        "count": 65.0
    },
    {
        "pset": [
            "<schema.org/author>",
            "<schema.org/duration>",
            "<schema.org/genre>",
            "<schema.org/image>",
            "<schema.org/inLanguage>",
            "<schema.org/name>",
            "<schema.org/publisher>",
            "<schema.org/readBy>",
            "isa:<schema.org/Audiobook>"
        ],
        "count": 61.0
    },
    {
        "pset": [
            "<schema.org/accessibilityAPI>",
            "<schema.org/accessibilityControl>",
            "<schema.org/accessibilityFeature>",
            "<schema.org/accessibilityHazard>",
            "<schema.org/aggregateRating>",
            "<schema.org/author>",
            "<schema.org/bookFormat>",
            "<schema.org/datePublished>",
            "<schema.org/description>",
            "<schema.org/duration>",
            "<schema.org/image>",
            "<schema.org/inLanguage>",
            "<schema.org/name>",
            "<schema.org/publisher>",
            "<schema.org/readBy>",
            "<schema.org/url>",
            "<schema.org/workExample>",
            "isa:<schema.org/Audiobook>"
        ],
        "count": 54.0
    },
    {
        "pset": [
            "<schema.org/abridged>",
            "<schema.org/author>",
            "<schema.org/bookFormat>",
            "<schema.org/datePublished>",
            "<schema.org/description>",
            "<schema.org/duration>",
            "<schema.org/image>",
            "<schema.org/inLanguage>",
            "<schema.org/name>",
            "<schema.org/offers>",
            "<schema.org/publisher>",
            "<schema.org/regionsAllowed>",
            "isa:<schema.org/Audiobook>"
        ],
        "count": 54.0
    },
    {
        "pset": [
            "<schema.org/aggregateRating>",
            "<schema.org/author>",
            "<schema.org/bookFormat>",
            "<schema.org/datePublished>",
            "<schema.org/description>",
            "<schema.org/duration>",
            "<schema.org/image>",
            "<schema.org/inLanguage>",
            "<schema.org/name>",
            "<schema.org/offers>",
            "<schema.org/publisher>",
            "<schema.org/regionsAllowed>",
            "isa:<schema.org/Audiobook>"
        ],
        "count": 54.0
    },
    {
        "pset": [
            "<schema.org/author>",
            "<schema.org/bookFormat>",
            "<schema.org/isbn>",
            "<schema.org/name>",
            "<schema.org/url>",
            "<schema.org/workExample>",
            "isa:<schema.org/Audiobook>"
        ],
        "count": 52.0
    },
    {
        "pset": [
            "<schema.org/abridged>",
            "<schema.org/accessMode>",
            "<schema.org/accessModeSufficient>",
            "<schema.org/author>",
            "<schema.org/conditionsOfAccess>",
            "<schema.org/copyrightHolder>",
            "<schema.org/datePublished>",
            "<schema.org/description>",
            "<schema.org/duration>",
            "<schema.org/encodingFormat>",
            "<schema.org/genre>",
            "<schema.org/inLanguage>",
            "<schema.org/isbn>",
            "<schema.org/name>",
            "<schema.org/provider>",
            "<schema.org/publisher>",
            "<schema.org/readBy>",
            "isa:<schema.org/Audiobook>"
        ],
        "count": 51.0
    },
    {
        "pset": [
            "<schema.org/aggregateRating>",
            "<schema.org/gtin>",
            "<schema.org/image>",
            "<schema.org/name>",
            "<schema.org/offers>",
            "<schema.org/review>",
            "<schema.org/url>",
            "isa:<schema.org/Audiobook>"
        ],
        "count": 51.0
    },
    {
        "pset": [
            "<schema.org/author>",
            "<schema.org/bookFormat>",
            "<schema.org/datePublished>",
            "<schema.org/description>",
            "<schema.org/duration>",
            "<schema.org/genre>",
            "<schema.org/gtin13>",
            "<schema.org/headline>",
            "<schema.org/image>",
            "<schema.org/inLanguage>",
            "<schema.org/interactionCount>",
            "<schema.org/keywords>",
            "<schema.org/name>",
            "<schema.org/offers>",
            "<schema.org/publisher>",
            "<schema.org/readBy>",
            "<schema.org/text>",
            "<schema.org/url>",
            "isa:<schema.org/Audiobook>"
        ],
        "count": 49.0
    },
    {
        "pset": [
            "<schema.org/author>",
            "<schema.org/bookFormat>",
            "<schema.org/datePublished>",
            "<schema.org/image>",
            "<schema.org/inLanguage>",
            "<schema.org/isbn>",
            "<schema.org/name>",
            "<schema.org/publisher>",
            "<schema.org/url>",
            "isa:<schema.org/Audiobook>"
        ],
        "count": 46.0
    },
    {
        "pset": [
            "<schema.org/abridged>",
            "<schema.org/audio>",
            "<schema.org/author>",
            "<schema.org/contributor>",
            "<schema.org/copyrightHolder>",
            "<schema.org/creator>",
            "<schema.org/embedUrl>",
            "<schema.org/encodingFormat>",
            "<schema.org/genre>",
            "<schema.org/image>",
            "<schema.org/inLanguage>",
            "<schema.org/name>",
            "<schema.org/playerType>",
            "<schema.org/publisher>",
            "<schema.org/thumbnailUrl>",
            "<schema.org/url>",
            "isa:<schema.org/Audiobook>"
        ],
        "count": 46.0
    },
    {
        "pset": [
            "<schema.org/abridged>",
            "<schema.org/author>",
            "<schema.org/bookFormat>",
            "<schema.org/description>",
            "<schema.org/duration>",
            "<schema.org/image>",
            "<schema.org/inLanguage>",
            "<schema.org/name>",
            "<schema.org/publisher>",
            "isa:<schema.org/Audiobook>"
        ],
        "count": 44.0
    },
    {
        "pset": [
            "<schema.org/author>",
            "<schema.org/bookFormat>",
            "<schema.org/datePublished>",
            "<schema.org/description>",
            "<schema.org/image>",
            "<schema.org/isAccessibleForFree>",
            "<schema.org/isbn>",
            "<schema.org/potentialAction>",
            "<schema.org/readBy>",
            "<schema.org/thumbnailUrl>",
            "isa:<schema.org/Audiobook>"
        ],
        "count": 43.0
    },
    {
        "pset": [
            "<schema.org/abridged>",
            "<schema.org/author>",
            "<schema.org/bookFormat>",
            "<schema.org/description>",
            "<schema.org/duration>",
            "<schema.org/inLanguage>",
            "<schema.org/name>",
            "<schema.org/publisher>",
            "<schema.org/readBy>",
            "isa:<schema.org/Audiobook>"
        ],
        "count": 42.0
    },
    {
        "pset": [
            "<schema.org/author>",
            "<schema.org/bookFormat>",
            "<schema.org/genre>",
            "<schema.org/inLanguage>",
            "<schema.org/isAccessibleForFree>",
            "<schema.org/name>",
            "<schema.org/publisher>",
            "<schema.org/readBy>",
            "<schema.org/typicalAgeRange>",
            "<schema.org/url>",
            "<schema.org/workExample>",
            "isa:<schema.org/Audiobook>"
        ],
        "count": 37.0
    },
    {
        "pset": [
            "<schema.org/accessMode>",
            "<schema.org/author>",
            "<schema.org/bookFormat>",
            "<schema.org/copyrightHolder>",
            "<schema.org/datePublished>",
            "<schema.org/encodingFormat>",
            "<schema.org/image>",
            "<schema.org/inLanguage>",
            "<schema.org/isAccessibleForFree>",
            "<schema.org/isFamilyFriendly>",
            "<schema.org/name>",
            "<schema.org/numberOfPages>",
            "<schema.org/publisher>",
            "<schema.org/requiresSubscription>",
            "<schema.org/uploadDate>",
            "isa:<schema.org/Audiobook>"
        ],
        "count": 31.0
    },
    {
        "pset": [
            "<schema.org/author>",
            "<schema.org/description>",
            "<schema.org/image>",
            "<schema.org/name>",
            "<schema.org/offers>",
            "<schema.org/publisher>",
            "<schema.org/readBy>",
            "isa:<schema.org/Audiobook>"
        ],
        "count": 28.0
    },
    {
        "pset": [
            "<schema.org/aggregateRating>",
            "<schema.org/author>",
            "<schema.org/bookFormat>",
            "<schema.org/datePublished>",
            "<schema.org/description>",
            "<schema.org/duration>",
            "<schema.org/genre>",
            "<schema.org/gtin13>",
            "<schema.org/headline>",
            "<schema.org/image>",
            "<schema.org/inLanguage>",
            "<schema.org/interactionCount>",
            "<schema.org/keywords>",
            "<schema.org/name>",
            "<schema.org/offers>",
            "<schema.org/publisher>",
            "<schema.org/readBy>",
            "<schema.org/review>",
            "<schema.org/text>",
            "<schema.org/translator>",
            "<schema.org/url>",
            "isa:<schema.org/Audiobook>"
        ],
        "count": 26.0
    },
    {
        "pset": [
            "<schema.org/author>",
            "<schema.org/bookFormat>",
            "<schema.org/datePublished>",
            "<schema.org/description>",
            "<schema.org/genre>",
            "<schema.org/inLanguage>",
            "<schema.org/name>",
            "isa:<schema.org/Audiobook>"
        ],
        "count": 25.0
    },
    {
        "pset": [
            "<schema.org/author>",
            "<schema.org/bookFormat>",
            "<schema.org/datePublished>",
            "<schema.org/description>",
            "<schema.org/duration>",
            "<schema.org/image>",
            "<schema.org/inLanguage>",
            "<schema.org/name>",
            "<schema.org/offers>",
            "<schema.org/publisher>",
            "<schema.org/regionsAllowed>",
            "isa:<schema.org/Audiobook>"
        ],
        "count": 24.0
    },
    {
        "pset": [
            "<schema.org/alternateName>",
            "<schema.org/author>",
            "<schema.org/bookFormat>",
            "<schema.org/datePublished>",
            "<schema.org/description>",
            "<schema.org/duration>",
            "<schema.org/genre>",
            "<schema.org/image>",
            "<schema.org/isbn>",
            "<schema.org/name>",
            "<schema.org/offers>",
            "<schema.org/publisher>",
            "<schema.org/readBy>",
            "<schema.org/url>",
            "isa:<schema.org/Audiobook>"
        ],
        "count": 22.0
    },
    {
        "pset": [
            "<schema.org/author>",
            "<schema.org/bookEdition>",
            "<schema.org/bookFormat>",
            "<schema.org/datePublished>",
            "<schema.org/description>",
            "<schema.org/duration>",
            "<schema.org/genre>",
            "<schema.org/image>",
            "<schema.org/isbn>",
            "<schema.org/name>",
            "<schema.org/offers>",
            "<schema.org/publisher>",
            "<schema.org/readBy>",
            "<schema.org/url>",
            "isa:<schema.org/Audiobook>"
        ],
        "count": 21.0
    },
    {
        "pset": [
            "<schema.org/abridged>",
            "<schema.org/aggregateRating>",
            "<schema.org/author>",
            "<schema.org/bookFormat>",
            "<schema.org/datePublished>",
            "<schema.org/description>",
            "<schema.org/duration>",
            "<schema.org/image>",
            "<schema.org/inLanguage>",
            "<schema.org/name>",
            "<schema.org/offers>",
            "<schema.org/publisher>",
            "<schema.org/regionsAllowed>",
            "isa:<schema.org/Audiobook>"
        ],
        "count": 19.0
    },
    {
        "pset": [
            "<schema.org/aggregateRating>",
            "<schema.org/author>",
            "<schema.org/bookFormat>",
            "<schema.org/datePublished>",
            "<schema.org/description>",
            "<schema.org/duration>",
            "<schema.org/genre>",
            "<schema.org/image>",
            "<schema.org/isbn>",
            "<schema.org/name>",
            "<schema.org/offers>",
            "<schema.org/publisher>",
            "<schema.org/readBy>",
            "<schema.org/review>",
            "<schema.org/url>",
            "isa:<schema.org/Audiobook>"
        ],
        "count": 18.0
    },
    {
        "pset": [
            "<schema.org/aggregateRating>",
            "<schema.org/gtin>",
            "<schema.org/image>",
            "<schema.org/name>",
            "<schema.org/review>",
            "<schema.org/url>",
            "isa:<schema.org/Audiobook>"
        ],
        "count": 18.0
    },
    {
        "pset": [
            "<schema.org/gtin>",
            "<schema.org/image>",
            "<schema.org/name>",
            "<schema.org/url>",
            "isa:<schema.org/Audiobook>"
        ],
        "count": 17.0
    },
    {
        "pset": [
            "<schema.org/abridged>",
            "<schema.org/aggregateRating>",
            "<schema.org/author>",
            "<schema.org/bookFormat>",
            "<schema.org/datePublished>",
            "<schema.org/description>",
            "<schema.org/duration>",
            "<schema.org/image>",
            "<schema.org/inLanguage>",
            "<schema.org/name>",
            "<schema.org/publisher>",
            "<schema.org/readBy>",
            "<schema.org/regionsAllowed>",
            "isa:<schema.org/Audiobook>"
        ],
        "count": 16.0
    },
    {
        "pset": [
            "<schema.org/aggregateRating>",
            "<schema.org/author>",
            "<schema.org/bookFormat>",
            "<schema.org/genre>",
            "<schema.org/inLanguage>",
            "<schema.org/isAccessibleForFree>",
            "<schema.org/name>",
            "<schema.org/publisher>",
            "<schema.org/readBy>",
            "<schema.org/review>",
            "<schema.org/url>",
            "<schema.org/workExample>",
            "isa:<schema.org/Audiobook>"
        ],
        "count": 16.0
    },
    {
        "pset": [
            "<schema.org/author>",
            "<schema.org/dateModified>",
            "<schema.org/description>",
            "<schema.org/name>",
            "<schema.org/potentialAction>",
            "<schema.org/sameAs>",
            "<schema.org/workExample>",
            "isa:<schema.org/Audiobook>"
        ],
        "count": 16.0
    },
    {
        "pset": [
            "<schema.org/aggregateRating>",
            "<schema.org/author>",
            "<schema.org/bookFormat>",
            "<schema.org/description>",
            "<schema.org/genre>",
            "<schema.org/image>",
            "<schema.org/inLanguage>",
            "<schema.org/name>",
            "isa:<schema.org/Audiobook>"
        ],
        "count": 15.0
    },
    {
        "pset": [
            "<schema.org/description>",
            "<schema.org/publisher>",
            "isa:<schema.org/Audiobook>"
        ],
        "count": 15.0
    },
    {
        "pset": [
            "<schema.org/author>",
            "<schema.org/name>",
            "<schema.org/position>",
            "<schema.org/url>",
            "isa:<schema.org/Audiobook>"
        ],
        "count": 14.0
    },
    {
        "pset": [
            "<schema.org/bookEdition>",
            "<schema.org/bookFormat>",
            "<schema.org/inLanguage>",
            "<schema.org/isbn>",
            "<schema.org/url>",
            "isa:<schema.org/Audiobook>"
        ],
        "count": 14.0
    },
    {
        "pset": [
            "<schema.org/author>",
            "<schema.org/bookFormat>",
            "<schema.org/datePublished>",
            "<schema.org/description>",
            "<schema.org/genre>",
            "<schema.org/image>",
            "<schema.org/isbn>",
            "<schema.org/name>",
            "<schema.org/offers>",
            "<schema.org/publisher>",
            "<schema.org/url>",
            "isa:<schema.org/Audiobook>"
        ],
        "count": 14.0
    },
    {
        "pset": [
            "<schema.org/author>",
            "<schema.org/bookFormat>",
            "<schema.org/datePublished>",
            "<schema.org/description>",
            "<schema.org/duration>",
            "<schema.org/image>",
            "<schema.org/isbn>",
            "<schema.org/name>",
            "<schema.org/offers>",
            "<schema.org/publisher>",
            "<schema.org/readBy>",
            "<schema.org/url>",
            "isa:<schema.org/Audiobook>"
        ],
        "count": 13.0
    },
    {
        "pset": [
            "<schema.org/accessibilityAPI>",
            "<schema.org/accessibilityControl>",
            "<schema.org/accessibilityFeature>",
            "<schema.org/accessibilityHazard>",
            "<schema.org/author>",
            "<schema.org/bookFormat>",
            "<schema.org/datePublished>",
            "<schema.org/description>",
            "<schema.org/duration>",
            "<schema.org/image>",
            "<schema.org/inLanguage>",
            "<schema.org/name>",
            "<schema.org/publisher>",
            "<schema.org/url>",
            "<schema.org/workExample>",
            "isa:<schema.org/Audiobook>"
        ],
        "count": 13.0
    },
    {
        "pset": [
            "<schema.org/abridged>",
            "<schema.org/author>",
            "<schema.org/bookFormat>",
            "<schema.org/datePublished>",
            "<schema.org/description>",
            "<schema.org/image>",
            "<schema.org/inLanguage>",
            "<schema.org/name>",
            "<schema.org/offers>",
            "<schema.org/publisher>",
            "<schema.org/regionsAllowed>",
            "isa:<schema.org/Audiobook>"
        ],
        "count": 12.0
    },
    {
        "pset": [
            "<schema.org/accessibilityAPI>",
            "<schema.org/accessibilityControl>",
            "<schema.org/accessibilityFeature>",
            "<schema.org/accessibilityHazard>",
            "<schema.org/bookFormat>",
            "<schema.org/datePublished>",
            "<schema.org/description>",
            "<schema.org/duration>",
            "<schema.org/image>",
            "<schema.org/inLanguage>",
            "<schema.org/name>",
            "<schema.org/publisher>",
            "<schema.org/readBy>",
            "<schema.org/url>",
            "<schema.org/workExample>",
            "isa:<schema.org/Audiobook>"
        ],
        "count": 11.0
    },
    {
        "pset": [
            "<schema.org/availability>",
            "<schema.org/description>",
            "<schema.org/image>",
            "<schema.org/isbn>",
            "<schema.org/name>",
            "<schema.org/numberOfPages>",
            "<schema.org/offers>",
            "isa:<schema.org/Audiobook>"
        ],
        "count": 10.0
    },
    {
        "pset": [
            "<schema.org/author>",
            "<schema.org/datePublished>",
            "<schema.org/isbn>",
            "<schema.org/name>",
            "<schema.org/publisher>",
            "isa:<schema.org/Audiobook>"
        ],
        "count": 10.0
    },
    {
        "pset": [
            "<schema.org/alternateName>",
            "<schema.org/author>",
            "<schema.org/bookEdition>",
            "<schema.org/bookFormat>",
            "<schema.org/datePublished>",
            "<schema.org/description>",
            "<schema.org/duration>",
            "<schema.org/genre>",
            "<schema.org/image>",
            "<schema.org/isbn>",
            "<schema.org/name>",
            "<schema.org/offers>",
            "<schema.org/publisher>",
            "<schema.org/readBy>",
            "<schema.org/url>",
            "isa:<schema.org/Audiobook>"
        ],
        "count": 10.0
    },
    {
        "pset": [
            "<schema.org/author>",
            "<schema.org/commentCount>",
            "<schema.org/dateCreated>",
            "<schema.org/description>",
            "<schema.org/duration>",
            "<schema.org/encodingFormat>",
            "<schema.org/genre>",
            "<schema.org/image>",
            "<schema.org/name>",
            "<schema.org/readBy>",
            "isa:<schema.org/Audiobook>"
        ],
        "count": 10.0
    },
    {
        "pset": [
            "<schema.org/author>",
            "<schema.org/dateModified>",
            "<schema.org/datePublished>",
            "<schema.org/description>",
            "<schema.org/duration>",
            "<schema.org/image>",
            "<schema.org/name>",
            "<schema.org/url>",
            "isa:<schema.org/Audiobook>"
        ],
        "count": 8.0
    },
    {
        "pset": [
            "<schema.org/author>",
            "<schema.org/bookFormat>",
            "<schema.org/datePublished>",
            "<schema.org/description>",
            "<schema.org/image>",
            "<schema.org/isbn>",
            "<schema.org/name>",
            "<schema.org/offers>",
            "<schema.org/publisher>",
            "<schema.org/url>",
            "isa:<schema.org/Audiobook>"
        ],
        "count": 7.0
    },
    {
        "pset": [
            "<schema.org/author>",
            "<schema.org/bookFormat>",
            "<schema.org/datePublished>",
            "<schema.org/description>",
            "<schema.org/genre>",
            "<schema.org/name>",
            "isa:<schema.org/Audiobook>"
        ],
        "count": 7.0
    },
    {
        "pset": [
            "<schema.org/aggregateRating>",
            "<schema.org/description>",
            "<schema.org/image>",
            "<schema.org/name>",
            "<schema.org/offers>",
            "<schema.org/review>",
            "isa:<schema.org/Audiobook>"
        ],
        "count": 6.0
    },
    {
        "pset": [
            "<schema.org/abridged>",
            "<schema.org/aggregateRating>",
            "<schema.org/author>",
            "<schema.org/bookFormat>",
            "<schema.org/description>",
            "<schema.org/duration>",
            "<schema.org/image>",
            "<schema.org/inLanguage>",
            "<schema.org/name>",
            "<schema.org/publisher>",
            "<schema.org/readBy>",
            "isa:<schema.org/Audiobook>"
        ],
        "count": 6.0
    },
    {
        "pset": [
            "<schema.org/author>",
            "<schema.org/bookFormat>",
            "<schema.org/datePublished>",
            "<schema.org/description>",
            "<schema.org/genre>",
            "<schema.org/image>",
            "<schema.org/name>",
            "isa:<schema.org/Audiobook>"
        ],
        "count": 6.0
    },
    {
        "pset": [
            "<schema.org/author>",
            "<schema.org/bookFormat>",
            "<schema.org/description>",
            "<schema.org/genre>",
            "<schema.org/image>",
            "<schema.org/inLanguage>",
            "<schema.org/name>",
            "isa:<schema.org/Audiobook>"
        ],
        "count": 6.0
    },
    {
        "pset": [
            "<schema.org/aggregateRating>",
            "<schema.org/author>",
            "<schema.org/bookFormat>",
            "<schema.org/datePublished>",
            "<schema.org/description>",
            "<schema.org/duration>",
            "<schema.org/genre>",
            "<schema.org/gtin13>",
            "<schema.org/headline>",
            "<schema.org/image>",
            "<schema.org/inLanguage>",
            "<schema.org/interactionCount>",
            "<schema.org/keywords>",
            "<schema.org/name>",
            "<schema.org/offers>",
            "<schema.org/publisher>",
            "<schema.org/readBy>",
            "<schema.org/review>",
            "<schema.org/text>",
            "<schema.org/url>",
            "isa:<schema.org/Audiobook>"
        ],
        "count": 6.0
    },
    {
        "pset": [
            "<schema.org/aggregateRating>",
            "<schema.org/author>",
            "<schema.org/bookFormat>",
            "<schema.org/datePublished>",
            "<schema.org/description>",
            "<schema.org/image>",
            "<schema.org/inLanguage>",
            "<schema.org/name>",
            "<schema.org/offers>",
            "<schema.org/publisher>",
            "<schema.org/regionsAllowed>",
            "isa:<schema.org/Audiobook>"
        ],
        "count": 5.0
    },
    {
        "pset": [
            "<schema.org/author>",
            "<schema.org/bookFormat>",
            "<schema.org/datePublished>",
            "<schema.org/description>",
            "<schema.org/image>",
            "<schema.org/inLanguage>",
            "<schema.org/name>",
            "<schema.org/offers>",
            "<schema.org/publisher>",
            "<schema.org/readBy>",
            "<schema.org/regionsAllowed>",
            "isa:<schema.org/Audiobook>"
        ],
        "count": 5.0
    },
    {
        "pset": [
            "<schema.org/author>",
            "<schema.org/dateModified>",
            "<schema.org/datePublished>",
            "<schema.org/description>",
            "<schema.org/name>",
            "<schema.org/url>",
            "isa:<schema.org/Audiobook>"
        ],
        "count": 5.0
    },
    {
        "pset": [
            "<schema.org/aggregateRating>",
            "<schema.org/author>",
            "<schema.org/bookEdition>",
            "<schema.org/bookFormat>",
            "<schema.org/datePublished>",
            "<schema.org/description>",
            "<schema.org/duration>",
            "<schema.org/genre>",
            "<schema.org/image>",
            "<schema.org/isbn>",
            "<schema.org/name>",
            "<schema.org/offers>",
            "<schema.org/publisher>",
            "<schema.org/readBy>",
            "<schema.org/review>",
            "<schema.org/url>",
            "isa:<schema.org/Audiobook>"
        ],
        "count": 5.0
    },
    {
        "pset": [
            "<schema.org/aggregateRating>",
            "<schema.org/author>",
            "<schema.org/datePublished>",
            "<schema.org/description>",
            "<schema.org/image>",
            "<schema.org/isbn>",
            "<schema.org/name>",
            "<schema.org/publisher>",
            "isa:<schema.org/Audiobook>"
        ],
        "count": 5.0
    },
    {
        "pset": [
            "<schema.org/author>",
            "<schema.org/description>",
            "<schema.org/image>",
            "<schema.org/isbn>",
            "<schema.org/name>",
            "isa:<schema.org/Audiobook>"
        ],
        "count": 5.0
    },
    {
        "pset": [
            "<schema.org/author>",
            "<schema.org/bookFormat>",
            "<schema.org/creditText>",
            "<schema.org/datePublished>",
            "<schema.org/description>",
            "<schema.org/duration>",
            "<schema.org/genre>",
            "<schema.org/gtin13>",
            "<schema.org/headline>",
            "<schema.org/image>",
            "<schema.org/inLanguage>",
            "<schema.org/interactionCount>",
            "<schema.org/keywords>",
            "<schema.org/name>",
            "<schema.org/offers>",
            "<schema.org/publisher>",
            "<schema.org/readBy>",
            "<schema.org/text>",
            "<schema.org/translator>",
            "<schema.org/url>",
            "isa:<schema.org/Audiobook>"
        ],
        "count": 5.0
    },
    {
        "pset": [
            "<schema.org/author>",
            "<schema.org/bookFormat>",
            "<schema.org/inLanguage>",
            "<schema.org/isAccessibleForFree>",
            "<schema.org/name>",
            "<schema.org/publisher>",
            "<schema.org/readBy>",
            "<schema.org/url>",
            "<schema.org/workExample>",
            "isa:<schema.org/Audiobook>"
        ],
        "count": 5.0
    },
    {
        "pset": [
            "<schema.org/abridged>",
            "<schema.org/bookFormat>",
            "<schema.org/datePublished>",
            "<schema.org/duration>",
            "<schema.org/potentialAction>",
            "isa:<schema.org/Audiobook>"
        ],
        "count": 5.0
    },
    {
        "pset": [
            "<schema.org/accessibilityAPI>",
            "<schema.org/accessibilityControl>",
            "<schema.org/accessibilityFeature>",
            "<schema.org/accessibilityHazard>",
            "<schema.org/aggregateRating>",
            "<schema.org/bookFormat>",
            "<schema.org/datePublished>",
            "<schema.org/description>",
            "<schema.org/duration>",
            "<schema.org/image>",
            "<schema.org/inLanguage>",
            "<schema.org/isbn>",
            "<schema.org/name>",
            "<schema.org/publisher>",
            "<schema.org/readBy>",
            "<schema.org/url>",
            "<schema.org/workExample>",
            "isa:<schema.org/Audiobook>"
        ],
        "count": 4.0
    },
    {
        "pset": [
            "<schema.org/aggregateRating>",
            "<schema.org/author>",
            "<schema.org/bookFormat>",
            "<schema.org/datePublished>",
            "<schema.org/description>",
            "<schema.org/image>",
            "<schema.org/inLanguage>",
            "<schema.org/name>",
            "<schema.org/offers>",
            "<schema.org/publisher>",
            "<schema.org/readBy>",
            "<schema.org/regionsAllowed>",
            "isa:<schema.org/Audiobook>"
        ],
        "count": 4.0
    },
    {
        "pset": [
            "<schema.org/author>",
            "<schema.org/bookFormat>",
            "<schema.org/datePublished>",
            "<schema.org/image>",
            "<schema.org/inLanguage>",
            "<schema.org/isbn>",
            "<schema.org/name>",
            "<schema.org/offers>",
            "<schema.org/publisher>",
            "<schema.org/url>",
            "isa:<schema.org/Audiobook>"
        ],
        "count": 4.0
    },
    {
        "pset": [
            "<schema.org/abridged>",
            "<schema.org/author>",
            "<schema.org/bookFormat>",
            "<schema.org/datePublished>",
            "<schema.org/description>",
            "<schema.org/image>",
            "<schema.org/inLanguage>",
            "<schema.org/name>",
            "<schema.org/offers>",
            "<schema.org/publisher>",
            "<schema.org/readBy>",
            "<schema.org/regionsAllowed>",
            "isa:<schema.org/Audiobook>"
        ],
        "count": 4.0
    },
    {
        "pset": [
            "<schema.org/author>",
            "<schema.org/bookEdition>",
            "<schema.org/bookFormat>",
            "<schema.org/datePublished>",
            "<schema.org/description>",
            "<schema.org/genre>",
            "<schema.org/image>",
            "<schema.org/isbn>",
            "<schema.org/name>",
            "<schema.org/offers>",
            "<schema.org/publisher>",
            "<schema.org/url>",
            "isa:<schema.org/Audiobook>"
        ],
        "count": 4.0
    },
    {
        "pset": [
            "<schema.org/alternateName>",
            "<schema.org/author>",
            "<schema.org/bookEdition>",
            "<schema.org/bookFormat>",
            "<schema.org/datePublished>",
            "<schema.org/description>",
            "<schema.org/genre>",
            "<schema.org/image>",
            "<schema.org/isbn>",
            "<schema.org/name>",
            "<schema.org/offers>",
            "<schema.org/publisher>",
            "<schema.org/url>",
            "isa:<schema.org/Audiobook>"
        ],
        "count": 4.0
    },
    {
        "pset": [
            "<schema.org/aggregateRating>",
            "<schema.org/author>",
            "<schema.org/bookFormat>",
            "<schema.org/datePublished>",
            "<schema.org/description>",
            "<schema.org/genre>",
            "<schema.org/name>",
            "isa:<schema.org/Audiobook>"
        ],
        "count": 3.0
    },
    {
        "pset": [
            "<schema.org/abridged>",
            "<schema.org/author>",
            "<schema.org/bookFormat>",
            "<schema.org/description>",
            "<schema.org/duration>",
            "<schema.org/image>",
            "<schema.org/inLanguage>",
            "<schema.org/name>",
            "<schema.org/readBy>",
            "isa:<schema.org/Audiobook>"
        ],
        "count": 3.0
    },
    {
        "pset": [
            "<schema.org/author>",
            "<schema.org/bookFormat>",
            "<schema.org/name>",
            "<schema.org/url>",
            "<schema.org/workExample>",
            "isa:<schema.org/Audiobook>"
        ],
        "count": 3.0
    },
    {
        "pset": [
            "<schema.org/aggregateRating>",
            "<schema.org/author>",
            "<schema.org/bookFormat>",
            "<schema.org/name>",
            "<schema.org/url>",
            "<schema.org/workExample>",
            "isa:<schema.org/Audiobook>"
        ],
        "count": 3.0
    },
    {
        "pset": [
            "<schema.org/aggregateRating>",
            "<schema.org/author>",
            "<schema.org/bookFormat>",
            "<schema.org/creditText>",
            "<schema.org/datePublished>",
            "<schema.org/description>",
            "<schema.org/duration>",
            "<schema.org/genre>",
            "<schema.org/gtin13>",
            "<schema.org/headline>",
            "<schema.org/image>",
            "<schema.org/inLanguage>",
            "<schema.org/interactionCount>",
            "<schema.org/keywords>",
            "<schema.org/name>",
            "<schema.org/offers>",
            "<schema.org/publisher>",
            "<schema.org/readBy>",
            "<schema.org/review>",
            "<schema.org/text>",
            "<schema.org/translator>",
            "<schema.org/url>",
            "isa:<schema.org/Audiobook>"
        ],
        "count": 3.0
    },
    {
        "pset": [
            "<schema.org/alternateName>",
            "<schema.org/author>",
            "<schema.org/bookFormat>",
            "<schema.org/datePublished>",
            "<schema.org/description>",
            "<schema.org/image>",
            "<schema.org/isbn>",
            "<schema.org/name>",
            "<schema.org/offers>",
            "<schema.org/publisher>",
            "<schema.org/url>",
            "isa:<schema.org/Audiobook>"
        ],
        "count": 3.0
    },
    {
        "pset": [
            "<schema.org/aggregateRating>",
            "<schema.org/author>",
            "<schema.org/bookFormat>",
            "<schema.org/datePublished>",
            "<schema.org/description>",
            "<schema.org/genre>",
            "<schema.org/image>",
            "<schema.org/name>",
            "isa:<schema.org/Audiobook>"
        ],
        "count": 3.0
    },
    {
        "pset": [
            "<schema.org/bookFormat>",
            "<schema.org/character>",
            "<schema.org/contentUrl>",
            "<schema.org/copyrightHolder>",
            "<schema.org/dateModified>",
            "<schema.org/datePublished>",
            "<schema.org/description>",
            "<schema.org/duration>",
            "<schema.org/headline>",
            "<schema.org/image>",
            "<schema.org/mainEntityOfPage>",
            "<schema.org/productionCompany>",
            "<schema.org/publisher>",
            "<schema.org/requiresSubscription>",
            "isa:<schema.org/Audiobook>"
        ],
        "count": 3.0
    },
    {
        "pset": [
            "<schema.org/accessibilityAPI>",
            "<schema.org/accessibilityControl>",
            "<schema.org/accessibilityFeature>",
            "<schema.org/accessibilityHazard>",
            "<schema.org/author>",
            "<schema.org/bookFormat>",
            "<schema.org/description>",
            "<schema.org/image>",
            "<schema.org/inLanguage>",
            "<schema.org/name>",
            "<schema.org/publisher>",
            "<schema.org/readBy>",
            "<schema.org/url>",
            "<schema.org/workExample>",
            "isa:<schema.org/Audiobook>"
        ],
        "count": 3.0
    },
    {
        "pset": [
            "<schema.org/aggregateRating>",
            "<schema.org/alternateName>",
            "<schema.org/author>",
            "<schema.org/bookEdition>",
            "<schema.org/bookFormat>",
            "<schema.org/datePublished>",
            "<schema.org/description>",
            "<schema.org/duration>",
            "<schema.org/genre>",
            "<schema.org/image>",
            "<schema.org/isbn>",
            "<schema.org/name>",
            "<schema.org/offers>",
            "<schema.org/publisher>",
            "<schema.org/readBy>",
            "<schema.org/review>",
            "<schema.org/url>",
            "isa:<schema.org/Audiobook>"
        ],
        "count": 2.0
    },
    {
        "pset": [
            "<schema.org/alternateName>",
            "<schema.org/author>",
            "<schema.org/bookFormat>",
            "<schema.org/datePublished>",
            "<schema.org/description>",
            "<schema.org/duration>",
            "<schema.org/image>",
            "<schema.org/isbn>",
            "<schema.org/name>",
            "<schema.org/offers>",
            "<schema.org/publisher>",
            "<schema.org/readBy>",
            "<schema.org/url>",
            "isa:<schema.org/Audiobook>"
        ],
        "count": 2.0
    },
    {
        "pset": [
            "<schema.org/abridged>",
            "<schema.org/author>",
            "<schema.org/bookFormat>",
            "<schema.org/datePublished>",
            "<schema.org/description>",
            "<schema.org/duration>",
            "<schema.org/image>",
            "<schema.org/inLanguage>",
            "<schema.org/name>",
            "<schema.org/publisher>",
            "<schema.org/readBy>",
            "<schema.org/regionsAllowed>",
            "isa:<schema.org/Audiobook>"
        ],
        "count": 2.0
    },
    {
        "pset": [
            "<schema.org/abridged>",
            "<schema.org/author>",
            "<schema.org/copyrightHolder>",
            "<schema.org/image>",
            "<schema.org/name>",
            "<schema.org/publisher>",
            "<schema.org/thumbnailUrl>",
            "<schema.org/url>",
            "isa:<schema.org/Audiobook>"
        ],
        "count": 2.0
    },
    {
        "pset": [
            "<schema.org/author>",
            "<schema.org/bookFormat>",
            "<schema.org/datePublished>",
            "<schema.org/description>",
            "<schema.org/duration>",
            "<schema.org/genre>",
            "<schema.org/gtin13>",
            "<schema.org/headline>",
            "<schema.org/image>",
            "<schema.org/inLanguage>",
            "<schema.org/interactionCount>",
            "<schema.org/keywords>",
            "<schema.org/name>",
            "<schema.org/offers>",
            "<schema.org/publisher>",
            "<schema.org/text>",
            "<schema.org/translator>",
            "<schema.org/url>",
            "isa:<schema.org/Audiobook>"
        ],
        "count": 2.0
    },
    {
        "pset": [
            "<schema.org/name>",
            "isa:<schema.org/Audiobook>"
        ],
        "count": 2.0
    },
    {
        "pset": [
            "<schema.org/author>",
            "<schema.org/bookFormat>",
            "<schema.org/datePublished>",
            "<schema.org/description>",
            "<schema.org/duration>",
            "<schema.org/gtin13>",
            "<schema.org/headline>",
            "<schema.org/image>",
            "<schema.org/inLanguage>",
            "<schema.org/interactionCount>",
            "<schema.org/keywords>",
            "<schema.org/name>",
            "<schema.org/offers>",
            "<schema.org/publisher>",
            "<schema.org/readBy>",
            "<schema.org/text>",
            "<schema.org/translator>",
            "<schema.org/url>",
            "isa:<schema.org/Audiobook>"
        ],
        "count": 2.0
    },
    {
        "pset": [
            "<schema.org/alternateName>",
            "<schema.org/author>",
            "<schema.org/bookEdition>",
            "<schema.org/bookFormat>",
            "<schema.org/datePublished>",
            "<schema.org/description>",
            "<schema.org/genre>",
            "<schema.org/isbn>",
            "<schema.org/name>",
            "<schema.org/offers>",
            "<schema.org/publisher>",
            "<schema.org/url>",
            "isa:<schema.org/Audiobook>"
        ],
        "count": 2.0
    },
    {
        "pset": [
            "<schema.org/alternateName>",
            "<schema.org/author>",
            "<schema.org/bookFormat>",
            "<schema.org/datePublished>",
            "<schema.org/description>",
            "<schema.org/genre>",
            "<schema.org/image>",
            "<schema.org/isbn>",
            "<schema.org/name>",
            "<schema.org/offers>",
            "<schema.org/publisher>",
            "<schema.org/url>",
            "isa:<schema.org/Audiobook>"
        ],
        "count": 2.0
    },
    {
        "pset": [
            "<schema.org/author>",
            "<schema.org/bookFormat>",
            "<schema.org/genre>",
            "<schema.org/inLanguage>",
            "<schema.org/isAccessibleForFree>",
            "<schema.org/name>",
            "<schema.org/publisher>",
            "<schema.org/typicalAgeRange>",
            "<schema.org/url>",
            "<schema.org/workExample>",
            "isa:<schema.org/Audiobook>"
        ],
        "count": 2.0
    },
    {
        "pset": [
            "<schema.org/accessibilityAPI>",
            "<schema.org/accessibilityControl>",
            "<schema.org/accessibilityFeature>",
            "<schema.org/accessibilityHazard>",
            "<schema.org/author>",
            "<schema.org/bookFormat>",
            "<schema.org/datePublished>",
            "<schema.org/description>",
            "<schema.org/duration>",
            "<schema.org/image>",
            "<schema.org/inLanguage>",
            "<schema.org/isbn>",
            "<schema.org/name>",
            "<schema.org/publisher>",
            "<schema.org/url>",
            "<schema.org/workExample>",
            "isa:<schema.org/Audiobook>"
        ],
        "count": 2.0
    },
    {
        "pset": [
            "<schema.org/gtin>",
            "<schema.org/image>",
            "<schema.org/name>",
            "<schema.org/offers>",
            "<schema.org/url>",
            "isa:<schema.org/Audiobook>"
        ],
        "count": 2.0
    },
    {
        "pset": [
            "<schema.org/aggregateRating>",
            "<schema.org/author>",
            "<schema.org/bookFormat>",
            "<schema.org/description>",
            "<schema.org/genre>",
            "<schema.org/image>",
            "<schema.org/name>",
            "isa:<schema.org/Audiobook>"
        ],
        "count": 2.0
    },
    {
        "pset": [
            "<schema.org/author>",
            "<schema.org/bookFormat>",
            "<schema.org/datePublished>",
            "<schema.org/description>",
            "<schema.org/duration>",
            "<schema.org/inLanguage>",
            "<schema.org/name>",
            "<schema.org/offers>",
            "<schema.org/publisher>",
            "<schema.org/regionsAllowed>",
            "isa:<schema.org/Audiobook>"
        ],
        "count": 2.0
    },
    {
        "pset": [
            "<schema.org/abridged>",
            "<schema.org/aggregateRating>",
            "<schema.org/author>",
            "<schema.org/bookFormat>",
            "<schema.org/datePublished>",
            "<schema.org/description>",
            "<schema.org/duration>",
            "<schema.org/genre>",
            "<schema.org/identifier>",
            "<schema.org/keywords>",
            "<schema.org/name>",
            "<schema.org/publisher>",
            "<schema.org/readBy>",
            "<schema.org/thumbnailUrl>",
            "isa:<schema.org/Audiobook>"
        ],
        "count": 2.0
    },
    {
        "pset": [
            "<schema.org/abridged>",
            "<schema.org/aggregateRating>",
            "<schema.org/author>",
            "<schema.org/bookFormat>",
            "<schema.org/datePublished>",
            "<schema.org/description>",
            "<schema.org/image>",
            "<schema.org/inLanguage>",
            "<schema.org/name>",
            "<schema.org/offers>",
            "<schema.org/publisher>",
            "<schema.org/readBy>",
            "<schema.org/regionsAllowed>",
            "isa:<schema.org/Audiobook>"
        ],
        "count": 2.0
    },
    {
        "pset": [
            "<schema.org/alternativeHeadline>",
            "<schema.org/author>",
            "<schema.org/bookFormat>",
            "<schema.org/datePublished>",
            "<schema.org/description>",
            "<schema.org/image>",
            "<schema.org/isAccessibleForFree>",
            "<schema.org/isbn>",
            "<schema.org/potentialAction>",
            "<schema.org/thumbnailUrl>",
            "isa:<schema.org/Audiobook>"
        ],
        "count": 2.0
    },
    {
        "pset": [
            "<schema.org/accessibilityAPI>",
            "<schema.org/accessibilityControl>",
            "<schema.org/accessibilityFeature>",
            "<schema.org/accessibilityHazard>",
            "<schema.org/aggregateRating>",
            "<schema.org/author>",
            "<schema.org/bookFormat>",
            "<schema.org/description>",
            "<schema.org/image>",
            "<schema.org/inLanguage>",
            "<schema.org/name>",
            "<schema.org/publisher>",
            "<schema.org/readBy>",
            "<schema.org/url>",
            "<schema.org/workExample>",
            "isa:<schema.org/Audiobook>"
        ],
        "count": 2.0
    },
    {
        "pset": [
            "<schema.org/accessMode>",
            "<schema.org/author>",
            "<schema.org/bookFormat>",
            "<schema.org/copyrightHolder>",
            "<schema.org/datePublished>",
            "<schema.org/encodingFormat>",
            "<schema.org/image>",
            "<schema.org/inLanguage>",
            "<schema.org/isAccessibleForFree>",
            "<schema.org/isFamilyFriendly>",
            "<schema.org/isbn>",
            "<schema.org/name>",
            "<schema.org/numberOfPages>",
            "<schema.org/requiresSubscription>",
            "<schema.org/uploadDate>",
            "isa:<schema.org/Audiobook>"
        ],
        "count": 2.0
    },
    {
        "pset": [
            "<schema.org/aggregateRating>",
            "<schema.org/author>",
            "<schema.org/bookFormat>",
            "<schema.org/datePublished>",
            "<schema.org/description>",
            "<schema.org/duration>",
            "<schema.org/genre>",
            "<schema.org/gtin13>",
            "<schema.org/headline>",
            "<schema.org/image>",
            "<schema.org/inLanguage>",
            "<schema.org/interactionCount>",
            "<schema.org/keywords>",
            "<schema.org/name>",
            "<schema.org/offers>",
            "<schema.org/publisher>",
            "<schema.org/review>",
            "<schema.org/text>",
            "<schema.org/translator>",
            "<schema.org/url>",
            "isa:<schema.org/Audiobook>"
        ],
        "count": 2.0
    },
    {
        "pset": [
            "<schema.org/author>",
            "<schema.org/bookFormat>",
            "<schema.org/datePublished>",
            "<schema.org/description>",
            "<schema.org/duration>",
            "<schema.org/genre>",
            "<schema.org/gtin13>",
            "<schema.org/headline>",
            "<schema.org/image>",
            "<schema.org/inLanguage>",
            "<schema.org/interactionCount>",
            "<schema.org/keywords>",
            "<schema.org/name>",
            "<schema.org/offers>",
            "<schema.org/publisher>",
            "<schema.org/text>",
            "<schema.org/url>",
            "isa:<schema.org/Audiobook>"
        ],
        "count": 2.0
    },
    {
        "pset": [
            "<schema.org/name>",
            "<schema.org/url>",
            "isa:<schema.org/Audiobook>"
        ],
        "count": 1.0
    },
    {
        "pset": [
            "<schema.org/abridged>",
            "<schema.org/aggregateRating>",
            "<schema.org/author>",
            "<schema.org/contentUrl>",
            "<schema.org/datePublished>",
            "<schema.org/description>",
            "<schema.org/duration>",
            "<schema.org/encodingFormat>",
            "<schema.org/mainEntityOfPage>",
            "<schema.org/name>",
            "<schema.org/playerType>",
            "<schema.org/provider>",
            "<schema.org/publisher>",
            "<schema.org/readBy>",
            "<schema.org/review>",
            "isa:<schema.org/Audiobook>"
        ],
        "count": 1.0
    },
    {
        "pset": [
            "<schema.org/abridged>",
            "<schema.org/abstract>",
            "<schema.org/author>",
            "<schema.org/bookFormat>",
            "<schema.org/description>",
            "<schema.org/image>",
            "<schema.org/mainEntityOfPage>",
            "<schema.org/name>",
            "<schema.org/provider>",
            "<schema.org/publisher>",
            "isa:<schema.org/Audiobook>"
        ],
        "count": 1.0
    },
    {
        "pset": [
            "<schema.org/aggregateRating>",
            "<schema.org/alternateName>",
            "<schema.org/author>",
            "<schema.org/bookFormat>",
            "<schema.org/datePublished>",
            "<schema.org/description>",
            "<schema.org/image>",
            "<schema.org/isbn>",
            "<schema.org/name>",
            "<schema.org/offers>",
            "<schema.org/publisher>",
            "<schema.org/url>",
            "isa:<schema.org/Audiobook>"
        ],
        "count": 1.0
    },
    {
        "pset": [
            "<schema.org/aggregateRating>",
            "<schema.org/author>",
            "<schema.org/bookFormat>",
            "<schema.org/inLanguage>",
            "<schema.org/isAccessibleForFree>",
            "<schema.org/name>",
            "<schema.org/publisher>",
            "<schema.org/readBy>",
            "<schema.org/review>",
            "<schema.org/typicalAgeRange>",
            "<schema.org/url>",
            "<schema.org/workExample>",
            "isa:<schema.org/Audiobook>"
        ],
        "count": 1.0
    },
    {
        "pset": [
            "<schema.org/abridged>",
            "<schema.org/author>",
            "<schema.org/bookFormat>",
            "<schema.org/datePublished>",
            "<schema.org/description>",
            "<schema.org/duration>",
            "<schema.org/identifier>",
            "<schema.org/name>",
            "<schema.org/publisher>",
            "<schema.org/readBy>",
            "<schema.org/thumbnailUrl>",
            "isa:<schema.org/Audiobook>"
        ],
        "count": 1.0
    },
    {
        "pset": [
            "<schema.org/accessMode>",
            "<schema.org/author>",
            "<schema.org/bookFormat>",
            "<schema.org/copyrightHolder>",
            "<schema.org/datePublished>",
            "<schema.org/encodingFormat>",
            "<schema.org/image>",
            "<schema.org/inLanguage>",
            "<schema.org/isAccessibleForFree>",
            "<schema.org/isFamilyFriendly>",
            "<schema.org/name>",
            "<schema.org/numberOfPages>",
            "<schema.org/requiresSubscription>",
            "<schema.org/uploadDate>",
            "isa:<schema.org/Audiobook>"
        ],
        "count": 1.0
    },
    {
        "pset": [
            "<schema.org/abridged>",
            "<schema.org/author>",
            "<schema.org/bookFormat>",
            "<schema.org/description>",
            "<schema.org/duration>",
            "<schema.org/inLanguage>",
            "<schema.org/name>",
            "<schema.org/publisher>",
            "isa:<schema.org/Audiobook>"
        ],
        "count": 1.0
    },
    {
        "pset": [
            "<schema.org/aggregateRating>",
            "<schema.org/author>",
            "<schema.org/bookFormat>",
            "<schema.org/datePublished>",
            "<schema.org/description>",
            "<schema.org/duration>",
            "<schema.org/image>",
            "<schema.org/isbn>",
            "<schema.org/name>",
            "<schema.org/offers>",
            "<schema.org/publisher>",
            "<schema.org/readBy>",
            "<schema.org/review>",
            "<schema.org/url>",
            "isa:<schema.org/Audiobook>"
        ],
        "count": 1.0
    },
    {
        "pset": [
            "<schema.org/abridged>",
            "<schema.org/author>",
            "<schema.org/contentUrl>",
            "<schema.org/datePublished>",
            "<schema.org/description>",
            "<schema.org/duration>",
            "<schema.org/encodingFormat>",
            "<schema.org/mainEntityOfPage>",
            "<schema.org/name>",
            "<schema.org/playerType>",
            "<schema.org/provider>",
            "<schema.org/publisher>",
            "<schema.org/readBy>",
            "isa:<schema.org/Audiobook>"
        ],
        "count": 1.0
    },
    {
        "pset": [
            "<schema.org/datePublished>",
            "<schema.org/isbn>",
            "<schema.org/name>",
            "<schema.org/publisher>",
            "isa:<schema.org/Audiobook>"
        ],
        "count": 1.0
    },
    {
        "pset": [
            "<schema.org/abridged>",
            "<schema.org/bookFormat>",
            "<schema.org/duration>",
            "<schema.org/potentialAction>",
            "isa:<schema.org/Audiobook>"
        ],
        "count": 1.0
    },
    {
        "pset": [
            "<schema.org/author>",
            "<schema.org/bookEdition>",
            "<schema.org/bookFormat>",
            "<schema.org/datePublished>",
            "<schema.org/description>",
            "<schema.org/image>",
            "<schema.org/isAccessibleForFree>",
            "<schema.org/isbn>",
            "<schema.org/potentialAction>",
            "<schema.org/readBy>",
            "<schema.org/thumbnailUrl>",
            "isa:<schema.org/Audiobook>"
        ],
        "count": 1.0
    },
    {
        "pset": [
            "<schema.org/aggregateRating>",
            "<schema.org/author>",
            "<schema.org/bookFormat>",
            "<schema.org/datePublished>",
            "<schema.org/description>",
            "<schema.org/duration>",
            "<schema.org/image>",
            "<schema.org/inLanguage>",
            "<schema.org/name>",
            "<schema.org/publisher>",
            "<schema.org/readBy>",
            "<schema.org/regionsAllowed>",
            "isa:<schema.org/Audiobook>"
        ],
        "count": 1.0
    },
    {
        "pset": [
            "isa:<schema.org/Audiobook>"
        ],
        "count": 1.0
    },
    {
        "pset": [
            "<schema.org/aggregateRating>",
            "<schema.org/author>",
            "<schema.org/bookFormat>",
            "<schema.org/datePublished>",
            "<schema.org/description>",
            "<schema.org/duration>",
            "<schema.org/gtin13>",
            "<schema.org/headline>",
            "<schema.org/image>",
            "<schema.org/inLanguage>",
            "<schema.org/interactionCount>",
            "<schema.org/keywords>",
            "<schema.org/name>",
            "<schema.org/offers>",
            "<schema.org/publisher>",
            "<schema.org/readBy>",
            "<schema.org/review>",
            "<schema.org/text>",
            "<schema.org/url>",
            "isa:<schema.org/Audiobook>"
        ],
        "count": 1.0
    },
    {
        "pset": [
            "<schema.org/aggregateRating>",
            "<schema.org/author>",
            "<schema.org/bookEdition>",
            "<schema.org/bookFormat>",
            "<schema.org/datePublished>",
            "<schema.org/description>",
            "<schema.org/duration>",
            "<schema.org/genre>",
            "<schema.org/isbn>",
            "<schema.org/name>",
            "<schema.org/offers>",
            "<schema.org/publisher>",
            "<schema.org/review>",
            "<schema.org/url>",
            "isa:<schema.org/Audiobook>"
        ],
        "count": 1.0
    },
    {
        "pset": [
            "<schema.org/aggregateRating>",
            "<schema.org/alternateName>",
            "<schema.org/author>",
            "<schema.org/bookFormat>",
            "<schema.org/datePublished>",
            "<schema.org/description>",
            "<schema.org/duration>",
            "<schema.org/genre>",
            "<schema.org/image>",
            "<schema.org/isbn>",
            "<schema.org/name>",
            "<schema.org/offers>",
            "<schema.org/publisher>",
            "<schema.org/readBy>",
            "<schema.org/review>",
            "<schema.org/url>",
            "isa:<schema.org/Audiobook>"
        ],
        "count": 1.0
    },
    {
        "pset": [
            "<schema.org/abridged>",
            "<schema.org/aggregateRating>",
            "<schema.org/author>",
            "<schema.org/bookFormat>",
            "<schema.org/datePublished>",
            "<schema.org/description>",
            "<schema.org/image>",
            "<schema.org/inLanguage>",
            "<schema.org/name>",
            "<schema.org/offers>",
            "<schema.org/publisher>",
            "<schema.org/regionsAllowed>",
            "isa:<schema.org/Audiobook>"
        ],
        "count": 1.0
    },
    {
        "pset": [
            "<schema.org/bookFormat>",
            "<schema.org/inLanguage>",
            "<schema.org/isAccessibleForFree>",
            "<schema.org/name>",
            "<schema.org/publisher>",
            "<schema.org/readBy>",
            "<schema.org/url>",
            "<schema.org/workExample>",
            "isa:<schema.org/Audiobook>"
        ],
        "count": 1.0
    },
    {
        "pset": [
            "<schema.org/accessibilityAPI>",
            "<schema.org/accessibilityControl>",
            "<schema.org/accessibilityFeature>",
            "<schema.org/accessibilityHazard>",
            "<schema.org/aggregateRating>",
            "<schema.org/author>",
            "<schema.org/bookFormat>",
            "<schema.org/datePublished>",
            "<schema.org/description>",
            "<schema.org/duration>",
            "<schema.org/image>",
            "<schema.org/inLanguage>",
            "<schema.org/name>",
            "<schema.org/publisher>",
            "<schema.org/url>",
            "<schema.org/workExample>",
            "isa:<schema.org/Audiobook>"
        ],
        "count": 1.0
    },
    {
        "pset": [
            "<schema.org/accessibilityAPI>",
            "<schema.org/accessibilityControl>",
            "<schema.org/accessibilityFeature>",
            "<schema.org/accessibilityHazard>",
            "<schema.org/bookFormat>",
            "<schema.org/datePublished>",
            "<schema.org/description>",
            "<schema.org/duration>",
            "<schema.org/image>",
            "<schema.org/inLanguage>",
            "<schema.org/isbn>",
            "<schema.org/name>",
            "<schema.org/publisher>",
            "<schema.org/readBy>",
            "<schema.org/url>",
            "<schema.org/workExample>",
            "isa:<schema.org/Audiobook>"
        ],
        "count": 1.0
    },
    {
        "pset": [
            "<schema.org/aggregateRating>",
            "<schema.org/author>",
            "<schema.org/bookFormat>",
            "<schema.org/datePublished>",
            "<schema.org/description>",
            "<schema.org/genre>",
            "<schema.org/image>",
            "<schema.org/isbn>",
            "<schema.org/name>",
            "<schema.org/offers>",
            "<schema.org/publisher>",
            "<schema.org/review>",
            "<schema.org/url>",
            "isa:<schema.org/Audiobook>"
        ],
        "count": 1.0
    },
    {
        "pset": [
            "<schema.org/author>",
            "<schema.org/bookFormat>",
            "<schema.org/inLanguage>",
            "<schema.org/isAccessibleForFree>",
            "<schema.org/name>",
            "<schema.org/publisher>",
            "<schema.org/readBy>",
            "<schema.org/typicalAgeRange>",
            "<schema.org/url>",
            "<schema.org/workExample>",
            "isa:<schema.org/Audiobook>"
        ],
        "count": 1.0
    },
    {
        "pset": [
            "<schema.org/author>",
            "<schema.org/bookFormat>",
            "<schema.org/datePublished>",
            "<schema.org/description>",
            "<schema.org/image>",
            "<schema.org/inLanguage>",
            "<schema.org/name>",
            "<schema.org/offers>",
            "<schema.org/publisher>",
            "<schema.org/regionsAllowed>",
            "isa:<schema.org/Audiobook>"
        ],
        "count": 1.0
    },
    {
        "pset": [
            "<schema.org/accessibilityAPI>",
            "<schema.org/accessibilityControl>",
            "<schema.org/accessibilityFeature>",
            "<schema.org/accessibilityHazard>",
            "<schema.org/aggregateRating>",
            "<schema.org/author>",
            "<schema.org/bookFormat>",
            "<schema.org/datePublished>",
            "<schema.org/description>",
            "<schema.org/duration>",
            "<schema.org/image>",
            "<schema.org/inLanguage>",
            "<schema.org/isbn>",
            "<schema.org/name>",
            "<schema.org/publisher>",
            "<schema.org/url>",
            "<schema.org/workExample>",
            "isa:<schema.org/Audiobook>"
        ],
        "count": 1.0
    },
    {
        "pset": [
            "<schema.org/bookFormat>",
            "<schema.org/datePublished>",
            "<schema.org/description>",
            "<schema.org/image>",
            "<schema.org/isAccessibleForFree>",
            "<schema.org/isbn>",
            "<schema.org/potentialAction>",
            "<schema.org/readBy>",
            "<schema.org/thumbnailUrl>",
            "isa:<schema.org/Audiobook>"
        ],
        "count": 1.0
    },
    {
        "pset": [
            "<schema.org/author>",
            "<schema.org/bookFormat>",
            "<schema.org/description>",
            "<schema.org/genre>",
            "<schema.org/image>",
            "<schema.org/name>",
            "isa:<schema.org/Audiobook>"
        ],
        "count": 1.0
    },
    {
        "pset": [
            "<schema.org/alternateName>",
            "<schema.org/author>",
            "<schema.org/bookFormat>",
            "<schema.org/datePublished>",
            "<schema.org/description>",
            "<schema.org/isbn>",
            "<schema.org/name>",
            "<schema.org/offers>",
            "<schema.org/publisher>",
            "<schema.org/url>",
            "isa:<schema.org/Audiobook>"
        ],
        "count": 1.0
    },
    {
        "pset": [
            "<schema.org/aggregateRating>",
            "<schema.org/bookFormat>",
            "<schema.org/image>",
            "isa:<schema.org/Audiobook>"
        ],
        "count": 1.0
    },
    {
        "pset": [
            "<schema.org/aggregateRating>",
            "<schema.org/author>",
            "<schema.org/bookFormat>",
            "<schema.org/inLanguage>",
            "<schema.org/isAccessibleForFree>",
            "<schema.org/name>",
            "<schema.org/publisher>",
            "<schema.org/readBy>",
            "<schema.org/review>",
            "<schema.org/url>",
            "<schema.org/workExample>",
            "isa:<schema.org/Audiobook>"
        ],
        "count": 1.0
    },
    {
        "pset": [
            "<schema.org/aggregateRating>",
            "<schema.org/alternateName>",
            "<schema.org/author>",
            "<schema.org/bookFormat>",
            "<schema.org/datePublished>",
            "<schema.org/description>",
            "<schema.org/image>",
            "<schema.org/isbn>",
            "<schema.org/name>",
            "<schema.org/offers>",
            "<schema.org/publisher>",
            "<schema.org/review>",
            "<schema.org/url>",
            "isa:<schema.org/Audiobook>"
        ],
        "count": 1.0
    },
    {
        "pset": [
            "<schema.org/aggregateRating>",
            "<schema.org/alternateName>",
            "<schema.org/author>",
            "<schema.org/bookEdition>",
            "<schema.org/bookFormat>",
            "<schema.org/datePublished>",
            "<schema.org/description>",
            "<schema.org/genre>",
            "<schema.org/image>",
            "<schema.org/isbn>",
            "<schema.org/name>",
            "<schema.org/offers>",
            "<schema.org/publisher>",
            "<schema.org/review>",
            "<schema.org/url>",
            "isa:<schema.org/Audiobook>"
        ],
        "count": 1.0
    },
    {
        "pset": [
            "<schema.org/aggregateRating>",
            "<schema.org/audio>",
            "<schema.org/author>",
            "<schema.org/bookFormat>",
            "<schema.org/creditText>",
            "<schema.org/datePublished>",
            "<schema.org/description>",
            "<schema.org/duration>",
            "<schema.org/genre>",
            "<schema.org/gtin13>",
            "<schema.org/headline>",
            "<schema.org/image>",
            "<schema.org/inLanguage>",
            "<schema.org/interactionCount>",
            "<schema.org/keywords>",
            "<schema.org/name>",
            "<schema.org/offers>",
            "<schema.org/publisher>",
            "<schema.org/readBy>",
            "<schema.org/review>",
            "<schema.org/text>",
            "<schema.org/url>",
            "<schema.org/video>",
            "isa:<schema.org/Audiobook>"
        ],
        "count": 1.0
    },
    {
        "pset": [
            "<schema.org/author>",
            "<schema.org/contentUrl>",
            "<schema.org/dateModified>",
            "<schema.org/datePublished>",
            "<schema.org/description>",
            "<schema.org/duration>",
            "<schema.org/encodingFormat>",
            "<schema.org/image>",
            "<schema.org/inLanguage>",
            "<schema.org/mainEntityOfPage>",
            "<schema.org/name>",
            "<schema.org/playerType>",
            "<schema.org/provider>",
            "<schema.org/publisher>",
            "<schema.org/readBy>",
            "<schema.org/url>",
            "isa:<schema.org/Audiobook>"
        ],
        "count": 1.0
    },
    {
        "pset": [
            "<schema.org/accessibilityAPI>",
            "<schema.org/accessibilityControl>",
            "<schema.org/accessibilityFeature>",
            "<schema.org/accessibilityHazard>",
            "<schema.org/bookFormat>",
            "<schema.org/datePublished>",
            "<schema.org/description>",
            "<schema.org/duration>",
            "<schema.org/image>",
            "<schema.org/inLanguage>",
            "<schema.org/name>",
            "<schema.org/publisher>",
            "<schema.org/url>",
            "<schema.org/workExample>",
            "isa:<schema.org/Audiobook>"
        ],
        "count": 1.0
    },
    {
        "pset": [
            "<schema.org/aggregateRating>",
            "<schema.org/author>",
            "<schema.org/bookFormat>",
            "<schema.org/datePublished>",
            "<schema.org/description>",
            "<schema.org/genre>",
            "<schema.org/inLanguage>",
            "<schema.org/name>",
            "isa:<schema.org/Audiobook>"
        ],
        "count": 1.0
    }
]