[
    {
        "pset": [
            "<schema.org/address>",
            "<schema.org/email>",
            "<schema.org/geo>",
            "<schema.org/image>",
            "<schema.org/name>",
            "<schema.org/openingHours>",
            "<schema.org/paymentAccepted>",
            "<schema.org/priceRange>",
            "<schema.org/telePhone>",
            "<schema.org/url>",
            "isa:<schema.org/AutoWash>"
        ],
        "count": 873.0
    },
    {
        "pset": [
            "<schema.org/address>",
            "<schema.org/description>",
            "<schema.org/email>",
            "<schema.org/geo>",
            "<schema.org/hasmap>",
            "<schema.org/image>",
            "<schema.org/name>",
            "<schema.org/openingHoursSpecification>",
            "<schema.org/parentOrganization>",
            "<schema.org/review>",
            "<schema.org/sameAs>",
            "<schema.org/telephone>",
            "<schema.org/url>",
            "isa:<schema.org/AutoWash>"
        ],
        "count": 198.0
    },
    {
        "pset": [
            "<schema.org/address>",
            "<schema.org/email>",
            "<schema.org/geo>",
            "<schema.org/image>",
            "<schema.org/name>",
            "<schema.org/openingHours>",
            "<schema.org/openingHoursSpecification>",
            "<schema.org/paymentAccepted>",
            "<schema.org/priceRange>",
            "<schema.org/telePhone>",
            "<schema.org/url>",
            "isa:<schema.org/AutoWash>"
        ],
        "count": 113.0
    },
    {
        "pset": [
            "<schema.org/address>",
            "<schema.org/image>",
            "<schema.org/location>",
            "<schema.org/name>",
            "<schema.org/url>",
            "isa:<schema.org/AutoWash>"
        ],
        "count": 103.0
    },
    {
        "pset": [
            "<schema.org/address>",
            "<schema.org/image>",
            "<schema.org/name>",
            "<schema.org/url>",
            "isa:<schema.org/AutoWash>"
        ],
        "count": 100.0
    },
    {
        "pset": [
            "<schema.org/address>",
            "<schema.org/description>",
            "<schema.org/email>",
            "<schema.org/geo>",
            "<schema.org/hasOfferCatalog>",
            "<schema.org/hasmap>",
            "<schema.org/image>",
            "<schema.org/name>",
            "<schema.org/openingHoursSpecification>",
            "<schema.org/parentOrganization>",
            "<schema.org/review>",
            "<schema.org/sameAs>",
            "<schema.org/telephone>",
            "<schema.org/url>",
            "isa:<schema.org/AutoWash>"
        ],
        "count": 99.0
    },
    {
        "pset": [
            "<schema.org/address>",
            "<schema.org/image>",
            "<schema.org/name>",
            "<schema.org/priceRange>",
            "<schema.org/telephone>",
            "<schema.org/url>",
            "isa:<schema.org/AutoWash>"
        ],
        "count": 80.0
    },
    {
        "pset": [
            "<schema.org/address>",
            "<schema.org/geo>",
            "<schema.org/image>",
            "<schema.org/name>",
            "<schema.org/openingHoursSpecification>",
            "<schema.org/priceRange>",
            "<schema.org/sameAs>",
            "<schema.org/telephone>",
            "<schema.org/url>",
            "isa:<schema.org/AutoWash>"
        ],
        "count": 51.0
    },
    {
        "pset": [
            "<schema.org/address>",
            "<schema.org/email>",
            "<schema.org/image>",
            "<schema.org/name>",
            "<schema.org/priceRange>",
            "<schema.org/telephone>",
            "<schema.org/url>",
            "isa:<schema.org/AutoWash>"
        ],
        "count": 46.0
    },
    {
        "pset": [
            "<schema.org/address>",
            "<schema.org/description>",
            "<schema.org/image>",
            "<schema.org/name>",
            "<schema.org/telephone>",
            "<schema.org/url>",
            "isa:<schema.org/AutoWash>"
        ],
        "count": 44.0
    },
    {
        "pset": [
            "<schema.org/address>",
            "<schema.org/aggregateRating>",
            "<schema.org/email>",
            "<schema.org/image>",
            "<schema.org/name>",
            "<schema.org/openingHours>",
            "<schema.org/paymentAccepted>",
            "<schema.org/telephone>",
            "<schema.org/url>",
            "isa:<schema.org/AutoWash>"
        ],
        "count": 40.0
    },
    {
        "pset": [
            "<schema.org/address>",
            "<schema.org/geo>",
            "<schema.org/image>",
            "<schema.org/name>",
            "<schema.org/openingHoursSpecification>",
            "<schema.org/telephone>",
            "<schema.org/url>",
            "isa:<schema.org/AutoWash>"
        ],
        "count": 37.0
    },
    {
        "pset": [
            "<schema.org/address>",
            "<schema.org/geo>",
            "<schema.org/image>",
            "<schema.org/name>",
            "<schema.org/openingHoursSpecification>",
            "<schema.org/priceRange>",
            "<schema.org/telephone>",
            "<schema.org/url>",
            "isa:<schema.org/AutoWash>"
        ],
        "count": 27.0
    },
    {
        "pset": [
            "<schema.org/additionalType>",
            "<schema.org/address>",
            "<schema.org/description>",
            "<schema.org/email>",
            "<schema.org/geo>",
            "<schema.org/hasMap>",
            "<schema.org/image>",
            "<schema.org/logo>",
            "<schema.org/name>",
            "<schema.org/sameAs>",
            "<schema.org/telephone>",
            "<schema.org/url>",
            "isa:<schema.org/AutoWash>"
        ],
        "count": 26.0
    },
    {
        "pset": [
            "<schema.org/address>",
            "<schema.org/description>",
            "<schema.org/email>",
            "<schema.org/foundingDate>",
            "<schema.org/image>",
            "<schema.org/name>",
            "<schema.org/openingHours>",
            "<schema.org/priceRange>",
            "<schema.org/sameAs>",
            "<schema.org/telephone>",
            "<schema.org/url>",
            "isa:<schema.org/AutoWash>"
        ],
        "count": 24.0
    },
    {
        "pset": [
            "<schema.org/address>",
            "<schema.org/image>",
            "<schema.org/name>",
            "<schema.org/priceRange>",
            "<schema.org/sameAs>",
            "<schema.org/telephone>",
            "<schema.org/url>",
            "isa:<schema.org/AutoWash>"
        ],
        "count": 22.0
    },
    {
        "pset": [
            "<schema.org/address>",
            "<schema.org/image>",
            "<schema.org/name>",
            "<schema.org/telephone>",
            "<schema.org/url>",
            "isa:<schema.org/AutoWash>"
        ],
        "count": 21.0
    },
    {
        "pset": [
            "<schema.org/address>",
            "<schema.org/contactPoint>",
            "<schema.org/description>",
            "<schema.org/geo>",
            "<schema.org/hasMap>",
            "<schema.org/image>",
            "<schema.org/logo>",
            "<schema.org/name>",
            "<schema.org/openingHours>",
            "<schema.org/url>",
            "isa:<schema.org/AutoWash>"
        ],
        "count": 21.0
    },
    {
        "pset": [
            "<schema.org/address>",
            "<schema.org/aggregateRating>",
            "<schema.org/email>",
            "<schema.org/geo>",
            "<schema.org/image>",
            "<schema.org/name>",
            "<schema.org/openingHours>",
            "<schema.org/openingHoursSpecification>",
            "<schema.org/paymentAccepted>",
            "<schema.org/priceRange>",
            "<schema.org/telePhone>",
            "<schema.org/url>",
            "isa:<schema.org/AutoWash>"
        ],
        "count": 20.0
    },
    {
        "pset": [
            "<schema.org/address>",
            "<schema.org/image>",
            "<schema.org/name>",
            "<schema.org/openingHoursSpecification>",
            "<schema.org/priceRange>",
            "<schema.org/sameAs>",
            "<schema.org/telephone>",
            "<schema.org/url>",
            "isa:<schema.org/AutoWash>"
        ],
        "count": 20.0
    },
    {
        "pset": [
            "<schema.org/address>",
            "<schema.org/aggregateRating>",
            "<schema.org/description>",
            "<schema.org/geo>",
            "<schema.org/image>",
            "<schema.org/name>",
            "<schema.org/openingHours>",
            "<schema.org/review>",
            "<schema.org/sameAs>",
            "<schema.org/telephone>",
            "<schema.org/url>",
            "isa:<schema.org/AutoWash>"
        ],
        "count": 18.0
    },
    {
        "pset": [
            "<schema.org/address>",
            "<schema.org/image>",
            "<schema.org/logo>",
            "<schema.org/name>",
            "<schema.org/priceRange>",
            "<schema.org/telephone>",
            "<schema.org/url>",
            "isa:<schema.org/AutoWash>"
        ],
        "count": 17.0
    },
    {
        "pset": [
            "<schema.org/address>",
            "<schema.org/description>",
            "<schema.org/geo>",
            "<schema.org/image>",
            "<schema.org/logo>",
            "<schema.org/name>",
            "<schema.org/openingHoursSpecification>",
            "<schema.org/priceRange>",
            "<schema.org/telephone>",
            "<schema.org/url>",
            "isa:<schema.org/AutoWash>"
        ],
        "count": 15.0
    },
    {
        "pset": [
            "<schema.org/address>",
            "<schema.org/contactPoint>",
            "<schema.org/description>",
            "<schema.org/geo>",
            "<schema.org/image>",
            "<schema.org/name>",
            "<schema.org/openingHoursSpecification>",
            "<schema.org/parentOrganization>",
            "<schema.org/priceRange>",
            "<schema.org/telephone>",
            "<schema.org/url>",
            "isa:<schema.org/AutoWash>"
        ],
        "count": 14.0
    },
    {
        "pset": [
            "<schema.org/address>",
            "<schema.org/description>",
            "<schema.org/geo>",
            "<schema.org/hasMap>",
            "<schema.org/image>",
            "<schema.org/logo>",
            "<schema.org/name>",
            "<schema.org/openingHours>",
            "<schema.org/priceRange>",
            "<schema.org/sameAs>",
            "<schema.org/telephone>",
            "<schema.org/url>",
            "isa:<schema.org/AutoWash>"
        ],
        "count": 14.0
    },
    {
        "pset": [
            "<schema.org/address>",
            "<schema.org/description>",
            "<schema.org/image>",
            "<schema.org/name>",
            "<schema.org/priceRange>",
            "<schema.org/telePhone>",
            "<schema.org/url>",
            "isa:<schema.org/AutoWash>"
        ],
        "count": 14.0
    },
    {
        "pset": [
            "<schema.org/address>",
            "<schema.org/description>",
            "<schema.org/geo>",
            "<schema.org/image>",
            "<schema.org/name>",
            "<schema.org/review>",
            "<schema.org/sameAs>",
            "<schema.org/telephone>",
            "<schema.org/url>",
            "isa:<schema.org/AutoWash>"
        ],
        "count": 13.0
    },
    {
        "pset": [
            "<schema.org/address>",
            "<schema.org/description>",
            "<schema.org/foundingDate>",
            "<schema.org/geo>",
            "<schema.org/hasMap>",
            "<schema.org/image>",
            "<schema.org/logo>",
            "<schema.org/name>",
            "<schema.org/openingHours>",
            "<schema.org/paymentAccepted>",
            "<schema.org/sameAs>",
            "<schema.org/telephone>",
            "<schema.org/url>",
            "isa:<schema.org/AutoWash>"
        ],
        "count": 13.0
    },
    {
        "pset": [
            "<schema.org/address>",
            "<schema.org/description>",
            "<schema.org/geo>",
            "<schema.org/hasMap>",
            "<schema.org/image>",
            "<schema.org/logo>",
            "<schema.org/name>",
            "<schema.org/openingHours>",
            "<schema.org/priceRange>",
            "<schema.org/telephone>",
            "<schema.org/url>",
            "isa:<schema.org/AutoWash>"
        ],
        "count": 13.0
    },
    {
        "pset": [
            "<schema.org/address>",
            "<schema.org/aggregateRating>",
            "<schema.org/email>",
            "<schema.org/name>",
            "<schema.org/openingHours>",
            "<schema.org/priceRange>",
            "<schema.org/url>",
            "isa:<schema.org/AutoWash>"
        ],
        "count": 13.0
    },
    {
        "pset": [
            "<schema.org/address>",
            "<schema.org/image>",
            "<schema.org/location>",
            "<schema.org/name>",
            "<schema.org/telephone>",
            "<schema.org/url>",
            "isa:<schema.org/AutoWash>"
        ],
        "count": 11.0
    },
    {
        "pset": [
            "<schema.org/address>",
            "<schema.org/aggregateRating>",
            "<schema.org/description>",
            "<schema.org/geo>",
            "<schema.org/hasMap>",
            "<schema.org/image>",
            "<schema.org/logo>",
            "<schema.org/name>",
            "<schema.org/openingHours>",
            "<schema.org/paymentAccepted>",
            "<schema.org/review>",
            "<schema.org/sameAs>",
            "<schema.org/telephone>",
            "<schema.org/url>",
            "isa:<schema.org/AutoWash>"
        ],
        "count": 11.0
    },
    {
        "pset": [
            "<schema.org/address>",
            "<schema.org/geo>",
            "<schema.org/image>",
            "<schema.org/name>",
            "<schema.org/openingHours>",
            "<schema.org/priceRange>",
            "<schema.org/telephone>",
            "<schema.org/url>",
            "isa:<schema.org/AutoWash>"
        ],
        "count": 11.0
    },
    {
        "pset": [
            "<schema.org/address>",
            "<schema.org/contactPoint>",
            "<schema.org/image>",
            "<schema.org/legalName>",
            "<schema.org/logo>",
            "<schema.org/name>",
            "<schema.org/openingHoursSpecification>",
            "<schema.org/sameAs>",
            "<schema.org/telephone>",
            "<schema.org/url>",
            "isa:<schema.org/AutoWash>"
        ],
        "count": 10.0
    },
    {
        "pset": [
            "<schema.org/address>",
            "<schema.org/aggregateRating>",
            "<schema.org/description>",
            "<schema.org/email>",
            "<schema.org/geo>",
            "<schema.org/name>",
            "<schema.org/openingHours>",
            "<schema.org/sameAs>",
            "<schema.org/telephone>",
            "<schema.org/url>",
            "isa:<schema.org/AutoWash>"
        ],
        "count": 9.0
    },
    {
        "pset": [
            "<schema.org/address>",
            "<schema.org/description>",
            "<schema.org/geo>",
            "<schema.org/image>",
            "<schema.org/name>",
            "<schema.org/review>",
            "<schema.org/telephone>",
            "<schema.org/url>",
            "isa:<schema.org/AutoWash>"
        ],
        "count": 9.0
    },
    {
        "pset": [
            "<schema.org/address>",
            "<schema.org/contactPoint>",
            "<schema.org/description>",
            "<schema.org/logo>",
            "<schema.org/name>",
            "<schema.org/openingHours>",
            "<schema.org/url>",
            "isa:<schema.org/AutoWash>"
        ],
        "count": 8.0
    },
    {
        "pset": [
            "<schema.org/address>",
            "<schema.org/hasmap>",
            "<schema.org/image>",
            "<schema.org/logo>",
            "<schema.org/name>",
            "<schema.org/openingHours>",
            "<schema.org/parentOrganization>",
            "<schema.org/priceRange>",
            "<schema.org/url>",
            "isa:<schema.org/AutoWash>"
        ],
        "count": 8.0
    },
    {
        "pset": [
            "<schema.org/address>",
            "<schema.org/image>",
            "<schema.org/name>",
            "<schema.org/openingHours>",
            "<schema.org/priceRange>",
            "<schema.org/telephone>",
            "<schema.org/url>",
            "isa:<schema.org/AutoWash>"
        ],
        "count": 8.0
    },
    {
        "pset": [
            "<schema.org/address>",
            "<schema.org/email>",
            "<schema.org/geo>",
            "<schema.org/image>",
            "<schema.org/legalName>",
            "<schema.org/logo>",
            "<schema.org/name>",
            "<schema.org/openingHoursSpecification>",
            "<schema.org/priceRange>",
            "<schema.org/telephone>",
            "<schema.org/url>",
            "isa:<schema.org/AutoWash>"
        ],
        "count": 7.0
    },
    {
        "pset": [
            "<schema.org/address>",
            "<schema.org/description>",
            "<schema.org/geo>",
            "<schema.org/hasMap>",
            "<schema.org/image>",
            "<schema.org/logo>",
            "<schema.org/name>",
            "<schema.org/openingHours>",
            "<schema.org/paymentAccepted>",
            "<schema.org/sameAs>",
            "<schema.org/telephone>",
            "<schema.org/url>",
            "isa:<schema.org/AutoWash>"
        ],
        "count": 7.0
    },
    {
        "pset": [
            "<schema.org/address>",
            "<schema.org/image>",
            "<schema.org/name>",
            "<schema.org/openingHoursSpecification>",
            "<schema.org/priceRange>",
            "<schema.org/telephone>",
            "<schema.org/url>",
            "isa:<schema.org/AutoWash>"
        ],
        "count": 6.0
    },
    {
        "pset": [
            "<schema.org/address>",
            "<schema.org/aggregateRating>",
            "<schema.org/author>",
            "<schema.org/geo>",
            "<schema.org/image>",
            "<schema.org/name>",
            "<schema.org/openingHoursSpecification>",
            "<schema.org/priceRange>",
            "<schema.org/sameAs>",
            "<schema.org/telephone>",
            "<schema.org/url>",
            "isa:<schema.org/AutoWash>"
        ],
        "count": 6.0
    },
    {
        "pset": [
            "<schema.org/aggregateRating>",
            "<schema.org/image>",
            "<schema.org/name>",
            "isa:<schema.org/AutoWash>"
        ],
        "count": 5.0
    },
    {
        "pset": [
            "<schema.org/address>",
            "<schema.org/email>",
            "<schema.org/geo>",
            "<schema.org/image>",
            "<schema.org/name>",
            "<schema.org/openingHours>",
            "<schema.org/paymentAccepted>",
            "<schema.org/priceRange>",
            "<schema.org/telePhone>",
            "isa:<schema.org/AutoWash>"
        ],
        "count": 5.0
    },
    {
        "pset": [
            "<schema.org/address>",
            "<schema.org/description>",
            "<schema.org/geo>",
            "<schema.org/image>",
            "<schema.org/name>",
            "<schema.org/openingHours>",
            "<schema.org/review>",
            "<schema.org/sameAs>",
            "<schema.org/telephone>",
            "<schema.org/url>",
            "isa:<schema.org/AutoWash>"
        ],
        "count": 5.0
    },
    {
        "pset": [
            "<schema.org/image>",
            "<schema.org/logo>",
            "<schema.org/name>",
            "<schema.org/openingHours>",
            "<schema.org/url>",
            "isa:<schema.org/AutoWash>",
            "isa:<schema.org/Organization>"
        ],
        "count": 4.0
    },
    {
        "pset": [
            "<schema.org/additionalType>",
            "<schema.org/address>",
            "<schema.org/description>",
            "<schema.org/email>",
            "<schema.org/geo>",
            "<schema.org/hasMap>",
            "<schema.org/image>",
            "<schema.org/logo>",
            "<schema.org/name>",
            "<schema.org/openingHours>",
            "<schema.org/parentOrganization>",
            "<schema.org/priceRange>",
            "<schema.org/sameAs>",
            "<schema.org/telephone>",
            "<schema.org/url>",
            "isa:<schema.org/AutoWash>"
        ],
        "count": 4.0
    },
    {
        "pset": [
            "<schema.org/name>",
            "<schema.org/openingHours>",
            "<schema.org/url>",
            "isa:<schema.org/AutoWash>",
            "isa:<schema.org/Organization>"
        ],
        "count": 3.0
    },
    {
        "pset": [
            "<schema.org/address>",
            "<schema.org/email>",
            "<schema.org/image>",
            "<schema.org/location>",
            "<schema.org/logo>",
            "<schema.org/name>",
            "<schema.org/openingHours>",
            "<schema.org/priceRange>",
            "<schema.org/telephone>",
            "<schema.org/url>",
            "isa:<schema.org/AutoWash>",
            "isa:<schema.org/Organization>"
        ],
        "count": 3.0
    },
    {
        "pset": [
            "<schema.org/address>",
            "<schema.org/geo>",
            "<schema.org/image>",
            "<schema.org/name>",
            "<schema.org/openingHoursSpecification>",
            "<schema.org/sameAs>",
            "<schema.org/telephone>",
            "<schema.org/url>",
            "isa:<schema.org/AutoWash>"
        ],
        "count": 3.0
    },
    {
        "pset": [
            "<schema.org/address>",
            "<schema.org/contactPoint>",
            "<schema.org/description>",
            "<schema.org/email>",
            "<schema.org/geo>",
            "<schema.org/image>",
            "<schema.org/logo>",
            "<schema.org/name>",
            "<schema.org/openingHours>",
            "<schema.org/priceRange>",
            "<schema.org/sameAs>",
            "<schema.org/telephone>",
            "<schema.org/url>",
            "isa:<schema.org/AutoWash>"
        ],
        "count": 3.0
    },
    {
        "pset": [
            "<schema.org/address>",
            "<schema.org/email>",
            "<schema.org/image>",
            "<schema.org/location>",
            "<schema.org/logo>",
            "<schema.org/name>",
            "<schema.org/openingHours>",
            "<schema.org/telephone>",
            "<schema.org/url>",
            "isa:<schema.org/AutoWash>",
            "isa:<schema.org/Organization>"
        ],
        "count": 3.0
    },
    {
        "pset": [
            "<schema.org/address>",
            "<schema.org/hasmap>",
            "<schema.org/image>",
            "<schema.org/name>",
            "<schema.org/openingHours>",
            "<schema.org/parentOrganization>",
            "<schema.org/priceRange>",
            "isa:<schema.org/AutoWash>"
        ],
        "count": 3.0
    },
    {
        "pset": [
            "<schema.org/address>",
            "<schema.org/contactPoint>",
            "<schema.org/description>",
            "<schema.org/hasMap>",
            "<schema.org/image>",
            "<schema.org/logo>",
            "<schema.org/name>",
            "<schema.org/openingHours>",
            "<schema.org/url>",
            "isa:<schema.org/AutoWash>"
        ],
        "count": 3.0
    },
    {
        "pset": [
            "<schema.org/address>",
            "<schema.org/description>",
            "<schema.org/geo>",
            "<schema.org/image>",
            "<schema.org/name>",
            "<schema.org/telephone>",
            "<schema.org/url>",
            "isa:<schema.org/AutoWash>"
        ],
        "count": 3.0
    },
    {
        "pset": [
            "<schema.org/image>",
            "<schema.org/name>",
            "<schema.org/openingHours>",
            "<schema.org/url>",
            "isa:<schema.org/AutoWash>"
        ],
        "count": 3.0
    },
    {
        "pset": [
            "<schema.org/address>",
            "<schema.org/contactPoint>",
            "<schema.org/description>",
            "<schema.org/hasMap>",
            "<schema.org/logo>",
            "<schema.org/name>",
            "<schema.org/openingHours>",
            "<schema.org/url>",
            "isa:<schema.org/AutoWash>"
        ],
        "count": 3.0
    },
    {
        "pset": [
            "<schema.org/address>",
            "<schema.org/image>",
            "<schema.org/logo>",
            "<schema.org/name>",
            "<schema.org/openingHoursSpecification>",
            "<schema.org/priceRange>",
            "<schema.org/sameAs>",
            "<schema.org/telephone>",
            "<schema.org/url>",
            "isa:<schema.org/AutoWash>"
        ],
        "count": 2.0
    },
    {
        "pset": [
            "<schema.org/address>",
            "<schema.org/brand>",
            "<schema.org/description>",
            "<schema.org/geo>",
            "<schema.org/name>",
            "<schema.org/telephone>",
            "<schema.org/url>",
            "isa:<schema.org/AutoWash>"
        ],
        "count": 2.0
    },
    {
        "pset": [
            "<schema.org/address>",
            "<schema.org/description>",
            "<schema.org/email>",
            "<schema.org/hasMenu>",
            "<schema.org/image>",
            "<schema.org/name>",
            "<schema.org/telephone>",
            "<schema.org/url>",
            "isa:<schema.org/AutoWash>"
        ],
        "count": 2.0
    },
    {
        "pset": [
            "<schema.org/address>",
            "<schema.org/description>",
            "<schema.org/image>",
            "<schema.org/logo>",
            "<schema.org/name>",
            "<schema.org/openingHours>",
            "<schema.org/priceRange>",
            "<schema.org/telephone>",
            "<schema.org/url>",
            "isa:<schema.org/AutoWash>"
        ],
        "count": 2.0
    },
    {
        "pset": [
            "<schema.org/address>",
            "<schema.org/image>",
            "<schema.org/name>",
            "isa:<schema.org/AutoWash>"
        ],
        "count": 2.0
    },
    {
        "pset": [
            "<schema.org/image>",
            "<schema.org/location>",
            "<schema.org/logo>",
            "<schema.org/name>",
            "<schema.org/openingHours>",
            "<schema.org/url>",
            "isa:<schema.org/AutoWash>",
            "isa:<schema.org/Organization>"
        ],
        "count": 2.0
    },
    {
        "pset": [
            "<schema.org/image>",
            "<schema.org/name>",
            "<schema.org/telephone>",
            "isa:<schema.org/AutoWash>"
        ],
        "count": 2.0
    },
    {
        "pset": [
            "<schema.org/address>",
            "<schema.org/contactPoint>",
            "<schema.org/description>",
            "<schema.org/geo>",
            "<schema.org/hasMap>",
            "<schema.org/image>",
            "<schema.org/logo>",
            "<schema.org/name>",
            "<schema.org/openingHours>",
            "<schema.org/sameAs>",
            "<schema.org/url>",
            "isa:<schema.org/AutoWash>"
        ],
        "count": 2.0
    },
    {
        "pset": [
            "<schema.org/address>",
            "<schema.org/geo>",
            "<schema.org/hasMap>",
            "<schema.org/image>",
            "<schema.org/name>",
            "<schema.org/openingHoursSpecification>",
            "<schema.org/priceRange>",
            "<schema.org/sameAs>",
            "<schema.org/telephone>",
            "<schema.org/url>",
            "isa:<schema.org/AutoWash>"
        ],
        "count": 2.0
    },
    {
        "pset": [
            "<schema.org/address>",
            "<schema.org/aggregateRating>",
            "<schema.org/description>",
            "<schema.org/image>",
            "<schema.org/name>",
            "<schema.org/priceRange>",
            "<schema.org/reviews>",
            "<schema.org/telephone>",
            "<schema.org/url>",
            "isa:<schema.org/AutoWash>"
        ],
        "count": 2.0
    },
    {
        "pset": [
            "<schema.org/name>",
            "<schema.org/url>",
            "isa:<schema.org/AutoWash>"
        ],
        "count": 2.0
    },
    {
        "pset": [
            "<schema.org/address>",
            "<schema.org/aggregateRating>",
            "<schema.org/image>",
            "<schema.org/logo>",
            "<schema.org/name>",
            "<schema.org/review>",
            "<schema.org/url>",
            "isa:<schema.org/AutoWash>"
        ],
        "count": 1.0
    },
    {
        "pset": [
            "<schema.org/aggregateRating>",
            "<schema.org/email>",
            "<schema.org/name>",
            "<schema.org/telephone>",
            "<schema.org/url>",
            "isa:<schema.org/AutoWash>"
        ],
        "count": 1.0
    },
    {
        "pset": [
            "<schema.org/name>",
            "<schema.org/telephone>",
            "isa:<schema.org/AutoWash>"
        ],
        "count": 1.0
    },
    {
        "pset": [
            "<schema.org/address>",
            "<schema.org/contactPoint>",
            "<schema.org/description>",
            "<schema.org/image>",
            "<schema.org/logo>",
            "<schema.org/name>",
            "<schema.org/priceRange>",
            "<schema.org/telephone>",
            "<schema.org/url>",
            "isa:<schema.org/AutoWash>"
        ],
        "count": 1.0
    },
    {
        "pset": [
            "<schema.org/address>",
            "<schema.org/image>",
            "<schema.org/name>",
            "<schema.org/openingHoursSpecification>",
            "<schema.org/telephone>",
            "<schema.org/url>",
            "isa:<schema.org/AutoWash>"
        ],
        "count": 1.0
    },
    {
        "pset": [
            "<schema.org/address>",
            "<schema.org/areaServed>",
            "<schema.org/currenciesAccepted>",
            "<schema.org/email>",
            "<schema.org/geo>",
            "<schema.org/image>",
            "<schema.org/logo>",
            "<schema.org/name>",
            "<schema.org/openingHoursSpecification>",
            "<schema.org/priceRange>",
            "<schema.org/sameAs>",
            "<schema.org/telephone>",
            "<schema.org/url>",
            "isa:<schema.org/AutoWash>",
            "isa:<schema.org/Organization>",
            "isa:<schema.org/Place>"
        ],
        "count": 1.0
    },
    {
        "pset": [
            "<schema.org/address>",
            "<schema.org/contactPoint>",
            "<schema.org/description>",
            "<schema.org/geo>",
            "<schema.org/image>",
            "<schema.org/name>",
            "<schema.org/openingHours>",
            "<schema.org/priceRange>",
            "<schema.org/telephone>",
            "<schema.org/url>",
            "isa:<schema.org/AutoWash>"
        ],
        "count": 1.0
    },
    {
        "pset": [
            "<schema.org/address>",
            "<schema.org/geo>",
            "<schema.org/image>",
            "<schema.org/logo>",
            "<schema.org/name>",
            "<schema.org/openingHours>",
            "<schema.org/sameAs>",
            "<schema.org/telePhone>",
            "<schema.org/url>",
            "isa:<schema.org/AutoWash>"
        ],
        "count": 1.0
    },
    {
        "pset": [
            "<schema.org/address>",
            "<schema.org/image>",
            "<schema.org/name>",
            "<schema.org/priceRange>",
            "<schema.org/telephone>",
            "isa:<schema.org/AutoWash>"
        ],
        "count": 1.0
    },
    {
        "pset": [
            "<schema.org/address>",
            "<schema.org/aggregateRating>",
            "<schema.org/description>",
            "<schema.org/geo>",
            "<schema.org/image>",
            "<schema.org/name>",
            "<schema.org/review>",
            "<schema.org/sameAs>",
            "<schema.org/telephone>",
            "<schema.org/url>",
            "isa:<schema.org/AutoWash>"
        ],
        "count": 1.0
    },
    {
        "pset": [
            "<schema.org/address>",
            "<schema.org/areaServed>",
            "<schema.org/currenciesAccepted>",
            "<schema.org/email>",
            "<schema.org/geo>",
            "<schema.org/image>",
            "<schema.org/logo>",
            "<schema.org/name>",
            "<schema.org/openingHoursSpecification>",
            "<schema.org/paymentAccepted>",
            "<schema.org/priceRange>",
            "<schema.org/sameAs>",
            "<schema.org/taxID>",
            "<schema.org/telephone>",
            "<schema.org/url>",
            "isa:<schema.org/AutoWash>",
            "isa:<schema.org/Organization>",
            "isa:<schema.org/Place>"
        ],
        "count": 1.0
    },
    {
        "pset": [
            "<schema.org/address>",
            "<schema.org/areaServed>",
            "<schema.org/currenciesAccepted>",
            "<schema.org/email>",
            "<schema.org/image>",
            "<schema.org/location>",
            "<schema.org/logo>",
            "<schema.org/name>",
            "<schema.org/paymentAccepted>",
            "<schema.org/priceRange>",
            "<schema.org/sameAs>",
            "<schema.org/telephone>",
            "<schema.org/url>",
            "isa:<schema.org/AutoWash>",
            "isa:<schema.org/Organization>",
            "isa:<schema.org/Place>"
        ],
        "count": 1.0
    },
    {
        "pset": [
            "<schema.org/address>",
            "<schema.org/geo>",
            "<schema.org/image>",
            "<schema.org/name>",
            "<schema.org/priceRange>",
            "<schema.org/sameAs>",
            "<schema.org/telephone>",
            "<schema.org/url>",
            "isa:<schema.org/AutoWash>"
        ],
        "count": 1.0
    },
    {
        "pset": [
            "<schema.org/additionalType>",
            "<schema.org/address>",
            "<schema.org/aggregateRating>",
            "<schema.org/image>",
            "<schema.org/name>",
            "<schema.org/openingHours>",
            "<schema.org/paymentAccepted>",
            "<schema.org/telephone>",
            "<schema.org/url>",
            "isa:<schema.org/AutoWash>"
        ],
        "count": 1.0
    },
    {
        "pset": [
            "<schema.org/address>",
            "<schema.org/department>",
            "<schema.org/geo>",
            "<schema.org/image>",
            "<schema.org/name>",
            "<schema.org/openingHoursSpecification>",
            "<schema.org/telephone>",
            "<schema.org/url>",
            "isa:<schema.org/AutoWash>"
        ],
        "count": 1.0
    },
    {
        "pset": [
            "<schema.org/address>",
            "<schema.org/contactPoint>",
            "<schema.org/description>",
            "<schema.org/image>",
            "<schema.org/location>",
            "<schema.org/logo>",
            "<schema.org/name>",
            "<schema.org/telephone>",
            "<schema.org/url>",
            "isa:<schema.org/AutoWash>"
        ],
        "count": 1.0
    },
    {
        "pset": [
            "<schema.org/address>",
            "<schema.org/email>",
            "<schema.org/image>",
            "<schema.org/location>",
            "<schema.org/logo>",
            "<schema.org/name>",
            "<schema.org/sameAs>",
            "<schema.org/telephone>",
            "<schema.org/url>",
            "<schema.org/vatID>",
            "isa:<schema.org/AutoWash>",
            "isa:<schema.org/Organization>",
            "isa:<schema.org/Place>"
        ],
        "count": 1.0
    },
    {
        "pset": [
            "<schema.org/address>",
            "<schema.org/geo>",
            "<schema.org/image>",
            "<schema.org/name>",
            "<schema.org/openingHoursSpecification>",
            "<schema.org/telephone>",
            "isa:<schema.org/AutoWash>"
        ],
        "count": 1.0
    },
    {
        "pset": [
            "<schema.org/address>",
            "<schema.org/description>",
            "<schema.org/email>",
            "<schema.org/hasMap>",
            "<schema.org/image>",
            "<schema.org/logo>",
            "<schema.org/name>",
            "<schema.org/priceRange>",
            "<schema.org/telephone>",
            "<schema.org/url>",
            "isa:<schema.org/AutoWash>"
        ],
        "count": 1.0
    },
    {
        "pset": [
            "<schema.org/address>",
            "<schema.org/email>",
            "<schema.org/image>",
            "<schema.org/location>",
            "<schema.org/logo>",
            "<schema.org/name>",
            "<schema.org/sameAs>",
            "<schema.org/telephone>",
            "<schema.org/url>",
            "isa:<schema.org/AutoWash>",
            "isa:<schema.org/Organization>",
            "isa:<schema.org/Place>"
        ],
        "count": 1.0
    },
    {
        "pset": [
            "<schema.org/address>",
            "<schema.org/geo>",
            "<schema.org/image>",
            "<schema.org/name>",
            "<schema.org/potentialAction>",
            "<schema.org/telephone>",
            "isa:<schema.org/AutoWash>"
        ],
        "count": 1.0
    },
    {
        "pset": [
            "<schema.org/address>",
            "<schema.org/contactPoint>",
            "<schema.org/description>",
            "<schema.org/geo>",
            "<schema.org/image>",
            "<schema.org/logo>",
            "<schema.org/name>",
            "<schema.org/openingHours>",
            "<schema.org/url>",
            "isa:<schema.org/AutoWash>"
        ],
        "count": 1.0
    },
    {
        "pset": [
            "<schema.org/address>",
            "<schema.org/aggregateRating>",
            "<schema.org/currenciesAccepted>",
            "<schema.org/image>",
            "<schema.org/logo>",
            "<schema.org/name>",
            "<schema.org/openingHoursSpecification>",
            "<schema.org/paymentAccepted>",
            "<schema.org/priceRange>",
            "<schema.org/telephone>",
            "<schema.org/url>",
            "isa:<schema.org/AutoWash>"
        ],
        "count": 1.0
    },
    {
        "pset": [
            "<schema.org/email>",
            "<schema.org/image>",
            "<schema.org/logo>",
            "<schema.org/name>",
            "<schema.org/openingHours>",
            "<schema.org/telephone>",
            "<schema.org/url>",
            "isa:<schema.org/AutoWash>",
            "isa:<schema.org/Organization>"
        ],
        "count": 1.0
    },
    {
        "pset": [
            "<schema.org/address>",
            "<schema.org/geo>",
            "<schema.org/hasMap>",
            "<schema.org/image>",
            "<schema.org/name>",
            "<schema.org/priceRange>",
            "<schema.org/sameAs>",
            "<schema.org/telephone>",
            "<schema.org/url>",
            "isa:<schema.org/AutoWash>"
        ],
        "count": 1.0
    },
    {
        "pset": [
            "<schema.org/address>",
            "<schema.org/brand>",
            "<schema.org/currenciesAccepted>",
            "<schema.org/geo>",
            "<schema.org/hasMap>",
            "<schema.org/image>",
            "<schema.org/name>",
            "<schema.org/paymentAccepted>",
            "<schema.org/priceRange>",
            "<schema.org/url>",
            "isa:<schema.org/AutoWash>"
        ],
        "count": 1.0
    },
    {
        "pset": [
            "<schema.org/address>",
            "<schema.org/aggregateRating>",
            "<schema.org/areaServed>",
            "<schema.org/award>",
            "<schema.org/currenciesAccepted>",
            "<schema.org/description>",
            "<schema.org/geo>",
            "<schema.org/image>",
            "<schema.org/name>",
            "<schema.org/openingHoursSpecification>",
            "<schema.org/paymentAccepted>",
            "<schema.org/priceRange>",
            "<schema.org/serviceType>",
            "<schema.org/telephone>",
            "<schema.org/url>",
            "isa:<schema.org/AutoWash>",
            "isa:<schema.org/LocalBusiness>",
            "isa:<schema.org/Service>"
        ],
        "count": 1.0
    },
    {
        "pset": [
            "<schema.org/address>",
            "<schema.org/email>",
            "<schema.org/logo>",
            "<schema.org/name>",
            "<schema.org/openingHoursSpecification>",
            "<schema.org/telephone>",
            "<schema.org/url>",
            "isa:<schema.org/AutoWash>"
        ],
        "count": 1.0
    },
    {
        "pset": [
            "<schema.org/address>",
            "<schema.org/areaServed>",
            "<schema.org/email>",
            "<schema.org/image>",
            "<schema.org/location>",
            "<schema.org/logo>",
            "<schema.org/name>",
            "<schema.org/paymentAccepted>",
            "<schema.org/priceRange>",
            "<schema.org/sameAs>",
            "<schema.org/url>",
            "isa:<schema.org/AutoWash>",
            "isa:<schema.org/Organization>",
            "isa:<schema.org/Place>"
        ],
        "count": 1.0
    },
    {
        "pset": [
            "<schema.org/additionalType>",
            "<schema.org/address>",
            "<schema.org/aggregateRating>",
            "<schema.org/alternatename>",
            "<schema.org/areaServed>",
            "<schema.org/contactPoint>",
            "<schema.org/description>",
            "<schema.org/disambiguatingdescription>",
            "<schema.org/email>",
            "<schema.org/founders>",
            "<schema.org/foundingDate>",
            "<schema.org/geo>",
            "<schema.org/hasMap>",
            "<schema.org/image>",
            "<schema.org/mainEntityOfPage>",
            "<schema.org/name>",
            "<schema.org/paymentAccepted>",
            "<schema.org/priceRange>",
            "<schema.org/sameAs>",
            "<schema.org/telephone>",
            "<schema.org/url>",
            "isa:<schema.org/AutoWash>"
        ],
        "count": 1.0
    },
    {
        "pset": [
            "<schema.org/address>",
            "<schema.org/email>",
            "<schema.org/image>",
            "<schema.org/location>",
            "<schema.org/logo>",
            "<schema.org/name>",
            "<schema.org/paymentAccepted>",
            "<schema.org/priceRange>",
            "<schema.org/sameAs>",
            "<schema.org/telephone>",
            "<schema.org/url>",
            "<schema.org/vatID>",
            "isa:<schema.org/AutoWash>",
            "isa:<schema.org/Organization>",
            "isa:<schema.org/Place>"
        ],
        "count": 1.0
    },
    {
        "pset": [
            "<schema.org/address>",
            "<schema.org/contactPoint>",
            "<schema.org/description>",
            "<schema.org/email>",
            "<schema.org/geo>",
            "<schema.org/hasMap>",
            "<schema.org/image>",
            "<schema.org/logo>",
            "<schema.org/name>",
            "<schema.org/openingHours>",
            "<schema.org/telephone>",
            "<schema.org/url>",
            "isa:<schema.org/AutoWash>"
        ],
        "count": 1.0
    },
    {
        "pset": [
            "<schema.org/currenciesAccepted>",
            "<schema.org/name>",
            "<schema.org/openingHoursSpecification>",
            "<schema.org/paymentAccepted>",
            "<schema.org/priceRange>",
            "<schema.org/telephone>",
            "<schema.org/url>",
            "isa:<schema.org/AutoWash>"
        ],
        "count": 1.0
    },
    {
        "pset": [
            "<schema.org/address>",
            "<schema.org/email>",
            "<schema.org/name>",
            "<schema.org/openingHoursSpecification>",
            "<schema.org/telephone>",
            "<schema.org/url>",
            "isa:<schema.org/AutoWash>"
        ],
        "count": 1.0
    },
    {
        "pset": [
            "<schema.org/address>",
            "<schema.org/description>",
            "<schema.org/image>",
            "<schema.org/name>",
            "<schema.org/priceRange>",
            "<schema.org/telephone>",
            "<schema.org/url>",
            "isa:<schema.org/AutoWash>"
        ],
        "count": 1.0
    },
    {
        "pset": [
            "<schema.org/address>",
            "<schema.org/areaServed>",
            "<schema.org/geo>",
            "<schema.org/image>",
            "<schema.org/logo>",
            "<schema.org/name>",
            "<schema.org/priceRange>",
            "<schema.org/sameAs>",
            "<schema.org/telephone>",
            "<schema.org/url>",
            "isa:<schema.org/AutoWash>",
            "isa:<schema.org/Organization>",
            "isa:<schema.org/Place>"
        ],
        "count": 1.0
    },
    {
        "pset": [
            "<schema.org/address>",
            "<schema.org/description>",
            "<schema.org/geo>",
            "<schema.org/hasMap>",
            "<schema.org/image>",
            "<schema.org/logo>",
            "<schema.org/name>",
            "<schema.org/openingHours>",
            "<schema.org/telephone>",
            "<schema.org/url>",
            "isa:<schema.org/AutoWash>"
        ],
        "count": 1.0
    },
    {
        "pset": [
            "<schema.org/address>",
            "<schema.org/contactPoint>",
            "<schema.org/description>",
            "<schema.org/geo>",
            "<schema.org/hasMap>",
            "<schema.org/image>",
            "<schema.org/logo>",
            "<schema.org/name>",
            "<schema.org/openingHours>",
            "<schema.org/priceRange>",
            "<schema.org/telephone>",
            "<schema.org/url>",
            "isa:<schema.org/AutoWash>"
        ],
        "count": 1.0
    },
    {
        "pset": [
            "<schema.org/address>",
            "<schema.org/aggregateRating>",
            "<schema.org/image>",
            "<schema.org/name>",
            "isa:<schema.org/AutoWash>"
        ],
        "count": 1.0
    },
    {
        "pset": [
            "<schema.org/address>",
            "<schema.org/aggregateRating>",
            "<schema.org/areaServed>",
            "<schema.org/description>",
            "<schema.org/geo>",
            "<schema.org/image>",
            "<schema.org/name>",
            "<schema.org/openingHoursSpecification>",
            "<schema.org/priceRange>",
            "<schema.org/sameAs>",
            "<schema.org/telephone>",
            "<schema.org/url>",
            "isa:<schema.org/AutoWash>"
        ],
        "count": 1.0
    },
    {
        "pset": [
            "<schema.org/address>",
            "<schema.org/description>",
            "<schema.org/image>",
            "<schema.org/logo>",
            "<schema.org/name>",
            "<schema.org/openingHours>",
            "<schema.org/photo>",
            "<schema.org/telephone>",
            "<schema.org/url>",
            "isa:<schema.org/AutoWash>"
        ],
        "count": 1.0
    },
    {
        "pset": [
            "<schema.org/address>",
            "<schema.org/currenciesAccepted>",
            "<schema.org/email>",
            "<schema.org/image>",
            "<schema.org/location>",
            "<schema.org/logo>",
            "<schema.org/name>",
            "<schema.org/paymentAccepted>",
            "<schema.org/priceRange>",
            "<schema.org/sameAs>",
            "<schema.org/telephone>",
            "<schema.org/url>",
            "isa:<schema.org/AutoWash>",
            "isa:<schema.org/Organization>",
            "isa:<schema.org/Place>"
        ],
        "count": 1.0
    },
    {
        "pset": [
            "<schema.org/address>",
            "<schema.org/email>",
            "<schema.org/geo>",
            "<schema.org/hasMap>",
            "<schema.org/image>",
            "<schema.org/name>",
            "<schema.org/openingHours>",
            "<schema.org/priceRange>",
            "<schema.org/sameAs>",
            "<schema.org/telephone>",
            "<schema.org/url>",
            "isa:<schema.org/AutoWash>"
        ],
        "count": 1.0
    },
    {
        "pset": [
            "<schema.org/address>",
            "<schema.org/image>",
            "<schema.org/location>",
            "<schema.org/logo>",
            "<schema.org/name>",
            "<schema.org/sameAs>",
            "<schema.org/telephone>",
            "<schema.org/url>",
            "isa:<schema.org/AutoWash>",
            "isa:<schema.org/Organization>",
            "isa:<schema.org/Place>"
        ],
        "count": 1.0
    },
    {
        "pset": [
            "<schema.org/address>",
            "<schema.org/aggregateRating>",
            "<schema.org/email>",
            "<schema.org/image>",
            "<schema.org/logo>",
            "<schema.org/menu>",
            "<schema.org/name>",
            "<schema.org/openingHours>",
            "<schema.org/priceRange>",
            "<schema.org/telephone>",
            "<schema.org/url>",
            "isa:<schema.org/AutoWash>"
        ],
        "count": 1.0
    },
    {
        "pset": [
            "<schema.org/address>",
            "<schema.org/image>",
            "<schema.org/name>",
            "<schema.org/openingHours>",
            "isa:<schema.org/AutoWash>"
        ],
        "count": 1.0
    },
    {
        "pset": [
            "<schema.org/address>",
            "<schema.org/description>",
            "<schema.org/geo>",
            "<schema.org/name>",
            "<schema.org/telephone>",
            "<schema.org/url>",
            "isa:<schema.org/AutoWash>"
        ],
        "count": 1.0
    },
    {
        "pset": [
            "<schema.org/address>",
            "<schema.org/aggregateRating>",
            "<schema.org/description>",
            "<schema.org/geo>",
            "<schema.org/image>",
            "<schema.org/name>",
            "<schema.org/review>",
            "<schema.org/telephone>",
            "<schema.org/url>",
            "isa:<schema.org/AutoWash>"
        ],
        "count": 1.0
    },
    {
        "pset": [
            "<schema.org/additionalType>",
            "<schema.org/address>",
            "<schema.org/contactPoint>",
            "<schema.org/description>",
            "<schema.org/geo>",
            "<schema.org/image>",
            "<schema.org/logo>",
            "<schema.org/name>",
            "<schema.org/openingHours>",
            "<schema.org/priceRange>",
            "<schema.org/sameAs>",
            "<schema.org/telephone>",
            "<schema.org/url>",
            "isa:<schema.org/AutoWash>"
        ],
        "count": 1.0
    },
    {
        "pset": [
            "<schema.org/aggregateRating>",
            "<schema.org/email>",
            "<schema.org/image>",
            "<schema.org/name>",
            "<schema.org/openingHours>",
            "<schema.org/paymentAccepted>",
            "<schema.org/priceRange>",
            "<schema.org/telephone>",
            "<schema.org/url>",
            "isa:<schema.org/AutoWash>"
        ],
        "count": 1.0
    },
    {
        "pset": [
            "<schema.org/ContactPoint>",
            "<schema.org/additionalProperty>",
            "<schema.org/additionalType>",
            "<schema.org/address>",
            "<schema.org/areaServed>",
            "<schema.org/currenciesAccepted>",
            "<schema.org/description>",
            "<schema.org/email>",
            "<schema.org/geo>",
            "<schema.org/hasMap>",
            "<schema.org/image>",
            "<schema.org/logo>",
            "<schema.org/name>",
            "<schema.org/openingHours>",
            "<schema.org/paymentAccepted>",
            "<schema.org/priceRange>",
            "<schema.org/sameAs>",
            "<schema.org/serviceArea>",
            "<schema.org/telephone>",
            "<schema.org/url>",
            "isa:<schema.org/AutoWash>"
        ],
        "count": 1.0
    },
    {
        "pset": [
            "<schema.org/address>",
            "<schema.org/description>",
            "<schema.org/geo>",
            "<schema.org/image>",
            "<schema.org/name>",
            "<schema.org/openingHoursSpecification>",
            "<schema.org/sameAs>",
            "<schema.org/telephone>",
            "<schema.org/url>",
            "isa:<schema.org/AutoWash>"
        ],
        "count": 1.0
    },
    {
        "pset": [
            "<schema.org/address>",
            "<schema.org/contactPoint>",
            "<schema.org/description>",
            "<schema.org/geo>",
            "<schema.org/image>",
            "<schema.org/logo>",
            "<schema.org/name>",
            "<schema.org/telephone>",
            "<schema.org/url>",
            "isa:<schema.org/AutoWash>"
        ],
        "count": 1.0
    },
    {
        "pset": [
            "<schema.org/address>",
            "<schema.org/email>",
            "<schema.org/location>",
            "<schema.org/name>",
            "<schema.org/openingHours>",
            "<schema.org/priceRange>",
            "<schema.org/telephone>",
            "<schema.org/url>",
            "isa:<schema.org/AutoWash>",
            "isa:<schema.org/Organization>"
        ],
        "count": 1.0
    },
    {
        "pset": [
            "<schema.org/areaServed>",
            "<schema.org/email>",
            "<schema.org/faxNumber>",
            "<schema.org/image>",
            "<schema.org/logo>",
            "<schema.org/name>",
            "<schema.org/openingHoursSpecification>",
            "<schema.org/paymentAccepted>",
            "<schema.org/priceRange>",
            "<schema.org/sameAs>",
            "<schema.org/telephone>",
            "<schema.org/url>",
            "isa:<schema.org/AutoWash>",
            "isa:<schema.org/Organization>",
            "isa:<schema.org/Place>"
        ],
        "count": 1.0
    },
    {
        "pset": [
            "<schema.org/address>",
            "<schema.org/contactPoint>",
            "<schema.org/description>",
            "<schema.org/geo>",
            "<schema.org/logo>",
            "<schema.org/name>",
            "<schema.org/openingHours>",
            "<schema.org/url>",
            "isa:<schema.org/AutoWash>"
        ],
        "count": 1.0
    },
    {
        "pset": [
            "<schema.org/address>",
            "<schema.org/areaServed>",
            "<schema.org/currenciesAccepted>",
            "<schema.org/email>",
            "<schema.org/geo>",
            "<schema.org/image>",
            "<schema.org/logo>",
            "<schema.org/name>",
            "<schema.org/openingHoursSpecification>",
            "<schema.org/paymentAccepted>",
            "<schema.org/priceRange>",
            "<schema.org/sameAs>",
            "<schema.org/telephone>",
            "<schema.org/url>",
            "isa:<schema.org/AutoWash>",
            "isa:<schema.org/Organization>",
            "isa:<schema.org/Place>"
        ],
        "count": 1.0
    },
    {
        "pset": [
            "<schema.org/address>",
            "<schema.org/image>",
            "<schema.org/location>",
            "<schema.org/logo>",
            "<schema.org/name>",
            "<schema.org/openingHours>",
            "<schema.org/telephone>",
            "<schema.org/url>",
            "isa:<schema.org/AutoWash>",
            "isa:<schema.org/Organization>"
        ],
        "count": 1.0
    },
    {
        "pset": [
            "<schema.org/address>",
            "<schema.org/geo>",
            "<schema.org/image>",
            "<schema.org/name>",
            "<schema.org/openingHours>",
            "<schema.org/openingHoursSpecification>",
            "<schema.org/paymentAccepted>",
            "<schema.org/priceRange>",
            "<schema.org/telePhone>",
            "<schema.org/url>",
            "isa:<schema.org/AutoWash>"
        ],
        "count": 1.0
    },
    {
        "pset": [
            "<schema.org/address>",
            "<schema.org/description>",
            "<schema.org/email>",
            "<schema.org/hasMenu>",
            "<schema.org/image>",
            "<schema.org/name>",
            "<schema.org/openingHours>",
            "<schema.org/telephone>",
            "<schema.org/url>",
            "isa:<schema.org/AutoWash>"
        ],
        "count": 1.0
    },
    {
        "pset": [
            "<schema.org/additionalProperty>",
            "<schema.org/additionalType>",
            "<schema.org/address>",
            "<schema.org/areaServed>",
            "<schema.org/currenciesAccepted>",
            "<schema.org/description>",
            "<schema.org/geo>",
            "<schema.org/hasMap>",
            "<schema.org/image>",
            "<schema.org/logo>",
            "<schema.org/name>",
            "<schema.org/openingHoursSpecification>",
            "<schema.org/priceRange>",
            "<schema.org/sameAs>",
            "<schema.org/serviceArea>",
            "<schema.org/telephone>",
            "<schema.org/url>",
            "isa:<schema.org/AutoWash>"
        ],
        "count": 1.0
    },
    {
        "pset": [
            "<schema.org/address>",
            "<schema.org/image>",
            "<schema.org/name>",
            "<schema.org/openingHours>",
            "<schema.org/url>",
            "isa:<schema.org/AutoWash>"
        ],
        "count": 1.0
    },
    {
        "pset": [
            "<schema.org/address>",
            "<schema.org/contactPoint>",
            "<schema.org/description>",
            "<schema.org/email>",
            "<schema.org/geo>",
            "<schema.org/image>",
            "<schema.org/logo>",
            "<schema.org/name>",
            "<schema.org/openingHoursSpecification>",
            "<schema.org/priceRange>",
            "<schema.org/sameAs>",
            "<schema.org/telephone>",
            "<schema.org/url>",
            "isa:<schema.org/AutoWash>"
        ],
        "count": 1.0
    },
    {
        "pset": [
            "<schema.org/address>",
            "<schema.org/contactPoint>",
            "<schema.org/description>",
            "<schema.org/geo>",
            "<schema.org/image>",
            "<schema.org/logo>",
            "<schema.org/name>",
            "<schema.org/openingHours>",
            "<schema.org/priceRange>",
            "<schema.org/sameAs>",
            "<schema.org/telephone>",
            "<schema.org/url>",
            "isa:<schema.org/AutoWash>"
        ],
        "count": 1.0
    },
    {
        "pset": [
            "<schema.org/address>",
            "<schema.org/areaServed>",
            "<schema.org/currenciesAccepted>",
            "<schema.org/email>",
            "<schema.org/image>",
            "<schema.org/location>",
            "<schema.org/logo>",
            "<schema.org/name>",
            "<schema.org/paymentAccepted>",
            "<schema.org/priceRange>",
            "<schema.org/sameAs>",
            "<schema.org/taxID>",
            "<schema.org/telephone>",
            "<schema.org/url>",
            "isa:<schema.org/AutoWash>",
            "isa:<schema.org/Organization>",
            "isa:<schema.org/Place>"
        ],
        "count": 1.0
    },
    {
        "pset": [
            "<schema.org/address>",
            "<schema.org/email>",
            "<schema.org/image>",
            "<schema.org/logo>",
            "<schema.org/name>",
            "<schema.org/openingHours>",
            "<schema.org/telephone>",
            "<schema.org/url>",
            "isa:<schema.org/AutoWash>",
            "isa:<schema.org/Organization>"
        ],
        "count": 1.0
    },
    {
        "pset": [
            "<schema.org/address>",
            "<schema.org/contactPoint>",
            "<schema.org/geo>",
            "<schema.org/logo>",
            "<schema.org/name>",
            "<schema.org/url>",
            "isa:<schema.org/AutoWash>"
        ],
        "count": 1.0
    },
    {
        "pset": [
            "<schema.org/address>",
            "<schema.org/contactPoint>",
            "<schema.org/description>",
            "<schema.org/geo>",
            "<schema.org/image>",
            "<schema.org/logo>",
            "<schema.org/name>",
            "<schema.org/priceRange>",
            "<schema.org/url>",
            "isa:<schema.org/AutoWash>"
        ],
        "count": 1.0
    },
    {
        "pset": [
            "<schema.org/address>",
            "<schema.org/contactPoint>",
            "<schema.org/description>",
            "<schema.org/geo>",
            "<schema.org/image>",
            "<schema.org/name>",
            "<schema.org/priceRange>",
            "<schema.org/url>",
            "isa:<schema.org/AutoWash>",
            "isa:<schema.org/LocalBusiness>"
        ],
        "count": 1.0
    },
    {
        "pset": [
            "<schema.org/address>",
            "<schema.org/aggregateRating>",
            "<schema.org/image>",
            "<schema.org/name>",
            "<schema.org/telephone>",
            "isa:<schema.org/AutoWash>"
        ],
        "count": 1.0
    },
    {
        "pset": [
            "<schema.org/address>",
            "<schema.org/geo>",
            "<schema.org/name>",
            "<schema.org/openingHoursSpecification>",
            "<schema.org/sameAs>",
            "<schema.org/telephone>",
            "<schema.org/url>",
            "isa:<schema.org/AutoWash>"
        ],
        "count": 1.0
    },
    {
        "pset": [
            "<schema.org/address>",
            "<schema.org/email>",
            "<schema.org/image>",
            "<schema.org/location>",
            "<schema.org/logo>",
            "<schema.org/name>",
            "<schema.org/priceRange>",
            "<schema.org/telephone>",
            "<schema.org/url>",
            "isa:<schema.org/AutoWash>",
            "isa:<schema.org/Organization>",
            "isa:<schema.org/Place>"
        ],
        "count": 1.0
    },
    {
        "pset": [
            "<schema.org/address>",
            "<schema.org/aggregateRating>",
            "<schema.org/contactPoint>",
            "<schema.org/description>",
            "<schema.org/geo>",
            "<schema.org/hasMap>",
            "<schema.org/image>",
            "<schema.org/logo>",
            "<schema.org/name>",
            "<schema.org/openingHours>",
            "<schema.org/priceRange>",
            "<schema.org/sameAs>",
            "<schema.org/telephone>",
            "<schema.org/url>",
            "isa:<schema.org/AutoWash>"
        ],
        "count": 1.0
    }
]