[
    {
        "pset": [
            "<schema.org/articleBody>",
            "<schema.org/articleSection>",
            "<schema.org/author>",
            "<schema.org/dateCreated>",
            "<schema.org/dateModified>",
            "<schema.org/datePublished>",
            "<schema.org/description>",
            "<schema.org/headline>",
            "<schema.org/image>",
            "<schema.org/keywords>",
            "<schema.org/mainEntityOfPage>",
            "<schema.org/publisher>",
            "<schema.org/speakable>",
            "<schema.org/thumbnailUrl>",
            "<schema.org/url>",
            "isa:<schema.org/BackgroundNewsArticle>"
        ],
        "count": 1406.0
    },
    {
        "pset": [
            "<schema.org/articleSection>",
            "<schema.org/author>",
            "<schema.org/creator>",
            "<schema.org/dateCreated>",
            "<schema.org/dateModified>",
            "<schema.org/datePublished>",
            "<schema.org/description>",
            "<schema.org/hasPart>",
            "<schema.org/headline>",
            "<schema.org/image>",
            "<schema.org/isAccessibleForFree>",
            "<schema.org/isPartOf>",
            "<schema.org/keywords>",
            "<schema.org/mainEntityOfPage>",
            "<schema.org/publisher>",
            "<schema.org/thumbnailUrl>",
            "<schema.org/timestamp>",
            "<schema.org/url>",
            "isa:<schema.org/BackgroundNewsArticle>"
        ],
        "count": 1079.0
    },
    {
        "pset": [
            "<schema.org/alternativeHeadline>",
            "<schema.org/articleBody>",
            "<schema.org/author>",
            "<schema.org/backstory>",
            "<schema.org/citation>",
            "<schema.org/dateModified>",
            "<schema.org/datePublished>",
            "<schema.org/dateline>",
            "<schema.org/description>",
            "<schema.org/headline>",
            "<schema.org/image>",
            "<schema.org/isAccessibleForFree>",
            "<schema.org/isPartOf>",
            "<schema.org/keywords>",
            "<schema.org/mainEntityOfPage>",
            "<schema.org/publisher>",
            "<schema.org/publishingPrinciples>",
            "<schema.org/video>",
            "isa:<schema.org/BackgroundNewsArticle>"
        ],
        "count": 604.0
    },
    {
        "pset": [
            "<schema.org/author>",
            "<schema.org/copyrightHolder>",
            "<schema.org/copyrightYear>",
            "<schema.org/creator>",
            "<schema.org/dateModified>",
            "<schema.org/datePublished>",
            "<schema.org/description>",
            "<schema.org/headline>",
            "<schema.org/image>",
            "<schema.org/inLanguage>",
            "<schema.org/mainEntityOfPage>",
            "<schema.org/name>",
            "<schema.org/publisher>",
            "<schema.org/url>",
            "isa:<schema.org/BackgroundNewsArticle>"
        ],
        "count": 416.0
    },
    {
        "pset": [
            "<schema.org/articleSection>",
            "<schema.org/author>",
            "<schema.org/commentCount>",
            "<schema.org/copyrightHolder>",
            "<schema.org/copyrightYear>",
            "<schema.org/dateModified>",
            "<schema.org/datePublished>",
            "<schema.org/headline>",
            "<schema.org/image>",
            "<schema.org/inLanguage>",
            "<schema.org/isPartOf>",
            "<schema.org/keywords>",
            "<schema.org/mainEntityOfPage>",
            "<schema.org/potentialAction>",
            "<schema.org/publisher>",
            "<schema.org/thumbnailUrl>",
            "<schema.org/wordCount>",
            "isa:<schema.org/BackgroundNewsArticle>"
        ],
        "count": 166.0
    },
    {
        "pset": [
            "<schema.org/inLanguage>",
            "<schema.org/name>",
            "isa:<schema.org/BackgroundNewsArticle>"
        ],
        "count": 160.0
    },
    {
        "pset": [
            "<schema.org/author>",
            "<schema.org/creator>",
            "<schema.org/dateCreated>",
            "<schema.org/dateModified>",
            "<schema.org/datePublished>",
            "<schema.org/description>",
            "<schema.org/hasPart>",
            "<schema.org/headline>",
            "<schema.org/image>",
            "<schema.org/isAccessibleForFree>",
            "<schema.org/isPartOf>",
            "<schema.org/keywords>",
            "<schema.org/mainEntityOfPage>",
            "<schema.org/publisher>",
            "<schema.org/thumbnailUrl>",
            "<schema.org/timestamp>",
            "<schema.org/url>",
            "isa:<schema.org/BackgroundNewsArticle>"
        ],
        "count": 160.0
    },
    {
        "pset": [
            "<schema.org/author>",
            "<schema.org/backstory>",
            "<schema.org/correction>",
            "<schema.org/dateModified>",
            "<schema.org/datePublished>",
            "<schema.org/dateline>",
            "<schema.org/description>",
            "<schema.org/headline>",
            "<schema.org/image>",
            "<schema.org/mainEntityOfPage>",
            "<schema.org/publisher>",
            "<schema.org/publishingPrinciples>",
            "isa:<schema.org/BackgroundNewsArticle>"
        ],
        "count": 112.0
    },
    {
        "pset": [
            "<schema.org/alternativeHeadline>",
            "<schema.org/articleBody>",
            "<schema.org/articleSection>",
            "<schema.org/author>",
            "<schema.org/dateCreated>",
            "<schema.org/dateModified>",
            "<schema.org/datePublished>",
            "<schema.org/description>",
            "<schema.org/genre>",
            "<schema.org/hasPart>",
            "<schema.org/headline>",
            "<schema.org/image>",
            "<schema.org/inLanguage>",
            "<schema.org/isAccessibleForFree>",
            "<schema.org/locationCreated>",
            "<schema.org/mainEntityOfPage>",
            "<schema.org/publisher>",
            "<schema.org/publishingPrinciples>",
            "isa:<schema.org/BackgroundNewsArticle>"
        ],
        "count": 109.0
    },
    {
        "pset": [
            "<schema.org/alternativeHeadline>",
            "<schema.org/articleBody>",
            "<schema.org/author>",
            "<schema.org/backstory>",
            "<schema.org/citation>",
            "<schema.org/dateModified>",
            "<schema.org/datePublished>",
            "<schema.org/dateline>",
            "<schema.org/description>",
            "<schema.org/headline>",
            "<schema.org/image>",
            "<schema.org/isAccessibleForFree>",
            "<schema.org/isPartOf>",
            "<schema.org/keywords>",
            "<schema.org/locationCreated>",
            "<schema.org/mainEntityOfPage>",
            "<schema.org/publisher>",
            "<schema.org/publishingPrinciples>",
            "<schema.org/video>",
            "isa:<schema.org/BackgroundNewsArticle>"
        ],
        "count": 94.0
    },
    {
        "pset": [
            "<schema.org/articleBody>",
            "<schema.org/articleSection>",
            "<schema.org/author>",
            "<schema.org/citation>",
            "<schema.org/dateCreated>",
            "<schema.org/dateModified>",
            "<schema.org/datePublished>",
            "<schema.org/description>",
            "<schema.org/headline>",
            "<schema.org/image>",
            "<schema.org/keywords>",
            "<schema.org/mainEntityOfPage>",
            "<schema.org/publisher>",
            "<schema.org/speakable>",
            "<schema.org/thumbnailUrl>",
            "<schema.org/url>",
            "isa:<schema.org/BackgroundNewsArticle>"
        ],
        "count": 90.0
    },
    {
        "pset": [
            "<schema.org/author>",
            "<schema.org/dateModified>",
            "<schema.org/datePublished>",
            "<schema.org/dateline>",
            "<schema.org/description>",
            "<schema.org/headline>",
            "<schema.org/image>",
            "<schema.org/mainEntityOfPage>",
            "<schema.org/publisher>",
            "<schema.org/publishingPrinciples>",
            "isa:<schema.org/BackgroundNewsArticle>"
        ],
        "count": 73.0
    },
    {
        "pset": [
            "<schema.org/author>",
            "<schema.org/datePublished>",
            "<schema.org/headline>",
            "<schema.org/image>",
            "isa:<schema.org/BackgroundNewsArticle>",
            "isa:<schema.org/ReportageNewsArticle>"
        ],
        "count": 54.0
    },
    {
        "pset": [
            "<schema.org/author>",
            "<schema.org/datePublished>",
            "<schema.org/headline>",
            "<schema.org/image>",
            "<schema.org/publishingPrinciples>",
            "isa:<schema.org/BackgroundNewsArticle>",
            "isa:<schema.org/ReportageNewsArticle>"
        ],
        "count": 53.0
    },
    {
        "pset": [
            "<schema.org/author>",
            "<schema.org/datePublished>",
            "<schema.org/headline>",
            "<schema.org/image>",
            "isa:<schema.org/BackgroundNewsArticle>"
        ],
        "count": 44.0
    },
    {
        "pset": [
            "<schema.org/author>",
            "<schema.org/datePublished>",
            "<schema.org/headline>",
            "<schema.org/image>",
            "<schema.org/publishingPrinciples>",
            "isa:<schema.org/BackgroundNewsArticle>"
        ],
        "count": 44.0
    },
    {
        "pset": [
            "<schema.org/alternativeHeadline>",
            "<schema.org/articleBody>",
            "<schema.org/author>",
            "<schema.org/backstory>",
            "<schema.org/citation>",
            "<schema.org/dateModified>",
            "<schema.org/datePublished>",
            "<schema.org/dateline>",
            "<schema.org/description>",
            "<schema.org/headline>",
            "<schema.org/image>",
            "<schema.org/isAccessibleForFree>",
            "<schema.org/isPartOf>",
            "<schema.org/keywords>",
            "<schema.org/mainEntityOfPage>",
            "<schema.org/publisher>",
            "<schema.org/publishingPrinciples>",
            "isa:<schema.org/BackgroundNewsArticle>"
        ],
        "count": 38.0
    },
    {
        "pset": [
            "<schema.org/author>",
            "<schema.org/backstory>",
            "<schema.org/dateModified>",
            "<schema.org/datePublished>",
            "<schema.org/description>",
            "<schema.org/hasPart>",
            "<schema.org/headline>",
            "<schema.org/image>",
            "<schema.org/inLanguage>",
            "<schema.org/isAccessibleForFree>",
            "<schema.org/isPartOf>",
            "<schema.org/locationCreated>",
            "<schema.org/mainEntityOfPage>",
            "<schema.org/publicAccess>",
            "<schema.org/publisher>",
            "<schema.org/url>",
            "isa:<schema.org/BackgroundNewsArticle>"
        ],
        "count": 37.0
    },
    {
        "pset": [
            "<schema.org/articleSection>",
            "<schema.org/author>",
            "<schema.org/commentCount>",
            "<schema.org/copyrightHolder>",
            "<schema.org/copyrightYear>",
            "<schema.org/dateModified>",
            "<schema.org/datePublished>",
            "<schema.org/headline>",
            "<schema.org/image>",
            "<schema.org/inLanguage>",
            "<schema.org/isPartOf>",
            "<schema.org/mainEntityOfPage>",
            "<schema.org/potentialAction>",
            "<schema.org/publisher>",
            "<schema.org/thumbnailUrl>",
            "<schema.org/wordCount>",
            "isa:<schema.org/BackgroundNewsArticle>"
        ],
        "count": 34.0
    },
    {
        "pset": [
            "<schema.org/articleSection>",
            "<schema.org/author>",
            "<schema.org/creator>",
            "<schema.org/dateCreated>",
            "<schema.org/dateModified>",
            "<schema.org/datePublished>",
            "<schema.org/description>",
            "<schema.org/hasPart>",
            "<schema.org/headline>",
            "<schema.org/isAccessibleForFree>",
            "<schema.org/isPartOf>",
            "<schema.org/keywords>",
            "<schema.org/mainEntityOfPage>",
            "<schema.org/publisher>",
            "<schema.org/timestamp>",
            "<schema.org/url>",
            "isa:<schema.org/BackgroundNewsArticle>"
        ],
        "count": 31.0
    },
    {
        "pset": [
            "<schema.org/author>",
            "<schema.org/backstory>",
            "<schema.org/dateModified>",
            "<schema.org/datePublished>",
            "<schema.org/description>",
            "<schema.org/hasPart>",
            "<schema.org/headline>",
            "<schema.org/image>",
            "<schema.org/isAccessibleForFree>",
            "<schema.org/isPartOf>",
            "<schema.org/mainEntityOfPage>",
            "<schema.org/publisher>",
            "<schema.org/publishingPrinciples>",
            "isa:<schema.org/BackgroundNewsArticle>"
        ],
        "count": 26.0
    },
    {
        "pset": [
            "<schema.org/alternativeHeadline>",
            "<schema.org/articleBody>",
            "<schema.org/articleSection>",
            "<schema.org/author>",
            "<schema.org/dateCreated>",
            "<schema.org/dateModified>",
            "<schema.org/datePublished>",
            "<schema.org/description>",
            "<schema.org/genre>",
            "<schema.org/hasPart>",
            "<schema.org/headline>",
            "<schema.org/image>",
            "<schema.org/inLanguage>",
            "<schema.org/isAccessibleForFree>",
            "<schema.org/locationCreated>",
            "<schema.org/mainEntityOfPage>",
            "<schema.org/noBylinePolicy>",
            "<schema.org/publisher>",
            "<schema.org/publishingPrinciples>",
            "isa:<schema.org/BackgroundNewsArticle>"
        ],
        "count": 21.0
    },
    {
        "pset": [
            "<schema.org/articleSection>",
            "<schema.org/author>",
            "<schema.org/dateCreated>",
            "<schema.org/dateModified>",
            "<schema.org/datePublished>",
            "<schema.org/description>",
            "<schema.org/hasPart>",
            "<schema.org/headline>",
            "<schema.org/image>",
            "<schema.org/isAccessibleForFree>",
            "<schema.org/isPartOf>",
            "<schema.org/keywords>",
            "<schema.org/mainEntityOfPage>",
            "<schema.org/publisher>",
            "<schema.org/thumbnailUrl>",
            "<schema.org/timestamp>",
            "<schema.org/url>",
            "isa:<schema.org/BackgroundNewsArticle>"
        ],
        "count": 13.0
    },
    {
        "pset": [
            "<schema.org/author>",
            "<schema.org/datePublished>",
            "<schema.org/headline>",
            "<schema.org/image>",
            "isa:<schema.org/AnalysisNewsArticle>",
            "isa:<schema.org/BackgroundNewsArticle>",
            "isa:<schema.org/ReportageNewsArticle>"
        ],
        "count": 13.0
    },
    {
        "pset": [
            "<schema.org/articleBody>",
            "<schema.org/articleSection>",
            "<schema.org/author>",
            "<schema.org/copyrightHolder>",
            "<schema.org/copyrightYear>",
            "<schema.org/dateModified>",
            "<schema.org/datePublished>",
            "<schema.org/description>",
            "<schema.org/headline>",
            "<schema.org/image>",
            "<schema.org/inLanguage>",
            "<schema.org/isPartOf>",
            "<schema.org/keywords>",
            "<schema.org/mainEntityOfPage>",
            "<schema.org/publisher>",
            "<schema.org/speakable>",
            "<schema.org/thumbnailUrl>",
            "<schema.org/wordCount>",
            "isa:<schema.org/Article>",
            "isa:<schema.org/BackgroundNewsArticle>",
            "isa:<schema.org/NewsArticle>"
        ],
        "count": 12.0
    },
    {
        "pset": [
            "<schema.org/articleSection>",
            "<schema.org/author>",
            "<schema.org/dateCreated>",
            "<schema.org/dateModified>",
            "<schema.org/datePublished>",
            "<schema.org/description>",
            "<schema.org/hasPart>",
            "<schema.org/headline>",
            "<schema.org/isAccessibleForFree>",
            "<schema.org/isPartOf>",
            "<schema.org/keywords>",
            "<schema.org/mainEntityOfPage>",
            "<schema.org/publisher>",
            "<schema.org/timestamp>",
            "<schema.org/url>",
            "isa:<schema.org/BackgroundNewsArticle>"
        ],
        "count": 10.0
    },
    {
        "pset": [
            "<schema.org/alternativeHeadline>",
            "<schema.org/articleBody>",
            "<schema.org/author>",
            "<schema.org/backstory>",
            "<schema.org/dateModified>",
            "<schema.org/datePublished>",
            "<schema.org/dateline>",
            "<schema.org/description>",
            "<schema.org/headline>",
            "<schema.org/image>",
            "<schema.org/isAccessibleForFree>",
            "<schema.org/isPartOf>",
            "<schema.org/keywords>",
            "<schema.org/mainEntityOfPage>",
            "<schema.org/publisher>",
            "<schema.org/publishingPrinciples>",
            "<schema.org/video>",
            "isa:<schema.org/BackgroundNewsArticle>"
        ],
        "count": 10.0
    },
    {
        "pset": [
            "<schema.org/author>",
            "<schema.org/datePublished>",
            "<schema.org/headline>",
            "<schema.org/image>",
            "isa:<schema.org/AnalysisNewsArticle>",
            "isa:<schema.org/BackgroundNewsArticle>"
        ],
        "count": 9.0
    },
    {
        "pset": [
            "<schema.org/author>",
            "<schema.org/dateModified>",
            "<schema.org/datePublished>",
            "<schema.org/headline>",
            "<schema.org/image>",
            "<schema.org/isAccessibleForFree>",
            "<schema.org/mainEntityOfPage>",
            "<schema.org/name>",
            "<schema.org/publisher>",
            "isa:<schema.org/BackgroundNewsArticle>"
        ],
        "count": 8.0
    },
    {
        "pset": [
            "<schema.org/articleSection>",
            "<schema.org/author>",
            "<schema.org/creator>",
            "<schema.org/dateCreated>",
            "<schema.org/dateModified>",
            "<schema.org/datePublished>",
            "<schema.org/description>",
            "<schema.org/hasPart>",
            "<schema.org/headline>",
            "<schema.org/image>",
            "<schema.org/isAccessibleForFree>",
            "<schema.org/isPartOf>",
            "<schema.org/keywords>",
            "<schema.org/mainEntityOfPage>",
            "<schema.org/publisher>",
            "<schema.org/thumbnailUrl>",
            "<schema.org/url>",
            "isa:<schema.org/BackgroundNewsArticle>"
        ],
        "count": 7.0
    },
    {
        "pset": [
            "<schema.org/author>",
            "<schema.org/dateModified>",
            "<schema.org/datePublished>",
            "<schema.org/description>",
            "<schema.org/headline>",
            "<schema.org/image>",
            "<schema.org/mainEntityOfPage>",
            "<schema.org/publisher>",
            "isa:<schema.org/BackgroundNewsArticle>"
        ],
        "count": 7.0
    },
    {
        "pset": [
            "<schema.org/alternativeHeadline>",
            "<schema.org/articleBody>",
            "<schema.org/articleSection>",
            "<schema.org/author>",
            "<schema.org/dateCreated>",
            "<schema.org/dateModified>",
            "<schema.org/datePublished>",
            "<schema.org/description>",
            "<schema.org/genre>",
            "<schema.org/headline>",
            "<schema.org/image>",
            "<schema.org/inLanguage>",
            "<schema.org/isAccessibleForFree>",
            "<schema.org/locationCreated>",
            "<schema.org/mainEntityOfPage>",
            "<schema.org/publisher>",
            "<schema.org/publishingPrinciples>",
            "isa:<schema.org/BackgroundNewsArticle>"
        ],
        "count": 6.0
    },
    {
        "pset": [
            "<schema.org/author>",
            "<schema.org/dateModified>",
            "<schema.org/datePublished>",
            "<schema.org/description>",
            "<schema.org/headline>",
            "<schema.org/image>",
            "<schema.org/mainEntityOfPage>",
            "<schema.org/publisher>",
            "<schema.org/thumbnailUrl>",
            "isa:<schema.org/BackgroundNewsArticle>"
        ],
        "count": 5.0
    },
    {
        "pset": [
            "<schema.org/author>",
            "<schema.org/creator>",
            "<schema.org/dateCreated>",
            "<schema.org/dateModified>",
            "<schema.org/datePublished>",
            "<schema.org/description>",
            "<schema.org/hasPart>",
            "<schema.org/headline>",
            "<schema.org/isAccessibleForFree>",
            "<schema.org/isPartOf>",
            "<schema.org/keywords>",
            "<schema.org/mainEntityOfPage>",
            "<schema.org/publisher>",
            "<schema.org/timestamp>",
            "<schema.org/url>",
            "isa:<schema.org/BackgroundNewsArticle>"
        ],
        "count": 4.0
    },
    {
        "pset": [
            "<schema.org/alternativeHeadline>",
            "<schema.org/author>",
            "<schema.org/datePublished>",
            "<schema.org/headline>",
            "<schema.org/image>",
            "isa:<schema.org/BackgroundNewsArticle>"
        ],
        "count": 4.0
    },
    {
        "pset": [
            "<schema.org/alternativeHeadline>",
            "<schema.org/articleBody>",
            "<schema.org/author>",
            "<schema.org/backstory>",
            "<schema.org/dateModified>",
            "<schema.org/datePublished>",
            "<schema.org/dateline>",
            "<schema.org/description>",
            "<schema.org/headline>",
            "<schema.org/image>",
            "<schema.org/isAccessibleForFree>",
            "<schema.org/isPartOf>",
            "<schema.org/keywords>",
            "<schema.org/mainEntityOfPage>",
            "<schema.org/publisher>",
            "<schema.org/publishingPrinciples>",
            "isa:<schema.org/BackgroundNewsArticle>"
        ],
        "count": 4.0
    },
    {
        "pset": [
            "<schema.org/articleBody>",
            "<schema.org/articleSection>",
            "<schema.org/author>",
            "<schema.org/correction>",
            "<schema.org/dateCreated>",
            "<schema.org/dateModified>",
            "<schema.org/datePublished>",
            "<schema.org/description>",
            "<schema.org/headline>",
            "<schema.org/image>",
            "<schema.org/keywords>",
            "<schema.org/mainEntityOfPage>",
            "<schema.org/publisher>",
            "<schema.org/speakable>",
            "<schema.org/thumbnailUrl>",
            "<schema.org/url>",
            "isa:<schema.org/BackgroundNewsArticle>"
        ],
        "count": 4.0
    },
    {
        "pset": [
            "<schema.org/articleBody>",
            "<schema.org/articleSection>",
            "<schema.org/author>",
            "<schema.org/creator>",
            "<schema.org/dateCreated>",
            "<schema.org/dateModified>",
            "<schema.org/datePublished>",
            "<schema.org/hasPart>",
            "<schema.org/headline>",
            "<schema.org/image>",
            "<schema.org/isAccessibleForFree>",
            "<schema.org/isPartOf>",
            "<schema.org/mainEntityOfPage>",
            "<schema.org/publisher>",
            "<schema.org/publishingPrinciples>",
            "<schema.org/thumbnailUrl>",
            "<schema.org/url>",
            "isa:<schema.org/BackgroundNewsArticle>"
        ],
        "count": 3.0
    },
    {
        "pset": [
            "<schema.org/author>",
            "<schema.org/dateCreated>",
            "<schema.org/dateModified>",
            "<schema.org/datePublished>",
            "<schema.org/description>",
            "<schema.org/hasPart>",
            "<schema.org/headline>",
            "<schema.org/image>",
            "<schema.org/isAccessibleForFree>",
            "<schema.org/isPartOf>",
            "<schema.org/keywords>",
            "<schema.org/mainEntityOfPage>",
            "<schema.org/publisher>",
            "<schema.org/thumbnailUrl>",
            "<schema.org/timestamp>",
            "<schema.org/url>",
            "isa:<schema.org/BackgroundNewsArticle>"
        ],
        "count": 2.0
    },
    {
        "pset": [
            "<schema.org/alternativeHeadline>",
            "<schema.org/articleBody>",
            "<schema.org/author>",
            "<schema.org/backstory>",
            "<schema.org/citation>",
            "<schema.org/correction>",
            "<schema.org/dateModified>",
            "<schema.org/datePublished>",
            "<schema.org/dateline>",
            "<schema.org/description>",
            "<schema.org/headline>",
            "<schema.org/image>",
            "<schema.org/isAccessibleForFree>",
            "<schema.org/isPartOf>",
            "<schema.org/keywords>",
            "<schema.org/mainEntityOfPage>",
            "<schema.org/publisher>",
            "<schema.org/publishingPrinciples>",
            "<schema.org/video>",
            "isa:<schema.org/BackgroundNewsArticle>"
        ],
        "count": 2.0
    },
    {
        "pset": [
            "<schema.org/name>",
            "isa:<schema.org/BackgroundNewsArticle>"
        ],
        "count": 2.0
    },
    {
        "pset": [
            "<schema.org/articleBody>",
            "<schema.org/articleSection>",
            "<schema.org/author>",
            "<schema.org/commentCount>",
            "<schema.org/copyrightYear>",
            "<schema.org/dateCreated>",
            "<schema.org/dateModified>",
            "<schema.org/datePublished>",
            "<schema.org/description>",
            "<schema.org/headline>",
            "<schema.org/image>",
            "<schema.org/inLanguage>",
            "<schema.org/isFamilyFriendly>",
            "<schema.org/keywords>",
            "<schema.org/mainEntityOfPage>",
            "<schema.org/name>",
            "<schema.org/publisher>",
            "<schema.org/sameAs>",
            "<schema.org/thumbnailUrl>",
            "<schema.org/url>",
            "isa:<schema.org/BackgroundNewsArticle>"
        ],
        "count": 2.0
    },
    {
        "pset": [
            "<schema.org/author>",
            "<schema.org/backstory>",
            "<schema.org/correction>",
            "<schema.org/dateModified>",
            "<schema.org/datePublished>",
            "<schema.org/description>",
            "<schema.org/hasPart>",
            "<schema.org/headline>",
            "<schema.org/image>",
            "<schema.org/isAccessibleForFree>",
            "<schema.org/isPartOf>",
            "<schema.org/mainEntityOfPage>",
            "<schema.org/publisher>",
            "<schema.org/publishingPrinciples>",
            "isa:<schema.org/BackgroundNewsArticle>"
        ],
        "count": 2.0
    },
    {
        "pset": [
            "<schema.org/alternativeHeadline>",
            "<schema.org/articleBody>",
            "<schema.org/articleSection>",
            "<schema.org/author>",
            "<schema.org/dateCreated>",
            "<schema.org/dateModified>",
            "<schema.org/datePublished>",
            "<schema.org/description>",
            "<schema.org/genre>",
            "<schema.org/headline>",
            "<schema.org/image>",
            "<schema.org/inLanguage>",
            "<schema.org/isAccessibleForFree>",
            "<schema.org/locationCreated>",
            "<schema.org/mainEntityOfPage>",
            "<schema.org/noBylinePolicy>",
            "<schema.org/publisher>",
            "<schema.org/publishingPrinciples>",
            "isa:<schema.org/BackgroundNewsArticle>"
        ],
        "count": 2.0
    },
    {
        "pset": [
            "<schema.org/author>",
            "<schema.org/contactPoint>",
            "<schema.org/dateModified>",
            "<schema.org/datePublished>",
            "<schema.org/dateline>",
            "<schema.org/description>",
            "<schema.org/headline>",
            "<schema.org/image>",
            "<schema.org/mainEntityOfPage>",
            "<schema.org/publisher>",
            "<schema.org/publishingPrinciples>",
            "isa:<schema.org/BackgroundNewsArticle>"
        ],
        "count": 2.0
    },
    {
        "pset": [
            "<schema.org/author>",
            "<schema.org/datePublished>",
            "<schema.org/headline>",
            "<schema.org/image>",
            "<schema.org/publishingPrinciples>",
            "isa:<schema.org/AnalysisNewsArticle>",
            "isa:<schema.org/BackgroundNewsArticle>",
            "isa:<schema.org/ReportageNewsArticle>"
        ],
        "count": 1.0
    },
    {
        "pset": [
            "<schema.org/alternativeHeadline>",
            "<schema.org/articleBody>",
            "<schema.org/author>",
            "<schema.org/backstory>",
            "<schema.org/dateModified>",
            "<schema.org/datePublished>",
            "<schema.org/description>",
            "<schema.org/headline>",
            "<schema.org/image>",
            "<schema.org/isAccessibleForFree>",
            "<schema.org/isPartOf>",
            "<schema.org/keywords>",
            "<schema.org/mainEntityOfPage>",
            "<schema.org/publisher>",
            "<schema.org/publishingPrinciples>",
            "<schema.org/video>",
            "isa:<schema.org/BackgroundNewsArticle>"
        ],
        "count": 1.0
    },
    {
        "pset": [
            "<schema.org/articleBody>",
            "<schema.org/articleSection>",
            "<schema.org/author>",
            "<schema.org/copyrightHolder>",
            "<schema.org/copyrightYear>",
            "<schema.org/dateModified>",
            "<schema.org/datePublished>",
            "<schema.org/description>",
            "<schema.org/headline>",
            "<schema.org/image>",
            "<schema.org/inLanguage>",
            "<schema.org/isPartOf>",
            "<schema.org/mainEntityOfPage>",
            "<schema.org/publisher>",
            "<schema.org/speakable>",
            "<schema.org/thumbnailUrl>",
            "<schema.org/wordCount>",
            "isa:<schema.org/Article>",
            "isa:<schema.org/BackgroundNewsArticle>",
            "isa:<schema.org/NewsArticle>"
        ],
        "count": 1.0
    },
    {
        "pset": [
            "<schema.org/author>",
            "<schema.org/dateModified>",
            "<schema.org/datePublished>",
            "<schema.org/description>",
            "<schema.org/headline>",
            "<schema.org/image>",
            "<schema.org/mainEntityOfPage>",
            "<schema.org/publisher>",
            "<schema.org/speakable>",
            "isa:<schema.org/BackgroundNewsArticle>"
        ],
        "count": 1.0
    },
    {
        "pset": [
            "<schema.org/author>",
            "<schema.org/dateCreated>",
            "<schema.org/dateModified>",
            "<schema.org/datePublished>",
            "<schema.org/description>",
            "<schema.org/hasPart>",
            "<schema.org/headline>",
            "<schema.org/isAccessibleForFree>",
            "<schema.org/isPartOf>",
            "<schema.org/keywords>",
            "<schema.org/mainEntityOfPage>",
            "<schema.org/publisher>",
            "<schema.org/timestamp>",
            "<schema.org/url>",
            "isa:<schema.org/BackgroundNewsArticle>"
        ],
        "count": 1.0
    },
    {
        "pset": [
            "<schema.org/author>",
            "<schema.org/contactPoint>",
            "<schema.org/dateModified>",
            "<schema.org/datePublished>",
            "<schema.org/description>",
            "<schema.org/headline>",
            "<schema.org/image>",
            "<schema.org/mainEntityOfPage>",
            "<schema.org/publisher>",
            "<schema.org/publishingPrinciples>",
            "isa:<schema.org/BackgroundNewsArticle>"
        ],
        "count": 1.0
    },
    {
        "pset": [
            "<schema.org/author>",
            "<schema.org/dateModified>",
            "<schema.org/datePublished>",
            "<schema.org/headline>",
            "<schema.org/image>",
            "<schema.org/mainEntityOfPage>",
            "<schema.org/publisher>",
            "isa:<schema.org/BackgroundNewsArticle>"
        ],
        "count": 1.0
    },
    {
        "pset": [
            "<schema.org/articleBody>",
            "<schema.org/articleSection>",
            "<schema.org/author>",
            "<schema.org/backstory>",
            "<schema.org/dateCreated>",
            "<schema.org/dateModified>",
            "<schema.org/datePublished>",
            "<schema.org/description>",
            "<schema.org/headline>",
            "<schema.org/image>",
            "<schema.org/keywords>",
            "<schema.org/mainEntityOfPage>",
            "<schema.org/publisher>",
            "<schema.org/speakable>",
            "<schema.org/thumbnailUrl>",
            "<schema.org/url>",
            "isa:<schema.org/BackgroundNewsArticle>"
        ],
        "count": 1.0
    },
    {
        "pset": [
            "<schema.org/author>",
            "<schema.org/contactPoint>",
            "<schema.org/datePublished>",
            "<schema.org/dateline>",
            "<schema.org/description>",
            "<schema.org/headline>",
            "<schema.org/image>",
            "<schema.org/mainEntityOfPage>",
            "<schema.org/publisher>",
            "<schema.org/publishingPrinciples>",
            "isa:<schema.org/BackgroundNewsArticle>"
        ],
        "count": 1.0
    },
    {
        "pset": [
            "<schema.org/author>",
            "<schema.org/contactPoint>",
            "<schema.org/datePublished>",
            "<schema.org/description>",
            "<schema.org/headline>",
            "<schema.org/image>",
            "<schema.org/mainEntityOfPage>",
            "<schema.org/publisher>",
            "<schema.org/publishingPrinciples>",
            "isa:<schema.org/BackgroundNewsArticle>"
        ],
        "count": 1.0
    },
    {
        "pset": [
            "<schema.org/alternateName>",
            "<schema.org/articleBody>",
            "<schema.org/articleSection>",
            "<schema.org/author>",
            "<schema.org/commentCount>",
            "<schema.org/copyrightYear>",
            "<schema.org/dateCreated>",
            "<schema.org/dateModified>",
            "<schema.org/datePublished>",
            "<schema.org/description>",
            "<schema.org/headline>",
            "<schema.org/image>",
            "<schema.org/inLanguage>",
            "<schema.org/isFamilyFriendly>",
            "<schema.org/keywords>",
            "<schema.org/mainEntityOfPage>",
            "<schema.org/name>",
            "<schema.org/publisher>",
            "<schema.org/sameAs>",
            "<schema.org/thumbnailUrl>",
            "<schema.org/url>",
            "isa:<schema.org/BackgroundNewsArticle>"
        ],
        "count": 1.0
    },
    {
        "pset": [
            "<schema.org/articleSection>",
            "<schema.org/author>",
            "<schema.org/creator>",
            "<schema.org/dateCreated>",
            "<schema.org/dateModified>",
            "<schema.org/datePublished>",
            "<schema.org/description>",
            "<schema.org/headline>",
            "<schema.org/image>",
            "<schema.org/isAccessibleForFree>",
            "<schema.org/isPartOf>",
            "<schema.org/keywords>",
            "<schema.org/mainEntityOfPage>",
            "<schema.org/publisher>",
            "<schema.org/thumbnailUrl>",
            "<schema.org/timestamp>",
            "<schema.org/url>",
            "isa:<schema.org/BackgroundNewsArticle>"
        ],
        "count": 1.0
    },
    {
        "pset": [
            "<schema.org/author>",
            "<schema.org/citation>",
            "<schema.org/datePublished>",
            "<schema.org/headline>",
            "<schema.org/image>",
            "<schema.org/publishingPrinciples>",
            "isa:<schema.org/BackgroundNewsArticle>"
        ],
        "count": 1.0
    },
    {
        "pset": [
            "<schema.org/author>",
            "<schema.org/datePublished>",
            "<schema.org/dateline>",
            "<schema.org/description>",
            "<schema.org/headline>",
            "<schema.org/image>",
            "<schema.org/mainEntityOfPage>",
            "<schema.org/publisher>",
            "<schema.org/publishingPrinciples>",
            "isa:<schema.org/BackgroundNewsArticle>"
        ],
        "count": 1.0
    },
    {
        "pset": [
            "<schema.org/alternativeHeadline>",
            "<schema.org/articleBody>",
            "<schema.org/articleSection>",
            "<schema.org/author>",
            "<schema.org/dateModified>",
            "<schema.org/datePublished>",
            "<schema.org/description>",
            "<schema.org/hasPart>",
            "<schema.org/headline>",
            "<schema.org/image>",
            "<schema.org/isAccessibleForFree>",
            "<schema.org/keywords>",
            "<schema.org/mainEntityOfPage>",
            "<schema.org/publisher>",
            "<schema.org/publishingPrinciples>",
            "isa:<schema.org/BackgroundNewsArticle>"
        ],
        "count": 1.0
    }
]