[
    {
        "pset": [
            "<schema.org/isLiveBroadcast>",
            "<schema.org/name>",
            "<schema.org/startDate>",
            "isa:<schema.org/BroadcastEvent>"
        ],
        "count": 17753.0
    },
    {
        "pset": [
            "<schema.org/publishedOn>",
            "<schema.org/startDate>",
            "isa:<schema.org/BroadcastEvent>"
        ],
        "count": 15934.0
    },
    {
        "pset": [
            "<schema.org/endDate>",
            "<schema.org/isLiveBroadcast>",
            "<schema.org/startDate>",
            "isa:<schema.org/BroadcastEvent>"
        ],
        "count": 10928.0
    },
    {
        "pset": [
            "<schema.org/isLiveBroadcast>",
            "isa:<schema.org/BroadcastEvent>"
        ],
        "count": 8012.0
    },
    {
        "pset": [
            "<schema.org/endDate>",
            "<schema.org/inLanguage>",
            "<schema.org/name>",
            "<schema.org/publishedOn>",
            "<schema.org/startDate>",
            "<schema.org/videoFormat>",
            "isa:<schema.org/BroadcastEvent>"
        ],
        "count": 5100.0
    },
    {
        "pset": [
            "<schema.org/broadcastOfEvent>",
            "<schema.org/description>",
            "<schema.org/isLiveBroadcast>",
            "<schema.org/name>",
            "<schema.org/url>",
            "<schema.org/videoFormat>",
            "isa:<schema.org/BroadcastEvent>"
        ],
        "count": 4991.0
    },
    {
        "pset": [
            "<schema.org/publishedOn>",
            "isa:<schema.org/BroadcastEvent>"
        ],
        "count": 3621.0
    },
    {
        "pset": [
            "<schema.org/broadcastOfEvent>",
            "<schema.org/description>",
            "<schema.org/isLiveBroadcast>",
            "<schema.org/name>",
            "<schema.org/startDate>",
            "<schema.org/videoFormat>",
            "isa:<schema.org/BroadcastEvent>"
        ],
        "count": 3442.0
    },
    {
        "pset": [
            "<schema.org/description>",
            "<schema.org/location>",
            "<schema.org/name>",
            "<schema.org/startDate>",
            "<schema.org/url>",
            "isa:<schema.org/BroadcastEvent>"
        ],
        "count": 3017.0
    },
    {
        "pset": [
            "<schema.org/aggregateRating>",
            "<schema.org/description>",
            "<schema.org/eventAttendanceMode>",
            "<schema.org/image>",
            "<schema.org/name>",
            "<schema.org/offers>",
            "<schema.org/organizer>",
            "<schema.org/performer>",
            "<schema.org/sku>",
            "isa:<schema.org/BroadcastEvent>"
        ],
        "count": 2310.0
    },
    {
        "pset": [
            "<schema.org/aggregateRating>",
            "<schema.org/description>",
            "<schema.org/endDate>",
            "<schema.org/eventAttendanceMode>",
            "<schema.org/eventStatus>",
            "<schema.org/image>",
            "<schema.org/name>",
            "<schema.org/offers>",
            "<schema.org/organizer>",
            "<schema.org/performer>",
            "<schema.org/startDate>",
            "isa:<schema.org/BroadcastEvent>"
        ],
        "count": 2277.0
    },
    {
        "pset": [
            "<schema.org/isLiveBroadcast>",
            "<schema.org/startDate>",
            "isa:<schema.org/BroadcastEvent>"
        ],
        "count": 2186.0
    },
    {
        "pset": [
            "<schema.org/endDate>",
            "<schema.org/publishedOn>",
            "<schema.org/startDate>",
            "isa:<schema.org/BroadcastEvent>"
        ],
        "count": 2103.0
    },
    {
        "pset": [
            "<schema.org/endDate>",
            "<schema.org/inLanguage>",
            "<schema.org/isLiveBroadcast>",
            "<schema.org/startDate>",
            "<schema.org/videoFormat>",
            "<schema.org/workPerformed>",
            "isa:<schema.org/BroadcastEvent>"
        ],
        "count": 1656.0
    },
    {
        "pset": [
            "<schema.org/broadcastOfEvent>",
            "<schema.org/description>",
            "<schema.org/name>",
            "<schema.org/startDate>",
            "isa:<schema.org/BroadcastEvent>"
        ],
        "count": 1552.0
    },
    {
        "pset": [
            "<schema.org/endDate>",
            "<schema.org/isLiveBroadcast>",
            "<schema.org/name>",
            "<schema.org/startDate>",
            "isa:<schema.org/BroadcastEvent>"
        ],
        "count": 1488.0
    },
    {
        "pset": [
            "<schema.org/description>",
            "<schema.org/eventAttendanceMode>",
            "<schema.org/image>",
            "<schema.org/name>",
            "<schema.org/offers>",
            "<schema.org/organizer>",
            "<schema.org/performer>",
            "<schema.org/sku>",
            "isa:<schema.org/BroadcastEvent>"
        ],
        "count": 1285.0
    },
    {
        "pset": [
            "<schema.org/endDate>",
            "<schema.org/publishedOn>",
            "<schema.org/startDate>",
            "<schema.org/workPerformed>",
            "isa:<schema.org/BroadcastEvent>"
        ],
        "count": 1185.0
    },
    {
        "pset": [
            "<schema.org/description>",
            "<schema.org/endDate>",
            "<schema.org/isLiveBroadcast>",
            "<schema.org/name>",
            "<schema.org/startDate>",
            "isa:<schema.org/BroadcastEvent>"
        ],
        "count": 1170.0
    },
    {
        "pset": [
            "<schema.org/publishedBy>",
            "<schema.org/publishedOn>",
            "isa:<schema.org/BroadcastEvent>"
        ],
        "count": 1162.0
    },
    {
        "pset": [
            "<schema.org/broadcastOfEvent>",
            "<schema.org/description>",
            "<schema.org/endDate>",
            "<schema.org/isLiveBroadcast>",
            "<schema.org/name>",
            "<schema.org/startDate>",
            "<schema.org/url>",
            "<schema.org/videoFormat>",
            "isa:<schema.org/BroadcastEvent>"
        ],
        "count": 1106.0
    },
    {
        "pset": [
            "<schema.org/aggregateRating>",
            "<schema.org/competitor>",
            "<schema.org/description>",
            "<schema.org/name>",
            "<schema.org/startDate>",
            "isa:<schema.org/BroadcastEvent>"
        ],
        "count": 855.0
    },
    {
        "pset": [
            "<schema.org/description>",
            "<schema.org/endDate>",
            "<schema.org/inLanguage>",
            "<schema.org/isLiveBroadcast>",
            "<schema.org/name>",
            "<schema.org/publishedOn>",
            "<schema.org/startDate>",
            "<schema.org/videoFormat>",
            "<schema.org/workPerformed>",
            "isa:<schema.org/BroadcastEvent>"
        ],
        "count": 705.0
    },
    {
        "pset": [
            "<schema.org/description>",
            "<schema.org/image>",
            "<schema.org/isLiveBroadcast>",
            "<schema.org/name>",
            "<schema.org/performer>",
            "<schema.org/url>",
            "<schema.org/videoFormat>",
            "isa:<schema.org/BroadcastEvent>"
        ],
        "count": 679.0
    },
    {
        "pset": [
            "<schema.org/endDate>",
            "<schema.org/isAccessibleForFree>",
            "<schema.org/isLiveBroadcast>",
            "<schema.org/name>",
            "<schema.org/publishedBy>",
            "<schema.org/startDate>",
            "isa:<schema.org/BroadcastEvent>"
        ],
        "count": 562.0
    },
    {
        "pset": [
            "<schema.org/endDate>",
            "<schema.org/inLanguage>",
            "<schema.org/isLiveBroadcast>",
            "<schema.org/name>",
            "<schema.org/publishedOn>",
            "<schema.org/startDate>",
            "<schema.org/url>",
            "isa:<schema.org/BroadcastEvent>"
        ],
        "count": 537.0
    },
    {
        "pset": [
            "<schema.org/broadcastOfEvent>",
            "<schema.org/description>",
            "<schema.org/endDate>",
            "<schema.org/inLanguage>",
            "<schema.org/isAccessibleForFree>",
            "<schema.org/isLiveBroadcast>",
            "<schema.org/name>",
            "<schema.org/startDate>",
            "<schema.org/url>",
            "<schema.org/videoFormat>",
            "isa:<schema.org/BroadcastEvent>"
        ],
        "count": 485.0
    },
    {
        "pset": [
            "<schema.org/broadcastOfEvent>",
            "<schema.org/description>",
            "<schema.org/isLiveBroadcast>",
            "<schema.org/publishedOn>",
            "<schema.org/startDate>",
            "isa:<schema.org/BroadcastEvent>"
        ],
        "count": 429.0
    },
    {
        "pset": [
            "<schema.org/endDate>",
            "<schema.org/publishedBy>",
            "<schema.org/publishedOn>",
            "<schema.org/startDate>",
            "isa:<schema.org/BroadcastEvent>"
        ],
        "count": 375.0
    },
    {
        "pset": [
            "<schema.org/broadcastOfEvent>",
            "<schema.org/description>",
            "<schema.org/endDate>",
            "<schema.org/isLiveBroadcast>",
            "<schema.org/mainEntityOfPage>",
            "<schema.org/name>",
            "<schema.org/publishedOn>",
            "<schema.org/startDate>",
            "isa:<schema.org/BroadcastEvent>"
        ],
        "count": 363.0
    },
    {
        "pset": [
            "<schema.org/name>",
            "<schema.org/url>",
            "isa:<schema.org/BroadcastEvent>"
        ],
        "count": 322.0
    },
    {
        "pset": [
            "<schema.org/contentUrl>",
            "<schema.org/embedUrl>",
            "<schema.org/endDate>",
            "<schema.org/isLiveBroadcast>",
            "<schema.org/name>",
            "<schema.org/startDate>",
            "<schema.org/thumbnailUrl>",
            "isa:<schema.org/BroadcastEvent>"
        ],
        "count": 321.0
    },
    {
        "pset": [
            "<schema.org/broadcastOfEvent>",
            "<schema.org/description>",
            "<schema.org/endDate>",
            "<schema.org/inLanguage>",
            "<schema.org/isAccessibleForFree>",
            "<schema.org/isLiveBroadcast>",
            "<schema.org/name>",
            "<schema.org/publishedOn>",
            "<schema.org/startDate>",
            "<schema.org/videoFormat>",
            "isa:<schema.org/BroadcastEvent>"
        ],
        "count": 309.0
    },
    {
        "pset": [
            "<schema.org/countryOfOrigin>",
            "<schema.org/datePublished>",
            "<schema.org/description>",
            "<schema.org/genre>",
            "<schema.org/isLiveBroadcast>",
            "<schema.org/name>",
            "<schema.org/publishedOn>",
            "<schema.org/startDate>",
            "<schema.org/thumbnailUrl>",
            "<schema.org/url>",
            "<schema.org/workPerformed>",
            "isa:<schema.org/BroadcastEvent>",
            "isa:<schema.org/CreativeWork>"
        ],
        "count": 304.0
    },
    {
        "pset": [
            "<schema.org/broadcastOfEvent>",
            "<schema.org/description>",
            "<schema.org/isLiveBroadcast>",
            "<schema.org/name>",
            "<schema.org/publishedOn>",
            "<schema.org/startDate>",
            "<schema.org/videoFormat>",
            "isa:<schema.org/BroadcastEvent>"
        ],
        "count": 302.0
    },
    {
        "pset": [
            "<schema.org/broadcastOfEvent>",
            "<schema.org/endDate>",
            "<schema.org/isAccessibleForFree>",
            "<schema.org/isLiveBroadcast>",
            "<schema.org/publishedOn>",
            "<schema.org/startDate>",
            "isa:<schema.org/BroadcastEvent>"
        ],
        "count": 298.0
    },
    {
        "pset": [
            "<schema.org/actor>",
            "<schema.org/countryOfOrigin>",
            "<schema.org/datePublished>",
            "<schema.org/description>",
            "<schema.org/director>",
            "<schema.org/episodeNumber>",
            "<schema.org/genre>",
            "<schema.org/image>",
            "<schema.org/isLiveBroadcast>",
            "<schema.org/name>",
            "<schema.org/partOfSeason>",
            "<schema.org/partOfTVSeries>",
            "<schema.org/publishedOn>",
            "<schema.org/startDate>",
            "<schema.org/thumbnailUrl>",
            "<schema.org/url>",
            "<schema.org/workPerformed>",
            "isa:<schema.org/BroadcastEvent>",
            "isa:<schema.org/TVEpisode>"
        ],
        "count": 297.0
    },
    {
        "pset": [
            "<schema.org/description>",
            "<schema.org/image>",
            "<schema.org/name>",
            "<schema.org/offers>",
            "<schema.org/startdate>",
            "<schema.org/url>",
            "isa:<schema.org/BroadcastEvent>"
        ],
        "count": 287.0
    },
    {
        "pset": [
            "<schema.org/description>",
            "<schema.org/endDate>",
            "<schema.org/eventAttendanceMode>",
            "<schema.org/eventStatus>",
            "<schema.org/image>",
            "<schema.org/name>",
            "<schema.org/offers>",
            "<schema.org/organizer>",
            "<schema.org/performer>",
            "<schema.org/startDate>",
            "isa:<schema.org/BroadcastEvent>"
        ],
        "count": 259.0
    },
    {
        "pset": [
            "<schema.org/broadcastOfEvent>",
            "<schema.org/isLiveBroadcast>",
            "<schema.org/name>",
            "<schema.org/videoFormat>",
            "isa:<schema.org/BroadcastEvent>"
        ],
        "count": 250.0
    },
    {
        "pset": [
            "<schema.org/duration>",
            "<schema.org/endDate>",
            "<schema.org/isLiveBroadcast>",
            "<schema.org/startDate>",
            "isa:<schema.org/BroadcastEvent>"
        ],
        "count": 247.0
    },
    {
        "pset": [
            "<schema.org/aggregateRating>",
            "<schema.org/description>",
            "<schema.org/endDate>",
            "<schema.org/eventAttendanceMode>",
            "<schema.org/eventStatus>",
            "<schema.org/image>",
            "<schema.org/name>",
            "<schema.org/offers>",
            "<schema.org/organizer>",
            "<schema.org/performer>",
            "<schema.org/sku>",
            "<schema.org/startDate>",
            "isa:<schema.org/BroadcastEvent>"
        ],
        "count": 232.0
    },
    {
        "pset": [
            "<schema.org/broadcastOfEvent>",
            "<schema.org/description>",
            "<schema.org/endDate>",
            "<schema.org/isLiveBroadcast>",
            "<schema.org/name>",
            "<schema.org/startDate>",
            "<schema.org/videoFormat>",
            "isa:<schema.org/BroadcastEvent>"
        ],
        "count": 231.0
    },
    {
        "pset": [
            "<schema.org/countryOfOrigin>",
            "<schema.org/datePublished>",
            "<schema.org/description>",
            "<schema.org/episodeNumber>",
            "<schema.org/genre>",
            "<schema.org/image>",
            "<schema.org/isLiveBroadcast>",
            "<schema.org/name>",
            "<schema.org/partOfSeason>",
            "<schema.org/partOfTVSeries>",
            "<schema.org/publishedOn>",
            "<schema.org/startDate>",
            "<schema.org/thumbnailUrl>",
            "<schema.org/url>",
            "<schema.org/workPerformed>",
            "isa:<schema.org/BroadcastEvent>",
            "isa:<schema.org/TVEpisode>"
        ],
        "count": 221.0
    },
    {
        "pset": [
            "<schema.org/aggregateRating>",
            "<schema.org/description>",
            "<schema.org/eventAttendanceMode>",
            "<schema.org/image>",
            "<schema.org/name>",
            "<schema.org/offers>",
            "<schema.org/organizer>",
            "<schema.org/performer>",
            "isa:<schema.org/BroadcastEvent>"
        ],
        "count": 219.0
    },
    {
        "pset": [
            "<schema.org/actor>",
            "<schema.org/countryOfOrigin>",
            "<schema.org/datePublished>",
            "<schema.org/description>",
            "<schema.org/director>",
            "<schema.org/genre>",
            "<schema.org/image>",
            "<schema.org/isLiveBroadcast>",
            "<schema.org/name>",
            "<schema.org/publishedOn>",
            "<schema.org/startDate>",
            "<schema.org/thumbnailUrl>",
            "<schema.org/url>",
            "<schema.org/workPerformed>",
            "isa:<schema.org/BroadcastEvent>",
            "isa:<schema.org/Movie>"
        ],
        "count": 218.0
    },
    {
        "pset": [
            "<schema.org/broadcastOfEvent>",
            "<schema.org/description>",
            "<schema.org/endDate>",
            "<schema.org/image>",
            "<schema.org/isLiveBroadcast>",
            "<schema.org/name>",
            "<schema.org/startDate>",
            "<schema.org/url>",
            "<schema.org/videoFormat>",
            "isa:<schema.org/BroadcastEvent>"
        ],
        "count": 215.0
    },
    {
        "pset": [
            "<schema.org/description>",
            "<schema.org/eventAttendanceMode>",
            "<schema.org/image>",
            "<schema.org/name>",
            "<schema.org/offers>",
            "<schema.org/organizer>",
            "<schema.org/performer>",
            "isa:<schema.org/BroadcastEvent>"
        ],
        "count": 198.0
    },
    {
        "pset": [
            "<schema.org/endDate>",
            "<schema.org/name>",
            "<schema.org/publishedOn>",
            "<schema.org/startDate>",
            "isa:<schema.org/BroadcastEvent>"
        ],
        "count": 178.0
    },
    {
        "pset": [
            "<schema.org/broadcastOfEvent>",
            "<schema.org/description>",
            "<schema.org/endDate>",
            "<schema.org/isLiveBroadcast>",
            "<schema.org/name>",
            "<schema.org/organizer>",
            "<schema.org/startDate>",
            "<schema.org/videoFormat>",
            "isa:<schema.org/BroadcastEvent>"
        ],
        "count": 178.0
    },
    {
        "pset": [
            "<schema.org/actor>",
            "<schema.org/countryOfOrigin>",
            "<schema.org/datePublished>",
            "<schema.org/description>",
            "<schema.org/episodeNumber>",
            "<schema.org/genre>",
            "<schema.org/image>",
            "<schema.org/isLiveBroadcast>",
            "<schema.org/name>",
            "<schema.org/partOfSeason>",
            "<schema.org/partOfTVSeries>",
            "<schema.org/publishedOn>",
            "<schema.org/startDate>",
            "<schema.org/thumbnailUrl>",
            "<schema.org/url>",
            "<schema.org/workPerformed>",
            "isa:<schema.org/BroadcastEvent>",
            "isa:<schema.org/TVEpisode>"
        ],
        "count": 152.0
    },
    {
        "pset": [
            "<schema.org/startDate>",
            "isa:<schema.org/BroadcastEvent>"
        ],
        "count": 148.0
    },
    {
        "pset": [
            "<schema.org/description>",
            "<schema.org/endDate>",
            "<schema.org/eventAttendanceMode>",
            "<schema.org/eventStatus>",
            "<schema.org/image>",
            "<schema.org/name>",
            "<schema.org/offers>",
            "<schema.org/organizer>",
            "<schema.org/performer>",
            "<schema.org/sku>",
            "<schema.org/startDate>",
            "isa:<schema.org/BroadcastEvent>"
        ],
        "count": 147.0
    },
    {
        "pset": [
            "<schema.org/description>",
            "<schema.org/duration>",
            "<schema.org/identifier>",
            "<schema.org/image>",
            "<schema.org/isLiveBroadcast>",
            "<schema.org/name>",
            "<schema.org/startDate>",
            "isa:<schema.org/BroadcastEvent>"
        ],
        "count": 143.0
    },
    {
        "pset": [
            "<schema.org/broadcastOfEvent>",
            "<schema.org/description>",
            "<schema.org/endDate>",
            "<schema.org/isLiveBroadcast>",
            "<schema.org/name>",
            "<schema.org/startDate>",
            "isa:<schema.org/BroadcastEvent>"
        ],
        "count": 135.0
    },
    {
        "pset": [
            "<schema.org/description>",
            "<schema.org/genre>",
            "<schema.org/isLiveBroadcast>",
            "<schema.org/name>",
            "<schema.org/publishedOn>",
            "<schema.org/startDate>",
            "<schema.org/thumbnailUrl>",
            "<schema.org/url>",
            "<schema.org/workPerformed>",
            "isa:<schema.org/BroadcastEvent>",
            "isa:<schema.org/CreativeWork>"
        ],
        "count": 134.0
    },
    {
        "pset": [
            "<schema.org/about>",
            "<schema.org/description>",
            "<schema.org/endDate>",
            "<schema.org/image>",
            "<schema.org/isAccessibleForFree>",
            "<schema.org/isLiveBroadcast>",
            "<schema.org/location>",
            "<schema.org/name>",
            "<schema.org/performer>",
            "<schema.org/publishedBy>",
            "<schema.org/startDate>",
            "<schema.org/url>",
            "isa:<schema.org/BroadcastEvent>"
        ],
        "count": 115.0
    },
    {
        "pset": [
            "<schema.org/actor>",
            "<schema.org/countryOfOrigin>",
            "<schema.org/datePublished>",
            "<schema.org/description>",
            "<schema.org/director>",
            "<schema.org/episodeNumber>",
            "<schema.org/genre>",
            "<schema.org/image>",
            "<schema.org/isLiveBroadcast>",
            "<schema.org/name>",
            "<schema.org/partOfTVSeries>",
            "<schema.org/publishedOn>",
            "<schema.org/startDate>",
            "<schema.org/thumbnailUrl>",
            "<schema.org/url>",
            "<schema.org/workPerformed>",
            "isa:<schema.org/BroadcastEvent>",
            "isa:<schema.org/TVEpisode>"
        ],
        "count": 112.0
    },
    {
        "pset": [
            "<schema.org/broadcastOfEvent>",
            "<schema.org/description>",
            "<schema.org/image>",
            "<schema.org/name>",
            "<schema.org/publishedOn>",
            "<schema.org/startDate>",
            "isa:<schema.org/BroadcastEvent>"
        ],
        "count": 107.0
    },
    {
        "pset": [
            "<schema.org/endDate>",
            "<schema.org/isLiveBroadcast>",
            "<schema.org/potentialAction>",
            "<schema.org/startDate>",
            "isa:<schema.org/BroadcastEvent>"
        ],
        "count": 103.0
    },
    {
        "pset": [
            "<schema.org/description>",
            "<schema.org/endDate>",
            "<schema.org/name>",
            "<schema.org/publishedOn>",
            "<schema.org/startDate>",
            "isa:<schema.org/BroadcastEvent>"
        ],
        "count": 90.0
    },
    {
        "pset": [
            "<schema.org/broadcastOfEvent>",
            "<schema.org/description>",
            "<schema.org/isLiveBroadcast>",
            "<schema.org/name>",
            "<schema.org/startDate>",
            "<schema.org/url>",
            "<schema.org/videoFormat>",
            "isa:<schema.org/BroadcastEvent>"
        ],
        "count": 79.0
    },
    {
        "pset": [
            "<schema.org/description>",
            "<schema.org/isLiveBroadcast>",
            "<schema.org/name>",
            "<schema.org/publishedOn>",
            "<schema.org/startDate>",
            "<schema.org/thumbnailUrl>",
            "<schema.org/url>",
            "<schema.org/workPerformed>",
            "isa:<schema.org/BroadcastEvent>",
            "isa:<schema.org/CreativeWork>"
        ],
        "count": 78.0
    },
    {
        "pset": [
            "<schema.org/actor>",
            "<schema.org/countryOfOrigin>",
            "<schema.org/datePublished>",
            "<schema.org/description>",
            "<schema.org/episodeNumber>",
            "<schema.org/genre>",
            "<schema.org/image>",
            "<schema.org/isLiveBroadcast>",
            "<schema.org/name>",
            "<schema.org/partOfTVSeries>",
            "<schema.org/publishedOn>",
            "<schema.org/startDate>",
            "<schema.org/thumbnailUrl>",
            "<schema.org/url>",
            "<schema.org/workPerformed>",
            "isa:<schema.org/BroadcastEvent>",
            "isa:<schema.org/TVEpisode>"
        ],
        "count": 71.0
    },
    {
        "pset": [
            "<schema.org/broadcastOfEvent>",
            "<schema.org/description>",
            "<schema.org/endDate>",
            "<schema.org/isLiveBroadcast>",
            "<schema.org/name>",
            "<schema.org/startDate>",
            "<schema.org/url>",
            "isa:<schema.org/BroadcastEvent>"
        ],
        "count": 70.0
    },
    {
        "pset": [
            "<schema.org/description>",
            "<schema.org/endDate>",
            "<schema.org/isLiveBroadcast>",
            "<schema.org/name>",
            "<schema.org/publishedOn>",
            "<schema.org/startDate>",
            "<schema.org/videoFormat>",
            "isa:<schema.org/BroadcastEvent>"
        ],
        "count": 70.0
    },
    {
        "pset": [
            "<schema.org/countryOfOrigin>",
            "<schema.org/datePublished>",
            "<schema.org/description>",
            "<schema.org/genre>",
            "<schema.org/isLiveBroadcast>",
            "<schema.org/name>",
            "<schema.org/publishedOn>",
            "<schema.org/startDate>",
            "<schema.org/url>",
            "<schema.org/workPerformed>",
            "isa:<schema.org/BroadcastEvent>",
            "isa:<schema.org/CreativeWork>"
        ],
        "count": 70.0
    },
    {
        "pset": [
            "<schema.org/description>",
            "<schema.org/duration>",
            "<schema.org/endDate>",
            "<schema.org/image>",
            "<schema.org/isAccessibleForFree>",
            "<schema.org/location>",
            "<schema.org/name>",
            "<schema.org/startDate>",
            "<schema.org/url>",
            "isa:<schema.org/BroadcastEvent>",
            "isa:<schema.org/VirtualLocation>"
        ],
        "count": 64.0
    },
    {
        "pset": [
            "<schema.org/broadcastOfEvent>",
            "<schema.org/description>",
            "<schema.org/isLiveBroadcast>",
            "<schema.org/name>",
            "<schema.org/videoFormat>",
            "isa:<schema.org/BroadcastEvent>"
        ],
        "count": 64.0
    },
    {
        "pset": [
            "<schema.org/description>",
            "<schema.org/isLiveBroadcast>",
            "<schema.org/name>",
            "<schema.org/publishedOn>",
            "<schema.org/startDate>",
            "<schema.org/url>",
            "isa:<schema.org/BroadcastEvent>"
        ],
        "count": 63.0
    },
    {
        "pset": [
            "<schema.org/broadcastOfEvent>",
            "<schema.org/publishedOn>",
            "isa:<schema.org/BroadcastEvent>"
        ],
        "count": 63.0
    },
    {
        "pset": [
            "<schema.org/description>",
            "<schema.org/eventAttendanceMode>",
            "<schema.org/image>",
            "<schema.org/name>",
            "<schema.org/offers>",
            "<schema.org/organizer>",
            "isa:<schema.org/BroadcastEvent>"
        ],
        "count": 62.0
    },
    {
        "pset": [
            "<schema.org/description>",
            "<schema.org/isLiveBroadcast>",
            "<schema.org/name>",
            "<schema.org/startDate>",
            "isa:<schema.org/BroadcastEvent>"
        ],
        "count": 58.0
    },
    {
        "pset": [
            "<schema.org/description>",
            "<schema.org/endDate>",
            "<schema.org/isAccessibleForFree>",
            "<schema.org/isLiveBroadcast>",
            "<schema.org/name>",
            "<schema.org/organizer>",
            "<schema.org/publishedOn>",
            "<schema.org/startDate>",
            "<schema.org/workPerformed>",
            "isa:<schema.org/BroadcastEvent>"
        ],
        "count": 57.0
    },
    {
        "pset": [
            "<schema.org/broadcastOfEvent>",
            "isa:<schema.org/BroadcastEvent>"
        ],
        "count": 55.0
    },
    {
        "pset": [
            "<schema.org/duration>",
            "<schema.org/identifier>",
            "<schema.org/image>",
            "<schema.org/isLiveBroadcast>",
            "<schema.org/name>",
            "<schema.org/startDate>",
            "isa:<schema.org/BroadcastEvent>"
        ],
        "count": 55.0
    },
    {
        "pset": [
            "<schema.org/description>",
            "<schema.org/genre>",
            "<schema.org/isLiveBroadcast>",
            "<schema.org/name>",
            "<schema.org/publishedOn>",
            "<schema.org/startDate>",
            "<schema.org/url>",
            "<schema.org/workPerformed>",
            "isa:<schema.org/BroadcastEvent>",
            "isa:<schema.org/CreativeWork>"
        ],
        "count": 55.0
    },
    {
        "pset": [
            "<schema.org/description>",
            "<schema.org/isAccessibleForFree>",
            "<schema.org/isLiveBroadcast>",
            "<schema.org/name>",
            "<schema.org/publishedOn>",
            "<schema.org/url>",
            "isa:<schema.org/BroadcastEvent>"
        ],
        "count": 52.0
    },
    {
        "pset": [
            "<schema.org/broadcastOfEvent>",
            "<schema.org/description>",
            "<schema.org/inLanguage>",
            "<schema.org/isLiveBroadcast>",
            "<schema.org/name>",
            "<schema.org/url>",
            "<schema.org/videoFormat>",
            "isa:<schema.org/BroadcastEvent>"
        ],
        "count": 47.0
    },
    {
        "pset": [
            "<schema.org/description>",
            "<schema.org/name>",
            "<schema.org/startDate>",
            "isa:<schema.org/BroadcastEvent>"
        ],
        "count": 47.0
    },
    {
        "pset": [
            "<schema.org/name>",
            "<schema.org/startDate>",
            "isa:<schema.org/BroadcastEvent>"
        ],
        "count": 46.0
    },
    {
        "pset": [
            "<schema.org/broadcastOfEvent>",
            "<schema.org/description>",
            "<schema.org/isLiveBroadcast>",
            "<schema.org/name>",
            "<schema.org/publishedOn>",
            "<schema.org/startDate>",
            "isa:<schema.org/BroadcastEvent>"
        ],
        "count": 45.0
    },
    {
        "pset": [
            "<schema.org/countryOfOrigin>",
            "<schema.org/description>",
            "<schema.org/genre>",
            "<schema.org/isLiveBroadcast>",
            "<schema.org/name>",
            "<schema.org/publishedOn>",
            "<schema.org/startDate>",
            "<schema.org/thumbnailUrl>",
            "<schema.org/url>",
            "<schema.org/workPerformed>",
            "isa:<schema.org/BroadcastEvent>",
            "isa:<schema.org/CreativeWork>"
        ],
        "count": 45.0
    },
    {
        "pset": [
            "<schema.org/countryOfOrigin>",
            "<schema.org/datePublished>",
            "<schema.org/description>",
            "<schema.org/episodeNumber>",
            "<schema.org/genre>",
            "<schema.org/image>",
            "<schema.org/isLiveBroadcast>",
            "<schema.org/name>",
            "<schema.org/partOfTVSeries>",
            "<schema.org/publishedOn>",
            "<schema.org/startDate>",
            "<schema.org/thumbnailUrl>",
            "<schema.org/url>",
            "<schema.org/workPerformed>",
            "isa:<schema.org/BroadcastEvent>",
            "isa:<schema.org/TVEpisode>"
        ],
        "count": 42.0
    },
    {
        "pset": [
            "<schema.org/isAccessibleForFree>",
            "<schema.org/isLiveBroadcast>",
            "<schema.org/publishedOn>",
            "<schema.org/startDate>",
            "<schema.org/videoFormat>",
            "isa:<schema.org/BroadcastEvent>"
        ],
        "count": 39.0
    },
    {
        "pset": [
            "<schema.org/description>",
            "<schema.org/endDate>",
            "<schema.org/identifier>",
            "<schema.org/image>",
            "<schema.org/name>",
            "<schema.org/organizer>",
            "<schema.org/startDate>",
            "<schema.org/url>",
            "isa:<schema.org/BroadcastEvent>"
        ],
        "count": 35.0
    },
    {
        "pset": [
            "<schema.org/broadcastOfEvent>",
            "<schema.org/description>",
            "<schema.org/image>",
            "<schema.org/isLiveBroadcast>",
            "<schema.org/name>",
            "<schema.org/startDate>",
            "<schema.org/videoFormat>",
            "isa:<schema.org/BroadcastEvent>"
        ],
        "count": 34.0
    },
    {
        "pset": [
            "<schema.org/description>",
            "<schema.org/endDate>",
            "<schema.org/eventStatus>",
            "<schema.org/location>",
            "<schema.org/name>",
            "<schema.org/organizer>",
            "<schema.org/performer>",
            "<schema.org/startDate>",
            "<schema.org/url>",
            "isa:<schema.org/BroadcastEvent>"
        ],
        "count": 34.0
    },
    {
        "pset": [
            "<schema.org/description>",
            "<schema.org/eventAttendanceMode>",
            "<schema.org/image>",
            "<schema.org/name>",
            "<schema.org/offers>",
            "<schema.org/organizer>",
            "<schema.org/sku>",
            "isa:<schema.org/BroadcastEvent>"
        ],
        "count": 34.0
    },
    {
        "pset": [
            "<schema.org/countryOfOrigin>",
            "<schema.org/datePublished>",
            "<schema.org/description>",
            "<schema.org/director>",
            "<schema.org/genre>",
            "<schema.org/image>",
            "<schema.org/isLiveBroadcast>",
            "<schema.org/name>",
            "<schema.org/publishedOn>",
            "<schema.org/startDate>",
            "<schema.org/thumbnailUrl>",
            "<schema.org/url>",
            "<schema.org/workPerformed>",
            "isa:<schema.org/BroadcastEvent>",
            "isa:<schema.org/Movie>"
        ],
        "count": 32.0
    },
    {
        "pset": [
            "<schema.org/about>",
            "<schema.org/audience>",
            "<schema.org/description>",
            "<schema.org/inLanguage>",
            "<schema.org/isAccessibleForFree>",
            "<schema.org/isLiveBroadcast>",
            "<schema.org/name>",
            "<schema.org/performer>",
            "<schema.org/publishedOn>",
            "isa:<schema.org/BroadcastEvent>"
        ],
        "count": 32.0
    },
    {
        "pset": [
            "<schema.org/broadcastOfEvent>",
            "<schema.org/endDate>",
            "<schema.org/isLiveBroadcast>",
            "<schema.org/startDate>",
            "isa:<schema.org/BroadcastEvent>"
        ],
        "count": 31.0
    },
    {
        "pset": [
            "<schema.org/endDate>",
            "<schema.org/inLanguage>",
            "<schema.org/isLiveBroadcast>",
            "<schema.org/potentialAction>",
            "<schema.org/startDate>",
            "isa:<schema.org/BroadcastEvent>"
        ],
        "count": 29.0
    },
    {
        "pset": [
            "<schema.org/genre>",
            "<schema.org/isLiveBroadcast>",
            "<schema.org/name>",
            "<schema.org/publishedOn>",
            "<schema.org/startDate>",
            "<schema.org/url>",
            "<schema.org/workPerformed>",
            "isa:<schema.org/BroadcastEvent>",
            "isa:<schema.org/CreativeWork>"
        ],
        "count": 29.0
    },
    {
        "pset": [
            "<schema.org/description>",
            "<schema.org/eventAttendanceMode>",
            "<schema.org/eventStatus>",
            "<schema.org/image>",
            "<schema.org/name>",
            "<schema.org/offers>",
            "<schema.org/organizer>",
            "<schema.org/performer>",
            "isa:<schema.org/BroadcastEvent>"
        ],
        "count": 27.0
    },
    {
        "pset": [
            "<schema.org/broadcastOfEvent>",
            "<schema.org/description>",
            "<schema.org/isLiveBroadcast>",
            "<schema.org/name>",
            "<schema.org/startDate>",
            "isa:<schema.org/BroadcastEvent>"
        ],
        "count": 26.0
    },
    {
        "pset": [
            "<schema.org/aggregateRating>",
            "<schema.org/description>",
            "<schema.org/eventAttendanceMode>",
            "<schema.org/eventStatus>",
            "<schema.org/image>",
            "<schema.org/name>",
            "<schema.org/offers>",
            "<schema.org/organizer>",
            "<schema.org/performer>",
            "isa:<schema.org/BroadcastEvent>"
        ],
        "count": 26.0
    },
    {
        "pset": [
            "<schema.org/isLiveBroadcast>",
            "<schema.org/name>",
            "<schema.org/publishedOn>",
            "<schema.org/startDate>",
            "<schema.org/thumbnailUrl>",
            "<schema.org/url>",
            "<schema.org/workPerformed>",
            "isa:<schema.org/BroadcastEvent>",
            "isa:<schema.org/CreativeWork>"
        ],
        "count": 25.0
    },
    {
        "pset": [
            "<schema.org/about>",
            "<schema.org/audience>",
            "<schema.org/description>",
            "<schema.org/endDate>",
            "<schema.org/inLanguage>",
            "<schema.org/isAccessibleForFree>",
            "<schema.org/isLiveBroadcast>",
            "<schema.org/name>",
            "<schema.org/performer>",
            "<schema.org/publishedOn>",
            "<schema.org/startDate>",
            "<schema.org/videoFormat>",
            "isa:<schema.org/BroadcastEvent>"
        ],
        "count": 25.0
    },
    {
        "pset": [
            "<schema.org/description>",
            "<schema.org/endDate>",
            "<schema.org/eventAttendanceMode>",
            "<schema.org/eventStatus>",
            "<schema.org/hasPart>",
            "<schema.org/image>",
            "<schema.org/isAccessibleForFree>",
            "<schema.org/isLiveBroadcast>",
            "<schema.org/location>",
            "<schema.org/name>",
            "<schema.org/offers>",
            "<schema.org/organizer>",
            "<schema.org/performer>",
            "<schema.org/publishedOn>",
            "<schema.org/startDate>",
            "isa:<schema.org/BroadcastEvent>"
        ],
        "count": 24.0
    },
    {
        "pset": [
            "<schema.org/description>",
            "<schema.org/endDate>",
            "<schema.org/image>",
            "<schema.org/name>",
            "<schema.org/performer>",
            "<schema.org/startDate>",
            "<schema.org/url>",
            "isa:<schema.org/BroadcastEvent>"
        ],
        "count": 23.0
    },
    {
        "pset": [
            "<schema.org/alternateName>",
            "<schema.org/businessUnit>",
            "<schema.org/description>",
            "<schema.org/endDate>",
            "<schema.org/inLanguage>",
            "<schema.org/isAccessibleForFree>",
            "<schema.org/isLiveBroadcast>",
            "<schema.org/name>",
            "<schema.org/publishedOn>",
            "<schema.org/startDate>",
            "isa:<schema.org/BroadcastEvent>"
        ],
        "count": 23.0
    },
    {
        "pset": [
            "<schema.org/actor>",
            "<schema.org/countryOfOrigin>",
            "<schema.org/datePublished>",
            "<schema.org/description>",
            "<schema.org/genre>",
            "<schema.org/isLiveBroadcast>",
            "<schema.org/name>",
            "<schema.org/publishedOn>",
            "<schema.org/startDate>",
            "<schema.org/thumbnailUrl>",
            "<schema.org/url>",
            "<schema.org/workPerformed>",
            "isa:<schema.org/BroadcastEvent>",
            "isa:<schema.org/CreativeWork>"
        ],
        "count": 22.0
    },
    {
        "pset": [
            "<schema.org/broadcastOfEvent>",
            "<schema.org/description>",
            "<schema.org/isLiveBroadcast>",
            "<schema.org/startDate>",
            "isa:<schema.org/BroadcastEvent>"
        ],
        "count": 19.0
    },
    {
        "pset": [
            "<schema.org/countryOfOrigin>",
            "<schema.org/datePublished>",
            "<schema.org/description>",
            "<schema.org/director>",
            "<schema.org/episodeNumber>",
            "<schema.org/genre>",
            "<schema.org/image>",
            "<schema.org/isLiveBroadcast>",
            "<schema.org/name>",
            "<schema.org/partOfSeason>",
            "<schema.org/partOfTVSeries>",
            "<schema.org/publishedOn>",
            "<schema.org/startDate>",
            "<schema.org/thumbnailUrl>",
            "<schema.org/url>",
            "<schema.org/workPerformed>",
            "isa:<schema.org/BroadcastEvent>",
            "isa:<schema.org/TVEpisode>"
        ],
        "count": 19.0
    },
    {
        "pset": [
            "<schema.org/actor>",
            "<schema.org/alternateName>",
            "<schema.org/businessUnit>",
            "<schema.org/description>",
            "<schema.org/endDate>",
            "<schema.org/inLanguage>",
            "<schema.org/isAccessibleForFree>",
            "<schema.org/isLiveBroadcast>",
            "<schema.org/name>",
            "<schema.org/publishedOn>",
            "<schema.org/startDate>",
            "isa:<schema.org/BroadcastEvent>"
        ],
        "count": 18.0
    },
    {
        "pset": [
            "<schema.org/broadcastOfEvent>",
            "<schema.org/description>",
            "<schema.org/isLiveBroadcast>",
            "<schema.org/startDate>",
            "<schema.org/title>",
            "<schema.org/videoFormat>",
            "isa:<schema.org/BroadcastEvent>"
        ],
        "count": 15.0
    },
    {
        "pset": [
            "<schema.org/Organizer>",
            "<schema.org/description>",
            "<schema.org/endDate>",
            "<schema.org/eventAttendanceMode>",
            "<schema.org/eventStatus>",
            "<schema.org/image>",
            "<schema.org/location>",
            "<schema.org/name>",
            "<schema.org/startDate>",
            "isa:<schema.org/BroadcastEvent>"
        ],
        "count": 15.0
    },
    {
        "pset": [
            "<schema.org/doorTime>",
            "<schema.org/endDate>",
            "<schema.org/eventAttendanceMode>",
            "<schema.org/eventStatus>",
            "<schema.org/isAccessibleForFree>",
            "<schema.org/isLiveBroadcast>",
            "<schema.org/performer>",
            "<schema.org/publishedOn>",
            "<schema.org/startDate>",
            "isa:<schema.org/BroadcastEvent>"
        ],
        "count": 14.0
    },
    {
        "pset": [
            "<schema.org/isLiveBroadcast>",
            "<schema.org/location>",
            "<schema.org/startDate>",
            "<schema.org/videoFormat>",
            "isa:<schema.org/BroadcastEvent>"
        ],
        "count": 14.0
    },
    {
        "pset": [
            "<schema.org/broadcastOfEvent>",
            "<schema.org/description>",
            "<schema.org/name>",
            "isa:<schema.org/BroadcastEvent>"
        ],
        "count": 14.0
    },
    {
        "pset": [
            "<schema.org/Organizer>",
            "<schema.org/description>",
            "<schema.org/endDate>",
            "<schema.org/eventAttendanceMode>",
            "<schema.org/eventStatus>",
            "<schema.org/image>",
            "<schema.org/location>",
            "<schema.org/name>",
            "<schema.org/performer>",
            "<schema.org/startDate>",
            "isa:<schema.org/BroadcastEvent>"
        ],
        "count": 13.0
    },
    {
        "pset": [
            "<schema.org/image>",
            "<schema.org/name>",
            "<schema.org/offers>",
            "<schema.org/startdate>",
            "<schema.org/url>",
            "isa:<schema.org/BroadcastEvent>"
        ],
        "count": 12.0
    },
    {
        "pset": [
            "<schema.org/isLiveBroadcast>",
            "<schema.org/name>",
            "<schema.org/publishedOn>",
            "<schema.org/startDate>",
            "<schema.org/url>",
            "<schema.org/workPerformed>",
            "isa:<schema.org/BroadcastEvent>",
            "isa:<schema.org/CreativeWork>"
        ],
        "count": 12.0
    },
    {
        "pset": [
            "<schema.org/description>",
            "<schema.org/image>",
            "<schema.org/isLiveBroadcast>",
            "<schema.org/location>",
            "<schema.org/name>",
            "<schema.org/startDate>",
            "<schema.org/url>",
            "<schema.org/videoFormat>",
            "isa:<schema.org/BroadcastEvent>"
        ],
        "count": 12.0
    },
    {
        "pset": [
            "<schema.org/isLiveBroadCast>",
            "<schema.org/startDate>",
            "isa:<schema.org/BroadcastEvent>"
        ],
        "count": 11.0
    },
    {
        "pset": [
            "<schema.org/description>",
            "<schema.org/eventAttendanceMode>",
            "<schema.org/eventStatus>",
            "<schema.org/image>",
            "<schema.org/name>",
            "<schema.org/offers>",
            "<schema.org/organizer>",
            "<schema.org/performer>",
            "<schema.org/sku>",
            "isa:<schema.org/BroadcastEvent>"
        ],
        "count": 11.0
    },
    {
        "pset": [
            "<schema.org/description>",
            "<schema.org/endDate>",
            "<schema.org/isLiveBroadcast>",
            "<schema.org/name>",
            "<schema.org/startDate>",
            "<schema.org/thumbnailUrl>",
            "<schema.org/uploadDate>",
            "isa:<schema.org/BroadcastEvent>"
        ],
        "count": 11.0
    },
    {
        "pset": [
            "<schema.org/broadcastOfEvent>",
            "<schema.org/description>",
            "<schema.org/endDate>",
            "<schema.org/isAccessibleForFree>",
            "<schema.org/isLiveBroadcast>",
            "<schema.org/name>",
            "<schema.org/startDate>",
            "<schema.org/url>",
            "<schema.org/videoFormat>",
            "isa:<schema.org/BroadcastEvent>"
        ],
        "count": 10.0
    },
    {
        "pset": [
            "<schema.org/aggregateRating>",
            "<schema.org/description>",
            "<schema.org/eventAttendanceMode>",
            "<schema.org/eventStatus>",
            "<schema.org/image>",
            "<schema.org/name>",
            "<schema.org/offers>",
            "<schema.org/organizer>",
            "<schema.org/performer>",
            "<schema.org/sku>",
            "isa:<schema.org/BroadcastEvent>"
        ],
        "count": 10.0
    },
    {
        "pset": [
            "<schema.org/description>",
            "<schema.org/endDate>",
            "<schema.org/name>",
            "<schema.org/startDate>",
            "<schema.org/url>",
            "isa:<schema.org/BroadcastEvent>"
        ],
        "count": 10.0
    },
    {
        "pset": [
            "<schema.org/countryOfOrigin>",
            "<schema.org/datePublished>",
            "<schema.org/description>",
            "<schema.org/director>",
            "<schema.org/episodeNumber>",
            "<schema.org/genre>",
            "<schema.org/image>",
            "<schema.org/isLiveBroadcast>",
            "<schema.org/name>",
            "<schema.org/partOfTVSeries>",
            "<schema.org/publishedOn>",
            "<schema.org/startDate>",
            "<schema.org/thumbnailUrl>",
            "<schema.org/url>",
            "<schema.org/workPerformed>",
            "isa:<schema.org/BroadcastEvent>",
            "isa:<schema.org/TVEpisode>"
        ],
        "count": 10.0
    },
    {
        "pset": [
            "<schema.org/broadcastOfEvent>",
            "<schema.org/description>",
            "<schema.org/endDate>",
            "<schema.org/eventAttendanceMode>",
            "<schema.org/eventStatus>",
            "<schema.org/image>",
            "<schema.org/isLiveBroadcast>",
            "<schema.org/startDate>",
            "isa:<schema.org/BroadcastEvent>"
        ],
        "count": 10.0
    },
    {
        "pset": [
            "<schema.org/countryOfOrigin>",
            "<schema.org/description>",
            "<schema.org/genre>",
            "<schema.org/isLiveBroadcast>",
            "<schema.org/name>",
            "<schema.org/publishedOn>",
            "<schema.org/startDate>",
            "<schema.org/url>",
            "<schema.org/workPerformed>",
            "isa:<schema.org/BroadcastEvent>",
            "isa:<schema.org/CreativeWork>"
        ],
        "count": 9.0
    },
    {
        "pset": [
            "<schema.org/about>",
            "<schema.org/description>",
            "<schema.org/endDate>",
            "<schema.org/image>",
            "<schema.org/isAccessibleForFree>",
            "<schema.org/isLiveBroadcast>",
            "<schema.org/location>",
            "<schema.org/name>",
            "<schema.org/publishedBy>",
            "<schema.org/startDate>",
            "<schema.org/url>",
            "isa:<schema.org/BroadcastEvent>"
        ],
        "count": 9.0
    },
    {
        "pset": [
            "<schema.org/description>",
            "<schema.org/isLiveBroadcast>",
            "<schema.org/name>",
            "<schema.org/publishedOn>",
            "<schema.org/startDate>",
            "<schema.org/url>",
            "<schema.org/workPerformed>",
            "isa:<schema.org/BroadcastEvent>",
            "isa:<schema.org/CreativeWork>"
        ],
        "count": 9.0
    },
    {
        "pset": [
            "<schema.org/description>",
            "<schema.org/image>",
            "<schema.org/location>",
            "<schema.org/name>",
            "<schema.org/startDate>",
            "<schema.org/url>",
            "isa:<schema.org/BroadcastEvent>"
        ],
        "count": 9.0
    },
    {
        "pset": [
            "<schema.org/broadcastOfEvent>",
            "<schema.org/description>",
            "<schema.org/image>",
            "<schema.org/isLiveBroadcast>",
            "<schema.org/name>",
            "<schema.org/startDate>",
            "<schema.org/url>",
            "isa:<schema.org/BroadcastEvent>"
        ],
        "count": 9.0
    },
    {
        "pset": [
            "<schema.org/datePublished>",
            "<schema.org/description>",
            "<schema.org/genre>",
            "<schema.org/isLiveBroadcast>",
            "<schema.org/name>",
            "<schema.org/publishedOn>",
            "<schema.org/startDate>",
            "<schema.org/url>",
            "<schema.org/workPerformed>",
            "isa:<schema.org/BroadcastEvent>",
            "isa:<schema.org/CreativeWork>"
        ],
        "count": 9.0
    },
    {
        "pset": [
            "<schema.org/countryOfOrigin>",
            "<schema.org/datePublished>",
            "<schema.org/genre>",
            "<schema.org/isLiveBroadcast>",
            "<schema.org/name>",
            "<schema.org/publishedOn>",
            "<schema.org/startDate>",
            "<schema.org/url>",
            "<schema.org/workPerformed>",
            "isa:<schema.org/BroadcastEvent>",
            "isa:<schema.org/CreativeWork>"
        ],
        "count": 8.0
    },
    {
        "pset": [
            "<schema.org/endDate>",
            "<schema.org/name>",
            "<schema.org/publishedOn>",
            "<schema.org/startDate>",
            "<schema.org/workPerformed>",
            "isa:<schema.org/BroadcastEvent>"
        ],
        "count": 8.0
    },
    {
        "pset": [
            "<schema.org/endDate>",
            "<schema.org/isLiveBroadcast>",
            "<schema.org/sameAs>",
            "<schema.org/startDate>",
            "isa:<schema.org/BroadcastEvent>"
        ],
        "count": 8.0
    },
    {
        "pset": [
            "<schema.org/aggregateRating>",
            "<schema.org/description>",
            "<schema.org/eventAttendanceMode>",
            "<schema.org/image>",
            "<schema.org/name>",
            "<schema.org/offers>",
            "<schema.org/organizer>",
            "<schema.org/sku>",
            "isa:<schema.org/BroadcastEvent>"
        ],
        "count": 7.0
    },
    {
        "pset": [
            "<schema.org/endDate>",
            "<schema.org/isAccessibleForFree>",
            "<schema.org/isLiveBroadcast>",
            "<schema.org/publishedBy>",
            "<schema.org/startDate>",
            "<schema.org/url>",
            "<schema.org/videoFormat>",
            "isa:<schema.org/BroadcastEvent>"
        ],
        "count": 7.0
    },
    {
        "pset": [
            "<schema.org/description>",
            "<schema.org/endDate>",
            "<schema.org/image>",
            "<schema.org/inLanguage>",
            "<schema.org/isLiveBroadcast>",
            "<schema.org/name>",
            "<schema.org/publishedOn>",
            "<schema.org/startDate>",
            "isa:<schema.org/BroadcastEvent>"
        ],
        "count": 7.0
    },
    {
        "pset": [
            "<schema.org/countryOfOrigin>",
            "<schema.org/datePublished>",
            "<schema.org/description>",
            "<schema.org/genre>",
            "<schema.org/image>",
            "<schema.org/isLiveBroadcast>",
            "<schema.org/name>",
            "<schema.org/partOfTVSeries>",
            "<schema.org/publishedOn>",
            "<schema.org/startDate>",
            "<schema.org/thumbnailUrl>",
            "<schema.org/url>",
            "<schema.org/workPerformed>",
            "isa:<schema.org/BroadcastEvent>",
            "isa:<schema.org/TVEpisode>"
        ],
        "count": 7.0
    },
    {
        "pset": [
            "<schema.org/aggregateRating>",
            "<schema.org/eventAttendanceMode>",
            "<schema.org/image>",
            "<schema.org/name>",
            "<schema.org/offers>",
            "<schema.org/organizer>",
            "<schema.org/performer>",
            "<schema.org/sku>",
            "isa:<schema.org/BroadcastEvent>"
        ],
        "count": 7.0
    },
    {
        "pset": [
            "<schema.org/aggregateRating>",
            "<schema.org/description>",
            "<schema.org/eventAttendanceMode>",
            "<schema.org/image>",
            "<schema.org/name>",
            "<schema.org/organizer>",
            "<schema.org/performer>",
            "<schema.org/sku>",
            "isa:<schema.org/BroadcastEvent>"
        ],
        "count": 7.0
    },
    {
        "pset": [
            "<schema.org/endDate>",
            "<schema.org/isLiveBroadCast>",
            "<schema.org/startData>",
            "<schema.org/startDate>",
            "isa:<schema.org/BroadcastEvent>"
        ],
        "count": 7.0
    },
    {
        "pset": [
            "<schema.org/countryOfOrigin>",
            "<schema.org/datePublished>",
            "<schema.org/description>",
            "<schema.org/director>",
            "<schema.org/genre>",
            "<schema.org/isLiveBroadcast>",
            "<schema.org/name>",
            "<schema.org/publishedOn>",
            "<schema.org/startDate>",
            "<schema.org/thumbnailUrl>",
            "<schema.org/url>",
            "<schema.org/workPerformed>",
            "isa:<schema.org/BroadcastEvent>",
            "isa:<schema.org/CreativeWork>"
        ],
        "count": 6.0
    },
    {
        "pset": [
            "<schema.org/about>",
            "<schema.org/description>",
            "<schema.org/duration>",
            "<schema.org/endDate>",
            "<schema.org/eventAttendanceMode>",
            "<schema.org/eventStatus>",
            "<schema.org/image>",
            "<schema.org/isLiveBroadcast>",
            "<schema.org/location>",
            "<schema.org/name>",
            "<schema.org/organizer>",
            "<schema.org/performer>",
            "<schema.org/startDate>",
            "<schema.org/url>",
            "isa:<schema.org/BroadcastEvent>"
        ],
        "count": 6.0
    },
    {
        "pset": [
            "<schema.org/broadcastOfEvent>",
            "<schema.org/description>",
            "<schema.org/isLiveBroadcast>",
            "<schema.org/name>",
            "isa:<schema.org/BroadcastEvent>"
        ],
        "count": 6.0
    },
    {
        "pset": [
            "<schema.org/endDate>",
            "<schema.org/name>",
            "<schema.org/startDate>",
            "isa:<schema.org/BroadcastEvent>"
        ],
        "count": 6.0
    },
    {
        "pset": [
            "<schema.org/description>",
            "<schema.org/inLanguage>",
            "<schema.org/isAccessibleForFree>",
            "<schema.org/name>",
            "<schema.org/performer>",
            "<schema.org/publishedBy>",
            "<schema.org/startDate>",
            "<schema.org/url>",
            "isa:<schema.org/BroadcastEvent>"
        ],
        "count": 6.0
    },
    {
        "pset": [
            "<schema.org/aggregateRating>",
            "<schema.org/description>",
            "<schema.org/eventAttendanceMode>",
            "<schema.org/image>",
            "<schema.org/name>",
            "<schema.org/offers>",
            "<schema.org/organizer>",
            "isa:<schema.org/BroadcastEvent>"
        ],
        "count": 6.0
    },
    {
        "pset": [
            "<schema.org/datePublished>",
            "<schema.org/genre>",
            "<schema.org/isLiveBroadcast>",
            "<schema.org/name>",
            "<schema.org/publishedOn>",
            "<schema.org/startDate>",
            "<schema.org/url>",
            "<schema.org/workPerformed>",
            "isa:<schema.org/BroadcastEvent>",
            "isa:<schema.org/CreativeWork>"
        ],
        "count": 6.0
    },
    {
        "pset": [
            "<schema.org/isLiveBroadcast>",
            "<schema.org/name>",
            "<schema.org/startDate>",
            "<schema.org/videoFormat>",
            "isa:<schema.org/BroadcastEvent>"
        ],
        "count": 6.0
    },
    {
        "pset": [
            "<schema.org/aggregateRating>",
            "<schema.org/description>",
            "<schema.org/endDate>",
            "<schema.org/eventAttendanceMode>",
            "<schema.org/eventStatus>",
            "<schema.org/image>",
            "<schema.org/name>",
            "<schema.org/offers>",
            "<schema.org/organizer>",
            "<schema.org/startDate>",
            "isa:<schema.org/BroadcastEvent>"
        ],
        "count": 6.0
    },
    {
        "pset": [
            "<schema.org/isLiveBroadcast>",
            "<schema.org/startDate>",
            "<schema.org/videoFormat>",
            "isa:<schema.org/BroadcastEvent>"
        ],
        "count": 6.0
    },
    {
        "pset": [
            "<schema.org/broadcastEvent>",
            "<schema.org/isLiveBroadcast>",
            "<schema.org/name>",
            "<schema.org/startDate>",
            "<schema.org/videoFormat>",
            "isa:<schema.org/BroadcastEvent>"
        ],
        "count": 6.0
    },
    {
        "pset": [
            "<schema.org/eventAttendanceMode>",
            "<schema.org/image>",
            "<schema.org/name>",
            "<schema.org/offers>",
            "<schema.org/organizer>",
            "isa:<schema.org/BroadcastEvent>"
        ],
        "count": 6.0
    },
    {
        "pset": [
            "<schema.org/description>",
            "<schema.org/eventAttendanceMode>",
            "<schema.org/eventStatus>",
            "<schema.org/image>",
            "<schema.org/name>",
            "<schema.org/offers>",
            "<schema.org/organizer>",
            "isa:<schema.org/BroadcastEvent>"
        ],
        "count": 5.0
    },
    {
        "pset": [
            "<schema.org/description>",
            "<schema.org/inLanguage>",
            "<schema.org/isLiveBroadcast>",
            "<schema.org/name>",
            "<schema.org/publishedOn>",
            "<schema.org/startDate>",
            "<schema.org/videoFormat>",
            "<schema.org/workPerformed>",
            "isa:<schema.org/BroadcastEvent>"
        ],
        "count": 5.0
    },
    {
        "pset": [
            "<schema.org/actor>",
            "<schema.org/additionalType>",
            "<schema.org/description>",
            "<schema.org/eventAttendanceMode>",
            "<schema.org/image>",
            "<schema.org/inLanguage>",
            "<schema.org/location>",
            "<schema.org/name>",
            "<schema.org/offers>",
            "<schema.org/organizer>",
            "<schema.org/performer>",
            "<schema.org/publishedBy>",
            "<schema.org/recordedIn>",
            "<schema.org/startDate>",
            "<schema.org/url>",
            "isa:<schema.org/BroadcastEvent>",
            "isa:<schema.org/BusinessEvent>",
            "isa:<schema.org/EducationEvent>"
        ],
        "count": 5.0
    },
    {
        "pset": [
            "<schema.org/isLiveBroadcast>",
            "<schema.org/publishedOn>",
            "<schema.org/startDate>",
            "isa:<schema.org/BroadcastEvent>"
        ],
        "count": 5.0
    },
    {
        "pset": [
            "<schema.org/description>",
            "<schema.org/endDate>",
            "<schema.org/image>",
            "<schema.org/location>",
            "<schema.org/name>",
            "<schema.org/startDate>",
            "<schema.org/url>",
            "isa:<schema.org/BroadcastEvent>"
        ],
        "count": 5.0
    },
    {
        "pset": [
            "<schema.org/inLanguage>",
            "<schema.org/isLiveBroadcast>",
            "<schema.org/name>",
            "<schema.org/offers>",
            "<schema.org/publishedOn>",
            "<schema.org/startDate>",
            "isa:<schema.org/BroadcastEvent>"
        ],
        "count": 5.0
    },
    {
        "pset": [
            "<schema.org/actor>",
            "<schema.org/countryOfOrigin>",
            "<schema.org/datePublished>",
            "<schema.org/description>",
            "<schema.org/director>",
            "<schema.org/genre>",
            "<schema.org/isLiveBroadcast>",
            "<schema.org/name>",
            "<schema.org/publishedOn>",
            "<schema.org/startDate>",
            "<schema.org/thumbnailUrl>",
            "<schema.org/url>",
            "<schema.org/workPerformed>",
            "isa:<schema.org/BroadcastEvent>",
            "isa:<schema.org/CreativeWork>"
        ],
        "count": 5.0
    },
    {
        "pset": [
            "<schema.org/alternateName>",
            "<schema.org/endDate>",
            "<schema.org/inLanguage>",
            "<schema.org/isAccessibleForFree>",
            "<schema.org/isLiveBroadcast>",
            "<schema.org/name>",
            "<schema.org/publishedOn>",
            "<schema.org/startDate>",
            "isa:<schema.org/BroadcastEvent>"
        ],
        "count": 5.0
    },
    {
        "pset": [
            "<schema.org/isLiveBroadcast>",
            "<schema.org/name>",
            "<schema.org/publishedOn>",
            "<schema.org/startDate>",
            "<schema.org/url>",
            "isa:<schema.org/BroadcastEvent>"
        ],
        "count": 5.0
    },
    {
        "pset": [
            "<schema.org/broadcastOfEvent>",
            "<schema.org/description>",
            "<schema.org/endDate>",
            "<schema.org/eventAttendanceMode>",
            "<schema.org/eventStatus>",
            "<schema.org/image>",
            "<schema.org/location>",
            "<schema.org/name>",
            "<schema.org/organizer>",
            "<schema.org/performer>",
            "<schema.org/startDate>",
            "<schema.org/typicalAgeRange>",
            "<schema.org/url>",
            "isa:<schema.org/BroadcastEvent>"
        ],
        "count": 4.0
    },
    {
        "pset": [
            "<schema.org/description>",
            "<schema.org/endDate>",
            "<schema.org/image>",
            "<schema.org/isLiveBroadcast>",
            "<schema.org/location>",
            "<schema.org/name>",
            "<schema.org/startDate>",
            "<schema.org/url>",
            "<schema.org/videoFormat>",
            "isa:<schema.org/BroadcastEvent>"
        ],
        "count": 4.0
    },
    {
        "pset": [
            "<schema.org/description>",
            "<schema.org/isLiveBroadcast>",
            "<schema.org/location>",
            "<schema.org/name>",
            "<schema.org/startDate>",
            "<schema.org/videoFormat>",
            "isa:<schema.org/BroadcastEvent>"
        ],
        "count": 4.0
    },
    {
        "pset": [
            "<schema.org/countryOfOrigin>",
            "<schema.org/datePublished>",
            "<schema.org/description>",
            "<schema.org/director>",
            "<schema.org/genre>",
            "<schema.org/isLiveBroadcast>",
            "<schema.org/name>",
            "<schema.org/publishedOn>",
            "<schema.org/startDate>",
            "<schema.org/url>",
            "<schema.org/workPerformed>",
            "isa:<schema.org/BroadcastEvent>",
            "isa:<schema.org/CreativeWork>"
        ],
        "count": 4.0
    },
    {
        "pset": [
            "<schema.org/alternateName>",
            "<schema.org/endDate>",
            "<schema.org/location>",
            "<schema.org/name>",
            "<schema.org/startDate>",
            "<schema.org/url>",
            "isa:<schema.org/BroadcastEvent>"
        ],
        "count": 4.0
    },
    {
        "pset": [
            "<schema.org/description>",
            "<schema.org/endDate>",
            "<schema.org/isAccessibleForFree>",
            "<schema.org/isLiveBroadcast>",
            "<schema.org/name>",
            "<schema.org/organizer>",
            "<schema.org/startDate>",
            "<schema.org/url>",
            "<schema.org/videoFormat>",
            "isa:<schema.org/BroadcastEvent>"
        ],
        "count": 4.0
    },
    {
        "pset": [
            "<schema.org/countryOfOrigin>",
            "<schema.org/datePublished>",
            "<schema.org/description>",
            "<schema.org/genre>",
            "<schema.org/image>",
            "<schema.org/isLiveBroadcast>",
            "<schema.org/name>",
            "<schema.org/publishedOn>",
            "<schema.org/startDate>",
            "<schema.org/thumbnailUrl>",
            "<schema.org/url>",
            "<schema.org/workPerformed>",
            "isa:<schema.org/BroadcastEvent>",
            "isa:<schema.org/Movie>"
        ],
        "count": 3.0
    },
    {
        "pset": [
            "<schema.org/countryOfOrigin>",
            "<schema.org/datePublished>",
            "<schema.org/description>",
            "<schema.org/director>",
            "<schema.org/genre>",
            "<schema.org/image>",
            "<schema.org/isLiveBroadcast>",
            "<schema.org/name>",
            "<schema.org/partOfTVSeries>",
            "<schema.org/publishedOn>",
            "<schema.org/startDate>",
            "<schema.org/thumbnailUrl>",
            "<schema.org/url>",
            "<schema.org/workPerformed>",
            "isa:<schema.org/BroadcastEvent>",
            "isa:<schema.org/TVEpisode>"
        ],
        "count": 3.0
    },
    {
        "pset": [
            "<schema.org/countryOfOrigin>",
            "<schema.org/datePublished>",
            "<schema.org/description>",
            "<schema.org/episodeNumber>",
            "<schema.org/genre>",
            "<schema.org/image>",
            "<schema.org/isLiveBroadcast>",
            "<schema.org/name>",
            "<schema.org/partOfSeason>",
            "<schema.org/partOfTVSeries>",
            "<schema.org/publishedOn>",
            "<schema.org/startDate>",
            "<schema.org/thumbnailUrl>",
            "<schema.org/url>",
            "<schema.org/workPerformed>",
            "isa:<schema.org/BroadcastEvent>",
            "isa:<schema.org/CreativeWork>",
            "isa:<schema.org/TVEpisode>"
        ],
        "count": 3.0
    },
    {
        "pset": [
            "<schema.org/actor>",
            "<schema.org/alternateName>",
            "<schema.org/description>",
            "<schema.org/endDate>",
            "<schema.org/inLanguage>",
            "<schema.org/isAccessibleForFree>",
            "<schema.org/isLiveBroadcast>",
            "<schema.org/name>",
            "<schema.org/publishedOn>",
            "<schema.org/startDate>",
            "isa:<schema.org/BroadcastEvent>"
        ],
        "count": 3.0
    },
    {
        "pset": [
            "<schema.org/datePublished>",
            "<schema.org/description>",
            "<schema.org/genre>",
            "<schema.org/isLiveBroadcast>",
            "<schema.org/name>",
            "<schema.org/publishedOn>",
            "<schema.org/startDate>",
            "<schema.org/thumbnailUrl>",
            "<schema.org/url>",
            "<schema.org/workPerformed>",
            "isa:<schema.org/BroadcastEvent>",
            "isa:<schema.org/CreativeWork>"
        ],
        "count": 3.0
    },
    {
        "pset": [
            "<schema.org/description>",
            "<schema.org/endDate>",
            "<schema.org/eventAttendanceMode>",
            "<schema.org/eventStatus>",
            "<schema.org/image>",
            "<schema.org/name>",
            "<schema.org/offers>",
            "<schema.org/organizer>",
            "<schema.org/startDate>",
            "isa:<schema.org/BroadcastEvent>"
        ],
        "count": 3.0
    },
    {
        "pset": [
            "<schema.org/description>",
            "<schema.org/endDate>",
            "<schema.org/inLanguage>",
            "<schema.org/isLiveBroadcast>",
            "<schema.org/name>",
            "<schema.org/publishedOn>",
            "<schema.org/startDate>",
            "<schema.org/url>",
            "<schema.org/videoFormat>",
            "<schema.org/workPerformed>",
            "isa:<schema.org/BroadcastEvent>"
        ],
        "count": 3.0
    },
    {
        "pset": [
            "<schema.org/description>",
            "<schema.org/eventAttendanceMode>",
            "<schema.org/eventStatus>",
            "<schema.org/image>",
            "<schema.org/name>",
            "<schema.org/offers>",
            "<schema.org/organizer>",
            "<schema.org/sku>",
            "isa:<schema.org/BroadcastEvent>"
        ],
        "count": 3.0
    },
    {
        "pset": [
            "<schema.org/description>",
            "<schema.org/endDate>",
            "<schema.org/inLanguage>",
            "<schema.org/name>",
            "<schema.org/publishedOn>",
            "<schema.org/startDate>",
            "isa:<schema.org/BroadcastEvent>"
        ],
        "count": 3.0
    },
    {
        "pset": [
            "<schema.org/description>",
            "<schema.org/endDate>",
            "<schema.org/inLanguage>",
            "<schema.org/isLiveBroadcast>",
            "<schema.org/name>",
            "<schema.org/publishedOn>",
            "<schema.org/startDate>",
            "<schema.org/subjectOf>",
            "<schema.org/videoFormat>",
            "<schema.org/workPerformed>",
            "isa:<schema.org/BroadcastEvent>"
        ],
        "count": 3.0
    },
    {
        "pset": [
            "<schema.org/description>",
            "<schema.org/eventAttendanceMode>",
            "<schema.org/image>",
            "<schema.org/name>",
            "<schema.org/organizer>",
            "<schema.org/performer>",
            "isa:<schema.org/BroadcastEvent>"
        ],
        "count": 3.0
    },
    {
        "pset": [
            "<schema.org/genre>",
            "<schema.org/isLiveBroadcast>",
            "<schema.org/name>",
            "<schema.org/publishedOn>",
            "<schema.org/startDate>",
            "<schema.org/thumbnailUrl>",
            "<schema.org/url>",
            "<schema.org/workPerformed>",
            "isa:<schema.org/BroadcastEvent>",
            "isa:<schema.org/CreativeWork>"
        ],
        "count": 3.0
    },
    {
        "pset": [
            "<schema.org/description>",
            "<schema.org/endDate>",
            "<schema.org/free>",
            "<schema.org/image>",
            "<schema.org/isAccessibleForFree>",
            "<schema.org/maximumAttendeeCapacity>",
            "<schema.org/name>",
            "<schema.org/offers>",
            "<schema.org/remainingAttendeeCapacity>",
            "<schema.org/startDate>",
            "<schema.org/url>",
            "isa:<schema.org/BroadcastEvent>"
        ],
        "count": 3.0
    },
    {
        "pset": [
            "<schema.org/description>",
            "<schema.org/inLanguage>",
            "<schema.org/isAccessibleForFree>",
            "<schema.org/name>",
            "<schema.org/performer>",
            "<schema.org/publishedBy>",
            "<schema.org/publishedOn>",
            "<schema.org/startDate>",
            "<schema.org/url>",
            "isa:<schema.org/BroadcastEvent>"
        ],
        "count": 3.0
    },
    {
        "pset": [
            "<schema.org/location>",
            "<schema.org/publishedOn>",
            "isa:<schema.org/BroadcastEvent>"
        ],
        "count": 2.0
    },
    {
        "pset": [
            "<schema.org/endDate>",
            "<schema.org/eventAttendanceMode>",
            "<schema.org/eventStatus>",
            "<schema.org/location>",
            "<schema.org/name>",
            "<schema.org/startDate>",
            "<schema.org/url>",
            "isa:<schema.org/BroadcastEvent>"
        ],
        "count": 2.0
    },
    {
        "pset": [
            "<schema.org/description>",
            "<schema.org/endDate>",
            "<schema.org/image>",
            "<schema.org/isLiveBroadcast>",
            "<schema.org/name>",
            "<schema.org/offers>",
            "<schema.org/performer>",
            "<schema.org/startDate>",
            "isa:<schema.org/BroadcastEvent>"
        ],
        "count": 2.0
    },
    {
        "pset": [
            "<schema.org/description>",
            "<schema.org/isAccessibleForFree>",
            "<schema.org/isLiveBroadcast>",
            "<schema.org/publishedOn>",
            "<schema.org/url>",
            "isa:<schema.org/BroadcastEvent>"
        ],
        "count": 2.0
    },
    {
        "pset": [
            "<schema.org/description>",
            "<schema.org/endDate>",
            "<schema.org/isAccessibleForFree>",
            "<schema.org/name>",
            "<schema.org/startDate>",
            "<schema.org/url>",
            "isa:<schema.org/BroadcastEvent>"
        ],
        "count": 2.0
    },
    {
        "pset": [
            "<schema.org/broadcastOfEvent>",
            "<schema.org/description>",
            "<schema.org/endDate>",
            "<schema.org/image>",
            "<schema.org/name>",
            "<schema.org/publishedOn>",
            "<schema.org/startDate>",
            "<schema.org/url>",
            "isa:<schema.org/BroadcastEvent>"
        ],
        "count": 2.0
    },
    {
        "pset": [
            "<schema.org/aggregateRating>",
            "<schema.org/eventAttendanceMode>",
            "<schema.org/image>",
            "<schema.org/name>",
            "<schema.org/offers>",
            "<schema.org/organizer>",
            "<schema.org/performer>",
            "isa:<schema.org/BroadcastEvent>"
        ],
        "count": 2.0
    },
    {
        "pset": [
            "<schema.org/description>",
            "<schema.org/isLiveBroadcast>",
            "<schema.org/startDate>",
            "isa:<schema.org/BroadcastEvent>"
        ],
        "count": 2.0
    },
    {
        "pset": [
            "<schema.org/countryOfOrigin>",
            "<schema.org/isLiveBroadcast>",
            "<schema.org/name>",
            "<schema.org/publishedOn>",
            "<schema.org/startDate>",
            "<schema.org/url>",
            "<schema.org/workPerformed>",
            "isa:<schema.org/BroadcastEvent>",
            "isa:<schema.org/CreativeWork>"
        ],
        "count": 2.0
    },
    {
        "pset": [
            "<schema.org/countryOfOrigin>",
            "<schema.org/description>",
            "<schema.org/genre>",
            "<schema.org/image>",
            "<schema.org/isLiveBroadcast>",
            "<schema.org/name>",
            "<schema.org/publishedOn>",
            "<schema.org/startDate>",
            "<schema.org/thumbnailUrl>",
            "<schema.org/url>",
            "<schema.org/workPerformed>",
            "isa:<schema.org/BroadcastEvent>",
            "isa:<schema.org/Movie>"
        ],
        "count": 2.0
    },
    {
        "pset": [
            "<schema.org/description>",
            "<schema.org/isLiveBroadcast>",
            "<schema.org/name>",
            "isa:<schema.org/BroadcastEvent>"
        ],
        "count": 2.0
    },
    {
        "pset": [
            "<schema.org/broadcastOfEvent>",
            "<schema.org/description>",
            "<schema.org/endDate>",
            "<schema.org/eventStatus>",
            "<schema.org/isLiveBroadcast>",
            "<schema.org/name>",
            "<schema.org/publishedOn>",
            "<schema.org/startDate>",
            "<schema.org/videoFormat>",
            "isa:<schema.org/BroadcastEvent>"
        ],
        "count": 2.0
    },
    {
        "pset": [
            "<schema.org/description>",
            "<schema.org/endDate>",
            "<schema.org/image>",
            "<schema.org/inLanguage>",
            "<schema.org/isLiveBroadcast>",
            "<schema.org/name>",
            "<schema.org/publishedOn>",
            "<schema.org/startDate>",
            "<schema.org/videoFormat>",
            "<schema.org/workPerformed>",
            "isa:<schema.org/BroadcastEvent>"
        ],
        "count": 2.0
    },
    {
        "pset": [
            "<schema.org/broadcastOfEvent>",
            "<schema.org/description>",
            "<schema.org/endDate>",
            "<schema.org/image>",
            "<schema.org/inLanguage>",
            "<schema.org/isAccessibleForFree>",
            "<schema.org/isLiveBroadcast>",
            "<schema.org/name>",
            "<schema.org/startDate>",
            "<schema.org/url>",
            "<schema.org/videoFormat>",
            "isa:<schema.org/BroadcastEvent>"
        ],
        "count": 1.0
    },
    {
        "pset": [
            "<schema.org/description>",
            "<schema.org/endDate>",
            "<schema.org/isLiveBroadcast>",
            "<schema.org/name>",
            "<schema.org/startDate>",
            "<schema.org/videoFormat>",
            "isa:<schema.org/BroadcastEvent>"
        ],
        "count": 1.0
    },
    {
        "pset": [
            "<schema.org/description>",
            "<schema.org/doorTime>",
            "<schema.org/endDate>",
            "<schema.org/image>",
            "<schema.org/location>",
            "<schema.org/name>",
            "<schema.org/startDate>",
            "<schema.org/url>",
            "isa:<schema.org/BroadcastEvent>"
        ],
        "count": 1.0
    },
    {
        "pset": [
            "<schema.org/description>",
            "<schema.org/endDate>",
            "<schema.org/image>",
            "<schema.org/inLanguage>",
            "<schema.org/name>",
            "<schema.org/publishedOn>",
            "<schema.org/sameAs>",
            "<schema.org/startDate>",
            "<schema.org/url>",
            "<schema.org/videoFormat>",
            "<schema.org/workPerformed>",
            "isa:<schema.org/BroadcastEvent>"
        ],
        "count": 1.0
    },
    {
        "pset": [
            "<schema.org/description>",
            "<schema.org/enddate>",
            "<schema.org/inLanguage>",
            "<schema.org/isLiveBroadcast>",
            "<schema.org/name>",
            "<schema.org/publishedOn>",
            "<schema.org/startDate>",
            "<schema.org/videoFormat>",
            "<schema.org/workPerformed>",
            "isa:<schema.org/BroadcastEvent>"
        ],
        "count": 1.0
    },
    {
        "pset": [
            "<schema.org/endDate>",
            "<schema.org/isLiveBroadcast>",
            "<schema.org/location>",
            "<schema.org/name>",
            "<schema.org/startDate>",
            "isa:<schema.org/BroadcastEvent>"
        ],
        "count": 1.0
    },
    {
        "pset": [
            "<schema.org/aggregateRating>",
            "<schema.org/eventAttendanceMode>",
            "<schema.org/image>",
            "<schema.org/name>",
            "<schema.org/offers>",
            "<schema.org/organizer>",
            "<schema.org/sku>",
            "isa:<schema.org/BroadcastEvent>"
        ],
        "count": 1.0
    },
    {
        "pset": [
            "<schema.org/description>",
            "<schema.org/endDate>",
            "<schema.org/inLanguage>",
            "<schema.org/isLiveBroadcast>",
            "<schema.org/name>",
            "<schema.org/performer>",
            "<schema.org/publishedOn>",
            "<schema.org/startDate>",
            "<schema.org/subtitleLanguage>",
            "<schema.org/videoFormat>",
            "<schema.org/workPerformed>",
            "isa:<schema.org/BroadcastEvent>"
        ],
        "count": 1.0
    },
    {
        "pset": [
            "<schema.org/actor>",
            "<schema.org/additionalType>",
            "<schema.org/description>",
            "<schema.org/eventAttendanceMode>",
            "<schema.org/image>",
            "<schema.org/inLanguage>",
            "<schema.org/location>",
            "<schema.org/name>",
            "<schema.org/offers>",
            "<schema.org/organizer>",
            "<schema.org/performer>",
            "<schema.org/startDate>",
            "<schema.org/url>",
            "isa:<schema.org/BroadcastEvent>",
            "isa:<schema.org/BusinessEvent>",
            "isa:<schema.org/EducationEvent>",
            "isa:<schema.org/OnDemandEvent>"
        ],
        "count": 1.0
    },
    {
        "pset": [
            "<schema.org/description>",
            "<schema.org/endDate>",
            "<schema.org/inLanguage>",
            "<schema.org/isLiveBroadcast>",
            "<schema.org/name>",
            "<schema.org/startDate>",
            "<schema.org/videoFormat>",
            "isa:<schema.org/BroadcastEvent>"
        ],
        "count": 1.0
    },
    {
        "pset": [
            "<schema.org/countryOfOrigin>",
            "<schema.org/datePublished>",
            "<schema.org/genre>",
            "<schema.org/isLiveBroadcast>",
            "<schema.org/name>",
            "<schema.org/publishedOn>",
            "<schema.org/startDate>",
            "<schema.org/thumbnailUrl>",
            "<schema.org/url>",
            "<schema.org/workPerformed>",
            "isa:<schema.org/BroadcastEvent>",
            "isa:<schema.org/CreativeWork>"
        ],
        "count": 1.0
    },
    {
        "pset": [
            "<schema.org/inLanguage>",
            "<schema.org/isLiveBroadcast>",
            "<schema.org/publishedOn>",
            "isa:<schema.org/BroadcastEvent>"
        ],
        "count": 1.0
    },
    {
        "pset": [
            "<schema.org/actor>",
            "<schema.org/countryOfOrigin>",
            "<schema.org/description>",
            "<schema.org/genre>",
            "<schema.org/isLiveBroadcast>",
            "<schema.org/name>",
            "<schema.org/publishedOn>",
            "<schema.org/startDate>",
            "<schema.org/thumbnailUrl>",
            "<schema.org/url>",
            "<schema.org/workPerformed>",
            "isa:<schema.org/BroadcastEvent>",
            "isa:<schema.org/CreativeWork>"
        ],
        "count": 1.0
    },
    {
        "pset": [
            "<schema.org/eventAttendanceMode>",
            "<schema.org/image>",
            "<schema.org/name>",
            "<schema.org/offers>",
            "<schema.org/organizer>",
            "<schema.org/sku>",
            "isa:<schema.org/BroadcastEvent>"
        ],
        "count": 1.0
    },
    {
        "pset": [
            "<schema.org/URL>",
            "<schema.org/about>",
            "<schema.org/audience>",
            "<schema.org/endDate>",
            "<schema.org/isLiveBroadcast>",
            "<schema.org/location>",
            "<schema.org/mainEntityofPage>",
            "<schema.org/organizer>",
            "<schema.org/startDate>",
            "isa:<schema.org/BroadcastEvent>"
        ],
        "count": 1.0
    },
    {
        "pset": [
            "<schema.org/address>",
            "<schema.org/description>",
            "<schema.org/geo>",
            "<schema.org/image>",
            "<schema.org/name>",
            "<schema.org/review>",
            "<schema.org/url>",
            "isa:<schema.org/BroadcastEvent>"
        ],
        "count": 1.0
    },
    {
        "pset": [
            "<schema.org/eventAttendanceMode>",
            "<schema.org/image>",
            "<schema.org/name>",
            "<schema.org/offers>",
            "<schema.org/organizer>",
            "<schema.org/performer>",
            "<schema.org/sku>",
            "isa:<schema.org/BroadcastEvent>"
        ],
        "count": 1.0
    },
    {
        "pset": [
            "<schema.org/description>",
            "<schema.org/isLiveBroadcast>",
            "<schema.org/name>",
            "<schema.org/publishedOn>",
            "<schema.org/startDate>",
            "<schema.org/videoFormat>",
            "<schema.org/workPerformed>",
            "isa:<schema.org/BroadcastEvent>"
        ],
        "count": 1.0
    },
    {
        "pset": [
            "<schema.org/endDate>",
            "<schema.org/inLanguage>",
            "<schema.org/startDate>",
            "isa:<schema.org/BroadcastEvent>"
        ],
        "count": 1.0
    },
    {
        "pset": [
            "<schema.org/broadcastOfEvent>",
            "<schema.org/description>",
            "<schema.org/eventAttendanceMode>",
            "<schema.org/eventStatus>",
            "<schema.org/image>",
            "<schema.org/isLiveBroadcast>",
            "<schema.org/name>",
            "<schema.org/offers>",
            "<schema.org/startDate>",
            "<schema.org/videoFormat>",
            "isa:<schema.org/BroadcastEvent>"
        ],
        "count": 1.0
    },
    {
        "pset": [
            "<schema.org/description>",
            "<schema.org/image>",
            "<schema.org/isLiveBroadcast>",
            "<schema.org/location>",
            "<schema.org/name>",
            "<schema.org/offers>",
            "<schema.org/organizer>",
            "<schema.org/startDate>",
            "<schema.org/url>",
            "isa:<schema.org/BroadcastEvent>"
        ],
        "count": 1.0
    },
    {
        "pset": [
            "<schema.org/actor>",
            "<schema.org/countryOfOrigin>",
            "<schema.org/datePublished>",
            "<schema.org/description>",
            "<schema.org/director>",
            "<schema.org/genre>",
            "<schema.org/isLiveBroadcast>",
            "<schema.org/name>",
            "<schema.org/publishedOn>",
            "<schema.org/startDate>",
            "<schema.org/url>",
            "isa:<schema.org/BroadcastEvent>",
            "isa:<schema.org/CreativeWork>"
        ],
        "count": 1.0
    },
    {
        "pset": [
            "<schema.org/countryOfOrigin>",
            "<schema.org/description>",
            "<schema.org/episodeNumber>",
            "<schema.org/genre>",
            "<schema.org/image>",
            "<schema.org/isLiveBroadcast>",
            "<schema.org/name>",
            "<schema.org/partOfSeason>",
            "<schema.org/partOfTVSeries>",
            "<schema.org/publishedOn>",
            "<schema.org/startDate>",
            "<schema.org/thumbnailUrl>",
            "<schema.org/url>",
            "<schema.org/workPerformed>",
            "isa:<schema.org/BroadcastEvent>",
            "isa:<schema.org/TVEpisode>"
        ],
        "count": 1.0
    },
    {
        "pset": [
            "<schema.org/countryOfOrigin>",
            "<schema.org/datePublished>",
            "<schema.org/description>",
            "<schema.org/director>",
            "<schema.org/genre>",
            "<schema.org/isLiveBroadcast>",
            "<schema.org/name>",
            "<schema.org/publishedOn>",
            "<schema.org/startDate>",
            "<schema.org/url>",
            "isa:<schema.org/BroadcastEvent>",
            "isa:<schema.org/CreativeWork>"
        ],
        "count": 1.0
    },
    {
        "pset": [
            "<schema.org/countryOfOrigin>",
            "<schema.org/datePublished>",
            "<schema.org/director>",
            "<schema.org/genre>",
            "<schema.org/isLiveBroadcast>",
            "<schema.org/name>",
            "<schema.org/publishedOn>",
            "<schema.org/startDate>",
            "<schema.org/url>",
            "<schema.org/workPerformed>",
            "isa:<schema.org/BroadcastEvent>",
            "isa:<schema.org/CreativeWork>"
        ],
        "count": 1.0
    },
    {
        "pset": [
            "<schema.org/actor>",
            "<schema.org/countryOfOrigin>",
            "<schema.org/datePublished>",
            "<schema.org/description>",
            "<schema.org/director>",
            "<schema.org/episodeNumber>",
            "<schema.org/genre>",
            "<schema.org/image>",
            "<schema.org/isLiveBroadcast>",
            "<schema.org/name>",
            "<schema.org/partOfSeason>",
            "<schema.org/partOfTVSeries>",
            "<schema.org/publishedOn>",
            "<schema.org/startDate>",
            "<schema.org/thumbnailUrl>",
            "<schema.org/url>",
            "<schema.org/workPerformed>",
            "isa:<schema.org/BroadcastEvent>",
            "isa:<schema.org/CreativeWork>",
            "isa:<schema.org/TVEpisode>"
        ],
        "count": 1.0
    },
    {
        "pset": [
            "<schema.org/actor>",
            "<schema.org/datePublished>",
            "<schema.org/description>",
            "<schema.org/director>",
            "<schema.org/genre>",
            "<schema.org/image>",
            "<schema.org/isLiveBroadcast>",
            "<schema.org/name>",
            "<schema.org/publishedOn>",
            "<schema.org/startDate>",
            "<schema.org/thumbnailUrl>",
            "<schema.org/url>",
            "<schema.org/workPerformed>",
            "isa:<schema.org/BroadcastEvent>",
            "isa:<schema.org/Movie>"
        ],
        "count": 1.0
    },
    {
        "pset": [
            "<schema.org/actor>",
            "<schema.org/countryOfOrigin>",
            "<schema.org/datePublished>",
            "<schema.org/description>",
            "<schema.org/director>",
            "<schema.org/episodeNumber>",
            "<schema.org/genre>",
            "<schema.org/image>",
            "<schema.org/isLiveBroadcast>",
            "<schema.org/name>",
            "<schema.org/partOfTVSeries>",
            "<schema.org/publishedOn>",
            "<schema.org/startDate>",
            "<schema.org/thumbnailUrl>",
            "<schema.org/url>",
            "<schema.org/workPerformed>",
            "isa:<schema.org/BroadcastEvent>",
            "isa:<schema.org/CreativeWork>",
            "isa:<schema.org/TVEpisode>"
        ],
        "count": 1.0
    },
    {
        "pset": [
            "<schema.org/description>",
            "<schema.org/endDate>",
            "<schema.org/name>",
            "<schema.org/startDate>",
            "isa:<schema.org/BroadcastEvent>"
        ],
        "count": 1.0
    },
    {
        "pset": [
            "<schema.org/description>",
            "<schema.org/eventAttendanceMode>",
            "<schema.org/eventStatus>",
            "<schema.org/isLiveBroadcast>",
            "<schema.org/location>",
            "<schema.org/name>",
            "<schema.org/startDate>",
            "<schema.org/videoFormat>",
            "isa:<schema.org/BroadcastEvent>"
        ],
        "count": 1.0
    },
    {
        "pset": [
            "<schema.org/countryOfOrigin>",
            "<schema.org/genre>",
            "<schema.org/isLiveBroadcast>",
            "<schema.org/name>",
            "<schema.org/publishedOn>",
            "<schema.org/startDate>",
            "<schema.org/url>",
            "<schema.org/workPerformed>",
            "isa:<schema.org/BroadcastEvent>",
            "isa:<schema.org/CreativeWork>"
        ],
        "count": 1.0
    },
    {
        "pset": [
            "<schema.org/broadcastOfEvent>",
            "<schema.org/isLiveBroadcast>",
            "<schema.org/videoFormat>",
            "isa:<schema.org/BroadcastEvent>"
        ],
        "count": 1.0
    },
    {
        "pset": [
            "<schema.org/broadcastOfEvent>",
            "<schema.org/description>",
            "<schema.org/isAccessibleForFree>",
            "<schema.org/isLiveBroadcast>",
            "<schema.org/name>",
            "<schema.org/startDate>",
            "<schema.org/url>",
            "<schema.org/videoFormat>",
            "isa:<schema.org/BroadcastEvent>"
        ],
        "count": 1.0
    },
    {
        "pset": [
            "<schema.org/url>",
            "isa:<schema.org/BroadcastEvent>"
        ],
        "count": 1.0
    },
    {
        "pset": [
            "<schema.org/alternateName>",
            "<schema.org/location>",
            "<schema.org/name>",
            "<schema.org/startDate>",
            "<schema.org/url>",
            "isa:<schema.org/BroadcastEvent>"
        ],
        "count": 1.0
    },
    {
        "pset": [
            "<schema.org/endDate>",
            "<schema.org/image>",
            "<schema.org/inLanguage>",
            "<schema.org/isLiveBroadcast>",
            "<schema.org/name>",
            "<schema.org/publishedOn>",
            "<schema.org/startDate>",
            "isa:<schema.org/BroadcastEvent>"
        ],
        "count": 1.0
    },
    {
        "pset": [
            "<schema.org/isLiveBroadcast>",
            "<schema.org/name>",
            "isa:<schema.org/BroadcastEvent>"
        ],
        "count": 1.0
    },
    {
        "pset": [
            "<schema.org/description>",
            "<schema.org/eventAttendanceMode>",
            "<schema.org/image>",
            "<schema.org/name>",
            "<schema.org/organizer>",
            "isa:<schema.org/BroadcastEvent>"
        ],
        "count": 1.0
    },
    {
        "pset": [
            "<schema.org/description>",
            "<schema.org/endDate>",
            "<schema.org/inLanguage>",
            "<schema.org/isLiveBroadcast>",
            "<schema.org/name>",
            "<schema.org/publishedOn>",
            "<schema.org/startDate>",
            "<schema.org/subtitleLanguage>",
            "<schema.org/videoFormat>",
            "<schema.org/workPerformed>",
            "isa:<schema.org/BroadcastEvent>"
        ],
        "count": 1.0
    },
    {
        "pset": [
            "<schema.org/description>",
            "<schema.org/genre>",
            "<schema.org/image>",
            "<schema.org/isLiveBroadcast>",
            "<schema.org/name>",
            "<schema.org/publishedOn>",
            "<schema.org/startDate>",
            "<schema.org/thumbnailUrl>",
            "<schema.org/url>",
            "<schema.org/workPerformed>",
            "isa:<schema.org/BroadcastEvent>",
            "isa:<schema.org/Movie>"
        ],
        "count": 1.0
    },
    {
        "pset": [
            "<schema.org/description>",
            "<schema.org/endDate>",
            "<schema.org/eventStatus>",
            "<schema.org/image>",
            "<schema.org/location>",
            "<schema.org/name>",
            "<schema.org/performers>",
            "<schema.org/sameAs>",
            "<schema.org/startDate>",
            "<schema.org/url>",
            "isa:<schema.org/BroadcastEvent>"
        ],
        "count": 1.0
    },
    {
        "pset": [
            "<schema.org/isLiveBroadcast>",
            "<schema.org/publishedOn>",
            "isa:<schema.org/BroadcastEvent>"
        ],
        "count": 1.0
    },
    {
        "pset": [
            "<schema.org/actor>",
            "<schema.org/countryOfOrigin>",
            "<schema.org/datePublished>",
            "<schema.org/description>",
            "<schema.org/director>",
            "<schema.org/genre>",
            "<schema.org/isLiveBroadcast>",
            "<schema.org/name>",
            "<schema.org/publishedOn>",
            "<schema.org/startDate>",
            "<schema.org/url>",
            "<schema.org/workPerformed>",
            "isa:<schema.org/BroadcastEvent>",
            "isa:<schema.org/CreativeWork>"
        ],
        "count": 1.0
    },
    {
        "pset": [
            "<schema.org/actor>",
            "<schema.org/countryOfOrigin>",
            "<schema.org/datePublished>",
            "<schema.org/description>",
            "<schema.org/director>",
            "<schema.org/genre>",
            "<schema.org/image>",
            "<schema.org/isLiveBroadcast>",
            "<schema.org/name>",
            "<schema.org/publishedOn>",
            "<schema.org/startDate>",
            "<schema.org/thumbnailUrl>",
            "<schema.org/url>",
            "<schema.org/workPerformed>",
            "isa:<schema.org/BroadcastEvent>",
            "isa:<schema.org/CreativeWork>",
            "isa:<schema.org/Movie>"
        ],
        "count": 1.0
    },
    {
        "pset": [
            "<schema.org/description>",
            "<schema.org/endDate>",
            "<schema.org/image>",
            "<schema.org/isLiveBroadcast>",
            "<schema.org/location>",
            "<schema.org/name>",
            "<schema.org/offers>",
            "<schema.org/organizer>",
            "<schema.org/performer>",
            "<schema.org/startDate>",
            "<schema.org/url>",
            "isa:<schema.org/BroadcastEvent>"
        ],
        "count": 1.0
    }
]