[
    {
        "pset": [
            "<schema.org/image>",
            "<schema.org/name>",
            "<schema.org/url>",
            "isa:<schema.org/BroadcastChannel>"
        ],
        "count": 2166.0
    },
    {
        "pset": [
            "<schema.org/description>",
            "<schema.org/mainEntityOfPage>",
            "<schema.org/name>",
            "<schema.org/sameAs>",
            "<schema.org/url>",
            "isa:<schema.org/BroadcastChannel>",
            "isa:<schema.org/CreativeWork>",
            "isa:<schema.org/TVSeries>",
            "isa:<schema.org/Thing>"
        ],
        "count": 1.0
    },
    {
        "pset": [
            "<schema.googleapis.com/detailedDescription>",
            "<schema.org/description>",
            "<schema.org/image>",
            "<schema.org/name>",
            "<schema.org/url>",
            "isa:<schema.org/BroadcastChannel>",
            "isa:<schema.org/Organization>",
            "isa:<schema.org/Thing>",
            "isa:<schema.org/Website>"
        ],
        "count": 1.0
    },
    {
        "pset": [
            "<schema.org/broadcastServiceTier>",
            "<schema.org/url>",
            "isa:<schema.org/BroadcastChannel>"
        ],
        "count": 1.0
    }
]