[
    {
        "pset": [
            "<schema.org/broadcastFrequencyValue>",
            "<schema.org/broadcastSignalModulation>",
            "<schema.org/broadcastSubChannel>",
            "isa:<schema.org/BroadcastFrequencySpecification>"
        ],
        "count": 6202.0
    },
    {
        "pset": [
            "<schema.org/broadcastFrequencyValue>",
            "<schema.org/broadcastSignalModulation>",
            "isa:<schema.org/BroadcastFrequencySpecification>"
        ],
        "count": 3113.0
    },
    {
        "pset": [
            "<schema.org/broadcastFrequencyValue>",
            "isa:<schema.org/BroadcastFrequencySpecification>"
        ],
        "count": 346.0
    }
]