[
    {
        "pset": [
            "<schema.org/alternateName>",
            "<schema.org/areaServed>",
            "<schema.org/availableChannel>",
            "<schema.org/brand>",
            "<schema.org/description>",
            "<schema.org/hoursAvailable>",
            "<schema.org/image>",
            "<schema.org/name>",
            "<schema.org/url>",
            "isa:<schema.org/BrokerageAccount>"
        ],
        "count": 6235.0
    },
    {
        "pset": [
            "<schema.org/areaServed>",
            "<schema.org/availableChannel>",
            "<schema.org/brand>",
            "<schema.org/description>",
            "<schema.org/hoursAvailable>",
            "<schema.org/image>",
            "<schema.org/name>",
            "<schema.org/url>",
            "isa:<schema.org/BrokerageAccount>"
        ],
        "count": 350.0
    },
    {
        "pset": [
            "<schema.org/amount>",
            "<schema.org/availableChannel>",
            "<schema.org/description>",
            "<schema.org/feesAndCommissionsSpecification>",
            "<schema.org/name>",
            "isa:<schema.org/BrokerageAccount>"
        ],
        "count": 336.0
    },
    {
        "pset": [
            "<schema.org/amount>",
            "<schema.org/brand>",
            "<schema.org/description>",
            "<schema.org/feesAndCommissionsSpecification>",
            "<schema.org/image>",
            "<schema.org/logo>",
            "<schema.org/name>",
            "<schema.org/url>",
            "isa:<schema.org/BrokerageAccount>"
        ],
        "count": 149.0
    },
    {
        "pset": [
            "<schema.org/name>",
            "<schema.org/url>",
            "isa:<schema.org/BrokerageAccount>"
        ],
        "count": 30.0
    },
    {
        "pset": [
            "<schema.org/amount>",
            "<schema.org/broker>",
            "<schema.org/description>",
            "<schema.org/feesAndCommissionsSpecification>",
            "<schema.org/logo>",
            "<schema.org/mainEntityOfPage>",
            "<schema.org/name>",
            "isa:<schema.org/BrokerageAccount>"
        ],
        "count": 28.0
    },
    {
        "pset": [
            "<schema.org/description>",
            "<schema.org/feesAndCommissionsSpecification>",
            "<schema.org/name>",
            "isa:<schema.org/BrokerageAccount>"
        ],
        "count": 16.0
    },
    {
        "pset": [
            "<schema.org/aggregateRating>",
            "<schema.org/brand>",
            "<schema.org/description>",
            "<schema.org/image>",
            "<schema.org/name>",
            "<schema.org/offers>",
            "<schema.org/url>",
            "isa:<schema.org/BrokerageAccount>",
            "isa:<schema.org/Product>"
        ],
        "count": 15.0
    },
    {
        "pset": [
            "<schema.org/image>",
            "<schema.org/name>",
            "<schema.org/position>",
            "<schema.org/url>",
            "isa:<schema.org/BrokerageAccount>",
            "isa:<schema.org/ListItem>"
        ],
        "count": 12.0
    },
    {
        "pset": [
            "<schema.org/brand>",
            "<schema.org/description>",
            "<schema.org/image>",
            "<schema.org/name>",
            "isa:<schema.org/BrokerageAccount>"
        ],
        "count": 9.0
    },
    {
        "pset": [
            "<schema.org/additionalType>",
            "<schema.org/areaServed>",
            "<schema.org/description>",
            "<schema.org/hasOfferCatalog>",
            "<schema.org/image>",
            "<schema.org/logo>",
            "<schema.org/name>",
            "<schema.org/sameAs>",
            "<schema.org/url>",
            "isa:<schema.org/BrokerageAccount>"
        ],
        "count": 4.0
    },
    {
        "pset": [
            "<schema.org/additionalType>",
            "<schema.org/areaServed>",
            "<schema.org/description>",
            "<schema.org/image>",
            "<schema.org/logo>",
            "<schema.org/name>",
            "<schema.org/sameAs>",
            "<schema.org/url>",
            "isa:<schema.org/BrokerageAccount>"
        ],
        "count": 2.0
    },
    {
        "pset": [
            "<schema.org/aggregateRating>",
            "<schema.org/brand>",
            "<schema.org/image>",
            "<schema.org/name>",
            "<schema.org/offers>",
            "<schema.org/url>",
            "isa:<schema.org/BrokerageAccount>",
            "isa:<schema.org/Product>"
        ],
        "count": 1.0
    }
]