[
    {
        "pset": [
            "<schema.org/description>",
            "<schema.org/geo>",
            "<schema.org/name>",
            "isa:<schema.org/CampingPitch>"
        ],
        "count": 28900.0
    },
    {
        "pset": [
            "<schema.org/name>",
            "isa:<schema.org/CampingPitch>"
        ],
        "count": 2041.0
    },
    {
        "pset": [
            "<schema.org/branchCode>",
            "<schema.org/floorSize>",
            "<schema.org/numberOfRooms>",
            "<schema.org/permittedUsage>",
            "<schema.org/petsAllowed>",
            "<schema.org/smokingAllowed>",
            "isa:<schema.org/CampingPitch>"
        ],
        "count": 578.0
    },
    {
        "pset": [
            "<schema.org/floorSize>",
            "<schema.org/petsAllowed>",
            "isa:<schema.org/CampingPitch>"
        ],
        "count": 149.0
    },
    {
        "pset": [
            "<schema.org/accommodationCategory>",
            "<schema.org/description>",
            "<schema.org/floorSize>",
            "<schema.org/image>",
            "<schema.org/name>",
            "<schema.org/numberOfRooms>",
            "<schema.org/url>",
            "isa:<schema.org/CampingPitch>"
        ],
        "count": 141.0
    },
    {
        "pset": [
            "<schema.org/branchCode>",
            "<schema.org/floorSize>",
            "<schema.org/permittedUsage>",
            "<schema.org/petsAllowed>",
            "<schema.org/smokingAllowed>",
            "isa:<schema.org/CampingPitch>"
        ],
        "count": 103.0
    },
    {
        "pset": [
            "<schema.org/address>",
            "<schema.org/description>",
            "<schema.org/image>",
            "<schema.org/name>",
            "<schema.org/telephone>",
            "<schema.org/url>",
            "isa:<schema.org/CampingPitch>"
        ],
        "count": 52.0
    },
    {
        "pset": [
            "<schema.org/description>",
            "<schema.org/name>",
            "isa:<schema.org/CampingPitch>"
        ],
        "count": 33.0
    },
    {
        "pset": [
            "<schema.org/address>",
            "<schema.org/aggregateRating>",
            "<schema.org/image>",
            "<schema.org/name>",
            "<schema.org/url>",
            "isa:<schema.org/CampingPitch>"
        ],
        "count": 28.0
    },
    {
        "pset": [
            "<schema.org/accommodationCategory>",
            "<schema.org/description>",
            "<schema.org/floorSize>",
            "<schema.org/geo>",
            "<schema.org/image>",
            "<schema.org/name>",
            "<schema.org/numberOfRooms>",
            "<schema.org/url>",
            "isa:<schema.org/CampingPitch>"
        ],
        "count": 25.0
    },
    {
        "pset": [
            "<schema.org/amenityFeature>",
            "<schema.org/description>",
            "<schema.org/image>",
            "<schema.org/name>",
            "<schema.org/url>",
            "isa:<schema.org/CampingPitch>"
        ],
        "count": 24.0
    },
    {
        "pset": [
            "<schema.org/description>",
            "<schema.org/image>",
            "<schema.org/name>",
            "isa:<schema.org/CampingPitch>"
        ],
        "count": 9.0
    },
    {
        "pset": [
            "<schema.org/brand>",
            "<schema.org/description>",
            "<schema.org/image>",
            "<schema.org/name>",
            "<schema.org/offers>",
            "<schema.org/petsAllowed>",
            "<schema.org/url>",
            "isa:<schema.org/CampingPitch>",
            "isa:<schema.org/Product>"
        ],
        "count": 7.0
    },
    {
        "pset": [
            "<schema.org/address>",
            "<schema.org/description>",
            "<schema.org/geo>",
            "<schema.org/image>",
            "<schema.org/name>",
            "<schema.org/telephone>",
            "<schema.org/url>",
            "isa:<schema.org/CampingPitch>"
        ],
        "count": 5.0
    },
    {
        "pset": [
            "<schema.org/address>",
            "<schema.org/description>",
            "<schema.org/geo>",
            "<schema.org/image>",
            "<schema.org/name>",
            "<schema.org/review>",
            "<schema.org/sameAs>",
            "<schema.org/telephone>",
            "<schema.org/url>",
            "isa:<schema.org/CampingPitch>"
        ],
        "count": 4.0
    },
    {
        "pset": [
            "<schema.org/brand>",
            "<schema.org/description>",
            "<schema.org/name>",
            "<schema.org/offers>",
            "<schema.org/petsAllowed>",
            "<schema.org/url>",
            "isa:<schema.org/CampingPitch>",
            "isa:<schema.org/Product>"
        ],
        "count": 4.0
    },
    {
        "pset": [
            "<schema.org/address>",
            "<schema.org/description>",
            "<schema.org/geo>",
            "<schema.org/image>",
            "<schema.org/logo>",
            "<schema.org/name>",
            "<schema.org/telephone>",
            "<schema.org/url>",
            "isa:<schema.org/CampingPitch>"
        ],
        "count": 3.0
    },
    {
        "pset": [
            "<schema.org/address>",
            "<schema.org/description>",
            "<schema.org/name>",
            "<schema.org/telephone>",
            "<schema.org/url>",
            "isa:<schema.org/CampingPitch>"
        ],
        "count": 3.0
    },
    {
        "pset": [
            "<schema.org/aggregateRating>",
            "<schema.org/brand>",
            "<schema.org/description>",
            "<schema.org/image>",
            "<schema.org/name>",
            "<schema.org/offers>",
            "<schema.org/petsAllowed>",
            "<schema.org/review>",
            "<schema.org/url>",
            "isa:<schema.org/CampingPitch>",
            "isa:<schema.org/Product>"
        ],
        "count": 2.0
    },
    {
        "pset": [
            "<schema.org/address>",
            "<schema.org/image>",
            "<schema.org/name>",
            "<schema.org/url>",
            "isa:<schema.org/CampingPitch>"
        ],
        "count": 2.0
    },
    {
        "pset": [
            "<schema.org/description>",
            "<schema.org/name>",
            "<schema.org/url>",
            "isa:<schema.org/CampingPitch>"
        ],
        "count": 1.0
    },
    {
        "pset": [
            "<schema.org/address>",
            "<schema.org/alternateName>",
            "<schema.org/description>",
            "<schema.org/image>",
            "<schema.org/logo>",
            "<schema.org/name>",
            "<schema.org/sameAs>",
            "<schema.org/telephone>",
            "<schema.org/url>",
            "isa:<schema.org/CampingPitch>"
        ],
        "count": 1.0
    },
    {
        "pset": [
            "<schema.org/aggregateRating>",
            "<schema.org/brand>",
            "<schema.org/description>",
            "<schema.org/name>",
            "<schema.org/offers>",
            "<schema.org/petsAllowed>",
            "<schema.org/review>",
            "<schema.org/url>",
            "isa:<schema.org/CampingPitch>",
            "isa:<schema.org/Product>"
        ],
        "count": 1.0
    }
]