[
    {
        "pset": [
            "<schema.org/author>",
            "<schema.org/claimReviewed>",
            "<schema.org/datePublished>",
            "<schema.org/itemReviewed>",
            "<schema.org/reviewRating>",
            "<schema.org/url>",
            "isa:<schema.org/ClaimReview>"
        ],
        "count": 27953.0
    },
    {
        "pset": [
            "<schema.org/author>",
            "<schema.org/claimReviewed>",
            "<schema.org/datePublished>",
            "<schema.org/itemReviewed>",
            "<schema.org/name>",
            "<schema.org/reviewRating>",
            "<schema.org/url>",
            "isa:<schema.org/ClaimReview>"
        ],
        "count": 3904.0
    },
    {
        "pset": [
            "<schema.org/author>",
            "<schema.org/claimReviewed>",
            "<schema.org/dateModified>",
            "<schema.org/datePublished>",
            "<schema.org/image>",
            "<schema.org/itemReviewed>",
            "<schema.org/mainEntityOfPage>",
            "<schema.org/publisher>",
            "<schema.org/reviewRating>",
            "<schema.org/url>",
            "isa:<schema.org/ClaimReview>"
        ],
        "count": 3504.0
    },
    {
        "pset": [
            "<schema.org/author>",
            "<schema.org/claimReviewed>",
            "<schema.org/datePublished>",
            "<schema.org/itemReviewed>",
            "<schema.org/reviewBody>",
            "<schema.org/reviewRating>",
            "<schema.org/url>",
            "isa:<schema.org/ClaimReview>"
        ],
        "count": 3011.0
    },
    {
        "pset": [
            "<schema.org/description>",
            "<schema.org/image>",
            "<schema.org/name>",
            "<schema.org/potentialAction>",
            "<schema.org/url>",
            "isa:<schema.org/ClaimReview>"
        ],
        "count": 1662.0
    },
    {
        "pset": [
            "<schema.org/author>",
            "<schema.org/claimReviewed>",
            "<schema.org/dateModified>",
            "<schema.org/datePublished>",
            "<schema.org/description>",
            "<schema.org/headline>",
            "<schema.org/image>",
            "<schema.org/inLanguage>",
            "<schema.org/itemReviewed>",
            "<schema.org/keywords>",
            "<schema.org/mainEntityOfPage>",
            "<schema.org/name>",
            "<schema.org/publisher>",
            "<schema.org/reviewRating>",
            "<schema.org/url>",
            "isa:<schema.org/ClaimReview>"
        ],
        "count": 956.0
    },
    {
        "pset": [
            "<schema.org/author>",
            "<schema.org/claimReviewed>",
            "<schema.org/datePublished>",
            "<schema.org/description>",
            "<schema.org/itemReviewed>",
            "<schema.org/reviewRating>",
            "<schema.org/url>",
            "isa:<schema.org/ClaimReview>"
        ],
        "count": 836.0
    },
    {
        "pset": [
            "<schema.org/author>",
            "<schema.org/claimReviewed>",
            "<schema.org/dateCreated>",
            "<schema.org/dateModified>",
            "<schema.org/datePublished>",
            "<schema.org/itemReviewed>",
            "<schema.org/reviewRating>",
            "<schema.org/url>",
            "isa:<schema.org/ClaimReview>"
        ],
        "count": 523.0
    },
    {
        "pset": [
            "<schema.org/author>",
            "<schema.org/claimReviewed>",
            "<schema.org/datePublished>",
            "<schema.org/reviewBody>",
            "<schema.org/reviewRating>",
            "<schema.org/url>",
            "isa:<schema.org/ClaimReview>"
        ],
        "count": 513.0
    },
    {
        "pset": [
            "<schema.org/author>",
            "<schema.org/claimReviewed>",
            "<schema.org/dateModified>",
            "<schema.org/datePublished>",
            "<schema.org/image>",
            "<schema.org/itemReviewed>",
            "<schema.org/mainEntityOfPage>",
            "<schema.org/publisher>",
            "<schema.org/reviewBody>",
            "<schema.org/reviewRating>",
            "<schema.org/url>",
            "isa:<schema.org/ClaimReview>",
            "isa:<schema.org/Review>"
        ],
        "count": 423.0
    },
    {
        "pset": [
            "<schema.org/author>",
            "<schema.org/claimReviewed>",
            "<schema.org/datePublished>",
            "<schema.org/image>",
            "<schema.org/inLanguage>",
            "<schema.org/isPartOf>",
            "<schema.org/itemReviewed>",
            "<schema.org/publisher>",
            "<schema.org/reviewRating>",
            "<schema.org/url>",
            "isa:<schema.org/ClaimReview>"
        ],
        "count": 367.0
    },
    {
        "pset": [
            "<schema.org/author>",
            "<schema.org/claimReviewed>",
            "<schema.org/dateModified>",
            "<schema.org/datePublished>",
            "<schema.org/description>",
            "<schema.org/itemReviewed>",
            "<schema.org/keywords>",
            "<schema.org/reviewBody>",
            "<schema.org/reviewRating>",
            "<schema.org/url>",
            "isa:<schema.org/ClaimReview>"
        ],
        "count": 334.0
    },
    {
        "pset": [
            "<schema.org/author>",
            "<schema.org/datePublished>",
            "<schema.org/itemReviewed>",
            "<schema.org/name>",
            "<schema.org/reviewRating>",
            "<schema.org/url>",
            "isa:<schema.org/ClaimReview>"
        ],
        "count": 304.0
    },
    {
        "pset": [
            "<schema.org/author>",
            "<schema.org/claimReviewed>",
            "<schema.org/dateModified>",
            "<schema.org/datePublished>",
            "<schema.org/description>",
            "<schema.org/itemReviewed>",
            "<schema.org/reviewBody>",
            "<schema.org/reviewRating>",
            "<schema.org/url>",
            "isa:<schema.org/ClaimReview>"
        ],
        "count": 280.0
    },
    {
        "pset": [
            "<schema.org/claimReviewed>",
            "<schema.org/datePublished>",
            "<schema.org/itemReviewed>",
            "<schema.org/url>",
            "isa:<schema.org/ClaimReview>"
        ],
        "count": 238.0
    },
    {
        "pset": [
            "<schema.org/author>",
            "<schema.org/claimReviewed>",
            "<schema.org/datePublished>",
            "<schema.org/name>",
            "<schema.org/url>",
            "isa:<schema.org/ClaimReview>"
        ],
        "count": 232.0
    },
    {
        "pset": [
            "<schema.org/author>",
            "<schema.org/reviewRating>",
            "isa:<schema.org/ClaimReview>"
        ],
        "count": 229.0
    },
    {
        "pset": [
            "<schema.org/author>",
            "<schema.org/claimReviewed>",
            "<schema.org/datePublished>",
            "<schema.org/reviewRating>",
            "<schema.org/url>",
            "isa:<schema.org/ClaimReview>"
        ],
        "count": 216.0
    },
    {
        "pset": [
            "<schema.org/author>",
            "<schema.org/claimReviewed>",
            "<schema.org/dateModified>",
            "<schema.org/datePublished>",
            "<schema.org/description>",
            "<schema.org/itemReviewed>",
            "<schema.org/reviewRating>",
            "<schema.org/url>",
            "isa:<schema.org/ClaimReview>"
        ],
        "count": 170.0
    },
    {
        "pset": [
            "<schema.org/author>",
            "<schema.org/claimReviewed>",
            "<schema.org/datePublished>",
            "<schema.org/description>",
            "<schema.org/image>",
            "<schema.org/itemReviewed>",
            "<schema.org/reviewRating>",
            "<schema.org/url>",
            "isa:<schema.org/ClaimReview>",
            "isa:<schema.org/Review>"
        ],
        "count": 162.0
    },
    {
        "pset": [
            "<schema.org/author>",
            "<schema.org/claimReviewed>",
            "<schema.org/datePublished>",
            "<schema.org/itemReviewed>",
            "<schema.org/reviewRating>",
            "<schema.org/url>",
            "isa:<schema.org/ClaimReview>",
            "isa:<schema.org/Review>"
        ],
        "count": 131.0
    },
    {
        "pset": [
            "<schema.org/author>",
            "<schema.org/claimReviewed>",
            "<schema.org/datePublished>",
            "<schema.org/image>",
            "<schema.org/itemReviewed>",
            "<schema.org/reviewRating>",
            "<schema.org/url>",
            "isa:<schema.org/ClaimReview>",
            "isa:<schema.org/Review>"
        ],
        "count": 97.0
    },
    {
        "pset": [
            "<schema.org/author>",
            "<schema.org/claimReviewed>",
            "<schema.org/dateModified>",
            "<schema.org/datePublished>",
            "<schema.org/image>",
            "<schema.org/isAccessibleForFree>",
            "<schema.org/isPartOf>",
            "<schema.org/itemReviewed>",
            "<schema.org/keywords>",
            "<schema.org/publisher>",
            "<schema.org/reviewRating>",
            "<schema.org/thumbnailUrl>",
            "<schema.org/url>",
            "isa:<schema.org/ClaimReview>"
        ],
        "count": 85.0
    },
    {
        "pset": [
            "<schema.org/author>",
            "<schema.org/claimReviewed>",
            "<schema.org/dateModified>",
            "<schema.org/datePublished>",
            "<schema.org/description>",
            "<schema.org/image>",
            "<schema.org/itemReviewed>",
            "<schema.org/keywords>",
            "<schema.org/mainEntityOfPage>",
            "<schema.org/reviewBody>",
            "<schema.org/reviewRating>",
            "<schema.org/url>",
            "isa:<schema.org/ClaimReview>"
        ],
        "count": 72.0
    },
    {
        "pset": [
            "<schema.org/author>",
            "<schema.org/claimReviewed>",
            "<schema.org/dateModified>",
            "<schema.org/datePublished>",
            "<schema.org/description>",
            "<schema.org/image>",
            "<schema.org/itemReviewed>",
            "<schema.org/publisher>",
            "<schema.org/reviewBody>",
            "<schema.org/reviewRating>",
            "<schema.org/url>",
            "isa:<schema.org/ClaimReview>",
            "isa:<schema.org/Review>"
        ],
        "count": 69.0
    },
    {
        "pset": [
            "<schema.org/author>",
            "<schema.org/claimReviewed>",
            "<schema.org/itemReviewed>",
            "<schema.org/reviewRating>",
            "<schema.org/url>",
            "isa:<schema.org/ClaimReview>"
        ],
        "count": 59.0
    },
    {
        "pset": [
            "<schema.org/articleSection>",
            "<schema.org/author>",
            "<schema.org/dateModified>",
            "<schema.org/datePublished>",
            "<schema.org/hasPart>",
            "<schema.org/headline>",
            "<schema.org/image>",
            "<schema.org/inLanguage>",
            "<schema.org/isPartOf>",
            "<schema.org/keywords>",
            "<schema.org/locationCreated>",
            "<schema.org/mainEntityOfPage>",
            "<schema.org/publisher>",
            "<schema.org/url>",
            "isa:<schema.org/ClaimReview>"
        ],
        "count": 58.0
    },
    {
        "pset": [
            "<schema.org/author>",
            "<schema.org/claimReviewed>",
            "<schema.org/datePublished>",
            "<schema.org/itemReviewed>",
            "<schema.org/keywords>",
            "<schema.org/reviewRating>",
            "<schema.org/url>",
            "isa:<schema.org/ClaimReview>"
        ],
        "count": 58.0
    },
    {
        "pset": [
            "<schema.org/author>",
            "<schema.org/dateModified>",
            "<schema.org/datePublished>",
            "<schema.org/dateline>",
            "<schema.org/description>",
            "<schema.org/headline>",
            "<schema.org/image>",
            "<schema.org/mainEntityOfPage>",
            "<schema.org/publisher>",
            "<schema.org/publishingPrinciples>",
            "isa:<schema.org/ClaimReview>"
        ],
        "count": 50.0
    },
    {
        "pset": [
            "<schema.org/author>",
            "<schema.org/claimReviewed>",
            "<schema.org/datePublished>",
            "<schema.org/description>",
            "<schema.org/headline>",
            "<schema.org/image>",
            "<schema.org/itemReviewed>",
            "<schema.org/reviewRating>",
            "<schema.org/url>",
            "isa:<schema.org/ClaimReview>"
        ],
        "count": 50.0
    },
    {
        "pset": [
            "<schema.org/author>",
            "<schema.org/claimReviewed>",
            "<schema.org/datePublished>",
            "<schema.org/image>",
            "<schema.org/itemReviewed>",
            "<schema.org/publisher>",
            "<schema.org/reviewRating>",
            "<schema.org/url>",
            "isa:<schema.org/ClaimReview>"
        ],
        "count": 48.0
    },
    {
        "pset": [
            "<schema.org/author>",
            "<schema.org/claimReviewed>",
            "<schema.org/dateModified>",
            "<schema.org/datePublished>",
            "<schema.org/description>",
            "<schema.org/keywords>",
            "<schema.org/reviewBody>",
            "<schema.org/reviewRating>",
            "<schema.org/url>",
            "isa:<schema.org/ClaimReview>"
        ],
        "count": 46.0
    },
    {
        "pset": [
            "<schema.org/author>",
            "<schema.org/copyrightHolder>",
            "<schema.org/copyrightYear>",
            "<schema.org/creator>",
            "<schema.org/dateModified>",
            "<schema.org/datePublished>",
            "<schema.org/description>",
            "<schema.org/headline>",
            "<schema.org/image>",
            "<schema.org/inLanguage>",
            "<schema.org/mainEntityOfPage>",
            "<schema.org/name>",
            "<schema.org/potentialAction>",
            "<schema.org/publisher>",
            "<schema.org/url>",
            "isa:<schema.org/ClaimReview>"
        ],
        "count": 31.0
    },
    {
        "pset": [
            "<schema.org/author>",
            "<schema.org/claimReviewed>",
            "<schema.org/datePublished>",
            "<schema.org/itemReviewed>",
            "<schema.org/reviewRating>",
            "<schema.org/sdPublisher>",
            "<schema.org/url>",
            "isa:<schema.org/ClaimReview>"
        ],
        "count": 27.0
    },
    {
        "pset": [
            "<schema.org/author>",
            "<schema.org/claimReviewed>",
            "<schema.org/datePublished>",
            "<schema.org/itemReviewed>",
            "<schema.org/url>",
            "isa:<schema.org/ClaimReview>",
            "isa:<schema.org/Review>"
        ],
        "count": 20.0
    },
    {
        "pset": [
            "<schema.org/author>",
            "<schema.org/claimReviewed>",
            "<schema.org/dateModified>",
            "<schema.org/datePublished>",
            "<schema.org/itemReviewed>",
            "<schema.org/reviewRating>",
            "<schema.org/url>",
            "isa:<schema.org/ClaimReview>"
        ],
        "count": 20.0
    },
    {
        "pset": [
            "<schema.org/author>",
            "<schema.org/datePublished>",
            "<schema.org/itemReviewed>",
            "<schema.org/reviewRating>",
            "<schema.org/url>",
            "isa:<schema.org/ClaimReview>"
        ],
        "count": 19.0
    },
    {
        "pset": [
            "<schema.org/author>",
            "<schema.org/claimReviewed>",
            "<schema.org/image>",
            "<schema.org/inLanguage>",
            "<schema.org/isPartOf>",
            "<schema.org/itemReviewed>",
            "<schema.org/publisher>",
            "<schema.org/reviewRating>",
            "<schema.org/url>",
            "isa:<schema.org/ClaimReview>"
        ],
        "count": 18.0
    },
    {
        "pset": [
            "<schema.org/claimReviewed>",
            "<schema.org/dateModified>",
            "<schema.org/datePublished>",
            "<schema.org/image>",
            "<schema.org/itemReviewed>",
            "<schema.org/mainEntityOfPage>",
            "<schema.org/publisher>",
            "<schema.org/reviewBody>",
            "<schema.org/reviewRating>",
            "<schema.org/url>",
            "isa:<schema.org/ClaimReview>",
            "isa:<schema.org/Review>"
        ],
        "count": 18.0
    },
    {
        "pset": [
            "<schema.org/author>",
            "<schema.org/claimReviewed>",
            "<schema.org/dateModified>",
            "<schema.org/datePublished>",
            "<schema.org/url>",
            "isa:<schema.org/ClaimReview>"
        ],
        "count": 18.0
    },
    {
        "pset": [
            "<schema.org/claimReviewed>",
            "<schema.org/datePublished>",
            "<schema.org/itemReviewed>",
            "<schema.org/reviewRating>",
            "<schema.org/url>",
            "isa:<schema.org/ClaimReview>"
        ],
        "count": 17.0
    },
    {
        "pset": [
            "<schema.org/author>",
            "<schema.org/backstory>",
            "<schema.org/dateModified>",
            "<schema.org/datePublished>",
            "<schema.org/description>",
            "<schema.org/hasPart>",
            "<schema.org/headline>",
            "<schema.org/image>",
            "<schema.org/isAccessibleForFree>",
            "<schema.org/isPartOf>",
            "<schema.org/mainEntityOfPage>",
            "<schema.org/publisher>",
            "<schema.org/publishingPrinciples>",
            "isa:<schema.org/ClaimReview>"
        ],
        "count": 16.0
    },
    {
        "pset": [
            "<schema.org/author>",
            "<schema.org/datePublished>",
            "<schema.org/reviewRating>",
            "<schema.org/url>",
            "isa:<schema.org/ClaimReview>"
        ],
        "count": 13.0
    },
    {
        "pset": [
            "<schema.org/author>",
            "<schema.org/claimReviewed>",
            "<schema.org/dateModified>",
            "<schema.org/datePublished>",
            "<schema.org/description>",
            "<schema.org/reviewBody>",
            "<schema.org/reviewRating>",
            "<schema.org/url>",
            "isa:<schema.org/ClaimReview>"
        ],
        "count": 12.0
    },
    {
        "pset": [
            "<schema.org/author>",
            "<schema.org/claimReviewed>",
            "<schema.org/datePublished>",
            "<schema.org/image>",
            "<schema.org/inLanguage>",
            "<schema.org/isPartOf>",
            "<schema.org/itemReviewed>",
            "<schema.org/mainEntityOfPage>",
            "<schema.org/publisher>",
            "<schema.org/reviewRating>",
            "isa:<schema.org/ClaimReview>"
        ],
        "count": 10.0
    },
    {
        "pset": [
            "<schema.org/author>",
            "<schema.org/claimReviewed>",
            "<schema.org/datePublished>",
            "<schema.org/image>",
            "<schema.org/inLanguage>",
            "<schema.org/isPartOf>",
            "<schema.org/itemReviewed>",
            "<schema.org/mainEntityOfPage>",
            "<schema.org/publisher>",
            "<schema.org/reviewRating>",
            "<schema.org/url>",
            "isa:<schema.org/ClaimReview>"
        ],
        "count": 10.0
    },
    {
        "pset": [
            "<schema.org/author>",
            "<schema.org/claimReviewed>",
            "<schema.org/reviewRating>",
            "<schema.org/url>",
            "isa:<schema.org/ClaimReview>"
        ],
        "count": 10.0
    },
    {
        "pset": [
            "<schema.org/author>",
            "<schema.org/claimReviewed>",
            "<schema.org/datePublished>",
            "<schema.org/image>",
            "<schema.org/inLanguage>",
            "<schema.org/isPartOf>",
            "<schema.org/itemReviewed>",
            "<schema.org/mainEntityOfPage>",
            "<schema.org/publisher>",
            "isa:<schema.org/ClaimReview>"
        ],
        "count": 8.0
    },
    {
        "pset": [
            "<schema.org/author>",
            "<schema.org/dateModified>",
            "<schema.org/datePublished>",
            "<schema.org/description>",
            "<schema.org/hasPart>",
            "<schema.org/headline>",
            "<schema.org/image>",
            "<schema.org/isAccessibleForFree>",
            "<schema.org/isPartOf>",
            "<schema.org/mainEntityOfPage>",
            "<schema.org/publisher>",
            "<schema.org/publishingPrinciples>",
            "isa:<schema.org/ClaimReview>"
        ],
        "count": 7.0
    },
    {
        "pset": [
            "<schema.org/author>",
            "<schema.org/claimReviewed>",
            "<schema.org/datePublished>",
            "<schema.org/description>",
            "<schema.org/headline>",
            "<schema.org/image>",
            "<schema.org/itemReviewed>",
            "<schema.org/reviewRating>",
            "<schema.org/url>",
            "isa:<schema.org/ClaimReview>",
            "isa:<schema.org/Review>"
        ],
        "count": 6.0
    },
    {
        "pset": [
            "<schema.org/author>",
            "<schema.org/claimReviewed>",
            "<schema.org/datePublished>",
            "<schema.org/itemReviewed>",
            "<schema.org/keywords>",
            "<schema.org/publisher>",
            "<schema.org/reviewRating>",
            "<schema.org/url>",
            "isa:<schema.org/ClaimReview>"
        ],
        "count": 5.0
    },
    {
        "pset": [
            "<schema.org/alternativeHeadline>",
            "<schema.org/articleBody>",
            "<schema.org/articleSection>",
            "<schema.org/author>",
            "<schema.org/dateModified>",
            "<schema.org/datePublished>",
            "<schema.org/description>",
            "<schema.org/hasPart>",
            "<schema.org/headline>",
            "<schema.org/image>",
            "<schema.org/isAccessibleForFree>",
            "<schema.org/keywords>",
            "<schema.org/mainEntityOfPage>",
            "<schema.org/publisher>",
            "<schema.org/publishingPrinciples>",
            "isa:<schema.org/ClaimReview>"
        ],
        "count": 4.0
    },
    {
        "pset": [
            "<schema.org/author>",
            "<schema.org/claimReviewed>",
            "<schema.org/datePublished>",
            "<schema.org/image>",
            "<schema.org/inLanguage>",
            "<schema.org/isPartOf>",
            "<schema.org/itemReviewed>",
            "<schema.org/publisher>",
            "<schema.org/url>",
            "isa:<schema.org/ClaimReview>"
        ],
        "count": 3.0
    },
    {
        "pset": [
            "<schema.org/alternativeHeadline>",
            "<schema.org/articleSection>",
            "<schema.org/author>",
            "<schema.org/dateModified>",
            "<schema.org/datePublished>",
            "<schema.org/description>",
            "<schema.org/headline>",
            "<schema.org/image>",
            "<schema.org/keywords>",
            "<schema.org/locationCreated>",
            "<schema.org/mainEntityOfPage>",
            "<schema.org/publisher>",
            "<schema.org/publishingPrinciples>",
            "isa:<schema.org/ClaimReview>"
        ],
        "count": 1.0
    },
    {
        "pset": [
            "<schema.org/author>",
            "<schema.org/claimReviewed>",
            "<schema.org/dateModified>",
            "<schema.org/datePublished>",
            "<schema.org/itemReviewed>",
            "<schema.org/name>",
            "<schema.org/reviewBody>",
            "<schema.org/reviewRating>",
            "<schema.org/url>",
            "isa:<schema.org/ClaimReview>"
        ],
        "count": 1.0
    },
    {
        "pset": [
            "<schema.org/author>",
            "<schema.org/copyrightYear>",
            "<schema.org/dateCreated>",
            "<schema.org/dateModified>",
            "<schema.org/datePublished>",
            "<schema.org/description>",
            "<schema.org/headline>",
            "<schema.org/image>",
            "<schema.org/inLanguage>",
            "<schema.org/mainEntityOfPage>",
            "<schema.org/name>",
            "<schema.org/publisher>",
            "<schema.org/text>",
            "<schema.org/thumbnailUrl>",
            "<schema.org/url>",
            "isa:<schema.org/ClaimReview>"
        ],
        "count": 1.0
    },
    {
        "pset": [
            "<schema.org/claimReviewed>",
            "<schema.org/datePublished>",
            "<schema.org/itemReviewed>",
            "<schema.org/reviewBody>",
            "<schema.org/reviewRating>",
            "<schema.org/url>",
            "isa:<schema.org/ClaimReview>"
        ],
        "count": 1.0
    },
    {
        "pset": [
            "<schema.org/author>",
            "<schema.org/datePublished>",
            "<schema.org/image>",
            "<schema.org/inLanguage>",
            "<schema.org/isPartOf>",
            "<schema.org/itemReviewed>",
            "<schema.org/mainEntityOfPage>",
            "<schema.org/publisher>",
            "<schema.org/reviewRating>",
            "<schema.org/url>",
            "isa:<schema.org/ClaimReview>"
        ],
        "count": 1.0
    },
    {
        "pset": [
            "<schema.org/author>",
            "<schema.org/datePublished>",
            "<schema.org/headline>",
            "<schema.org/image>",
            "<schema.org/publishingPrinciples>",
            "isa:<schema.org/ClaimReview>",
            "isa:<schema.org/ReportageNewsArticle>"
        ],
        "count": 1.0
    },
    {
        "pset": [
            "<schema.org/author>",
            "<schema.org/datePublished>",
            "<schema.org/headline>",
            "<schema.org/image>",
            "<schema.org/publishingPrinciples>",
            "isa:<schema.org/ClaimReview>"
        ],
        "count": 1.0
    },
    {
        "pset": [
            "<schema.org/author>",
            "<schema.org/image>",
            "<schema.org/inLanguage>",
            "<schema.org/isPartOf>",
            "<schema.org/itemReviewed>",
            "<schema.org/mainEntityOfPage>",
            "<schema.org/publisher>",
            "isa:<schema.org/ClaimReview>"
        ],
        "count": 1.0
    }
]