[
    {
        "pset": [
            "<schema.org/endOffset>",
            "<schema.org/name>",
            "<schema.org/startOffset>",
            "<schema.org/url>",
            "isa:<schema.org/Clip>"
        ],
        "count": 147279.0
    },
    {
        "pset": [
            "<schema.org/description>",
            "<schema.org/potentialAction>",
            "isa:<schema.org/Clip>"
        ],
        "count": 60982.0
    },
    {
        "pset": [
            "<schema.org/name>",
            "<schema.org/startOffset>",
            "<schema.org/url>",
            "isa:<schema.org/Clip>"
        ],
        "count": 58750.0
    },
    {
        "pset": [
            "<schema.org/endOffset>",
            "<schema.org/learningResourceType>",
            "<schema.org/name>",
            "<schema.org/startOffset>",
            "<schema.org/url>",
            "isa:<schema.org/Clip>",
            "isa:<schema.org/LearningResource>"
        ],
        "count": 15723.0
    },
    {
        "pset": [
            "<schema.org/description>",
            "<schema.org/image>",
            "<schema.org/name>",
            "<schema.org/url>",
            "isa:<schema.org/Clip>"
        ],
        "count": 14466.0
    },
    {
        "pset": [
            "<schema.org/description>",
            "<schema.org/endOffset>",
            "<schema.org/name>",
            "<schema.org/startOffset>",
            "<schema.org/url>",
            "isa:<schema.org/Clip>"
        ],
        "count": 5515.0
    },
    {
        "pset": [
            "<schema.org/description>",
            "<schema.org/potentialAction>",
            "<schema.org/timeRequired>",
            "isa:<schema.org/Clip>"
        ],
        "count": 4262.0
    },
    {
        "pset": [
            "<schema.org/name>",
            "<schema.org/startOffset>",
            "isa:<schema.org/Clip>"
        ],
        "count": 706.0
    },
    {
        "pset": [
            "<schema.org/endOffset>",
            "<schema.org/name>",
            "<schema.org/startOffset>",
            "<schema.org/text>",
            "<schema.org/url>",
            "isa:<schema.org/Clip>"
        ],
        "count": 696.0
    },
    {
        "pset": [
            "isa:<schema.org/Clip>"
        ],
        "count": 693.0
    },
    {
        "pset": [
            "<schema.org/alternateName>",
            "<schema.org/associatedMedia>",
            "<schema.org/dateModified>",
            "<schema.org/datePublished>",
            "<schema.org/description>",
            "<schema.org/headline>",
            "<schema.org/image>",
            "<schema.org/name>",
            "<schema.org/publisher>",
            "<schema.org/thumbnailUrl>",
            "isa:<schema.org/Clip>"
        ],
        "count": 658.0
    },
    {
        "pset": [
            "<schema.org/endOffset>",
            "<schema.org/name>",
            "<schema.org/startOffset>",
            "isa:<schema.org/Clip>"
        ],
        "count": 395.0
    },
    {
        "pset": [
            "<schema.org/description>",
            "<schema.org/timeRequired>",
            "isa:<schema.org/Clip>"
        ],
        "count": 253.0
    },
    {
        "pset": [
            "<schema.org/description>",
            "isa:<schema.org/Clip>"
        ],
        "count": 222.0
    },
    {
        "pset": [
            "<schema.org/creator>",
            "<schema.org/datePublished>",
            "<schema.org/image>",
            "<schema.org/keywords>",
            "<schema.org/name>",
            "<schema.org/video>",
            "isa:<schema.org/Clip>"
        ],
        "count": 221.0
    },
    {
        "pset": [
            "<schema.org/description>",
            "<schema.org/name>",
            "<schema.org/url>",
            "isa:<schema.org/Clip>"
        ],
        "count": 160.0
    },
    {
        "pset": [
            "<schema.org/description>",
            "<schema.org/name>",
            "<schema.org/thumbnailUrl>",
            "isa:<schema.org/Clip>"
        ],
        "count": 141.0
    },
    {
        "pset": [
            "<schema.org/creator>",
            "<schema.org/endOffset>",
            "<schema.org/isAccessibleForFree>",
            "<schema.org/isFamilyFriendly>",
            "<schema.org/isPartOf>",
            "<schema.org/name>",
            "<schema.org/startOffset>",
            "<schema.org/url>",
            "isa:<schema.org/Clip>"
        ],
        "count": 130.0
    },
    {
        "pset": [
            "<schema.org/endOffset>",
            "<schema.org/learningResourceType>",
            "<schema.org/name>",
            "<schema.org/startOffset>",
            "<schema.org/text>",
            "<schema.org/url>",
            "isa:<schema.org/Clip>",
            "isa:<schema.org/LearningResource>"
        ],
        "count": 89.0
    },
    {
        "pset": [
            "<schema.org/author>",
            "<schema.org/copyrightHolder>",
            "<schema.org/description>",
            "<schema.org/headline>",
            "<schema.org/image>",
            "<schema.org/inLanguage>",
            "<schema.org/keywords>",
            "<schema.org/mainEntityOfPage>",
            "<schema.org/name>",
            "<schema.org/publisher>",
            "<schema.org/url>",
            "isa:<schema.org/Clip>"
        ],
        "count": 85.0
    },
    {
        "pset": [
            "<schema.org/about>",
            "<schema.org/datePublished>",
            "<schema.org/description>",
            "<schema.org/genre>",
            "<schema.org/image>",
            "<schema.org/name>",
            "<schema.org/url>",
            "isa:<schema.org/Clip>"
        ],
        "count": 79.0
    },
    {
        "pset": [
            "<schema.org/name>",
            "<schema.org/url>",
            "isa:<schema.org/Clip>"
        ],
        "count": 78.0
    },
    {
        "pset": [
            "<schema.org/alternateName>",
            "<schema.org/associatedMedia>",
            "<schema.org/dateModified>",
            "<schema.org/datePublished>",
            "<schema.org/description>",
            "<schema.org/headline>",
            "<schema.org/image>",
            "<schema.org/name>",
            "<schema.org/publisher>",
            "<schema.org/thumbnailUrl>",
            "<schema.org/video>",
            "isa:<schema.org/Clip>"
        ],
        "count": 78.0
    },
    {
        "pset": [
            "<schema.org/alternateName>",
            "<schema.org/associatedMedia>",
            "<schema.org/dateCreated>",
            "<schema.org/dateModified>",
            "<schema.org/datePublished>",
            "<schema.org/description>",
            "<schema.org/headline>",
            "<schema.org/image>",
            "<schema.org/name>",
            "<schema.org/publisher>",
            "<schema.org/thumbnailUrl>",
            "isa:<schema.org/Clip>"
        ],
        "count": 72.0
    },
    {
        "pset": [
            "<schema.org/mainEntityOfPage>",
            "<schema.org/name>",
            "isa:<schema.org/Clip>"
        ],
        "count": 71.0
    },
    {
        "pset": [
            "<schema.org/description>",
            "<schema.org/name>",
            "<schema.org/startOffset>",
            "<schema.org/thumbnailUrl>",
            "isa:<schema.org/Clip>"
        ],
        "count": 51.0
    },
    {
        "pset": [
            "<schema.org/description>",
            "<schema.org/name>",
            "<schema.org/startOffset>",
            "isa:<schema.org/Clip>"
        ],
        "count": 44.0
    },
    {
        "pset": [
            "<schema.org/name>",
            "isa:<schema.org/Clip>"
        ],
        "count": 37.0
    },
    {
        "pset": [
            "<schema.org/alternateName>",
            "<schema.org/associatedMedia>",
            "<schema.org/audio>",
            "<schema.org/dateModified>",
            "<schema.org/datePublished>",
            "<schema.org/description>",
            "<schema.org/headline>",
            "<schema.org/image>",
            "<schema.org/name>",
            "<schema.org/publisher>",
            "<schema.org/thumbnailUrl>",
            "isa:<schema.org/Clip>"
        ],
        "count": 23.0
    },
    {
        "pset": [
            "<schema.org/clipNumber>",
            "<schema.org/endOffset>",
            "<schema.org/name>",
            "<schema.org/startOffset>",
            "<schema.org/url>",
            "isa:<schema.org/Clip>"
        ],
        "count": 22.0
    },
    {
        "pset": [
            "<schema.org/author>",
            "<schema.org/copyrightHolder>",
            "<schema.org/copyrightYear>",
            "<schema.org/dateCreated>",
            "<schema.org/dateModified>",
            "<schema.org/datePublished>",
            "<schema.org/description>",
            "<schema.org/headline>",
            "<schema.org/image>",
            "<schema.org/inLanguage>",
            "<schema.org/keywords>",
            "<schema.org/mainEntityOfPage>",
            "<schema.org/name>",
            "<schema.org/publisher>",
            "<schema.org/url>",
            "isa:<schema.org/Clip>"
        ],
        "count": 13.0
    },
    {
        "pset": [
            "<schema.org/name>",
            "<schema.org/startOffset>",
            "<schema.org/thumbnailUrl>",
            "isa:<schema.org/Clip>"
        ],
        "count": 11.0
    },
    {
        "pset": [
            "<schema.org/alternateName>",
            "<schema.org/associatedMedia>",
            "<schema.org/dateCreated>",
            "<schema.org/dateModified>",
            "<schema.org/datePublished>",
            "<schema.org/description>",
            "<schema.org/headline>",
            "<schema.org/image>",
            "<schema.org/name>",
            "<schema.org/publisher>",
            "<schema.org/thumbnailUrl>",
            "<schema.org/video>",
            "isa:<schema.org/Clip>"
        ],
        "count": 8.0
    },
    {
        "pset": [
            "<schema.org/alternateName>",
            "<schema.org/associatedMedia>",
            "<schema.org/audio>",
            "<schema.org/dateCreated>",
            "<schema.org/dateModified>",
            "<schema.org/datePublished>",
            "<schema.org/description>",
            "<schema.org/headline>",
            "<schema.org/image>",
            "<schema.org/name>",
            "<schema.org/publisher>",
            "<schema.org/thumbnailUrl>",
            "isa:<schema.org/Clip>"
        ],
        "count": 5.0
    },
    {
        "pset": [
            "<schema.org/alternateName>",
            "<schema.org/associatedMedia>",
            "<schema.org/audio>",
            "<schema.org/dateModified>",
            "<schema.org/datePublished>",
            "<schema.org/description>",
            "<schema.org/headline>",
            "<schema.org/image>",
            "<schema.org/name>",
            "<schema.org/publisher>",
            "<schema.org/thumbnailUrl>",
            "<schema.org/video>",
            "isa:<schema.org/Clip>"
        ],
        "count": 4.0
    },
    {
        "pset": [
            "<schema.org/description>",
            "<schema.org/name>",
            "isa:<schema.org/Clip>"
        ],
        "count": 3.0
    },
    {
        "pset": [
            "<schema.org/author>",
            "<schema.org/copyrightHolder>",
            "<schema.org/copyrightYear>",
            "<schema.org/creator>",
            "<schema.org/dateModified>",
            "<schema.org/datePublished>",
            "<schema.org/description>",
            "<schema.org/headline>",
            "<schema.org/image>",
            "<schema.org/inLanguage>",
            "<schema.org/mainEntityOfPage>",
            "<schema.org/name>",
            "<schema.org/publisher>",
            "<schema.org/url>",
            "isa:<schema.org/Clip>"
        ],
        "count": 3.0
    },
    {
        "pset": [
            "<schema.org/alternateName>",
            "<schema.org/associatedMedia>",
            "<schema.org/dateModified>",
            "<schema.org/datePublished>",
            "<schema.org/description>",
            "<schema.org/headline>",
            "<schema.org/name>",
            "<schema.org/publisher>",
            "<schema.org/thumbnailUrl>",
            "isa:<schema.org/Clip>"
        ],
        "count": 2.0
    },
    {
        "pset": [
            "<schema.org/alternateName>",
            "<schema.org/associatedMedia>",
            "<schema.org/audio>",
            "<schema.org/dateCreated>",
            "<schema.org/dateModified>",
            "<schema.org/datePublished>",
            "<schema.org/description>",
            "<schema.org/headline>",
            "<schema.org/image>",
            "<schema.org/name>",
            "<schema.org/publisher>",
            "<schema.org/thumbnailUrl>",
            "<schema.org/video>",
            "isa:<schema.org/Clip>"
        ],
        "count": 2.0
    },
    {
        "pset": [
            "<schema.org/name>",
            "isa:<schema.org/Clip>",
            "isa:<schema.org/WebPage>"
        ],
        "count": 2.0
    },
    {
        "pset": [
            "<schema.org/endOffset>",
            "<schema.org/name>",
            "<schema.org/startOffset>",
            "<schema.org/url>",
            "isa:<schema.org/Clip>",
            "isa:<schema.org/LearningResource>"
        ],
        "count": 2.0
    },
    {
        "pset": [
            "<schema.org/description>",
            "<schema.org/name>",
            "<schema.org/potentialAction>",
            "<schema.org/timeRequired>",
            "isa:<schema.org/Clip>"
        ],
        "count": 2.0
    },
    {
        "pset": [
            "<schema.org/description>",
            "<schema.org/name>",
            "<schema.org/timeRequired>",
            "isa:<schema.org/Clip>"
        ],
        "count": 2.0
    },
    {
        "pset": [
            "<schema.org/about>",
            "<schema.org/copyrightHolder>",
            "<schema.org/description>",
            "<schema.org/exampleOfWork>",
            "<schema.org/image>",
            "<schema.org/inLanguage>",
            "<schema.org/interactionStatistic>",
            "<schema.org/interactivityType>",
            "<schema.org/isAccessibleForFree>",
            "<schema.org/isBasedOn>",
            "<schema.org/isFamilyFriendly>",
            "<schema.org/mainEntityOfPage>",
            "<schema.org/name>",
            "<schema.org/thumbnailUrl>",
            "<schema.org/timeRequired>",
            "<schema.org/url>",
            "<schema.org/video>",
            "<schema.org/workExample>",
            "isa:<schema.org/Clip>"
        ],
        "count": 1.0
    },
    {
        "pset": [
            "<schema.org/about>",
            "<schema.org/copyrightHolder>",
            "<schema.org/description>",
            "<schema.org/exampleOfWork>",
            "<schema.org/isAccessibleForFree>",
            "<schema.org/isBasedOn>",
            "<schema.org/mainEntityOfPage>",
            "<schema.org/name>",
            "<schema.org/publisher>",
            "<schema.org/sameAs>",
            "<schema.org/subjectOf>",
            "<schema.org/timeRequired>",
            "<schema.org/url>",
            "isa:<schema.org/Clip>"
        ],
        "count": 1.0
    },
    {
        "pset": [
            "<schema.org/about>",
            "<schema.org/description>",
            "<schema.org/exampleOfWork>",
            "<schema.org/inLanguage>",
            "<schema.org/isAccessibleForFree>",
            "<schema.org/isFamilyFriendly>",
            "<schema.org/isPartOf>",
            "<schema.org/mainEntityOfPage>",
            "<schema.org/name>",
            "<schema.org/timeRequired>",
            "<schema.org/workExample>",
            "isa:<schema.org/Clip>"
        ],
        "count": 1.0
    },
    {
        "pset": [
            "<schema.org/about>",
            "<schema.org/copyrightHolder>",
            "<schema.org/description>",
            "<schema.org/exampleOfWork>",
            "<schema.org/headline>",
            "<schema.org/inLanguage>",
            "<schema.org/interactionStatistic>",
            "<schema.org/interactivityType>",
            "<schema.org/isAccessibleForFree>",
            "<schema.org/isFamilyFriendly>",
            "<schema.org/mainEntityOfPage>",
            "<schema.org/name>",
            "<schema.org/potentialAction>",
            "<schema.org/publisher>",
            "<schema.org/sameAs>",
            "<schema.org/timeRequired>",
            "<schema.org/url>",
            "isa:<schema.org/Clip>"
        ],
        "count": 1.0
    },
    {
        "pset": [
            "<schema.org/copyrightHolder>",
            "<schema.org/description>",
            "<schema.org/exampleOfWork>",
            "<schema.org/name>",
            "<schema.org/publisher>",
            "<schema.org/timeRequired>",
            "<schema.org/url>",
            "<schema.org/workExample>",
            "isa:<schema.org/Clip>"
        ],
        "count": 1.0
    },
    {
        "pset": [
            "<schema.org/about>",
            "<schema.org/author>",
            "<schema.org/copyrightHolder>",
            "<schema.org/dateModified>",
            "<schema.org/datePublished>",
            "<schema.org/description>",
            "<schema.org/exampleOfWork>",
            "<schema.org/headline>",
            "<schema.org/image>",
            "<schema.org/isBasedOn>",
            "<schema.org/isFamilyFriendly>",
            "<schema.org/mainEntity>",
            "<schema.org/mainEntityOfPage>",
            "<schema.org/name>",
            "<schema.org/provider>",
            "<schema.org/publisher>",
            "<schema.org/sameAs>",
            "<schema.org/thumbnailUrl>",
            "<schema.org/timeRequired>",
            "<schema.org/url>",
            "isa:<schema.org/Article>",
            "isa:<schema.org/Clip>"
        ],
        "count": 1.0
    },
    {
        "pset": [
            "<schema.org/about>",
            "<schema.org/description>",
            "<schema.org/exampleOfWork>",
            "<schema.org/headline>",
            "<schema.org/isBasedOn>",
            "<schema.org/mainEntityOfPage>",
            "<schema.org/name>",
            "<schema.org/producer>",
            "<schema.org/publisher>",
            "<schema.org/sameAs>",
            "<schema.org/subjectOf>",
            "<schema.org/timeRequired>",
            "<schema.org/url>",
            "<schema.org/workExample>",
            "isa:<schema.org/Clip>"
        ],
        "count": 1.0
    },
    {
        "pset": [
            "<schema.org/description>",
            "<schema.org/name>",
            "<schema.org/startOffset>",
            "<schema.org/timeRequired>",
            "<schema.org/url>",
            "isa:<schema.org/Clip>"
        ],
        "count": 1.0
    },
    {
        "pset": [
            "<schema.org/description>",
            "<schema.org/isFamilyFriendly>",
            "<schema.org/isPartOf>",
            "<schema.org/learningResourceType>",
            "<schema.org/mainEntity>",
            "<schema.org/name>",
            "<schema.org/timeRequired>",
            "isa:<schema.org/Clip>"
        ],
        "count": 1.0
    },
    {
        "pset": [
            "<schema.org/about>",
            "<schema.org/associatedMedia>",
            "<schema.org/copyrightYear>",
            "<schema.org/countryOfOrigin>",
            "<schema.org/description>",
            "<schema.org/endOffset>",
            "<schema.org/exampleOfWork>",
            "<schema.org/inLanguage>",
            "<schema.org/isAccessibleForFree>",
            "<schema.org/isBasedOn>",
            "<schema.org/isFamilyFriendly>",
            "<schema.org/mainEntityOfPage>",
            "<schema.org/name>",
            "<schema.org/publisher>",
            "<schema.org/startOffset>",
            "<schema.org/teaches>",
            "<schema.org/timeRequired>",
            "<schema.org/url>",
            "isa:<schema.org/Clip>"
        ],
        "count": 1.0
    },
    {
        "pset": [
            "<schema.org/description>",
            "<schema.org/genre>",
            "<schema.org/identifier>",
            "<schema.org/image>",
            "<schema.org/name>",
            "<schema.org/partOfSeries>",
            "<schema.org/timeRequired>",
            "<schema.org/url>",
            "isa:<schema.org/Clip>"
        ],
        "count": 1.0
    },
    {
        "pset": [
            "<schema.org/description>",
            "<schema.org/identifier>",
            "<schema.org/image>",
            "<schema.org/name>",
            "<schema.org/url>",
            "isa:<schema.org/Clip>"
        ],
        "count": 1.0
    },
    {
        "pset": [
            "<schema.org/copyrightHolder>",
            "<schema.org/creator>",
            "<schema.org/dateCreated>",
            "<schema.org/datePublished>",
            "<schema.org/description>",
            "<schema.org/headline>",
            "<schema.org/inLanguage>",
            "<schema.org/mainEntityOfPage>",
            "<schema.org/name>",
            "<schema.org/publisher>",
            "<schema.org/timeRequired>",
            "isa:<schema.org/Clip>"
        ],
        "count": 1.0
    },
    {
        "pset": [
            "<schema.org/about>",
            "<schema.org/description>",
            "<schema.org/exampleOfWork>",
            "<schema.org/inLanguage>",
            "<schema.org/isAccessibleForFree>",
            "<schema.org/isFamilyFriendly>",
            "<schema.org/isPartOf>",
            "<schema.org/mainEntityOfPage>",
            "<schema.org/name>",
            "<schema.org/timeRequired>",
            "<schema.org/url>",
            "<schema.org/workExample>",
            "isa:<schema.org/Clip>"
        ],
        "count": 1.0
    },
    {
        "pset": [
            "<schema.org/description>",
            "<schema.org/name>",
            "<schema.org/potentialAction>",
            "<schema.org/subjectOf>",
            "<schema.org/timeRequired>",
            "<schema.org/url>",
            "isa:<schema.org/Clip>"
        ],
        "count": 1.0
    },
    {
        "pset": [
            "<schema.org/alternateName>",
            "<schema.org/associatedMedia>",
            "<schema.org/dateCreated>",
            "<schema.org/dateModified>",
            "<schema.org/datePublished>",
            "<schema.org/description>",
            "<schema.org/headline>",
            "<schema.org/name>",
            "<schema.org/publisher>",
            "<schema.org/thumbnailUrl>",
            "isa:<schema.org/Clip>"
        ],
        "count": 1.0
    },
    {
        "pset": [
            "<schema.org/about>",
            "<schema.org/copyrightHolder>",
            "<schema.org/description>",
            "<schema.org/exampleOfWork>",
            "<schema.org/image>",
            "<schema.org/inLanguage>",
            "<schema.org/interactionStatistic>",
            "<schema.org/interactivityType>",
            "<schema.org/isAccessibleForFree>",
            "<schema.org/isBasedOn>",
            "<schema.org/isFamilyFriendly>",
            "<schema.org/mainEntityOfPage>",
            "<schema.org/name>",
            "<schema.org/publisher>",
            "<schema.org/subjectOf>",
            "<schema.org/thumbnailUrl>",
            "<schema.org/timeRequired>",
            "<schema.org/url>",
            "isa:<schema.org/Clip>"
        ],
        "count": 1.0
    },
    {
        "pset": [
            "<schema.org/description>",
            "<schema.org/exampleOfWork>",
            "<schema.org/inLanguage>",
            "<schema.org/isAccessibleForFree>",
            "<schema.org/isFamilyFriendly>",
            "<schema.org/isPartOf>",
            "<schema.org/mainEntityOfPage>",
            "<schema.org/name>",
            "<schema.org/timeRequired>",
            "<schema.org/workExample>",
            "isa:<schema.org/Clip>"
        ],
        "count": 1.0
    },
    {
        "pset": [
            "<schema.org/about>",
            "<schema.org/copyrightHolder>",
            "<schema.org/description>",
            "<schema.org/image>",
            "<schema.org/isBasedOn>",
            "<schema.org/isFamilyFriendly>",
            "<schema.org/mainEntityOfPage>",
            "<schema.org/name>",
            "<schema.org/publisher>",
            "<schema.org/sameAs>",
            "<schema.org/subjectOf>",
            "<schema.org/timeRequired>",
            "<schema.org/url>",
            "isa:<schema.org/Clip>"
        ],
        "count": 1.0
    },
    {
        "pset": [
            "<schema.org/about>",
            "<schema.org/copyrightHolder>",
            "<schema.org/description>",
            "<schema.org/exampleOfWork>",
            "<schema.org/inLanguage>",
            "<schema.org/interactionStatistic>",
            "<schema.org/interactivityType>",
            "<schema.org/isAccessibleForFree>",
            "<schema.org/isBasedOn>",
            "<schema.org/isFamilyFriendly>",
            "<schema.org/isPartOf>",
            "<schema.org/name>",
            "<schema.org/potentialAction>",
            "<schema.org/subjectOf>",
            "<schema.org/timeRequired>",
            "<schema.org/url>",
            "isa:<schema.org/Clip>"
        ],
        "count": 1.0
    },
    {
        "pset": [
            "<schema.org/about>",
            "<schema.org/description>",
            "<schema.org/headline>",
            "<schema.org/inLanguage>",
            "<schema.org/interactionStatistic>",
            "<schema.org/interactivityType>",
            "<schema.org/isAccessibleForFree>",
            "<schema.org/isBasedOn>",
            "<schema.org/isFamilyFriendly>",
            "<schema.org/learningResourceType>",
            "<schema.org/mainEntityOfPage>",
            "<schema.org/name>",
            "<schema.org/potentialAction>",
            "<schema.org/publisher>",
            "<schema.org/sameAs>",
            "<schema.org/timeRequired>",
            "<schema.org/url>",
            "isa:<schema.org/Clip>"
        ],
        "count": 1.0
    },
    {
        "pset": [
            "<schema.org/about>",
            "<schema.org/associatedMedia>",
            "<schema.org/copyrightHolder>",
            "<schema.org/description>",
            "<schema.org/exampleOfWork>",
            "<schema.org/image>",
            "<schema.org/isAccessibleForFree>",
            "<schema.org/isBasedOn>",
            "<schema.org/isFamilyFriendly>",
            "<schema.org/mainEntityOfPage>",
            "<schema.org/name>",
            "<schema.org/publisher>",
            "<schema.org/startOffset>",
            "<schema.org/thumbnailUrl>",
            "<schema.org/timeRequired>",
            "<schema.org/url>",
            "<schema.org/workExample>",
            "isa:<schema.org/Clip>"
        ],
        "count": 1.0
    },
    {
        "pset": [
            "<schema.org/about>",
            "<schema.org/copyrightHolder>",
            "<schema.org/description>",
            "<schema.org/exampleOfWork>",
            "<schema.org/headline>",
            "<schema.org/interactionStatistic>",
            "<schema.org/interactivityType>",
            "<schema.org/isAccessibleForFree>",
            "<schema.org/isFamilyFriendly>",
            "<schema.org/mainEntityOfPage>",
            "<schema.org/name>",
            "<schema.org/potentialAction>",
            "<schema.org/publisher>",
            "<schema.org/subjectOf>",
            "<schema.org/timeRequired>",
            "<schema.org/url>",
            "isa:<schema.org/Clip>"
        ],
        "count": 1.0
    },
    {
        "pset": [
            "<schema.org/description>",
            "<schema.org/identifier>",
            "<schema.org/image>",
            "<schema.org/name>",
            "<schema.org/partOfSeries>",
            "<schema.org/url>",
            "isa:<schema.org/Clip>"
        ],
        "count": 1.0
    }
]