[
    {
        "pset": [
            "<schema.org/datePublished>",
            "<schema.org/name>",
            "<schema.org/thumbnailUrl>",
            "<schema.org/url>",
            "isa:<schema.org/ComicStory>"
        ],
        "count": 18346.0
    },
    {
        "pset": [
            "<schema.org/name>",
            "<schema.org/thumbnailUrl>",
            "<schema.org/url>",
            "isa:<schema.org/ComicStory>"
        ],
        "count": 4150.0
    },
    {
        "pset": [
            "<schema.org/artist>",
            "<schema.org/author>",
            "<schema.org/description>",
            "<schema.org/name>",
            "isa:<schema.org/ComicStory>"
        ],
        "count": 2500.0
    },
    {
        "pset": [
            "<schema.org/author>",
            "<schema.org/dateCreated>",
            "<schema.org/isAccessibleForFree>",
            "<schema.org/name>",
            "<schema.org/position>",
            "<schema.org/publisher>",
            "isa:<schema.org/ComicStory>"
        ],
        "count": 1716.0
    },
    {
        "pset": [
            "isa:<schema.org/ComicStory>"
        ],
        "count": 1373.0
    },
    {
        "pset": [
            "<schema.org/description>",
            "<schema.org/image>",
            "<schema.org/isPartOf>",
            "<schema.org/name>",
            "<schema.org/thumbnailUrl>",
            "<schema.org/url>",
            "isa:<schema.org/ComicStory>"
        ],
        "count": 610.0
    },
    {
        "pset": [
            "<schema.org/bookFormat>",
            "isa:<schema.org/ComicStory>"
        ],
        "count": 472.0
    },
    {
        "pset": [
            "<schema.org/artist>",
            "<schema.org/author>",
            "<schema.org/colorist>",
            "<schema.org/description>",
            "<schema.org/name>",
            "isa:<schema.org/ComicStory>"
        ],
        "count": 392.0
    },
    {
        "pset": [
            "<schema.org/creator>",
            "<schema.org/image>",
            "<schema.org/isAccessibleForFree>",
            "<schema.org/name>",
            "<schema.org/offers>",
            "isa:<schema.org/ComicStory>"
        ],
        "count": 349.0
    },
    {
        "pset": [
            "<schema.org/alternateName>",
            "<schema.org/description>",
            "<schema.org/genre>",
            "<schema.org/interactionStatistic>",
            "<schema.org/name>",
            "<schema.org/publisher>",
            "<schema.org/thumbnailUrl>",
            "<schema.org/typicalAgeRange>",
            "<schema.org/url>",
            "isa:<schema.org/ComicStory>"
        ],
        "count": 292.0
    },
    {
        "pset": [
            "<schema.org/about>",
            "<schema.org/artist>",
            "<schema.org/genre>",
            "<schema.org/inLanguage>",
            "<schema.org/name>",
            "<schema.org/url>",
            "isa:<schema.org/ComicStory>"
        ],
        "count": 261.0
    },
    {
        "pset": [
            "<schema.org/datePublished>",
            "<schema.org/image>",
            "<schema.org/name>",
            "<schema.org/position>",
            "<schema.org/text>",
            "isa:<schema.org/ComicStory>"
        ],
        "count": 140.0
    },
    {
        "pset": [
            "<schema.org/bookEdition>",
            "<schema.org/exampleOfWork>",
            "<schema.org/image>",
            "<schema.org/isAccessibleForFree>",
            "<schema.org/name>",
            "<schema.org/offers>",
            "isa:<schema.org/ComicStory>"
        ],
        "count": 84.0
    },
    {
        "pset": [
            "<schema.org/about>",
            "<schema.org/author>",
            "<schema.org/datePublished>",
            "<schema.org/image>",
            "<schema.org/name>",
            "<schema.org/publisher>",
            "<schema.org/thumbnailUrl>",
            "<schema.org/url>",
            "isa:<schema.org/ComicStory>"
        ],
        "count": 75.0
    },
    {
        "pset": [
            "<schema.org/datePublished>",
            "<schema.org/genre>",
            "<schema.org/name>",
            "<schema.org/thumbnailUrl>",
            "<schema.org/url>",
            "isa:<schema.org/ComicStory>"
        ],
        "count": 70.0
    },
    {
        "pset": [
            "<schema.org/about>",
            "<schema.org/author>",
            "<schema.org/character>",
            "<schema.org/copyrightHolder>",
            "<schema.org/copyrightYear>",
            "<schema.org/creator>",
            "<schema.org/dateModified>",
            "<schema.org/datePublished>",
            "<schema.org/description>",
            "<schema.org/image>",
            "<schema.org/inLanguage>",
            "<schema.org/isAccessibleForFree>",
            "<schema.org/keywords>",
            "<schema.org/letterer>",
            "<schema.org/license>",
            "<schema.org/name>",
            "<schema.org/penciler>",
            "<schema.org/text>",
            "<schema.org/url>",
            "isa:<schema.org/ComicStory>"
        ],
        "count": 67.0
    },
    {
        "pset": [
            "isa:<schema.org/ComicStory>",
            "isa:<schema.org/CreativeWork>"
        ],
        "count": 62.0
    },
    {
        "pset": [
            "<schema.org/author>",
            "<schema.org/dateCreated>",
            "<schema.org/datePublished>",
            "<schema.org/isAccessibleForFree>",
            "<schema.org/name>",
            "<schema.org/position>",
            "<schema.org/publisher>",
            "isa:<schema.org/ComicStory>"
        ],
        "count": 56.0
    },
    {
        "pset": [
            "<schema.org/genre>",
            "<schema.org/interactionStatistic>",
            "<schema.org/name>",
            "<schema.org/thumbnailUrl>",
            "<schema.org/url>",
            "isa:<schema.org/ComicStory>"
        ],
        "count": 35.0
    },
    {
        "pset": [
            "<schema.org/author>",
            "<schema.org/exampleOfWork>",
            "<schema.org/image>",
            "<schema.org/isAccessibleForFree>",
            "<schema.org/name>",
            "<schema.org/offers>",
            "isa:<schema.org/ComicStory>"
        ],
        "count": 34.0
    },
    {
        "pset": [
            "<schema.org/bookEdition>",
            "<schema.org/creator>",
            "<schema.org/image>",
            "<schema.org/isAccessibleForFree>",
            "<schema.org/name>",
            "<schema.org/offers>",
            "isa:<schema.org/ComicStory>"
        ],
        "count": 32.0
    },
    {
        "pset": [
            "<schema.org/genre>",
            "<schema.org/name>",
            "<schema.org/thumbnailUrl>",
            "<schema.org/url>",
            "isa:<schema.org/ComicStory>"
        ],
        "count": 30.0
    },
    {
        "pset": [
            "<schema.org/exampleOfWork>",
            "<schema.org/image>",
            "<schema.org/isAccessibleForFree>",
            "<schema.org/name>",
            "<schema.org/offers>",
            "isa:<schema.org/ComicStory>"
        ],
        "count": 30.0
    },
    {
        "pset": [
            "<schema.org/about>",
            "<schema.org/creator>",
            "<schema.org/dateCreated>",
            "<schema.org/description>",
            "<schema.org/identifier>",
            "<schema.org/isAvailableForFree>",
            "<schema.org/maintainer>",
            "<schema.org/name>",
            "<schema.org/publisher>",
            "<schema.org/temporal>",
            "<schema.org/thumbnailUrl>",
            "<schema.org/usageInfo>",
            "isa:<schema.org/ComicStory>",
            "isa:<schema.org/ItemPage>"
        ],
        "count": 18.0
    },
    {
        "pset": [
            "<schema.org/author>",
            "<schema.org/bookEdition>",
            "<schema.org/exampleOfWork>",
            "<schema.org/image>",
            "<schema.org/isAccessibleForFree>",
            "<schema.org/name>",
            "<schema.org/offers>",
            "isa:<schema.org/ComicStory>"
        ],
        "count": 17.0
    },
    {
        "pset": [
            "<schema.org/interactionStatistic>",
            "<schema.org/name>",
            "<schema.org/position>",
            "<schema.org/thumbnailUrl>",
            "<schema.org/url>",
            "isa:<schema.org/ComicStory>"
        ],
        "count": 15.0
    },
    {
        "pset": [
            "<schema.org/about>",
            "<schema.org/author>",
            "<schema.org/name>",
            "<schema.org/publisher>",
            "<schema.org/url>",
            "isa:<schema.org/ComicStory>"
        ],
        "count": 12.0
    },
    {
        "pset": [
            "<schema.org/bookFormat>",
            "isa:<schema.org/ComicStory>",
            "isa:<schema.org/CreativeWork>"
        ],
        "count": 10.0
    },
    {
        "pset": [
            "<schema.org/name>",
            "isa:<schema.org/ComicStory>"
        ],
        "count": 6.0
    },
    {
        "pset": [
            "<schema.org/aggregateRating>",
            "<schema.org/name>",
            "isa:<schema.org/ComicStory>"
        ],
        "count": 5.0
    },
    {
        "pset": [
            "<schema.org/datePublished>",
            "<schema.org/name>",
            "<schema.org/position>",
            "<schema.org/thumbnailUrl>",
            "<schema.org/url>",
            "isa:<schema.org/ComicStory>"
        ],
        "count": 5.0
    },
    {
        "pset": [
            "<schema.org/about>",
            "<schema.org/author>",
            "<schema.org/copyrightHolder>",
            "<schema.org/copyrightYear>",
            "<schema.org/creator>",
            "<schema.org/dateModified>",
            "<schema.org/datePublished>",
            "<schema.org/description>",
            "<schema.org/image>",
            "<schema.org/inLanguage>",
            "<schema.org/isAccessibleForFree>",
            "<schema.org/keywords>",
            "<schema.org/letterer>",
            "<schema.org/license>",
            "<schema.org/name>",
            "<schema.org/penciler>",
            "<schema.org/text>",
            "<schema.org/url>",
            "isa:<schema.org/ComicStory>"
        ],
        "count": 4.0
    },
    {
        "pset": [
            "<schema.org/author>",
            "<schema.org/description>",
            "<schema.org/name>",
            "isa:<schema.org/ComicStory>"
        ],
        "count": 3.0
    },
    {
        "pset": [
            "<schema.org/author>",
            "<schema.org/exampleOfWork>",
            "<schema.org/image>",
            "<schema.org/isAccessibleForFree>",
            "<schema.org/name>",
            "isa:<schema.org/ComicStory>"
        ],
        "count": 2.0
    },
    {
        "pset": [
            "<schema.org/artist>",
            "<schema.org/dateModified>",
            "<schema.org/datePublished>",
            "<schema.org/description>",
            "<schema.org/headline>",
            "<schema.org/image>",
            "<schema.org/mainEntityOfPage>",
            "<schema.org/publisher>",
            "isa:<schema.org/ComicStory>"
        ],
        "count": 2.0
    },
    {
        "pset": [
            "<schema.org/artist>",
            "<schema.org/author>",
            "<schema.org/colorist>",
            "<schema.org/description>",
            "<schema.org/editor>",
            "<schema.org/letterer>",
            "<schema.org/name>",
            "isa:<schema.org/ComicStory>"
        ],
        "count": 2.0
    },
    {
        "pset": [
            "<schema.org/address>",
            "<schema.org/alternateName>",
            "<schema.org/audience>",
            "<schema.org/description>",
            "<schema.org/genre>",
            "<schema.org/image>",
            "<schema.org/name>",
            "<schema.org/touristType>",
            "isa:<schema.org/ComicStory>",
            "isa:<schema.org/Museum>",
            "isa:<schema.org/TouristAttraction>"
        ],
        "count": 1.0
    },
    {
        "pset": [
            "<schema.org/artist>",
            "<schema.org/description>",
            "<schema.org/name>",
            "isa:<schema.org/ComicStory>"
        ],
        "count": 1.0
    },
    {
        "pset": [
            "<schema.org/about>",
            "<schema.org/creator>",
            "<schema.org/dateCreated>",
            "<schema.org/description>",
            "<schema.org/identifier>",
            "<schema.org/isAvailableForFree>",
            "<schema.org/maintainer>",
            "<schema.org/name>",
            "<schema.org/temporal>",
            "<schema.org/thumbnailUrl>",
            "<schema.org/usageInfo>",
            "isa:<schema.org/ComicStory>",
            "isa:<schema.org/ItemPage>"
        ],
        "count": 1.0
    },
    {
        "pset": [
            "<schema.org/about>",
            "<schema.org/artist>",
            "<schema.org/inLanguage>",
            "<schema.org/name>",
            "<schema.org/url>",
            "isa:<schema.org/ComicStory>"
        ],
        "count": 1.0
    },
    {
        "pset": [
            "<schema.org/author>",
            "<schema.org/colorist>",
            "<schema.org/editor>",
            "<schema.org/inker>",
            "<schema.org/letterer>",
            "<schema.org/name>",
            "<schema.org/penciler>",
            "isa:<schema.org/ComicStory>"
        ],
        "count": 1.0
    }
]