[
    {
        "pset": [
            "<schema.org/name>",
            "isa:<schema.org/Continent>"
        ],
        "count": 2597.0
    },
    {
        "pset": [
            "<schema.org/name>",
            "<schema.org/sameAs>",
            "isa:<schema.org/Continent>"
        ],
        "count": 378.0
    },
    {
        "pset": [
            "isa:<schema.org/Continent>"
        ],
        "count": 102.0
    },
    {
        "pset": [
            "<schema.org/description>",
            "<schema.org/image>",
            "<schema.org/name>",
            "<schema.org/url>",
            "isa:<schema.org/Continent>"
        ],
        "count": 30.0
    },
    {
        "pset": [
            "<schema.org/description>",
            "<schema.org/name>",
            "isa:<schema.org/Continent>"
        ],
        "count": 25.0
    },
    {
        "pset": [
            "<schema.org/image>",
            "<schema.org/name>",
            "isa:<schema.org/Continent>"
        ],
        "count": 18.0
    },
    {
        "pset": [
            "<schema.org/description>",
            "<schema.org/name>",
            "<schema.org/url>",
            "isa:<schema.org/Continent>"
        ],
        "count": 10.0
    },
    {
        "pset": [
            "<schema.org/containsPlace>",
            "<schema.org/name>",
            "<schema.org/touristType>",
            "isa:<schema.org/Continent>",
            "isa:<schema.org/TouristDestination>"
        ],
        "count": 3.0
    },
    {
        "pset": [
            "<schema.org/name>",
            "isa:<schema.org/AdministrativeArea>",
            "isa:<schema.org/Continent>"
        ],
        "count": 1.0
    },
    {
        "pset": [
            "<schema.org/additionalType>",
            "<schema.org/name>",
            "isa:<schema.org/AdministrativeArea>",
            "isa:<schema.org/Continent>"
        ],
        "count": 1.0
    },
    {
        "pset": [
            "<schema.org/description>",
            "<schema.org/mainEntityOfPage>",
            "<schema.org/name>",
            "<schema.org/sameAs>",
            "<schema.org/url>",
            "isa:<schema.org/AdministrativeArea>",
            "isa:<schema.org/Continent>",
            "isa:<schema.org/Place>",
            "isa:<schema.org/Thing>"
        ],
        "count": 1.0
    },
    {
        "pset": [
            "<schema.org/description>",
            "<schema.org/mainEntityOfPage>",
            "<schema.org/name>",
            "<schema.org/sameAs>",
            "<schema.org/url>",
            "isa:<schema.org/Continent>",
            "isa:<schema.org/Place>",
            "isa:<schema.org/Thing>"
        ],
        "count": 1.0
    },
    {
        "pset": [
            "<schema.org/name>",
            "isa:<schema.org/Continent>",
            "isa:<schema.org/GeoCircle>",
            "isa:<schema.org/geoShape>"
        ],
        "count": 1.0
    }
]