[
    {
        "pset": [
            "<schema.org/name>",
            "isa:<schema.org/Country>"
        ],
        "count": 46189840.0
    },
    {
        "pset": [
            "<schema.org/name>",
            "<schema.org/sameAs>",
            "isa:<schema.org/Country>"
        ],
        "count": 27953.0
    },
    {
        "pset": [
            "<schema.org/alternateName>",
            "<schema.org/name>",
            "isa:<schema.org/Country>"
        ],
        "count": 27745.0
    },
    {
        "pset": [
            "<schema.org/name>",
            "<schema.org/url>",
            "isa:<schema.org/Country>"
        ],
        "count": 16878.0
    },
    {
        "pset": [
            "<schema.org/geo>",
            "<schema.org/name>",
            "isa:<schema.org/Country>"
        ],
        "count": 14573.0
    },
    {
        "pset": [
            "<schema.org/address>",
            "isa:<schema.org/Country>"
        ],
        "count": 13938.0
    },
    {
        "pset": [
            "<schema.org/hasMap>",
            "<schema.org/logo>",
            "<schema.org/name>",
            "<schema.org/sameAs>",
            "<schema.org/url>",
            "isa:<schema.org/Country>"
        ],
        "count": 12357.0
    },
    {
        "pset": [
            "isa:<schema.org/Country>"
        ],
        "count": 8305.0
    },
    {
        "pset": [
            "<schema.org/address>",
            "<schema.org/alternateName>",
            "<schema.org/name>",
            "isa:<schema.org/Country>"
        ],
        "count": 4287.0
    },
    {
        "pset": [
            "<schema.org/address>",
            "<schema.org/image>",
            "<schema.org/name>",
            "<schema.org/url>",
            "isa:<schema.org/Country>"
        ],
        "count": 2152.0
    },
    {
        "pset": [
            "<schema.org/address>",
            "<schema.org/name>",
            "isa:<schema.org/Country>"
        ],
        "count": 1982.0
    },
    {
        "pset": [
            "<schema.org/addressLocality>",
            "<schema.org/addressRegion>",
            "<schema.org/name>",
            "<schema.org/url>",
            "isa:<schema.org/Country>"
        ],
        "count": 1238.0
    },
    {
        "pset": [
            "<schema.org/hasMap>",
            "<schema.org/logo>",
            "<schema.org/name>",
            "<schema.org/telephone>",
            "isa:<schema.org/Country>"
        ],
        "count": 1219.0
    },
    {
        "pset": [
            "<schema.org/additionalProperty>",
            "isa:<schema.org/Country>"
        ],
        "count": 1077.0
    },
    {
        "pset": [
            "<schema.org/Name>",
            "isa:<schema.org/Country>"
        ],
        "count": 911.0
    },
    {
        "pset": [
            "<schema.org/description>",
            "<schema.org/geo>",
            "<schema.org/image>",
            "<schema.org/name>",
            "<schema.org/sameAs>",
            "<schema.org/url>",
            "isa:<schema.org/Country>"
        ],
        "count": 905.0
    },
    {
        "pset": [
            "<schema.org/address>",
            "<schema.org/name>",
            "<schema.org/url>",
            "isa:<schema.org/Country>"
        ],
        "count": 800.0
    },
    {
        "pset": [
            "<schema.org/address>",
            "<schema.org/geo>",
            "<schema.org/name>",
            "<schema.org/url>",
            "isa:<schema.org/Country>"
        ],
        "count": 796.0
    },
    {
        "pset": [
            "<schema.org/identifier>",
            "<schema.org/name>",
            "isa:<schema.org/Country>"
        ],
        "count": 628.0
    },
    {
        "pset": [
            "<schema.org/description>",
            "<schema.org/name>",
            "<schema.org/url>",
            "isa:<schema.org/Country>"
        ],
        "count": 472.0
    },
    {
        "pset": [
            "<schema.org/alternateName>",
            "<schema.org/name>",
            "<schema.org/sameas>",
            "isa:<schema.org/Country>"
        ],
        "count": 468.0
    },
    {
        "pset": [
            "<schema.org/description>",
            "<schema.org/image>",
            "<schema.org/name>",
            "<schema.org/url>",
            "isa:<schema.org/Country>"
        ],
        "count": 353.0
    },
    {
        "pset": [
            "<schema.org/image>",
            "<schema.org/name>",
            "isa:<schema.org/Country>"
        ],
        "count": 262.0
    },
    {
        "pset": [
            "<schema.org/name>",
            "<schema.org/review>",
            "isa:<schema.org/Country>"
        ],
        "count": 220.0
    },
    {
        "pset": [
            "<schema.org/description>",
            "<schema.org/name>",
            "isa:<schema.org/Country>"
        ],
        "count": 217.0
    },
    {
        "pset": [
            "<schema.org/alternateName>",
            "<schema.org/containedInPlace>",
            "<schema.org/name>",
            "<schema.org/url>",
            "isa:<schema.org/Country>"
        ],
        "count": 194.0
    },
    {
        "pset": [
            "<schema.org/address>",
            "<schema.org/alternateName>",
            "<schema.org/name>",
            "<schema.org/url>",
            "isa:<schema.org/Country>"
        ],
        "count": 160.0
    },
    {
        "pset": [
            "<schema.org/description>",
            "<schema.org/geo>",
            "<schema.org/image>",
            "<schema.org/name>",
            "<schema.org/url>",
            "isa:<schema.org/Country>",
            "isa:<schema.org/TouristDestination>"
        ],
        "count": 131.0
    },
    {
        "pset": [
            "<schema.org/alternateName>",
            "<schema.org/description>",
            "<schema.org/image>",
            "<schema.org/name>",
            "<schema.org/photo>",
            "<schema.org/url>",
            "isa:<schema.org/Country>"
        ],
        "count": 101.0
    },
    {
        "pset": [
            "<schema.org/containsPlace>",
            "<schema.org/description>",
            "<schema.org/geo>",
            "<schema.org/image>",
            "<schema.org/mainEntityOfPage>",
            "<schema.org/name>",
            "<schema.org/url>",
            "isa:<schema.org/Country>"
        ],
        "count": 48.0
    },
    {
        "pset": [
            "<schema.org/description>",
            "<schema.org/image>",
            "<schema.org/url>",
            "isa:<schema.org/Country>"
        ],
        "count": 45.0
    },
    {
        "pset": [
            "<schema.org/description>",
            "<schema.org/geo>",
            "<schema.org/name>",
            "<schema.org/url>",
            "isa:<schema.org/Country>"
        ],
        "count": 45.0
    },
    {
        "pset": [
            "<schema.org/geo>",
            "<schema.org/name>",
            "<schema.org/url>",
            "isa:<schema.org/Country>"
        ],
        "count": 41.0
    },
    {
        "pset": [
            "<schema.org/description>",
            "isa:<schema.org/Country>"
        ],
        "count": 39.0
    },
    {
        "pset": [
            "<schema.org/description>",
            "<schema.org/identifier>",
            "<schema.org/image>",
            "<schema.org/name>",
            "<schema.org/url>",
            "isa:<schema.org/Country>"
        ],
        "count": 33.0
    },
    {
        "pset": [
            "<schema.org/url>",
            "isa:<schema.org/Country>"
        ],
        "count": 28.0
    },
    {
        "pset": [
            "<schema.org/additionalType>",
            "<schema.org/alternateName>",
            "isa:<schema.org/Country>"
        ],
        "count": 27.0
    },
    {
        "pset": [
            "<schema.org/containsPlace>",
            "<schema.org/includesAttraction>",
            "<schema.org/name>",
            "<schema.org/touristType>",
            "isa:<schema.org/Country>",
            "isa:<schema.org/TouristDestination>"
        ],
        "count": 27.0
    },
    {
        "pset": [
            "<schema.org/hasMap>",
            "<schema.org/name>",
            "<schema.org/sameAs>",
            "isa:<schema.org/Country>"
        ],
        "count": 26.0
    },
    {
        "pset": [
            "<schema.org/name>",
            "<schema.org/value>",
            "isa:<schema.org/Country>"
        ],
        "count": 23.0
    },
    {
        "pset": [
            "<schema.org/baseSalary>",
            "<schema.org/name>",
            "isa:<schema.org/Country>"
        ],
        "count": 22.0
    },
    {
        "pset": [
            "<schema.org/image>",
            "<schema.org/name>",
            "isa:<schema.org/Country>",
            "isa:<schema.org/TouristAttraction>"
        ],
        "count": 20.0
    },
    {
        "pset": [
            "<schema.org/description>",
            "<schema.org/geo>",
            "<schema.org/image>",
            "<schema.org/includesAttraction>",
            "<schema.org/name>",
            "<schema.org/url>",
            "isa:<schema.org/Country>",
            "isa:<schema.org/TouristDestination>"
        ],
        "count": 19.0
    },
    {
        "pset": [
            "<schema.org/alternateName>",
            "<schema.org/name>",
            "<schema.org/sameAs>",
            "isa:<schema.org/Country>"
        ],
        "count": 19.0
    },
    {
        "pset": [
            "<schema.org/description>",
            "<schema.org/image>",
            "<schema.org/name>",
            "<schema.org/photo>",
            "<schema.org/url>",
            "isa:<schema.org/Country>"
        ],
        "count": 18.0
    },
    {
        "pset": [
            "<schema.org/aggregateRating>",
            "<schema.org/name>",
            "isa:<schema.org/Country>"
        ],
        "count": 16.0
    },
    {
        "pset": [
            "<schema.org/address>",
            "<schema.org/alternateName>",
            "<schema.org/containsPlace>",
            "<schema.org/geo>",
            "<schema.org/name>",
            "<schema.org/url>",
            "isa:<schema.org/Country>"
        ],
        "count": 16.0
    },
    {
        "pset": [
            "<schema.org/City>",
            "<schema.org/address>",
            "<schema.org/name>",
            "isa:<schema.org/Country>"
        ],
        "count": 14.0
    },
    {
        "pset": [
            "<schema.org/description>",
            "<schema.org/mainEntityOfPage>",
            "<schema.org/name>",
            "<schema.org/sameAs>",
            "<schema.org/url>",
            "isa:<schema.org/AdministrativeArea>",
            "isa:<schema.org/Country>",
            "isa:<schema.org/Place>",
            "isa:<schema.org/Thing>"
        ],
        "count": 14.0
    },
    {
        "pset": [
            "<schema.org/addressRegion>",
            "<schema.org/name>",
            "<schema.org/url>",
            "isa:<schema.org/Country>"
        ],
        "count": 14.0
    },
    {
        "pset": [
            "<schema.org/description>",
            "<schema.org/mainEntityOfPage>",
            "<schema.org/name>",
            "isa:<schema.org/Country>"
        ],
        "count": 12.0
    },
    {
        "pset": [
            "<schema.org/amenityFeature>",
            "<schema.org/containedInPlace>",
            "<schema.org/geo>",
            "<schema.org/image>",
            "<schema.org/name>",
            "<schema.org/potentialAction>",
            "isa:<schema.org/Country>"
        ],
        "count": 12.0
    },
    {
        "pset": [
            "<schema.org/amenityFeature>",
            "<schema.org/containedInPlace>",
            "<schema.org/description>",
            "<schema.org/geo>",
            "<schema.org/image>",
            "<schema.org/name>",
            "<schema.org/potentialAction>",
            "isa:<schema.org/Country>"
        ],
        "count": 12.0
    },
    {
        "pset": [
            "<schema.org/Name>",
            "<schema.org/Url>",
            "isa:<schema.org/Country>"
        ],
        "count": 11.0
    },
    {
        "pset": [
            "<schema.org/hasMap>",
            "<schema.org/name>",
            "<schema.org/url>",
            "isa:<schema.org/Country>"
        ],
        "count": 9.0
    },
    {
        "pset": [
            "<schema.org/additionalType>",
            "<schema.org/name>",
            "isa:<schema.org/Country>"
        ],
        "count": 9.0
    },
    {
        "pset": [
            "<schema.org/containsPlace>",
            "<schema.org/description>",
            "<schema.org/geo>",
            "<schema.org/image>",
            "<schema.org/mainEntityOfPage>",
            "<schema.org/name>",
            "<schema.org/subjectOf>",
            "<schema.org/url>",
            "isa:<schema.org/Country>"
        ],
        "count": 8.0
    },
    {
        "pset": [
            "<schema.org/name>",
            "isa:<schema.org/City>",
            "isa:<schema.org/Country>"
        ],
        "count": 7.0
    },
    {
        "pset": [
            "<schema.org/containsPlace>",
            "<schema.org/name>",
            "<schema.org/touristType>",
            "isa:<schema.org/Country>",
            "isa:<schema.org/TouristDestination>"
        ],
        "count": 7.0
    },
    {
        "pset": [
            "<schema.org/additionalProperty>",
            "<schema.org/name>",
            "isa:<schema.org/Country>"
        ],
        "count": 6.0
    },
    {
        "pset": [
            "<schema.org/geo>",
            "<schema.org/hasmap>",
            "<schema.org/name>",
            "isa:<schema.org/Country>"
        ],
        "count": 5.0
    },
    {
        "pset": [
            "<schema.org/address>",
            "<schema.org/hasMap>",
            "<schema.org/openingHoursSpecification>",
            "<schema.org/telephone>",
            "isa:<schema.org/Country>"
        ],
        "count": 5.0
    },
    {
        "pset": [
            "<schema.org/hasMap>",
            "<schema.org/name>",
            "isa:<schema.org/Country>"
        ],
        "count": 5.0
    },
    {
        "pset": [
            "<schema.org/description>",
            "<schema.org/name>",
            "<schema.org/url>",
            "isa:<schema.org/Country>",
            "isa:<schema.org/State>"
        ],
        "count": 4.0
    },
    {
        "pset": [
            "<schema.org/containsPlace>",
            "<schema.org/name>",
            "<schema.org/sameAs>",
            "<schema.org/url>",
            "isa:<schema.org/AdministrativeArea>",
            "isa:<schema.org/Country>"
        ],
        "count": 3.0
    },
    {
        "pset": [
            "<schema.org/alternateName>",
            "<schema.org/description>",
            "<schema.org/isAccessibleForFree>",
            "<schema.org/name>",
            "<schema.org/potentialAction>",
            "<schema.org/publicAccess>",
            "isa:<schema.org/Country>"
        ],
        "count": 3.0
    },
    {
        "pset": [
            "<schema.org/baseSalary>",
            "isa:<schema.org/Country>"
        ],
        "count": 3.0
    },
    {
        "pset": [
            "<schema.org/identifier>",
            "isa:<schema.org/Country>"
        ],
        "count": 3.0
    },
    {
        "pset": [
            "<schema.org/address>",
            "<schema.org/alternateName>",
            "<schema.org/isAccessibleForFree>",
            "<schema.org/name>",
            "<schema.org/publicAccess>",
            "isa:<schema.org/Country>"
        ],
        "count": 3.0
    },
    {
        "pset": [
            "<schema.org/address>",
            "<schema.org/containsPlace>",
            "<schema.org/image>",
            "<schema.org/name>",
            "<schema.org/url>",
            "isa:<schema.org/Country>"
        ],
        "count": 3.0
    },
    {
        "pset": [
            "<schema.org/name>",
            "<schema.org/subjectOf>",
            "isa:<schema.org/Country>"
        ],
        "count": 2.0
    },
    {
        "pset": [
            "<schema.org/containsPlace>",
            "<schema.org/description>",
            "<schema.org/geo>",
            "<schema.org/mainEntityOfPage>",
            "<schema.org/name>",
            "<schema.org/url>",
            "isa:<schema.org/Country>"
        ],
        "count": 2.0
    },
    {
        "pset": [
            "<schema.org/address>",
            "<schema.org/description>",
            "<schema.org/image>",
            "<schema.org/name>",
            "<schema.org/url>",
            "isa:<schema.org/Country>"
        ],
        "count": 2.0
    },
    {
        "pset": [
            "<schema.org/address>",
            "<schema.org/geo>",
            "isa:<schema.org/Country>"
        ],
        "count": 2.0
    },
    {
        "pset": [
            "<schema.org/about>",
            "<schema.org/alternateName>",
            "<schema.org/dateModified>",
            "<schema.org/datePublished>",
            "<schema.org/description>",
            "<schema.org/inLanguage>",
            "<schema.org/isPartOf>",
            "<schema.org/name>",
            "<schema.org/potentialAction>",
            "<schema.org/primaryImageOfPage>",
            "<schema.org/url>",
            "isa:<schema.org/Country>",
            "isa:<schema.org/WebPage>"
        ],
        "count": 2.0
    },
    {
        "pset": [
            "<schema.org/alternateName>",
            "<schema.org/name>",
            "<schema.org/url>",
            "isa:<schema.org/Country>"
        ],
        "count": 2.0
    },
    {
        "pset": [
            "<schema.org/name>",
            "isa:<schema.org/Country>",
            "isa:<schema.org/Organization>"
        ],
        "count": 2.0
    },
    {
        "pset": [
            "<schema.org/address>",
            "<schema.org/description>",
            "<schema.org/name>",
            "isa:<schema.org/Country>"
        ],
        "count": 2.0
    },
    {
        "pset": [
            "<schema.org/description>",
            "<schema.org/image>",
            "<schema.org/name>",
            "<schema.org/potentialAction>",
            "<schema.org/url>",
            "isa:<schema.org/Country>"
        ],
        "count": 2.0
    },
    {
        "pset": [
            "<schema.org/name>",
            "isa:<schema.org/City>",
            "isa:<schema.org/Country>",
            "isa:<schema.org/geoShape>"
        ],
        "count": 1.0
    },
    {
        "pset": [
            "<schema.org/additionalType>",
            "<schema.org/description>",
            "<schema.org/image>",
            "<schema.org/mainEntityOfPage>",
            "<schema.org/name>",
            "<schema.org/sameAs>",
            "<schema.org/url>",
            "isa:<schema.org/Country>",
            "isa:<schema.org/Place>",
            "isa:<schema.org/Specialty>",
            "isa:<schema.org/Thing>"
        ],
        "count": 1.0
    },
    {
        "pset": [
            "<schema.org/hasMap>",
            "<schema.org/logo>",
            "<schema.org/name>",
            "<schema.org/sameAs>",
            "<schema.org/url>",
            "isa:<schema.org/City>",
            "isa:<schema.org/Country>"
        ],
        "count": 1.0
    },
    {
        "pset": [
            "<schema.org/name>",
            "<schema.org/sameAs>",
            "<schema.org/slogan>",
            "<schema.org/url>",
            "isa:<schema.org/Country>"
        ],
        "count": 1.0
    },
    {
        "pset": [
            "<schema.org/containsPlace>",
            "<schema.org/description>",
            "<schema.org/image>",
            "<schema.org/mainEntityOfPage>",
            "<schema.org/name>",
            "<schema.org/url>",
            "isa:<schema.org/Country>"
        ],
        "count": 1.0
    },
    {
        "pset": [
            "<schema.org/name>",
            "isa:<schema.org/Country>",
            "isa:<schema.org/geoShape>"
        ],
        "count": 1.0
    },
    {
        "pset": [
            "<schema.org/userName>",
            "isa:<schema.org/Country>"
        ],
        "count": 1.0
    },
    {
        "pset": [
            "<schema.org/description>",
            "<schema.org/image>",
            "<schema.org/name>",
            "<schema.org/url>",
            "isa:<schema.org/Country>",
            "isa:<schema.org/TouristAttraction>"
        ],
        "count": 1.0
    },
    {
        "pset": [
            "<schema.org/additionalType>",
            "<schema.org/addressCountry>",
            "<schema.org/addressLocality>",
            "<schema.org/addressRegion>",
            "<schema.org/name>",
            "<schema.org/postalCode>",
            "<schema.org/sameAs>",
            "<schema.org/streetAddress>",
            "isa:<schema.org/AdministrativeArea>",
            "isa:<schema.org/Country>",
            "isa:<schema.org/Place>",
            "isa:<schema.org/PostalAddress>"
        ],
        "count": 1.0
    },
    {
        "pset": [
            "<schema.org/description>",
            "<schema.org/name>",
            "<schema.org/sameAs>",
            "<schema.org/slogan>",
            "<schema.org/url>",
            "isa:<schema.org/City>",
            "isa:<schema.org/Country>",
            "isa:<schema.org/country>"
        ],
        "count": 1.0
    },
    {
        "pset": [
            "<schema.org/Logo>",
            "<schema.org/additionalType>",
            "<schema.org/address>",
            "<schema.org/currenciesAccepted>",
            "<schema.org/description>",
            "<schema.org/email>",
            "<schema.org/founder>",
            "<schema.org/geo>",
            "<schema.org/hasMap>",
            "<schema.org/image>",
            "<schema.org/location>",
            "<schema.org/logo>",
            "<schema.org/name>",
            "<schema.org/priceRange>",
            "<schema.org/sameAs>",
            "<schema.org/slogan>",
            "<schema.org/telephone>",
            "<schema.org/url>",
            "isa:<schema.org/Country>",
            "isa:<schema.org/LocalBusiness>",
            "isa:<schema.org/Organization>",
            "isa:<schema.org/Specialty>"
        ],
        "count": 1.0
    },
    {
        "pset": [
            "<schema.org/image>",
            "<schema.org/name>",
            "<schema.org/url>",
            "isa:<schema.org/Country>"
        ],
        "count": 1.0
    },
    {
        "pset": [
            "<schema.org/address>",
            "<schema.org/description>",
            "<schema.org/url>",
            "isa:<schema.org/Country>"
        ],
        "count": 1.0
    },
    {
        "pset": [
            "<schema.org/containedInPlace>",
            "<schema.org/description>",
            "<schema.org/name>",
            "<schema.org/url>",
            "isa:<schema.org/Country>",
            "isa:<schema.org/State>"
        ],
        "count": 1.0
    },
    {
        "pset": [
            "<schema.org/name>",
            "<schema.org/sameAs>",
            "<schema.org/url>",
            "isa:<schema.org/City>",
            "isa:<schema.org/Country>",
            "isa:<schema.org/Place>"
        ],
        "count": 1.0
    },
    {
        "pset": [
            "<schema.org/additionalProperty>",
            "<schema.org/alternateName>",
            "<schema.org/name>",
            "<schema.org/sameAs>",
            "isa:<schema.org/Country>"
        ],
        "count": 1.0
    },
    {
        "pset": [
            "<schema.org/additionalType>",
            "<schema.org/address>",
            "<schema.org/containedInPlace>",
            "<schema.org/geo>",
            "<schema.org/hasDriveThroughService>",
            "<schema.org/logo>",
            "<schema.org/name>",
            "<schema.org/publicAccess>",
            "<schema.org/smokingAllowed>",
            "<schema.org/url>",
            "isa:<schema.org/Country>"
        ],
        "count": 1.0
    },
    {
        "pset": [
            "<schema.org/description>",
            "<schema.org/hasMap>",
            "<schema.org/image>",
            "<schema.org/latitude>",
            "<schema.org/logo>",
            "<schema.org/longitude>",
            "<schema.org/mainEntityOfPage>",
            "<schema.org/name>",
            "<schema.org/sameAs>",
            "<schema.org/url>",
            "isa:<schema.org/AdministrativeArea>",
            "isa:<schema.org/City>",
            "isa:<schema.org/Country>",
            "isa:<schema.org/Organization>",
            "isa:<schema.org/Person>",
            "isa:<schema.org/Place>",
            "isa:<schema.org/Thing>"
        ],
        "count": 1.0
    },
    {
        "pset": [
            "<schema.org/name>",
            "isa:<schema.org/AdministrativeArea>",
            "isa:<schema.org/Country>"
        ],
        "count": 1.0
    },
    {
        "pset": [
            "<schema.org/address>",
            "<schema.org/areaServed>",
            "<schema.org/contactPoint>",
            "<schema.org/description>",
            "<schema.org/email>",
            "<schema.org/image>",
            "<schema.org/knowsLanguage>",
            "<schema.org/legalName>",
            "<schema.org/location>",
            "<schema.org/logo>",
            "<schema.org/name>",
            "<schema.org/taxID>",
            "<schema.org/vatID>",
            "isa:<schema.org/Country>",
            "isa:<schema.org/Organization>"
        ],
        "count": 1.0
    },
    {
        "pset": [
            "<schema.org/name>",
            "<schema.org/sameAs>",
            "<schema.org/url>",
            "isa:<schema.org/Country>"
        ],
        "count": 1.0
    },
    {
        "pset": [
            "<schema.org/Description>",
            "<schema.org/description>",
            "<schema.org/hasMap>",
            "<schema.org/hasmap>",
            "<schema.org/image>",
            "<schema.org/latitude>",
            "<schema.org/logo>",
            "<schema.org/longitude>",
            "<schema.org/mainEntityOfPage>",
            "<schema.org/mainentityofpage>",
            "<schema.org/name>",
            "<schema.org/sameAs>",
            "<schema.org/sameas>",
            "<schema.org/url>",
            "isa:<schema.org/AdministrativeArea>",
            "isa:<schema.org/City>",
            "isa:<schema.org/Country>",
            "isa:<schema.org/Place>",
            "isa:<schema.org/Thing>",
            "isa:<schema.org/country>"
        ],
        "count": 1.0
    },
    {
        "pset": [
            "<schema.org/name>",
            "<schema.org/sameAs>",
            "isa:<schema.org/City>",
            "isa:<schema.org/Country>",
            "isa:<schema.org/country>"
        ],
        "count": 1.0
    },
    {
        "pset": [
            "<schema.org/name>",
            "<schema.org/touristType>",
            "isa:<schema.org/Country>",
            "isa:<schema.org/TouristDestination>"
        ],
        "count": 1.0
    },
    {
        "pset": [
            "<schema.org/name>",
            "isa:<schema.org/Country>",
            "isa:<schema.org/State>"
        ],
        "count": 1.0
    },
    {
        "pset": [
            "<schema.org/additionalType>",
            "<schema.org/addressCountry>",
            "<schema.org/addressLocality>",
            "<schema.org/addressRegion>",
            "<schema.org/name>",
            "<schema.org/postalCode>",
            "<schema.org/sameAs>",
            "<schema.org/streetAddress>",
            "<schema.org/url>",
            "isa:<schema.org/AdministrativeArea>",
            "isa:<schema.org/Country>",
            "isa:<schema.org/PostalAddress>",
            "isa:<schema.org/city>",
            "isa:<schema.org/country>"
        ],
        "count": 1.0
    },
    {
        "pset": [
            "<schema.org/name>",
            "isa:<schema.org/City>",
            "isa:<schema.org/Country>",
            "isa:<schema.org/country>"
        ],
        "count": 1.0
    },
    {
        "pset": [
            "<schema.org/alternateName>",
            "<schema.org/description>",
            "<schema.org/logo>",
            "<schema.org/name>",
            "<schema.org/sameAs>",
            "<schema.org/url>",
            "isa:<schema.org/Country>"
        ],
        "count": 1.0
    },
    {
        "pset": [
            "<schema.org/description>",
            "<schema.org/mainEntityOfPage>",
            "<schema.org/name>",
            "<schema.org/sameAs>",
            "<schema.org/url>",
            "isa:<schema.org/AdministrativeArea>",
            "isa:<schema.org/Country>",
            "isa:<schema.org/DefenceEstablishment>",
            "isa:<schema.org/Place>",
            "isa:<schema.org/Thing>"
        ],
        "count": 1.0
    },
    {
        "pset": [
            "<schema.org/Description>",
            "<schema.org/image>",
            "<schema.org/mainEntityOfPage>",
            "<schema.org/name>",
            "<schema.org/url>",
            "isa:<schema.org/Country>",
            "isa:<schema.org/Thing>"
        ],
        "count": 1.0
    },
    {
        "pset": [
            "<schema.org/alternateName>",
            "<schema.org/geo>",
            "<schema.org/name>",
            "isa:<schema.org/Country>"
        ],
        "count": 1.0
    },
    {
        "pset": [
            "<schema.org/description>",
            "<schema.org/founder>",
            "<schema.org/name>",
            "isa:<schema.org/Country>"
        ],
        "count": 1.0
    },
    {
        "pset": [
            "<schema.org/Name>",
            "<schema.org/URL>",
            "<schema.org/address>",
            "<schema.org/description>",
            "<schema.org/hasMap>",
            "<schema.org/hasmap>",
            "<schema.org/image>",
            "<schema.org/logo>",
            "<schema.org/mainEntityOfPage>",
            "<schema.org/mainentityofpage>",
            "<schema.org/name>",
            "<schema.org/sameAs>",
            "<schema.org/url>",
            "isa:<schema.org/AdministrativeArea>",
            "isa:<schema.org/City>",
            "isa:<schema.org/Country>",
            "isa:<schema.org/Person>",
            "isa:<schema.org/Place>",
            "isa:<schema.org/Thing>",
            "isa:<schema.org/city>",
            "isa:<schema.org/place>"
        ],
        "count": 1.0
    },
    {
        "pset": [
            "<schema.org/name>",
            "<schema.org/sameAs>",
            "<schema.org/slogan>",
            "<schema.org/url>",
            "isa:<schema.org/City>",
            "isa:<schema.org/Country>",
            "isa:<schema.org/Place>",
            "isa:<schema.org/country>"
        ],
        "count": 1.0
    },
    {
        "pset": [
            "<schema.org/additionalType>",
            "<schema.org/name>",
            "isa:<schema.org/AdministrativeArea>",
            "isa:<schema.org/Country>"
        ],
        "count": 1.0
    },
    {
        "pset": [
            "<schema.org/alternateName>",
            "<schema.org/mainEntityOfPage>",
            "<schema.org/name>",
            "<schema.org/sameAs>",
            "<schema.org/url>",
            "isa:<schema.org/City>",
            "isa:<schema.org/Country>",
            "isa:<schema.org/Place>"
        ],
        "count": 1.0
    },
    {
        "pset": [
            "<schema.org/name>",
            "isa:<schema.org/AdministrativeArea>",
            "isa:<schema.org/City>",
            "isa:<schema.org/Country>"
        ],
        "count": 1.0
    },
    {
        "pset": [
            "<schema.org/name>",
            "<schema.org/slogan>",
            "isa:<schema.org/Country>"
        ],
        "count": 1.0
    },
    {
        "pset": [
            "<schema.org/alternateName>",
            "<schema.org/description>",
            "<schema.org/geo>",
            "<schema.org/hasMap>",
            "<schema.org/image>",
            "<schema.org/name>",
            "<schema.org/photo>",
            "<schema.org/url>",
            "isa:<schema.org/Country>"
        ],
        "count": 1.0
    },
    {
        "pset": [
            "<schema.org/@name>",
            "<schema.org/name>",
            "isa:<schema.org/Country>",
            "isa:<schema.org/Place>"
        ],
        "count": 1.0
    },
    {
        "pset": [
            "<schema.org/description>",
            "<schema.org/hasMap>",
            "<schema.org/logo>",
            "<schema.org/mainEntityOfPage>",
            "<schema.org/name>",
            "<schema.org/sameAs>",
            "<schema.org/url>",
            "isa:<schema.org/AdministrativeArea>",
            "isa:<schema.org/City>",
            "isa:<schema.org/Country>",
            "isa:<schema.org/Place>"
        ],
        "count": 1.0
    },
    {
        "pset": [
            "<schema.org/name>",
            "<schema.org/slogan>",
            "<schema.org/url>",
            "isa:<schema.org/Country>"
        ],
        "count": 1.0
    },
    {
        "pset": [
            "<schema.org/hasMap>",
            "<schema.org/logo>",
            "<schema.org/mainEntityOfPage>",
            "<schema.org/name>",
            "<schema.org/sameAs>",
            "<schema.org/url>",
            "isa:<schema.org/AdministrativeArea>",
            "isa:<schema.org/City>",
            "isa:<schema.org/Country>",
            "isa:<schema.org/Place>"
        ],
        "count": 1.0
    },
    {
        "pset": [
            "<schema.org/additionalType>",
            "<schema.org/addressCountry>",
            "<schema.org/addressLocality>",
            "<schema.org/addressRegion>",
            "<schema.org/alternateName>",
            "<schema.org/name>",
            "<schema.org/postalCode>",
            "<schema.org/streetAddress>",
            "<schema.org/url>",
            "isa:<schema.org/AdministrativeArea>",
            "isa:<schema.org/Country>",
            "isa:<schema.org/Place>",
            "isa:<schema.org/PostalAddress>"
        ],
        "count": 1.0
    }
]