[
    {
        "pset": [
            "<schema.org/aggregateRating>",
            "<schema.org/name>",
            "isa:<schema.org/CreativeWorkSeries>"
        ],
        "count": 1111253.0
    },
    {
        "pset": [
            "<schema.org/aggregateRating>",
            "<schema.org/description>",
            "<schema.org/image>",
            "<schema.org/name>",
            "isa:<schema.org/CreativeWorkSeries>"
        ],
        "count": 49869.0
    },
    {
        "pset": [
            "<schema.org/name>",
            "isa:<schema.org/CreativeWorkSeries>"
        ],
        "count": 49097.0
    },
    {
        "pset": [
            "<schema.org/accessMode>",
            "<schema.org/accessModeSufficient>",
            "<schema.org/description>",
            "<schema.org/headline>",
            "<schema.org/inLanguage>",
            "<schema.org/isAccessibleForFree>",
            "<schema.org/isPartOf>",
            "<schema.org/keywords>",
            "<schema.org/name>",
            "<schema.org/publisher>",
            "<schema.org/sourceOrganization>",
            "<schema.org/url>",
            "isa:<schema.org/CreativeWorkSeries>"
        ],
        "count": 30751.0
    },
    {
        "pset": [
            "<schema.org/url>",
            "isa:<schema.org/CreativeWorkSeries>"
        ],
        "count": 30135.0
    },
    {
        "pset": [
            "<schema.org/author>",
            "<schema.org/dateCreated>",
            "<schema.org/dateModified>",
            "<schema.org/datePublished>",
            "<schema.org/description>",
            "<schema.org/headline>",
            "<schema.org/image>",
            "<schema.org/mainEntity>",
            "<schema.org/mainEntityOfPage>",
            "<schema.org/name>",
            "<schema.org/publisher>",
            "<schema.org/url>",
            "isa:<schema.org/CreativeWorkSeries>"
        ],
        "count": 23727.0
    },
    {
        "pset": [
            "<schema.org/image>",
            "<schema.org/name>",
            "isa:<schema.org/CreativeWorkSeries>"
        ],
        "count": 20763.0
    },
    {
        "pset": [
            "<schema.org/aggregateRating>",
            "<schema.org/description>",
            "<schema.org/name>",
            "isa:<schema.org/CreativeWorkSeries>"
        ],
        "count": 8332.0
    },
    {
        "pset": [
            "<schema.org/alternativeHeadline>",
            "<schema.org/author>",
            "<schema.org/dateCreated>",
            "<schema.org/dateModified>",
            "<schema.org/description>",
            "<schema.org/headline>",
            "<schema.org/name>",
            "isa:<schema.org/CreativeWorkSeries>"
        ],
        "count": 5785.0
    },
    {
        "pset": [
            "<schema.org/name>",
            "<schema.org/url>",
            "isa:<schema.org/CreativeWorkSeries>"
        ],
        "count": 5423.0
    },
    {
        "pset": [
            "<schema.org/author>",
            "<schema.org/dateModified>",
            "<schema.org/datePublished>",
            "<schema.org/description>",
            "<schema.org/image>",
            "<schema.org/inLanguage>",
            "<schema.org/keywords>",
            "<schema.org/name>",
            "<schema.org/publisher>",
            "<schema.org/url>",
            "isa:<schema.org/CreativeWorkSeries>"
        ],
        "count": 4946.0
    },
    {
        "pset": [
            "<schema.org/aggregateRating>",
            "<schema.org/author>",
            "<schema.org/dateCreated>",
            "<schema.org/dateModified>",
            "<schema.org/datePublished>",
            "<schema.org/description>",
            "<schema.org/headline>",
            "<schema.org/image>",
            "<schema.org/mainEntity>",
            "<schema.org/mainEntityOfPage>",
            "<schema.org/name>",
            "<schema.org/publisher>",
            "<schema.org/url>",
            "isa:<schema.org/CreativeWorkSeries>"
        ],
        "count": 4550.0
    },
    {
        "pset": [
            "<schema.org/inLanguage>",
            "<schema.org/name>",
            "<schema.org/url>",
            "isa:<schema.org/CreativeWorkSeries>"
        ],
        "count": 4208.0
    },
    {
        "pset": [
            "<schema.org/aggregateRating>",
            "<schema.org/author>",
            "<schema.org/name>",
            "<schema.org/reviewBody>",
            "isa:<schema.org/CreativeWorkSeries>"
        ],
        "count": 3610.0
    },
    {
        "pset": [
            "<schema.org/aggregateRating>",
            "<schema.org/image>",
            "<schema.org/name>",
            "isa:<schema.org/CreativeWorkSeries>"
        ],
        "count": 2642.0
    },
    {
        "pset": [
            "<schema.org/aggregateRating>",
            "<schema.org/author>",
            "<schema.org/dateModified>",
            "<schema.org/datePublished>",
            "<schema.org/description>",
            "<schema.org/headline>",
            "<schema.org/image>",
            "<schema.org/mainEntityOfPage>",
            "<schema.org/name>",
            "<schema.org/publisher>",
            "isa:<schema.org/CreativeWorkSeries>"
        ],
        "count": 2477.0
    },
    {
        "pset": [
            "<schema.org/address>",
            "<schema.org/email>",
            "<schema.org/image>",
            "<schema.org/logo>",
            "<schema.org/name>",
            "<schema.org/priceRange>",
            "<schema.org/telephone>",
            "<schema.org/url>",
            "isa:<schema.org/CreativeWorkSeries>",
            "isa:<schema.org/LocalBusiness>",
            "isa:<schema.org/ProfessionalService>",
            "isa:<schema.org/Service>"
        ],
        "count": 2102.0
    },
    {
        "pset": [
            "<schema.org/description>",
            "<schema.org/name>",
            "isa:<schema.org/CreativeWorkSeries>"
        ],
        "count": 1794.0
    },
    {
        "pset": [
            "<schema.org/description>",
            "<schema.org/image>",
            "<schema.org/name>",
            "isa:<schema.org/CreativeWorkSeries>"
        ],
        "count": 1754.0
    },
    {
        "pset": [
            "<schema.org/accessMode>",
            "<schema.org/aggregateRating>",
            "<schema.org/dateModified>",
            "<schema.org/description>",
            "<schema.org/identifier>",
            "<schema.org/image>",
            "<schema.org/name>",
            "<schema.org/url>",
            "isa:<schema.org/CreativeWorkSeries>"
        ],
        "count": 1377.0
    },
    {
        "pset": [
            "isa:<schema.org/CreativeWorkSeries>"
        ],
        "count": 1343.0
    },
    {
        "pset": [
            "<schema.org/aggregateRating>",
            "<schema.org/keywords>",
            "<schema.org/name>",
            "isa:<schema.org/CreativeWorkSeries>"
        ],
        "count": 1311.0
    },
    {
        "pset": [
            "<schema.org/aggregateRating>",
            "<schema.org/author>",
            "<schema.org/name>",
            "isa:<schema.org/CreativeWorkSeries>"
        ],
        "count": 1065.0
    },
    {
        "pset": [
            "<schema.org/aggregateRating>",
            "<schema.org/name>",
            "<schema.org/url>",
            "isa:<schema.org/CreativeWorkSeries>"
        ],
        "count": 1059.0
    },
    {
        "pset": [
            "<schema.org/aggregateRating>",
            "<schema.org/datePublished>",
            "<schema.org/name>",
            "isa:<schema.org/CreativeWorkSeries>"
        ],
        "count": 1014.0
    },
    {
        "pset": [
            "<schema.org/aggregateRating>",
            "<schema.org/author>",
            "<schema.org/dateModified>",
            "<schema.org/datePublished>",
            "<schema.org/description>",
            "<schema.org/image>",
            "<schema.org/inLanguage>",
            "<schema.org/keywords>",
            "<schema.org/name>",
            "<schema.org/publisher>",
            "<schema.org/review>",
            "<schema.org/url>",
            "isa:<schema.org/CreativeWorkSeries>"
        ],
        "count": 981.0
    },
    {
        "pset": [
            "<schema.org/description>",
            "<schema.org/endDate>",
            "<schema.org/image>",
            "<schema.org/keywords>",
            "<schema.org/name>",
            "<schema.org/startDate>",
            "<schema.org/url>",
            "isa:<schema.org/CreativeWorkSeries>"
        ],
        "count": 906.0
    },
    {
        "pset": [
            "<schema.org/author>",
            "<schema.org/dateModified>",
            "<schema.org/datePublished>",
            "<schema.org/headline>",
            "<schema.org/image>",
            "<schema.org/publisher>",
            "isa:<schema.org/CreativeWorkSeries>"
        ],
        "count": 897.0
    },
    {
        "pset": [
            "<schema.org/name>",
            "<schema.org/review>",
            "isa:<schema.org/CreativeWorkSeries>"
        ],
        "count": 863.0
    },
    {
        "pset": [
            "<schema.org/author>",
            "<schema.org/datePublished>",
            "<schema.org/image>",
            "<schema.org/name>",
            "<schema.org/publisher>",
            "<schema.org/url>",
            "isa:<schema.org/CreativeWorkSeries>"
        ],
        "count": 820.0
    },
    {
        "pset": [
            "<schema.org/aggregateRating>",
            "<schema.org/author>",
            "<schema.org/dateModified>",
            "<schema.org/datePublished>",
            "<schema.org/headline>",
            "<schema.org/image>",
            "<schema.org/publisher>",
            "isa:<schema.org/CreativeWorkSeries>"
        ],
        "count": 786.0
    },
    {
        "pset": [
            "<schema.org/aggregateRating>",
            "<schema.org/alternativeHeadline>",
            "<schema.org/author>",
            "<schema.org/dateCreated>",
            "<schema.org/dateModified>",
            "<schema.org/description>",
            "<schema.org/headline>",
            "<schema.org/name>",
            "isa:<schema.org/CreativeWorkSeries>"
        ],
        "count": 748.0
    },
    {
        "pset": [
            "<schema.org/author>",
            "<schema.org/name>",
            "isa:<schema.org/CreativeWorkSeries>"
        ],
        "count": 730.0
    },
    {
        "pset": [
            "<schema.org/description>",
            "<schema.org/image>",
            "<schema.org/name>",
            "<schema.org/url>",
            "isa:<schema.org/CreativeWorkSeries>"
        ],
        "count": 724.0
    },
    {
        "pset": [
            "<schema.org/aggregateRating>",
            "<schema.org/alternateName>",
            "<schema.org/description>",
            "<schema.org/inLanguage>",
            "<schema.org/name>",
            "<schema.org/publisher>",
            "<schema.org/url>",
            "isa:<schema.org/CreativeWorkSeries>"
        ],
        "count": 672.0
    },
    {
        "pset": [
            "<schema.org/aggregateRating>",
            "<schema.org/description>",
            "<schema.org/image>",
            "<schema.org/name>",
            "<schema.org/url>",
            "isa:<schema.org/CreativeWorkSeries>"
        ],
        "count": 642.0
    },
    {
        "pset": [
            "<schema.org/aggregateRating>",
            "<schema.org/author>",
            "<schema.org/dateModified>",
            "<schema.org/datePublished>",
            "<schema.org/image>",
            "<schema.org/name>",
            "<schema.org/publisher>",
            "<schema.org/url>",
            "isa:<schema.org/CreativeWorkSeries>"
        ],
        "count": 596.0
    },
    {
        "pset": [
            "<schema.org/aggregateRating>",
            "<schema.org/description>",
            "<schema.org/name>",
            "<schema.org/url>",
            "isa:<schema.org/CreativeWorkSeries>"
        ],
        "count": 594.0
    },
    {
        "pset": [
            "<schema.org/aggregateRating>",
            "isa:<schema.org/CreativeWorkSeries>"
        ],
        "count": 562.0
    },
    {
        "pset": [
            "<schema.org/aggregateRating>",
            "<schema.org/author>",
            "<schema.org/dateModified>",
            "<schema.org/datePublished>",
            "<schema.org/description>",
            "<schema.org/headline>",
            "<schema.org/mainEntityOfPage>",
            "<schema.org/name>",
            "isa:<schema.org/CreativeWorkSeries>"
        ],
        "count": 518.0
    },
    {
        "pset": [
            "<schema.org/aggregateRating>",
            "<schema.org/name>",
            "<schema.org/reviews>",
            "isa:<schema.org/CreativeWorkSeries>"
        ],
        "count": 505.0
    },
    {
        "pset": [
            "<schema.org/Review>",
            "<schema.org/aggregateRating>",
            "<schema.org/description>",
            "<schema.org/image>",
            "<schema.org/name>",
            "isa:<schema.org/CreativeWorkSeries>"
        ],
        "count": 492.0
    },
    {
        "pset": [
            "<schema.org/Review>",
            "<schema.org/description>",
            "<schema.org/image>",
            "<schema.org/name>",
            "isa:<schema.org/CreativeWorkSeries>"
        ],
        "count": 492.0
    },
    {
        "pset": [
            "<schema.org/aggregateRating>",
            "<schema.org/author>",
            "<schema.org/dateModified>",
            "<schema.org/datePublished>",
            "<schema.org/headline>",
            "<schema.org/image>",
            "<schema.org/mainEntity>",
            "<schema.org/mainEntityOfPage>",
            "<schema.org/name>",
            "<schema.org/publisher>",
            "<schema.org/sameAs>",
            "<schema.org/url>",
            "isa:<schema.org/CreativeWorkSeries>"
        ],
        "count": 477.0
    },
    {
        "pset": [
            "<schema.org/aggregateRating>",
            "<schema.org/author>",
            "<schema.org/dateModified>",
            "<schema.org/datePublished>",
            "<schema.org/description>",
            "<schema.org/image>",
            "<schema.org/inLanguage>",
            "<schema.org/keywords>",
            "<schema.org/name>",
            "<schema.org/publisher>",
            "<schema.org/url>",
            "isa:<schema.org/CreativeWorkSeries>"
        ],
        "count": 416.0
    },
    {
        "pset": [
            "<schema.org/aggregateRating>",
            "<schema.org/dateModified>",
            "<schema.org/datePublished>",
            "<schema.org/name>",
            "isa:<schema.org/CreativeWorkSeries>"
        ],
        "count": 409.0
    },
    {
        "pset": [
            "<schema.org/author>",
            "<schema.org/dateModified>",
            "<schema.org/datePublished>",
            "<schema.org/description>",
            "<schema.org/inLanguage>",
            "<schema.org/keywords>",
            "<schema.org/name>",
            "<schema.org/publisher>",
            "<schema.org/url>",
            "isa:<schema.org/CreativeWorkSeries>"
        ],
        "count": 385.0
    },
    {
        "pset": [
            "<schema.org/AggregateRating>",
            "<schema.org/name>",
            "isa:<schema.org/CreativeWorkSeries>"
        ],
        "count": 360.0
    },
    {
        "pset": [
            "<schema.org/aggregateRating>",
            "<schema.org/author>",
            "<schema.org/name>",
            "<schema.org/url>",
            "isa:<schema.org/CreativeWorkSeries>"
        ],
        "count": 352.0
    },
    {
        "pset": [
            "<schema.org/aggregateRating>",
            "<schema.org/dateCreated>",
            "<schema.org/image>",
            "<schema.org/name>",
            "<schema.org/url>",
            "isa:<schema.org/CreativeWorkSeries>"
        ],
        "count": 340.0
    },
    {
        "pset": [
            "<schema.org/accessMode>",
            "<schema.org/dateModified>",
            "<schema.org/description>",
            "<schema.org/identifier>",
            "<schema.org/image>",
            "<schema.org/name>",
            "<schema.org/url>",
            "isa:<schema.org/CreativeWorkSeries>"
        ],
        "count": 334.0
    },
    {
        "pset": [
            "<schema.org/dateCreated>",
            "<schema.org/name>",
            "<schema.org/thumbnailUrl>",
            "isa:<schema.org/CreativeWorkSeries>"
        ],
        "count": 318.0
    },
    {
        "pset": [
            "<schema.org/about>",
            "<schema.org/author>",
            "<schema.org/dateCreated>",
            "<schema.org/dateModified>",
            "<schema.org/description>",
            "<schema.org/name>",
            "isa:<schema.org/CreativeWorkSeries>"
        ],
        "count": 318.0
    },
    {
        "pset": [
            "<schema.org/aggregateRating>",
            "<schema.org/brand>",
            "<schema.org/image>",
            "<schema.org/name>",
            "isa:<schema.org/CreativeWorkSeries>"
        ],
        "count": 306.0
    },
    {
        "pset": [
            "<schema.org/AggregateRating>",
            "<schema.org/author>",
            "<schema.org/dateModified>",
            "<schema.org/datePublished>",
            "<schema.org/name>",
            "<schema.org/publisher>",
            "isa:<schema.org/CreativeWorkSeries>"
        ],
        "count": 304.0
    },
    {
        "pset": [
            "<schema.org/abstract>",
            "<schema.org/aggregateRating>",
            "<schema.org/author>",
            "<schema.org/copyrightHolder>",
            "<schema.org/dateModified>",
            "<schema.org/genre>",
            "<schema.org/image>",
            "<schema.org/inLanguage>",
            "<schema.org/isAccessibleForFree>",
            "<schema.org/name>",
            "<schema.org/thumbnailUrl>",
            "<schema.org/webFeed>",
            "isa:<schema.org/CreativeWorkSeries>"
        ],
        "count": 302.0
    },
    {
        "pset": [
            "<schema.org/alternativeHeadline>",
            "<schema.org/author>",
            "<schema.org/dateCreated>",
            "<schema.org/dateModified>",
            "<schema.org/description>",
            "<schema.org/discussionUrl>",
            "<schema.org/headline>",
            "<schema.org/name>",
            "isa:<schema.org/CreativeWorkSeries>"
        ],
        "count": 278.0
    },
    {
        "pset": [
            "<schema.org/aggregateRating>",
            "<schema.org/datepublished>",
            "<schema.org/name>",
            "isa:<schema.org/CreativeWorkSeries>"
        ],
        "count": 274.0
    },
    {
        "pset": [
            "<schema.org/aggregateRating>",
            "<schema.org/name>",
            "<schema.org/offers>",
            "isa:<schema.org/CreativeWorkSeries>"
        ],
        "count": 260.0
    },
    {
        "pset": [
            "<schema.org/dateCreated>",
            "<schema.org/name>",
            "<schema.org/url>",
            "isa:<schema.org/CreativeWorkSeries>"
        ],
        "count": 252.0
    },
    {
        "pset": [
            "<schema.org/aggregateRating>",
            "<schema.org/bestRating>",
            "<schema.org/name>",
            "<schema.org/ratingCount>",
            "isa:<schema.org/CreativeWorkSeries>"
        ],
        "count": 229.0
    },
    {
        "pset": [
            "<schema.org/additionalType>",
            "<schema.org/aggregateRating>",
            "<schema.org/name>",
            "isa:<schema.org/CreativeWorkSeries>"
        ],
        "count": 220.0
    },
    {
        "pset": [
            "<schema.org/aggregateRating>",
            "<schema.org/name>",
            "<schema.org/review>",
            "isa:<schema.org/CreativeWorkSeries>"
        ],
        "count": 217.0
    },
    {
        "pset": [
            "<schema.org/accessMode>",
            "<schema.org/accessModeSufficient>",
            "<schema.org/description>",
            "<schema.org/hasPart>",
            "<schema.org/headline>",
            "<schema.org/inLanguage>",
            "<schema.org/isAccessibleForFree>",
            "<schema.org/isPartOf>",
            "<schema.org/keywords>",
            "<schema.org/name>",
            "<schema.org/publisher>",
            "<schema.org/sourceOrganization>",
            "<schema.org/url>",
            "isa:<schema.org/CreativeWorkSeries>"
        ],
        "count": 217.0
    },
    {
        "pset": [
            "<schema.org/description>",
            "<schema.org/image>",
            "<schema.org/mainEntityofPage>",
            "<schema.org/name>",
            "<schema.org/url>",
            "isa:<schema.org/CreativeWorkSeries>"
        ],
        "count": 213.0
    },
    {
        "pset": [
            "<schema.org/aggregateRating>",
            "<schema.org/author>",
            "<schema.org/discussionUrl>",
            "<schema.org/editor>",
            "<schema.org/headline>",
            "<schema.org/image>",
            "<schema.org/interactionStatistic>",
            "<schema.org/keywords>",
            "<schema.org/mainEntityOfPage>",
            "<schema.org/name>",
            "<schema.org/publisher>",
            "<schema.org/thumbnailUrl>",
            "<schema.org/url>",
            "isa:<schema.org/CreativeWorkSeries>"
        ],
        "count": 213.0
    },
    {
        "pset": [
            "<schema.org/aggregateRating>",
            "<schema.org/dateCreated>",
            "<schema.org/dateModified>",
            "<schema.org/datePublished>",
            "<schema.org/description>",
            "<schema.org/name>",
            "<schema.org/url>",
            "isa:<schema.org/CreativeWorkSeries>"
        ],
        "count": 208.0
    },
    {
        "pset": [
            "<schema.org/aggregateRating>",
            "<schema.org/author>",
            "<schema.org/dateCreated>",
            "<schema.org/dateModified>",
            "<schema.org/datePublished>",
            "<schema.org/description>",
            "<schema.org/headline>",
            "<schema.org/image>",
            "<schema.org/mainEntityOfPage>",
            "<schema.org/name>",
            "<schema.org/publisher>",
            "isa:<schema.org/CreativeWorkSeries>"
        ],
        "count": 200.0
    },
    {
        "pset": [
            "<schema.org/aggregateRating>",
            "<schema.org/author>",
            "<schema.org/dateCreated>",
            "<schema.org/dateModified>",
            "<schema.org/datePublished>",
            "<schema.org/description>",
            "<schema.org/headline>",
            "<schema.org/image>",
            "<schema.org/mainEntityOfPage>",
            "<schema.org/name>",
            "<schema.org/publisher>",
            "<schema.org/url>",
            "isa:<schema.org/CreativeWorkSeries>"
        ],
        "count": 197.0
    },
    {
        "pset": [
            "<schema.org/aggregateRating>",
            "<schema.org/author>",
            "<schema.org/dateModified>",
            "<schema.org/datePublished>",
            "<schema.org/description>",
            "<schema.org/headLine>",
            "<schema.org/mainEntityOfPage>",
            "<schema.org/name>",
            "<schema.org/publisher>",
            "isa:<schema.org/CreativeWorkSeries>"
        ],
        "count": 197.0
    },
    {
        "pset": [
            "<schema.org/author>",
            "<schema.org/copyrightHolder>",
            "<schema.org/copyrightYear>",
            "<schema.org/creator>",
            "<schema.org/dateModified>",
            "<schema.org/datePublished>",
            "<schema.org/description>",
            "<schema.org/headline>",
            "<schema.org/image>",
            "<schema.org/inLanguage>",
            "<schema.org/mainEntityOfPage>",
            "<schema.org/name>",
            "<schema.org/publisher>",
            "<schema.org/url>",
            "isa:<schema.org/CreativeWorkSeries>"
        ],
        "count": 186.0
    },
    {
        "pset": [
            "<schema.org/aggregateRating>",
            "<schema.org/dateModified>",
            "<schema.org/description>",
            "<schema.org/name>",
            "<schema.org/publisher>",
            "<schema.org/url>",
            "isa:<schema.org/CreativeWorkSeries>"
        ],
        "count": 181.0
    },
    {
        "pset": [
            "<schema.org/author>",
            "<schema.org/datePublished>",
            "<schema.org/headline>",
            "<schema.org/image>",
            "<schema.org/mainEntityOfPage>",
            "<schema.org/name>",
            "<schema.org/publisher>",
            "isa:<schema.org/CreativeWorkSeries>"
        ],
        "count": 173.0
    },
    {
        "pset": [
            "<schema.org/author>",
            "<schema.org/comment>",
            "<schema.org/dateModified>",
            "<schema.org/datePublished>",
            "<schema.org/description>",
            "<schema.org/image>",
            "<schema.org/inLanguage>",
            "<schema.org/keywords>",
            "<schema.org/name>",
            "<schema.org/publisher>",
            "<schema.org/url>",
            "isa:<schema.org/CreativeWorkSeries>"
        ],
        "count": 155.0
    },
    {
        "pset": [
            "<schema.org/address>",
            "<schema.org/aggregateRating>",
            "<schema.org/description>",
            "<schema.org/email>",
            "<schema.org/logo>",
            "<schema.org/name>",
            "<schema.org/sameAs>",
            "<schema.org/telephone>",
            "<schema.org/url>",
            "isa:<schema.org/CreativeWorkSeries>"
        ],
        "count": 148.0
    },
    {
        "pset": [
            "<schema.org/aggregateRating>",
            "<schema.org/description>",
            "<schema.org/image>",
            "<schema.org/name>",
            "<schema.org/review>",
            "isa:<schema.org/CreativeWorkSeries>"
        ],
        "count": 143.0
    },
    {
        "pset": [
            "<schema.org/abstract>",
            "<schema.org/description>",
            "<schema.org/endDate>",
            "<schema.org/hasPart>",
            "<schema.org/image>",
            "<schema.org/name>",
            "<schema.org/startDate>",
            "<schema.org/timeRequired>",
            "<schema.org/url>",
            "isa:<schema.org/CreativeWorkSeries>"
        ],
        "count": 136.0
    },
    {
        "pset": [
            "<schema.org/aggregateRating>",
            "<schema.org/author>",
            "<schema.org/dateModified>",
            "<schema.org/datePublished>",
            "<schema.org/name>",
            "isa:<schema.org/CreativeWorkSeries>"
        ],
        "count": 125.0
    },
    {
        "pset": [
            "<schema.org/abstract>",
            "<schema.org/name>",
            "<schema.org/url>",
            "isa:<schema.org/CreativeWorkSeries>"
        ],
        "count": 124.0
    },
    {
        "pset": [
            "<schema.org/aggregateRating>",
            "<schema.org/articleBody>",
            "<schema.org/author>",
            "<schema.org/dateModified>",
            "<schema.org/datePublished>",
            "<schema.org/description>",
            "<schema.org/headline>",
            "<schema.org/image>",
            "<schema.org/inLanguage>",
            "<schema.org/mainEntityOfPage>",
            "<schema.org/name>",
            "<schema.org/publisher>",
            "isa:<schema.org/Article>",
            "isa:<schema.org/CreativeWorkSeries>"
        ],
        "count": 124.0
    },
    {
        "pset": [
            "<schema.org/keywords>",
            "<schema.org/name>",
            "isa:<schema.org/CreativeWorkSeries>"
        ],
        "count": 123.0
    },
    {
        "pset": [
            "<schema.org/author>",
            "<schema.org/dateCreated>",
            "<schema.org/dateModified>",
            "<schema.org/datePublished>",
            "<schema.org/description>",
            "<schema.org/headline>",
            "<schema.org/image>",
            "<schema.org/mainEntityOfPage>",
            "<schema.org/name>",
            "<schema.org/publisher>",
            "isa:<schema.org/CreativeWorkSeries>"
        ],
        "count": 117.0
    },
    {
        "pset": [
            "<schema.org/aggregateRating>",
            "<schema.org/articleBody>",
            "<schema.org/author>",
            "<schema.org/dateModified>",
            "<schema.org/datePublished>",
            "<schema.org/headline>",
            "<schema.org/image>",
            "<schema.org/mainEntityOfPage>",
            "<schema.org/name>",
            "<schema.org/publisher>",
            "<schema.org/url>",
            "isa:<schema.org/CreativeWorkSeries>"
        ],
        "count": 114.0
    },
    {
        "pset": [
            "<schema.org/dateCreated>",
            "<schema.org/name>",
            "isa:<schema.org/CreativeWorkSeries>"
        ],
        "count": 113.0
    },
    {
        "pset": [
            "<schema.org/aggregateRating>",
            "<schema.org/author>",
            "<schema.org/datePublished>",
            "<schema.org/headline>",
            "<schema.org/image>",
            "<schema.org/mainEntityOfPage>",
            "<schema.org/name>",
            "<schema.org/publisher>",
            "isa:<schema.org/CreativeWorkSeries>"
        ],
        "count": 102.0
    },
    {
        "pset": [
            "<schema.org/author>",
            "<schema.org/dateModified>",
            "<schema.org/datePublished>",
            "<schema.org/headline>",
            "<schema.org/mainEntityOfPage>",
            "<schema.org/name>",
            "isa:<schema.org/CreativeWorkSeries>"
        ],
        "count": 96.0
    },
    {
        "pset": [
            "<schema.org/aggregateRating>",
            "<schema.org/author>",
            "<schema.org/headline>",
            "<schema.org/image>",
            "<schema.org/provider>",
            "isa:<schema.org/CreativeWorkSeries>"
        ],
        "count": 94.0
    },
    {
        "pset": [
            "<schema.org/image>",
            "<schema.org/name>",
            "<schema.org/url>",
            "isa:<schema.org/CreativeWorkSeries>"
        ],
        "count": 90.0
    },
    {
        "pset": [
            "<schema.org/aggregateRating>",
            "<schema.org/author>",
            "<schema.org/contentLocation>",
            "<schema.org/datePublished>",
            "<schema.org/description>",
            "<schema.org/name>",
            "isa:<schema.org/CreativeWorkSeries>"
        ],
        "count": 90.0
    },
    {
        "pset": [
            "<schema.org/mainEntity>",
            "isa:<schema.org/CreativeWorkSeries>"
        ],
        "count": 89.0
    },
    {
        "pset": [
            "<schema.org/aggregateRating>",
            "<schema.org/creator>",
            "<schema.org/dateModified>",
            "<schema.org/datePublished>",
            "<schema.org/hasPart>",
            "<schema.org/inLanguage>",
            "<schema.org/keywords>",
            "<schema.org/name>",
            "<schema.org/provider>",
            "<schema.org/sourceOrganization>",
            "<schema.org/timeRequired>",
            "<schema.org/url>",
            "isa:<schema.org/CreativeWorkSeries>"
        ],
        "count": 81.0
    },
    {
        "pset": [
            "<schema.org/about>",
            "<schema.org/accountablePerson>",
            "<schema.org/aggregateRating>",
            "<schema.org/name>",
            "isa:<schema.org/CreativeWorkSeries>"
        ],
        "count": 81.0
    },
    {
        "pset": [
            "<schema.org/dateCreated>",
            "<schema.org/dateModified>",
            "<schema.org/datePublished>",
            "<schema.org/description>",
            "<schema.org/endDate>",
            "<schema.org/image>",
            "<schema.org/inLanguage>",
            "<schema.org/keywords>",
            "<schema.org/name>",
            "<schema.org/startDate>",
            "<schema.org/url>",
            "isa:<schema.org/CreativeWorkSeries>"
        ],
        "count": 77.0
    },
    {
        "pset": [
            "<schema.org/endDate>",
            "<schema.org/image>",
            "<schema.org/keywords>",
            "<schema.org/name>",
            "<schema.org/startDate>",
            "<schema.org/url>",
            "isa:<schema.org/CreativeWorkSeries>"
        ],
        "count": 72.0
    },
    {
        "pset": [
            "<schema.org/dateCreated>",
            "<schema.org/dateModified>",
            "<schema.org/datePublished>",
            "<schema.org/endDate>",
            "<schema.org/image>",
            "<schema.org/inLanguage>",
            "<schema.org/keywords>",
            "<schema.org/name>",
            "<schema.org/startDate>",
            "<schema.org/url>",
            "isa:<schema.org/CreativeWorkSeries>"
        ],
        "count": 70.0
    },
    {
        "pset": [
            "<schema.org/aggregateRating>",
            "<schema.org/description>",
            "<schema.org/name>",
            "<schema.org/review>",
            "isa:<schema.org/CreativeWorkSeries>"
        ],
        "count": 69.0
    },
    {
        "pset": [
            "<schema.org/aggregateRating>",
            "<schema.org/alternativeHeadline>",
            "<schema.org/author>",
            "<schema.org/dateCreated>",
            "<schema.org/dateModified>",
            "<schema.org/description>",
            "<schema.org/discussionUrl>",
            "<schema.org/headline>",
            "<schema.org/name>",
            "isa:<schema.org/CreativeWorkSeries>"
        ],
        "count": 69.0
    },
    {
        "pset": [
            "<schema.org/alternateName>",
            "<schema.org/copyrightHolder>",
            "<schema.org/copyrightYear>",
            "<schema.org/issn>",
            "<schema.org/license>",
            "<schema.org/name>",
            "<schema.org/publisher>",
            "isa:<schema.org/CreativeWorkSeries>"
        ],
        "count": 66.0
    },
    {
        "pset": [
            "<schema.org/aggregateRating>",
            "<schema.org/creator>",
            "<schema.org/dateModified>",
            "<schema.org/datePublished>",
            "<schema.org/description>",
            "<schema.org/hasPart>",
            "<schema.org/inLanguage>",
            "<schema.org/keywords>",
            "<schema.org/name>",
            "<schema.org/provider>",
            "<schema.org/sourceOrganization>",
            "<schema.org/timeRequired>",
            "<schema.org/url>",
            "isa:<schema.org/CreativeWorkSeries>"
        ],
        "count": 65.0
    },
    {
        "pset": [
            "<schema.org/aggregateRating>",
            "<schema.org/brand>",
            "<schema.org/description>",
            "<schema.org/image>",
            "<schema.org/name>",
            "<schema.org/sku>",
            "isa:<schema.org/CreativeWorkSeries>"
        ],
        "count": 64.0
    },
    {
        "pset": [
            "<schema.org/aggregateRating>",
            "<schema.org/description>",
            "<schema.org/image>",
            "<schema.org/name>",
            "<schema.org/review>",
            "<schema.org/url>",
            "isa:<schema.org/CreativeWorkSeries>"
        ],
        "count": 62.0
    },
    {
        "pset": [
            "<schema.org/aggregateRating>",
            "<schema.org/author>",
            "<schema.org/datePublished>",
            "<schema.org/image>",
            "<schema.org/name>",
            "<schema.org/publisher>",
            "<schema.org/url>",
            "isa:<schema.org/CreativeWorkSeries>"
        ],
        "count": 60.0
    },
    {
        "pset": [
            "<schema.org/aggregateRating>",
            "<schema.org/author>",
            "<schema.org/dateModified>",
            "<schema.org/datePublished>",
            "<schema.org/description>",
            "<schema.org/headline>",
            "<schema.org/image>",
            "<schema.org/inLanguage>",
            "<schema.org/mainEntityOfPage>",
            "<schema.org/name>",
            "<schema.org/publisher>",
            "isa:<schema.org/Article>",
            "isa:<schema.org/CreativeWorkSeries>"
        ],
        "count": 59.0
    },
    {
        "pset": [
            "<schema.org/aggregateRating>",
            "<schema.org/author>",
            "<schema.org/comment>",
            "<schema.org/dateModified>",
            "<schema.org/datePublished>",
            "<schema.org/description>",
            "<schema.org/image>",
            "<schema.org/inLanguage>",
            "<schema.org/keywords>",
            "<schema.org/name>",
            "<schema.org/publisher>",
            "<schema.org/url>",
            "isa:<schema.org/CreativeWorkSeries>"
        ],
        "count": 57.0
    },
    {
        "pset": [
            "<schema.org/alternativeHeadline>",
            "<schema.org/headline>",
            "<schema.org/image>",
            "<schema.org/name>",
            "isa:<schema.org/CreativeWorkSeries>"
        ],
        "count": 54.0
    },
    {
        "pset": [
            "<schema.org/aggregateRating>",
            "<schema.org/articleBody>",
            "<schema.org/articleSection>",
            "<schema.org/author>",
            "<schema.org/dateModified>",
            "<schema.org/datePublished>",
            "<schema.org/headline>",
            "<schema.org/image>",
            "<schema.org/inLanguage>",
            "<schema.org/isPartOf>",
            "<schema.org/keywords>",
            "<schema.org/mainEntityOfPage>",
            "<schema.org/name>",
            "<schema.org/publisher>",
            "<schema.org/url>",
            "isa:<schema.org/CreativeWorkSeries>"
        ],
        "count": 54.0
    },
    {
        "pset": [
            "<schema.org/aggregateRating>",
            "<schema.org/author>",
            "<schema.org/comment>",
            "<schema.org/dateModified>",
            "<schema.org/datePublished>",
            "<schema.org/description>",
            "<schema.org/image>",
            "<schema.org/inLanguage>",
            "<schema.org/keywords>",
            "<schema.org/name>",
            "<schema.org/publisher>",
            "<schema.org/review>",
            "<schema.org/url>",
            "isa:<schema.org/CreativeWorkSeries>"
        ],
        "count": 51.0
    },
    {
        "pset": [
            "<schema.org/about>",
            "<schema.org/alternateName>",
            "<schema.org/alternativeHeadline>",
            "<schema.org/creator>",
            "<schema.org/genre>",
            "<schema.org/headline>",
            "<schema.org/isAccessibleForFree>",
            "<schema.org/isFamilyFriendly>",
            "<schema.org/keywords>",
            "<schema.org/learningResourceType>",
            "<schema.org/name>",
            "<schema.org/producer>",
            "<schema.org/publisher>",
            "<schema.org/text>",
            "<schema.org/thumbnailUrl>",
            "<schema.org/url>",
            "isa:<schema.org/CreativeWorkSeries>"
        ],
        "count": 50.0
    },
    {
        "pset": [
            "<schema.org/aggregateRating>",
            "<schema.org/author>",
            "<schema.org/description>",
            "<schema.org/name>",
            "isa:<schema.org/CreativeWorkSeries>"
        ],
        "count": 49.0
    },
    {
        "pset": [
            "<schema.org/aggregateRating>",
            "<schema.org/author>",
            "<schema.org/dateCreated>",
            "<schema.org/dateModified>",
            "<schema.org/datePublished>",
            "<schema.org/description>",
            "<schema.org/headline>",
            "<schema.org/mainEntityOfPage>",
            "<schema.org/name>",
            "<schema.org/publisher>",
            "<schema.org/url>",
            "isa:<schema.org/CreativeWorkSeries>"
        ],
        "count": 49.0
    },
    {
        "pset": [
            "<schema.org/author>",
            "<schema.org/description>",
            "<schema.org/image>",
            "<schema.org/name>",
            "isa:<schema.org/CreativeWorkSeries>"
        ],
        "count": 48.0
    },
    {
        "pset": [
            "<schema.org/author>",
            "<schema.org/description>",
            "<schema.org/image>",
            "<schema.org/name>",
            "<schema.org/url>",
            "isa:<schema.org/CreativeWorkSeries>"
        ],
        "count": 46.0
    },
    {
        "pset": [
            "<schema.org/aggregateRating>",
            "<schema.org/description>",
            "<schema.org/genre>",
            "<schema.org/image>",
            "<schema.org/name>",
            "<schema.org/offers>",
            "isa:<schema.org/CreativeWorkSeries>"
        ],
        "count": 44.0
    },
    {
        "pset": [
            "<schema.org/author>",
            "<schema.org/image>",
            "<schema.org/name>",
            "<schema.org/url>",
            "isa:<schema.org/CreativeWorkSeries>"
        ],
        "count": 40.0
    },
    {
        "pset": [
            "<schema.org/aggregateRating>",
            "<schema.org/name>",
            "<schema.org/publisher>",
            "isa:<schema.org/CreativeWorkSeries>"
        ],
        "count": 34.0
    },
    {
        "pset": [
            "<schema.org/aggregateRating>",
            "<schema.org/dateCreated>",
            "<schema.org/dateModified>",
            "<schema.org/datePublished>",
            "<schema.org/headline>",
            "<schema.org/mainEntityOfPage>",
            "<schema.org/name>",
            "<schema.org/thumbnailUrl>",
            "isa:<schema.org/CreativeWorkSeries>"
        ],
        "count": 33.0
    },
    {
        "pset": [
            "<schema.org/aggregateRating>",
            "<schema.org/breadcrumb>",
            "<schema.org/inLanguage>",
            "<schema.org/isPartOf>",
            "<schema.org/name>",
            "<schema.org/url>",
            "isa:<schema.org/CreativeWorkSeries>"
        ],
        "count": 33.0
    },
    {
        "pset": [
            "<schema.org/aggregateRating>",
            "<schema.org/itemReviewed>",
            "<schema.org/name>",
            "isa:<schema.org/CreativeWorkSeries>"
        ],
        "count": 33.0
    },
    {
        "pset": [
            "<schema.org/aggregateRating>",
            "<schema.org/alternativeHeadline>",
            "<schema.org/author>",
            "<schema.org/dateCreated>",
            "<schema.org/dateModified>",
            "<schema.org/description>",
            "<schema.org/discussionUrl>",
            "<schema.org/headline>",
            "<schema.org/name>",
            "<schema.org/thumbnailUrl>",
            "isa:<schema.org/Book>",
            "isa:<schema.org/CreativeWorkSeries>"
        ],
        "count": 30.0
    },
    {
        "pset": [
            "<schema.org/description>",
            "<schema.org/keywords>",
            "<schema.org/name>",
            "<schema.org/startDate>",
            "<schema.org/url>",
            "isa:<schema.org/CreativeWorkSeries>"
        ],
        "count": 29.0
    },
    {
        "pset": [
            "<schema.org/aggregateRating>",
            "<schema.org/alternateName>",
            "<schema.org/author>",
            "<schema.org/description>",
            "<schema.org/inLanguage>",
            "<schema.org/name>",
            "<schema.org/publisher>",
            "<schema.org/url>",
            "isa:<schema.org/CreativeWorkSeries>"
        ],
        "count": 29.0
    },
    {
        "pset": [
            "<schema.org/author>",
            "<schema.org/dateModified>",
            "<schema.org/datePublished>",
            "<schema.org/image>",
            "<schema.org/name>",
            "<schema.org/publisher>",
            "<schema.org/url>",
            "isa:<schema.org/CreativeWorkSeries>"
        ],
        "count": 27.0
    },
    {
        "pset": [
            "<schema.org/abstract>",
            "<schema.org/description>",
            "<schema.org/endDate>",
            "<schema.org/hasPart>",
            "<schema.org/image>",
            "<schema.org/name>",
            "<schema.org/timeRequired>",
            "<schema.org/url>",
            "isa:<schema.org/CreativeWorkSeries>"
        ],
        "count": 26.0
    },
    {
        "pset": [
            "<schema.org/author>",
            "<schema.org/dateModified>",
            "<schema.org/datePublished>",
            "<schema.org/description>",
            "<schema.org/headline>",
            "<schema.org/image>",
            "<schema.org/mainEntityOfPage>",
            "<schema.org/name>",
            "<schema.org/publisher>",
            "isa:<schema.org/CreativeWorkSeries>"
        ],
        "count": 26.0
    },
    {
        "pset": [
            "<schema.org/aggregateRating>",
            "<schema.org/dateModified>",
            "<schema.org/datePublished>",
            "<schema.org/description>",
            "<schema.org/headLine>",
            "<schema.org/mainEntityOfPage>",
            "<schema.org/name>",
            "<schema.org/publisher>",
            "isa:<schema.org/CreativeWorkSeries>"
        ],
        "count": 25.0
    },
    {
        "pset": [
            "<schema.org/aggregateRating>",
            "<schema.org/mainEntityOfPage>",
            "<schema.org/name>",
            "isa:<schema.org/CreativeWorkSeries>"
        ],
        "count": 24.0
    },
    {
        "pset": [
            "<schema.org/aggregateRating>",
            "<schema.org/brand>",
            "<schema.org/category>",
            "<schema.org/name>",
            "<schema.org/url>",
            "isa:<schema.org/CreativeWorkSeries>"
        ],
        "count": 22.0
    },
    {
        "pset": [
            "<schema.org/author>",
            "<schema.org/description>",
            "<schema.org/headline>",
            "<schema.org/image>",
            "<schema.org/name>",
            "<schema.org/publisher>",
            "isa:<schema.org/CreativeWorkSeries>"
        ],
        "count": 21.0
    },
    {
        "pset": [
            "<schema.org/aggregateRating>",
            "<schema.org/alternativeHeadline>",
            "<schema.org/description>",
            "<schema.org/headline>",
            "<schema.org/image>",
            "<schema.org/keywords>",
            "<schema.org/name>",
            "<schema.org/url>",
            "isa:<schema.org/CreativeWorkSeries>"
        ],
        "count": 21.0
    },
    {
        "pset": [
            "<schema.org/description>",
            "<schema.org/name>",
            "<schema.org/url>",
            "isa:<schema.org/CreativeWorkSeries>"
        ],
        "count": 21.0
    },
    {
        "pset": [
            "<schema.org/dateModified>",
            "<schema.org/datePublished>",
            "<schema.org/description>",
            "<schema.org/headline>",
            "<schema.org/image>",
            "<schema.org/publisher>",
            "<schema.org/url>",
            "isa:<schema.org/CreativeWorkSeries>"
        ],
        "count": 20.0
    },
    {
        "pset": [
            "<schema.org/aggregateRating>",
            "<schema.org/alternativeheadline>",
            "<schema.org/description>",
            "<schema.org/headline>",
            "<schema.org/name>",
            "<schema.org/url>",
            "isa:<schema.org/CreativeWorkSeries>"
        ],
        "count": 20.0
    },
    {
        "pset": [
            "<schema.org/aggregateRating>",
            "<schema.org/datePublished>",
            "<schema.org/name>",
            "<schema.org/text>",
            "isa:<schema.org/CreativeWorkSeries>"
        ],
        "count": 19.0
    },
    {
        "pset": [
            "<schema.org/abstract>",
            "<schema.org/description>",
            "<schema.org/image>",
            "<schema.org/name>",
            "<schema.org/timeRequired>",
            "<schema.org/url>",
            "isa:<schema.org/CreativeWorkSeries>"
        ],
        "count": 19.0
    },
    {
        "pset": [
            "<schema.org/description>",
            "<schema.org/name>",
            "<schema.org/thumbnailUrl>",
            "isa:<schema.org/CreativeWorkSeries>"
        ],
        "count": 18.0
    },
    {
        "pset": [
            "<schema.org/description>",
            "<schema.org/endDate>",
            "<schema.org/hasPart>",
            "<schema.org/image>",
            "<schema.org/name>",
            "<schema.org/startDate>",
            "<schema.org/timeRequired>",
            "<schema.org/url>",
            "isa:<schema.org/CreativeWorkSeries>"
        ],
        "count": 18.0
    },
    {
        "pset": [
            "<schema.org/about>",
            "<schema.org/alternativeHeadline>",
            "<schema.org/audience>",
            "<schema.org/funder>",
            "<schema.org/headline>",
            "<schema.org/image>",
            "<schema.org/isPartOf>",
            "isa:<schema.org/CreativeWorkSeries>"
        ],
        "count": 17.0
    },
    {
        "pset": [
            "<schema.org/aggregateRating>",
            "<schema.org/alternateName>",
            "<schema.org/name>",
            "<schema.org/url>",
            "isa:<schema.org/CreativeWorkSeries>"
        ],
        "count": 15.0
    },
    {
        "pset": [
            "<schema.org/articleBody>",
            "<schema.org/articleSection>",
            "<schema.org/author>",
            "<schema.org/dateModified>",
            "<schema.org/datePublished>",
            "<schema.org/headline>",
            "<schema.org/image>",
            "<schema.org/inLanguage>",
            "<schema.org/isPartOf>",
            "<schema.org/keywords>",
            "<schema.org/mainEntityOfPage>",
            "<schema.org/name>",
            "<schema.org/publisher>",
            "<schema.org/url>",
            "isa:<schema.org/CreativeWorkSeries>"
        ],
        "count": 15.0
    },
    {
        "pset": [
            "<schema.org/aggregateRating>",
            "<schema.org/author>",
            "<schema.org/dateModified>",
            "<schema.org/datePublished>",
            "<schema.org/headline>",
            "<schema.org/image>",
            "<schema.org/inLanguage>",
            "<schema.org/mainEntityOfPage>",
            "<schema.org/name>",
            "<schema.org/publisher>",
            "isa:<schema.org/Article>",
            "isa:<schema.org/CreativeWorkSeries>"
        ],
        "count": 14.0
    },
    {
        "pset": [
            "<schema.org/aggregateRating>",
            "<schema.org/articleBody>",
            "<schema.org/author>",
            "<schema.org/dateModified>",
            "<schema.org/datePublished>",
            "<schema.org/headline>",
            "<schema.org/image>",
            "<schema.org/inLanguage>",
            "<schema.org/mainEntityOfPage>",
            "<schema.org/name>",
            "<schema.org/publisher>",
            "isa:<schema.org/Article>",
            "isa:<schema.org/CreativeWorkSeries>"
        ],
        "count": 14.0
    },
    {
        "pset": [
            "<schema.org/aggregateRating>",
            "<schema.org/author>",
            "<schema.org/dateModified>",
            "<schema.org/datePublished>",
            "<schema.org/headline>",
            "<schema.org/image>",
            "<schema.org/name>",
            "<schema.org/publisher>",
            "<schema.org/timeRequired>",
            "<schema.org/url>",
            "isa:<schema.org/CreativeWorkSeries>"
        ],
        "count": 14.0
    },
    {
        "pset": [
            "<schema.org/description>",
            "<schema.org/genre>",
            "<schema.org/keywords>",
            "<schema.org/name>",
            "<schema.org/url>",
            "isa:<schema.org/CreativeWorkSeries>"
        ],
        "count": 14.0
    },
    {
        "pset": [
            "<schema.org/author>",
            "<schema.org/dateModified>",
            "<schema.org/datePublished>",
            "<schema.org/description>",
            "<schema.org/headLine>",
            "<schema.org/mainEntityOfPage>",
            "<schema.org/name>",
            "<schema.org/publisher>",
            "isa:<schema.org/CreativeWorkSeries>"
        ],
        "count": 14.0
    },
    {
        "pset": [
            "<schema.org/aggregateRating>",
            "<schema.org/description>",
            "<schema.org/name>",
            "<schema.org/review>",
            "<schema.org/url>",
            "isa:<schema.org/CreativeWorkSeries>"
        ],
        "count": 12.0
    },
    {
        "pset": [
            "<schema.org/identifier>",
            "<schema.org/name>",
            "isa:<schema.org/CreativeWorkSeries>"
        ],
        "count": 12.0
    },
    {
        "pset": [
            "<schema.org/image>",
            "isa:<schema.org/CreativeWorkSeries>"
        ],
        "count": 12.0
    },
    {
        "pset": [
            "<schema.org/author>",
            "<schema.org/copyrightHolder>",
            "<schema.org/copyrightYear>",
            "<schema.org/creator>",
            "<schema.org/dateModified>",
            "<schema.org/datePublished>",
            "<schema.org/headline>",
            "<schema.org/image>",
            "<schema.org/inLanguage>",
            "<schema.org/mainEntityOfPage>",
            "<schema.org/name>",
            "<schema.org/publisher>",
            "<schema.org/url>",
            "isa:<schema.org/CreativeWorkSeries>"
        ],
        "count": 11.0
    },
    {
        "pset": [
            "<schema.org/aggregateRating>",
            "<schema.org/author>",
            "<schema.org/dateModified>",
            "<schema.org/datePublished>",
            "<schema.org/headline>",
            "<schema.org/image>",
            "<schema.org/mainEntityOfPage>",
            "<schema.org/name>",
            "<schema.org/publisher>",
            "isa:<schema.org/CreativeWorkSeries>"
        ],
        "count": 11.0
    },
    {
        "pset": [
            "<schema.org/aggregateRating>",
            "<schema.org/image>",
            "<schema.org/keywords>",
            "<schema.org/name>",
            "<schema.org/url>",
            "isa:<schema.org/CreativeWorkSeries>"
        ],
        "count": 10.0
    },
    {
        "pset": [
            "<schema.org/aggregateRating>",
            "<schema.org/image>",
            "<schema.org/name>",
            "<schema.org/url>",
            "isa:<schema.org/CreativeWorkSeries>"
        ],
        "count": 10.0
    },
    {
        "pset": [
            "<schema.org/hasPart>",
            "<schema.org/name>",
            "isa:<schema.org/CreativeWorkSeries>"
        ],
        "count": 9.0
    },
    {
        "pset": [
            "<schema.org/dateModified>",
            "<schema.org/datePublished>",
            "<schema.org/description>",
            "<schema.org/headLine>",
            "<schema.org/mainEntityOfPage>",
            "<schema.org/name>",
            "<schema.org/publisher>",
            "isa:<schema.org/CreativeWorkSeries>"
        ],
        "count": 9.0
    },
    {
        "pset": [
            "<schema.org/aggregateRating>",
            "<schema.org/author>",
            "<schema.org/commentCount>",
            "<schema.org/reviews>",
            "<schema.org/startDate>",
            "isa:<schema.org/CreativeWorkSeries>"
        ],
        "count": 9.0
    },
    {
        "pset": [
            "<schema.org/creator>",
            "<schema.org/description>",
            "<schema.org/identifier>",
            "<schema.org/name>",
            "<schema.org/provider>",
            "<schema.org/url>",
            "isa:<purl.org/library/ArchiveMaterial>",
            "isa:<schema.org/CreativeWorkSeries>"
        ],
        "count": 9.0
    },
    {
        "pset": [
            "<schema.org/about>",
            "<schema.org/accessMode>",
            "<schema.org/author>",
            "<schema.org/contentLocation>",
            "<schema.org/copyrightHolder>",
            "<schema.org/copyrightYear>",
            "<schema.org/creativeWorkStatus>",
            "<schema.org/datePublished>",
            "<schema.org/description>",
            "<schema.org/genre>",
            "<schema.org/image>",
            "<schema.org/isFamilyFriendly>",
            "<schema.org/keywords>",
            "<schema.org/name>",
            "<schema.org/url>",
            "isa:<schema.org/CreativeWorkSeries>"
        ],
        "count": 9.0
    },
    {
        "pset": [
            "<schema.org/name>",
            "<schema.org/publisher>",
            "isa:<schema.org/CreativeWorkSeries>"
        ],
        "count": 9.0
    },
    {
        "pset": [
            "<schema.org/description>",
            "<schema.org/hasPart>",
            "<schema.org/name>",
            "isa:<schema.org/CreativeWorkSeries>"
        ],
        "count": 8.0
    },
    {
        "pset": [
            "<schema.org/articleBody>",
            "<schema.org/author>",
            "<schema.org/dateModified>",
            "<schema.org/datePublished>",
            "<schema.org/headline>",
            "<schema.org/image>",
            "<schema.org/mainEntityOfPage>",
            "<schema.org/name>",
            "<schema.org/publisher>",
            "<schema.org/url>",
            "isa:<schema.org/CreativeWorkSeries>"
        ],
        "count": 8.0
    },
    {
        "pset": [
            "<schema.org/aggregateRating>",
            "<schema.org/author>",
            "<schema.org/datePublished>",
            "<schema.org/description>",
            "<schema.org/headline>",
            "<schema.org/image>",
            "<schema.org/name>",
            "<schema.org/publisher>",
            "isa:<schema.org/CreativeWorkSeries>"
        ],
        "count": 7.0
    },
    {
        "pset": [
            "<schema.org/aggregateRating>",
            "<schema.org/articleBody>",
            "<schema.org/author>",
            "<schema.org/dateModified>",
            "<schema.org/datePublished>",
            "<schema.org/description>",
            "<schema.org/headline>",
            "<schema.org/image>",
            "<schema.org/mainEntityOfPage>",
            "<schema.org/name>",
            "<schema.org/offers>",
            "<schema.org/publisher>",
            "isa:<schema.org/CreativeWorkSeries>"
        ],
        "count": 7.0
    },
    {
        "pset": [
            "<schema.org/author>",
            "<schema.org/dateModified>",
            "<schema.org/datePublished>",
            "<schema.org/description>",
            "<schema.org/endDate>",
            "<schema.org/image>",
            "<schema.org/inLanguage>",
            "<schema.org/keywords>",
            "<schema.org/name>",
            "<schema.org/publisher>",
            "<schema.org/startDate>",
            "<schema.org/url>",
            "isa:<schema.org/CreativeWorkSeries>"
        ],
        "count": 7.0
    },
    {
        "pset": [
            "<schema.org/aggregateRating>",
            "<schema.org/dateModified>",
            "<schema.org/datePublished>",
            "<schema.org/headline>",
            "<schema.org/mainEntityOfPage>",
            "<schema.org/name>",
            "<schema.org/thumbnailUrl>",
            "isa:<schema.org/CreativeWorkSeries>"
        ],
        "count": 7.0
    },
    {
        "pset": [
            "<schema.org/address>",
            "<schema.org/image>",
            "<schema.org/name>",
            "<schema.org/telephone>",
            "isa:<schema.org/CreativeWorkSeries>"
        ],
        "count": 7.0
    },
    {
        "pset": [
            "<schema.org/dateCreated>",
            "<schema.org/description>",
            "<schema.org/name>",
            "<schema.org/thumbnailUrl>",
            "isa:<schema.org/CreativeWorkSeries>"
        ],
        "count": 7.0
    },
    {
        "pset": [
            "<schema.org/alternativeHeadline>",
            "<schema.org/author>",
            "<schema.org/description>",
            "<schema.org/headline>",
            "<schema.org/image>",
            "<schema.org/name>",
            "<schema.org/url>",
            "isa:<schema.org/CreativeWorkSeries>"
        ],
        "count": 6.0
    },
    {
        "pset": [
            "<schema.org/name>",
            "<schema.org/url>",
            "isa:<schema.org/CreativeWorkSeries>",
            "isa:<schema.org/WebPage>"
        ],
        "count": 6.0
    },
    {
        "pset": [
            "<schema.org/dateCreated>",
            "<schema.org/keywords>",
            "<schema.org/name>",
            "<schema.org/thumbnailUrl>",
            "isa:<schema.org/CreativeWorkSeries>"
        ],
        "count": 5.0
    },
    {
        "pset": [
            "<schema.org/breadcrumb>",
            "<schema.org/dateModified>",
            "<schema.org/datePublished>",
            "<schema.org/hasPart>",
            "<schema.org/inLanguage>",
            "<schema.org/isPartOf>",
            "<schema.org/name>",
            "<schema.org/potentialAction>",
            "<schema.org/primaryImageOfPage>",
            "<schema.org/url>",
            "isa:<schema.org/CreativeWorkSeries>"
        ],
        "count": 5.0
    },
    {
        "pset": [
            "<schema.org/description>",
            "<schema.org/genre>",
            "<schema.org/image>",
            "<schema.org/name>",
            "<schema.org/offers>",
            "isa:<schema.org/CreativeWorkSeries>"
        ],
        "count": 4.0
    },
    {
        "pset": [
            "<schema.org/description>",
            "<schema.org/image>",
            "<schema.org/name>",
            "<schema.org/timeRequired>",
            "<schema.org/url>",
            "isa:<schema.org/CreativeWorkSeries>"
        ],
        "count": 4.0
    },
    {
        "pset": [
            "<schema.org/aggregateRating>",
            "<schema.org/author>",
            "<schema.org/dateModified>",
            "<schema.org/datePublished>",
            "<schema.org/description>",
            "<schema.org/inLanguage>",
            "<schema.org/keywords>",
            "<schema.org/name>",
            "<schema.org/publisher>",
            "<schema.org/url>",
            "isa:<schema.org/CreativeWorkSeries>"
        ],
        "count": 4.0
    },
    {
        "pset": [
            "<schema.org/aggregateRating>",
            "<schema.org/author>",
            "<schema.org/dateModified>",
            "<schema.org/datePublished>",
            "<schema.org/headline>",
            "<schema.org/mainEntityOfPage>",
            "<schema.org/name>",
            "isa:<schema.org/CreativeWorkSeries>"
        ],
        "count": 4.0
    },
    {
        "pset": [
            "<schema.org/description>",
            "<schema.org/identifier>",
            "<schema.org/name>",
            "<schema.org/provider>",
            "<schema.org/url>",
            "isa:<purl.org/library/ArchiveMaterial>",
            "isa:<schema.org/CreativeWorkSeries>"
        ],
        "count": 4.0
    },
    {
        "pset": [
            "<schema.org/author>",
            "<schema.org/dateCreated>",
            "<schema.org/dateModified>",
            "<schema.org/datePublished>",
            "<schema.org/description>",
            "<schema.org/headline>",
            "<schema.org/image>",
            "<schema.org/mainEntityOfPage>",
            "<schema.org/name>",
            "<schema.org/publisher>",
            "<schema.org/url>",
            "isa:<schema.org/CreativeWorkSeries>"
        ],
        "count": 4.0
    },
    {
        "pset": [
            "<schema.org/additionalType>",
            "<schema.org/aggregateRating>",
            "<schema.org/description>",
            "<schema.org/name>",
            "<schema.org/sameAs>",
            "<schema.org/url>",
            "isa:<schema.org/CreativeWorkSeries>"
        ],
        "count": 3.0
    },
    {
        "pset": [
            "<schema.org/author>",
            "<schema.org/dateCreated>",
            "<schema.org/dateModified>",
            "<schema.org/datePublished>",
            "<schema.org/description>",
            "<schema.org/headline>",
            "<schema.org/mainEntityOfPage>",
            "<schema.org/name>",
            "<schema.org/publisher>",
            "<schema.org/url>",
            "isa:<schema.org/CreativeWorkSeries>"
        ],
        "count": 3.0
    },
    {
        "pset": [
            "<schema.org/author>",
            "<schema.org/description>",
            "<schema.org/endDate>",
            "<schema.org/image>",
            "<schema.org/name>",
            "<schema.org/startDate>",
            "isa:<schema.org/CreativeWorkSeries>"
        ],
        "count": 3.0
    },
    {
        "pset": [
            "<schema.org/description>",
            "<schema.org/endDate>",
            "<schema.org/keywords>",
            "<schema.org/name>",
            "<schema.org/startDate>",
            "<schema.org/url>",
            "isa:<schema.org/CreativeWorkSeries>"
        ],
        "count": 3.0
    },
    {
        "pset": [
            "<schema.org/creator>",
            "<schema.org/dateModified>",
            "<schema.org/datePublished>",
            "<schema.org/hasPart>",
            "<schema.org/inLanguage>",
            "<schema.org/keywords>",
            "<schema.org/name>",
            "<schema.org/provider>",
            "<schema.org/sourceOrganization>",
            "<schema.org/timeRequired>",
            "<schema.org/url>",
            "isa:<schema.org/CreativeWorkSeries>"
        ],
        "count": 3.0
    },
    {
        "pset": [
            "<schema.org/abstract>",
            "<schema.org/accessMode>",
            "<schema.org/accountablePerson>",
            "<schema.org/acquireLicensePage>",
            "<schema.org/aggregateRating>",
            "<schema.org/assesses>",
            "<schema.org/conditionsOfAccess>",
            "<schema.org/contentReferenceTime>",
            "<schema.org/description>",
            "<schema.org/name>",
            "<schema.org/sameAs>",
            "<schema.org/thumbnailUrl>",
            "<schema.org/url>",
            "isa:<schema.org/CreativeWorkSeries>"
        ],
        "count": 3.0
    },
    {
        "pset": [
            "<schema.org/description>",
            "<schema.org/endDate>",
            "<schema.org/hasPart>",
            "<schema.org/image>",
            "<schema.org/name>",
            "<schema.org/timeRequired>",
            "<schema.org/url>",
            "isa:<schema.org/CreativeWorkSeries>"
        ],
        "count": 3.0
    },
    {
        "pset": [
            "<schema.org/aggregateRating>",
            "<schema.org/author>",
            "<schema.org/dateModified>",
            "<schema.org/datePublished>",
            "<schema.org/description>",
            "<schema.org/inLanguage>",
            "<schema.org/keywords>",
            "<schema.org/name>",
            "<schema.org/publisher>",
            "<schema.org/review>",
            "<schema.org/url>",
            "isa:<schema.org/CreativeWorkSeries>"
        ],
        "count": 3.0
    },
    {
        "pset": [
            "<schema.org/creator>",
            "<schema.org/dateModified>",
            "<schema.org/datePublished>",
            "<schema.org/description>",
            "<schema.org/headline>",
            "<schema.org/image>",
            "<schema.org/publisher>",
            "<schema.org/url>",
            "isa:<schema.org/CreativeWorkSeries>"
        ],
        "count": 2.0
    },
    {
        "pset": [
            "<schema.org/datePublished>",
            "<schema.org/description>",
            "<schema.org/image>",
            "<schema.org/inLanguage>",
            "<schema.org/name>",
            "<schema.org/url>",
            "isa:<schema.org/CreativeWorkSeries>"
        ],
        "count": 2.0
    },
    {
        "pset": [
            "<schema.org/author>",
            "<schema.org/description>",
            "<schema.org/headline>",
            "<schema.org/name>",
            "<schema.org/publisher>",
            "isa:<schema.org/CreativeWorkSeries>"
        ],
        "count": 2.0
    },
    {
        "pset": [
            "<schema.org/location>",
            "<schema.org/name>",
            "<schema.org/startDate>",
            "isa:<schema.org/CreativeWorkSeries>"
        ],
        "count": 2.0
    },
    {
        "pset": [
            "<schema.org/author>",
            "<schema.org/copyrightYear>",
            "<schema.org/dateCreated>",
            "<schema.org/dateModified>",
            "<schema.org/datePublished>",
            "<schema.org/description>",
            "<schema.org/headline>",
            "<schema.org/image>",
            "<schema.org/inLanguage>",
            "<schema.org/isFamilyFriendly>",
            "<schema.org/mainEntityOfPage>",
            "<schema.org/name>",
            "<schema.org/provider>",
            "<schema.org/publisher>",
            "<schema.org/sameAs>",
            "<schema.org/text>",
            "<schema.org/thumbnailUrl>",
            "<schema.org/url>",
            "isa:<schema.org/CreativeWorkSeries>"
        ],
        "count": 2.0
    },
    {
        "pset": [
            "<schema.org/bestRating>",
            "isa:<schema.org/CreativeWorkSeries>"
        ],
        "count": 2.0
    },
    {
        "pset": [
            "<schema.org/description>",
            "<schema.org/image>",
            "<schema.org/name>",
            "<schema.org/startDate>",
            "isa:<schema.org/CreativeWorkSeries>"
        ],
        "count": 2.0
    },
    {
        "pset": [
            "<schema.org/aggregateRating>",
            "<schema.org/datePublished>",
            "<schema.org/description>",
            "<schema.org/image>",
            "<schema.org/inLanguage>",
            "<schema.org/name>",
            "<schema.org/url>",
            "isa:<schema.org/CreativeWorkSeries>"
        ],
        "count": 2.0
    },
    {
        "pset": [
            "<schema.org/dateModified>",
            "<schema.org/datePublished>",
            "<schema.org/description>",
            "<schema.org/headline>",
            "<schema.org/publisher>",
            "<schema.org/url>",
            "isa:<schema.org/CreativeWorkSeries>"
        ],
        "count": 2.0
    },
    {
        "pset": [
            "<schema.org/author>",
            "<schema.org/headline>",
            "<schema.org/image>",
            "<schema.org/provider>",
            "isa:<schema.org/CreativeWorkSeries>"
        ],
        "count": 2.0
    },
    {
        "pset": [
            "<schema.org/aggregateRating>",
            "<schema.org/copyrightHolder>",
            "<schema.org/description>",
            "<schema.org/image>",
            "<schema.org/name>",
            "<schema.org/url>",
            "isa:<schema.org/CreativeWorkSeries>"
        ],
        "count": 2.0
    },
    {
        "pset": [
            "<schema.org/about>",
            "<schema.org/creator>",
            "<schema.org/description>",
            "<schema.org/identifier>",
            "<schema.org/name>",
            "<schema.org/provider>",
            "<schema.org/url>",
            "isa:<purl.org/library/ArchiveMaterial>",
            "isa:<schema.org/CreativeWorkSeries>"
        ],
        "count": 2.0
    },
    {
        "pset": [
            "<schema.org/author>",
            "<schema.org/copyrightHolder>",
            "<schema.org/copyrightYear>",
            "<schema.org/creator>",
            "<schema.org/dateModified>",
            "<schema.org/datePublished>",
            "<schema.org/image>",
            "<schema.org/inLanguage>",
            "<schema.org/mainEntityOfPage>",
            "<schema.org/publisher>",
            "<schema.org/url>",
            "isa:<schema.org/CreativeWorkSeries>"
        ],
        "count": 2.0
    },
    {
        "pset": [
            "<schema.org/dateCreated>",
            "<schema.org/description>",
            "<schema.org/keywords>",
            "<schema.org/name>",
            "<schema.org/thumbnailUrl>",
            "isa:<schema.org/CreativeWorkSeries>"
        ],
        "count": 2.0
    },
    {
        "pset": [
            "<schema.org/about>",
            "<schema.org/creator>",
            "<schema.org/description>",
            "<schema.org/genre>",
            "<schema.org/identifier>",
            "<schema.org/name>",
            "<schema.org/provider>",
            "<schema.org/url>",
            "isa:<purl.org/library/ArchiveMaterial>",
            "isa:<schema.org/CreativeWorkSeries>"
        ],
        "count": 2.0
    },
    {
        "pset": [
            "<schema.org/description>",
            "<schema.org/image>",
            "<schema.org/mainEntityOfPage>",
            "<schema.org/name>",
            "<schema.org/potentialAction>",
            "<schema.org/url>",
            "isa:<schema.org/CreativeWorkSeries>"
        ],
        "count": 2.0
    },
    {
        "pset": [
            "<schema.org/author>",
            "<schema.org/copyrightHolder>",
            "<schema.org/copyrightYear>",
            "<schema.org/dateCreated>",
            "<schema.org/dateModified>",
            "<schema.org/datePublished>",
            "<schema.org/description>",
            "<schema.org/headline>",
            "<schema.org/image>",
            "<schema.org/inLanguage>",
            "<schema.org/mainEntityOfPage>",
            "<schema.org/name>",
            "<schema.org/publisher>",
            "<schema.org/url>",
            "isa:<schema.org/CreativeWorkSeries>"
        ],
        "count": 2.0
    },
    {
        "pset": [
            "<schema.org/aggregateRating>",
            "<schema.org/description>",
            "<schema.org/image>",
            "<schema.org/keywords>",
            "<schema.org/name>",
            "isa:<schema.org/CreativeWorkSeries>"
        ],
        "count": 1.0
    },
    {
        "pset": [
            "<schema.org/aggregateRating>",
            "<schema.org/description>",
            "<schema.org/image>",
            "<schema.org/name>",
            "<schema.org/offers>",
            "isa:<schema.org/CreativeWorkSeries>"
        ],
        "count": 1.0
    },
    {
        "pset": [
            "<schema.org/abstract>",
            "<schema.org/aggregateRating>",
            "<schema.org/author>",
            "<schema.org/name>",
            "isa:<schema.org/CreativeWorkSeries>"
        ],
        "count": 1.0
    },
    {
        "pset": [
            "<schema.org/about>",
            "<schema.org/author>",
            "<schema.org/publisher>",
            "<schema.org/url>",
            "isa:<schema.org/CreativeWorkSeries>"
        ],
        "count": 1.0
    },
    {
        "pset": [
            "<schema.org/aggregateRating>",
            "<schema.org/author>",
            "<schema.org/image>",
            "<schema.org/name>",
            "<schema.org/review>",
            "<schema.org/sameAs>",
            "isa:<schema.org/CreativeWorkSeries>"
        ],
        "count": 1.0
    },
    {
        "pset": [
            "<schema.org/about>",
            "<schema.org/aggregateRating>",
            "<schema.org/breadcrumb>",
            "<schema.org/inLanguage>",
            "<schema.org/isPartOf>",
            "<schema.org/name>",
            "<schema.org/url>",
            "isa:<schema.org/CreativeWorkSeries>"
        ],
        "count": 1.0
    },
    {
        "pset": [
            "<schema.org/author>",
            "<schema.org/copyrightHolder>",
            "<schema.org/copyrightYear>",
            "<schema.org/creator>",
            "<schema.org/dateModified>",
            "<schema.org/datePublished>",
            "<schema.org/headline>",
            "<schema.org/inLanguage>",
            "<schema.org/mainEntityOfPage>",
            "<schema.org/name>",
            "<schema.org/publisher>",
            "<schema.org/url>",
            "isa:<schema.org/CreativeWorkSeries>"
        ],
        "count": 1.0
    },
    {
        "pset": [
            "<schema.org/about>",
            "<schema.org/description>",
            "<schema.org/identifier>",
            "<schema.org/name>",
            "<schema.org/provider>",
            "<schema.org/url>",
            "isa:<purl.org/library/ArchiveMaterial>",
            "isa:<schema.org/CreativeWorkSeries>"
        ],
        "count": 1.0
    },
    {
        "pset": [
            "<schema.org/aggregateRating>",
            "<schema.org/alternateName>",
            "<schema.org/datePublished>",
            "<schema.org/description>",
            "<schema.org/image>",
            "<schema.org/inLanguage>",
            "<schema.org/name>",
            "<schema.org/url>",
            "isa:<schema.org/CreativeWorkSeries>"
        ],
        "count": 1.0
    },
    {
        "pset": [
            "<schema.org/name>",
            "<schema.org/sameAs>",
            "<schema.org/url>",
            "isa:<schema.org/CreativeWorkSeries>"
        ],
        "count": 1.0
    },
    {
        "pset": [
            "<schema.org/about>",
            "<schema.org/description>",
            "<schema.org/identifier>",
            "<schema.org/inLanguage>",
            "<schema.org/name>",
            "<schema.org/provider>",
            "<schema.org/url>",
            "isa:<purl.org/library/ArchiveMaterial>",
            "isa:<schema.org/CreativeWorkSeries>"
        ],
        "count": 1.0
    },
    {
        "pset": [
            "<schema.org/aggregateRating>",
            "<schema.org/author>",
            "<schema.org/commentCount>",
            "<schema.org/startDate>",
            "isa:<schema.org/CreativeWorkSeries>"
        ],
        "count": 1.0
    },
    {
        "pset": [
            "<schema.org/aggregateRating>",
            "<schema.org/articleBody>",
            "<schema.org/author>",
            "<schema.org/dateModified>",
            "<schema.org/datePublished>",
            "<schema.org/headline>",
            "<schema.org/image>",
            "<schema.org/mainEntityOfPage>",
            "<schema.org/name>",
            "<schema.org/publisher>",
            "<schema.org/reviewRating>",
            "<schema.org/url>",
            "isa:<schema.org/CreativeWorkSeries>"
        ],
        "count": 1.0
    },
    {
        "pset": [
            "<schema.org/aggregateRating>",
            "<schema.org/isPartOf>",
            "<schema.org/name>",
            "isa:<schema.org/CreativeWorkSeries>"
        ],
        "count": 1.0
    },
    {
        "pset": [
            "<schema.org/about>",
            "<schema.org/additionalType>",
            "<schema.org/alternativeHeadline>",
            "<schema.org/description>",
            "<schema.org/hasPart>",
            "<schema.org/headline>",
            "<schema.org/name>",
            "<schema.org/url>",
            "isa:<schema.org/CreativeWorkSeries>"
        ],
        "count": 1.0
    },
    {
        "pset": [
            "<schema.org/creator>",
            "<schema.org/dateModified>",
            "<schema.org/datePublished>",
            "<schema.org/description>",
            "<schema.org/hasPart>",
            "<schema.org/inLanguage>",
            "<schema.org/keywords>",
            "<schema.org/name>",
            "<schema.org/provider>",
            "<schema.org/sourceOrganization>",
            "<schema.org/timeRequired>",
            "<schema.org/url>",
            "isa:<schema.org/CreativeWorkSeries>"
        ],
        "count": 1.0
    },
    {
        "pset": [
            "<schema.org/aggregateRating>",
            "<schema.org/author>",
            "<schema.org/dateModified>",
            "<schema.org/datePublished>",
            "<schema.org/description>",
            "<schema.org/endDate>",
            "<schema.org/image>",
            "<schema.org/inLanguage>",
            "<schema.org/keywords>",
            "<schema.org/name>",
            "<schema.org/publisher>",
            "<schema.org/startDate>",
            "<schema.org/url>",
            "isa:<schema.org/CreativeWorkSeries>"
        ],
        "count": 1.0
    },
    {
        "pset": [
            "<schema.org/description>",
            "<schema.org/image>",
            "isa:<schema.org/CreativeWorkSeries>"
        ],
        "count": 1.0
    },
    {
        "pset": [
            "<schema.org/aggregateRating>",
            "<schema.org/description>",
            "<schema.org/image>",
            "<schema.org/name>",
            "<schema.org/potentialAction>",
            "<schema.org/url>",
            "isa:<schema.org/CreativeWorkSeries>"
        ],
        "count": 1.0
    },
    {
        "pset": [
            "<schema.org/author>",
            "<schema.org/image>",
            "<schema.org/name>",
            "isa:<schema.org/CreativeWorkSeries>"
        ],
        "count": 1.0
    },
    {
        "pset": [
            "<schema.org/aggregateRating>",
            "<schema.org/image>",
            "<schema.org/keywords>",
            "<schema.org/name>",
            "isa:<schema.org/CreativeWorkSeries>"
        ],
        "count": 1.0
    },
    {
        "pset": [
            "<schema.org/aggregateRating>",
            "<schema.org/author>",
            "<schema.org/dateModified>",
            "<schema.org/datePublished>",
            "<schema.org/description>",
            "<schema.org/headline>",
            "<schema.org/image>",
            "<schema.org/name>",
            "<schema.org/publisher>",
            "isa:<schema.org/CreativeWorkSeries>"
        ],
        "count": 1.0
    },
    {
        "pset": [
            "<schema.org/abstract>",
            "<schema.org/description>",
            "<schema.org/endDate>",
            "<schema.org/image>",
            "<schema.org/name>",
            "<schema.org/timeRequired>",
            "<schema.org/url>",
            "isa:<schema.org/CreativeWorkSeries>"
        ],
        "count": 1.0
    },
    {
        "pset": [
            "<schema.org/description>",
            "<schema.org/image>",
            "<schema.org/inLanguage>",
            "<schema.org/name>",
            "<schema.org/thumbnailUrl>",
            "<schema.org/url>",
            "isa:<schema.org/CreativeWorkSeries>"
        ],
        "count": 1.0
    },
    {
        "pset": [
            "<schema.org/name>",
            "<schema.org/startDae>",
            "<schema.org/url>",
            "isa:<schema.org/CreativeWorkSeries>"
        ],
        "count": 1.0
    },
    {
        "pset": [
            "<schema.org/aggregateRating>",
            "<schema.org/author>",
            "<schema.org/brand>",
            "<schema.org/description>",
            "<schema.org/foundingDate>",
            "<schema.org/logo>",
            "<schema.org/name>",
            "<schema.org/sameAs>",
            "isa:<schema.org/CreativeWorkSeries>"
        ],
        "count": 1.0
    },
    {
        "pset": [
            "<schema.org/aggregateRating>",
            "<schema.org/mainEntityOfPage>",
            "<schema.org/name>",
            "<schema.org/publisher>",
            "isa:<schema.org/CreativeWorkSeries>"
        ],
        "count": 1.0
    },
    {
        "pset": [
            "<schema.org/author>",
            "<schema.org/datePublished>",
            "<schema.org/name>",
            "<schema.org/publisher>",
            "<schema.org/url>",
            "isa:<schema.org/CreativeWorkSeries>"
        ],
        "count": 1.0
    },
    {
        "pset": [
            "<schema.org/author>",
            "<schema.org/copyrightHolder>",
            "<schema.org/copyrightYear>",
            "<schema.org/creator>",
            "<schema.org/dateModified>",
            "<schema.org/datePublished>",
            "<schema.org/description>",
            "<schema.org/headline>",
            "<schema.org/inLanguage>",
            "<schema.org/mainEntityOfPage>",
            "<schema.org/name>",
            "<schema.org/publisher>",
            "<schema.org/url>",
            "isa:<schema.org/CreativeWorkSeries>"
        ],
        "count": 1.0
    },
    {
        "pset": [
            "<schema.org/Play>",
            "<schema.org/abstract>",
            "<schema.org/author>",
            "<schema.org/copyrightHolder>",
            "<schema.org/copyrightYear>",
            "<schema.org/dateCreated>",
            "<schema.org/editor>",
            "<schema.org/keywords>",
            "<schema.org/locationCreated>",
            "isa:<schema.org/CreativeWorkSeries>"
        ],
        "count": 1.0
    },
    {
        "pset": [
            "<schema.org/Address>",
            "<schema.org/Author>",
            "<schema.org/Name>",
            "isa:<schema.org/CreativeWorkSeries>"
        ],
        "count": 1.0
    },
    {
        "pset": [
            "<schema.org/endDate>",
            "<schema.org/name>",
            "<schema.org/startDate>",
            "<schema.org/url>",
            "isa:<schema.org/CreativeWorkSeries>"
        ],
        "count": 1.0
    },
    {
        "pset": [
            "<schema.org/aggregateRating>",
            "<schema.org/description>",
            "<schema.org/image>",
            "<schema.org/name>",
            "<schema.org/offers>",
            "<schema.org/review>",
            "isa:<schema.org/CreativeWorkSeries>"
        ],
        "count": 1.0
    },
    {
        "pset": [
            "<schema.org/dateCreated>",
            "<schema.org/dateModified>",
            "<schema.org/datePublished>",
            "<schema.org/description>",
            "<schema.org/name>",
            "<schema.org/url>",
            "isa:<schema.org/CreativeWorkSeries>"
        ],
        "count": 1.0
    },
    {
        "pset": [
            "<schema.org/aggregateRating>",
            "<schema.org/alternateName>",
            "<schema.org/description>",
            "<schema.org/name>",
            "<schema.org/url>",
            "isa:<schema.org/CreativeWorkSeries>"
        ],
        "count": 1.0
    },
    {
        "pset": [
            "<schema.org/image>",
            "<schema.org/name>",
            "<schema.org/pricerange>",
            "isa:<schema.org/CreativeWorkSeries>"
        ],
        "count": 1.0
    },
    {
        "pset": [
            "<schema.org/description>",
            "<schema.org/image>",
            "<schema.org/name>",
            "<schema.org/potentialAction>",
            "<schema.org/url>",
            "isa:<schema.org/CreativeWorkSeries>"
        ],
        "count": 1.0
    },
    {
        "pset": [
            "<schema.org/alternateName>",
            "<schema.org/author>",
            "<schema.org/copyrightYear>",
            "<schema.org/dateCreated>",
            "<schema.org/dateModified>",
            "<schema.org/datePublished>",
            "<schema.org/description>",
            "<schema.org/headline>",
            "<schema.org/image>",
            "<schema.org/inLanguage>",
            "<schema.org/isFamilyFriendly>",
            "<schema.org/mainEntityOfPage>",
            "<schema.org/name>",
            "<schema.org/provider>",
            "<schema.org/publisher>",
            "<schema.org/sameAs>",
            "<schema.org/text>",
            "<schema.org/thumbnailUrl>",
            "<schema.org/url>",
            "isa:<schema.org/CreativeWorkSeries>"
        ],
        "count": 1.0
    },
    {
        "pset": [
            "<schema.org/author>",
            "<schema.org/name>",
            "<schema.org/timeRequired>",
            "isa:<schema.org/CreativeWorkSeries>"
        ],
        "count": 1.0
    },
    {
        "pset": [
            "<schema.org/about>",
            "<schema.org/accessMode>",
            "<schema.org/author>",
            "<schema.org/contributor>",
            "<schema.org/copyrightHolder>",
            "<schema.org/copyrightYear>",
            "<schema.org/creator>",
            "<schema.org/dateCreated>",
            "<schema.org/datePublished>",
            "<schema.org/description>",
            "<schema.org/discussionUrl>",
            "<schema.org/headline>",
            "<schema.org/image>",
            "<schema.org/inLanguage>",
            "<schema.org/isAccessibleForFree>",
            "<schema.org/isFamilyFriendly>",
            "<schema.org/name>",
            "<schema.org/producer>",
            "<schema.org/provider>",
            "<schema.org/publisher>",
            "<schema.org/sourceOrganization>",
            "<schema.org/subjectOf>",
            "<schema.org/url>",
            "isa:<schema.org/CreativeWorkSeries>"
        ],
        "count": 1.0
    },
    {
        "pset": [
            "<schema.org/aggregateRating>",
            "<schema.org/name>",
            "<schema.org/text>",
            "isa:<schema.org/CreativeWorkSeries>"
        ],
        "count": 1.0
    },
    {
        "pset": [
            "<schema.org/additionalType>",
            "<schema.org/description>",
            "<schema.org/disambiguatingDescription>",
            "<schema.org/hasPart>",
            "<schema.org/headline>",
            "<schema.org/inLanguage>",
            "<schema.org/name>",
            "<schema.org/url>",
            "isa:<schema.org/CreativeWorkSeries>"
        ],
        "count": 1.0
    },
    {
        "pset": [
            "<schema.org/aggregateRating>",
            "<schema.org/author>",
            "<schema.org/datePublished>",
            "<schema.org/description>",
            "<schema.org/name>",
            "isa:<schema.org/CreativeWorkSeries>"
        ],
        "count": 1.0
    }
]