[
    {
        "pset": [
            "<schema.org/dataFeedElement>",
            "<schema.org/dateModified>",
            "isa:<schema.org/DataFeed>"
        ],
        "count": 10058.0
    },
    {
        "pset": [
            "<schema.org/dataFeedElement>",
            "<schema.org/dateModified>",
            "<schema.org/description>",
            "<schema.org/name>",
            "isa:<schema.org/DataFeed>"
        ],
        "count": 6882.0
    },
    {
        "pset": [
            "<schema.org/dateCreated>",
            "<schema.org/dateModified>",
            "<schema.org/description>",
            "<schema.org/url>",
            "isa:<schema.org/DataFeed>"
        ],
        "count": 5680.0
    },
    {
        "pset": [
            "<schema.org/contentLocation>",
            "<schema.org/dataFeedElement>",
            "<schema.org/name>",
            "isa:<schema.org/DataFeed>"
        ],
        "count": 3955.0
    },
    {
        "pset": [
            "<schema.org/contentLocation>",
            "<schema.org/creator>",
            "<schema.org/description>",
            "<schema.org/image>",
            "<schema.org/name>",
            "<schema.org/provider>",
            "<schema.org/url>",
            "<schema.org/variableMeasured>",
            "isa:<schema.org/DataFeed>"
        ],
        "count": 3605.0
    },
    {
        "pset": [
            "<schema.org/dataFeedElement>",
            "<schema.org/name>",
            "isa:<schema.org/DataFeed>"
        ],
        "count": 2711.0
    },
    {
        "pset": [
            "<schema.org/creator>",
            "<schema.org/dataFeedElement>",
            "<schema.org/description>",
            "<schema.org/image>",
            "<schema.org/name>",
            "<schema.org/provider>",
            "<schema.org/url>",
            "isa:<schema.org/DataFeed>"
        ],
        "count": 2430.0
    },
    {
        "pset": [
            "<schema.org/dataFeedElement>",
            "<schema.org/description>",
            "<schema.org/name>",
            "isa:<schema.org/DataFeed>"
        ],
        "count": 2324.0
    },
    {
        "pset": [
            "<schema.org/creator>",
            "<schema.org/dataFeedElement>",
            "<schema.org/description>",
            "<schema.org/license>",
            "<schema.org/name>",
            "isa:<schema.org/DataFeed>"
        ],
        "count": 2264.0
    },
    {
        "pset": [
            "<schema.org/audience>",
            "<schema.org/description>",
            "<schema.org/mainEntityOfPage>",
            "<schema.org/name>",
            "isa:<schema.org/DataFeed>"
        ],
        "count": 1393.0
    },
    {
        "pset": [
            "<schema.org/creator>",
            "<schema.org/dataFeedElement>",
            "<schema.org/dateModified>",
            "<schema.org/description>",
            "<schema.org/name>",
            "isa:<schema.org/DataFeed>"
        ],
        "count": 993.0
    },
    {
        "pset": [
            "<schema.org/dataFeedElement>",
            "<schema.org/inLanguage>",
            "<schema.org/isPartOf>",
            "<schema.org/name>",
            "<schema.org/potentialAction>",
            "<schema.org/url>",
            "isa:<schema.org/DataFeed>"
        ],
        "count": 986.0
    },
    {
        "pset": [
            "<schema.org/dataFeedElement>",
            "isa:<schema.org/DataFeed>"
        ],
        "count": 235.0
    },
    {
        "pset": [
            "<schema.org/creator>",
            "<schema.org/description>",
            "<schema.org/license>",
            "<schema.org/name>",
            "isa:<schema.org/DataFeed>"
        ],
        "count": 199.0
    },
    {
        "pset": [
            "<schema.org/creator>",
            "<schema.org/dateModified>",
            "<schema.org/description>",
            "<schema.org/license>",
            "<schema.org/name>",
            "isa:<schema.org/DataFeed>"
        ],
        "count": 192.0
    },
    {
        "pset": [
            "<schema.org/creator>",
            "<schema.org/dataFeedElement>",
            "<schema.org/dateCreated>",
            "<schema.org/dateModified>",
            "<schema.org/description>",
            "<schema.org/name>",
            "<schema.org/variableMeasured>",
            "isa:<schema.org/DataFeed>"
        ],
        "count": 188.0
    },
    {
        "pset": [
            "<schema.org/creator>",
            "<schema.org/dataFeedElement>",
            "<schema.org/dateModified>",
            "<schema.org/description>",
            "<schema.org/image>",
            "<schema.org/license>",
            "<schema.org/name>",
            "<schema.org/publisher>",
            "isa:<schema.org/DataFeed>"
        ],
        "count": 169.0
    },
    {
        "pset": [
            "<schema.org/dataFeedElement>",
            "<schema.org/dateModified>",
            "<schema.org/datePublished>",
            "<schema.org/inLanguage>",
            "<schema.org/isPartOf>",
            "<schema.org/name>",
            "<schema.org/potentialAction>",
            "<schema.org/url>",
            "isa:<schema.org/DataFeed>"
        ],
        "count": 117.0
    },
    {
        "pset": [
            "<schema.org/creator>",
            "<schema.org/dataFeedElement>",
            "<schema.org/dateModified>",
            "<schema.org/description>",
            "<schema.org/license>",
            "<schema.org/name>",
            "isa:<schema.org/DataFeed>"
        ],
        "count": 98.0
    },
    {
        "pset": [
            "<schema.org/dataFeedElement>",
            "<schema.org/dateModified>",
            "<schema.org/datePublished>",
            "<schema.org/description>",
            "<schema.org/inLanguage>",
            "<schema.org/isPartOf>",
            "<schema.org/name>",
            "<schema.org/potentialAction>",
            "<schema.org/url>",
            "isa:<schema.org/DataFeed>"
        ],
        "count": 89.0
    },
    {
        "pset": [
            "<schema.org/dataFeedElement>",
            "<schema.org/dateModified>",
            "<schema.org/license>",
            "<schema.org/name>",
            "<schema.org/publisher>",
            "<schema.org/spatialCoverage>",
            "isa:<schema.org/DataFeed>"
        ],
        "count": 46.0
    },
    {
        "pset": [
            "<schema.org/dateCreated>",
            "<schema.org/description>",
            "<schema.org/url>",
            "isa:<schema.org/DataFeed>"
        ],
        "count": 43.0
    },
    {
        "pset": [
            "<schema.org/creator>",
            "<schema.org/description>",
            "<schema.org/image>",
            "<schema.org/name>",
            "<schema.org/provider>",
            "<schema.org/url>",
            "isa:<schema.org/DataFeed>"
        ],
        "count": 23.0
    },
    {
        "pset": [
            "<schema.org/creator>",
            "<schema.org/dataFeedElement>",
            "<schema.org/description>",
            "<schema.org/license>",
            "<schema.org/name>",
            "<schema.org/url>",
            "isa:<schema.org/DataFeed>"
        ],
        "count": 20.0
    },
    {
        "pset": [
            "<schema.org/dataFeedElement>",
            "<schema.org/dateModified>",
            "<schema.org/description>",
            "<schema.org/license>",
            "<schema.org/name>",
            "isa:<schema.org/DataFeed>"
        ],
        "count": 20.0
    },
    {
        "pset": [
            "<schema.org/dataFeedElement>",
            "<schema.org/name>",
            "<schema.org/url>",
            "isa:<schema.org/DataFeed>"
        ],
        "count": 19.0
    },
    {
        "pset": [
            "<schema.org/name>",
            "isa:<schema.org/DataFeed>"
        ],
        "count": 14.0
    },
    {
        "pset": [
            "<schema.org/description>",
            "<schema.org/mainEntityOfPage>",
            "<schema.org/name>",
            "isa:<schema.org/DataFeed>"
        ],
        "count": 3.0
    },
    {
        "pset": [
            "isa:<schema.org/DataFeed>"
        ],
        "count": 3.0
    },
    {
        "pset": [
            "<schema.org/dataFeedElement>",
            "<schema.org/description>",
            "<schema.org/license>",
            "<schema.org/name>",
            "isa:<schema.org/DataFeed>"
        ],
        "count": 2.0
    },
    {
        "pset": [
            "<schema.org/author>",
            "<schema.org/copyrightHolder>",
            "<schema.org/copyrightYear>",
            "<schema.org/creator>",
            "<schema.org/dataFeedElement>",
            "<schema.org/dateModified>",
            "<schema.org/datePublished>",
            "<schema.org/description>",
            "<schema.org/headline>",
            "<schema.org/image>",
            "<schema.org/inLanguage>",
            "<schema.org/mainEntityOfPage>",
            "<schema.org/name>",
            "<schema.org/potentialAction>",
            "<schema.org/publisher>",
            "<schema.org/url>",
            "isa:<schema.org/DataFeed>"
        ],
        "count": 1.0
    },
    {
        "pset": [
            "<schema.org/author>",
            "<schema.org/dataFeedElement>",
            "<schema.org/description>",
            "<schema.org/image>",
            "<schema.org/license>",
            "<schema.org/name>",
            "<schema.org/url>",
            "isa:<schema.org/DataFeed>"
        ],
        "count": 1.0
    },
    {
        "pset": [
            "<schema.org/contactPoint>",
            "<schema.org/creator>",
            "<schema.org/dataFeedElement>",
            "<schema.org/description>",
            "<schema.org/keywords>",
            "<schema.org/license>",
            "<schema.org/logo>",
            "<schema.org/name>",
            "<schema.org/sameAs>",
            "<schema.org/url>",
            "isa:<schema.org/DataFeed>",
            "isa:<schema.org/Organization>"
        ],
        "count": 1.0
    },
    {
        "pset": [
            "<schema.org/dateModified>",
            "isa:<schema.org/DataFeed>"
        ],
        "count": 1.0
    }
]