[
    {
        "pset": [
            "<schema.org/url>",
            "isa:<schema.org/DigitalDocument>"
        ],
        "count": 67480.0
    },
    {
        "pset": [
            "isa:<schema.org/DigitalDocument>"
        ],
        "count": 8664.0
    },
    {
        "pset": [
            "<schema.org/description>",
            "<schema.org/genre>",
            "<schema.org/headline>",
            "<schema.org/identifier>",
            "<schema.org/isBasedOn>",
            "<schema.org/name>",
            "<schema.org/thumbnailURL>",
            "<schema.org/url>",
            "isa:<schema.org/DigitalDocument>"
        ],
        "count": 6137.0
    },
    {
        "pset": [
            "<schema.org/description>",
            "<schema.org/genre>",
            "<schema.org/headline>",
            "<schema.org/identifier>",
            "<schema.org/isBasedOn>",
            "<schema.org/isPartOf>",
            "<schema.org/name>",
            "<schema.org/thumbnailURL>",
            "<schema.org/url>",
            "isa:<schema.org/DigitalDocument>"
        ],
        "count": 3733.0
    },
    {
        "pset": [
            "<schema.org/aggregateRating>",
            "<schema.org/name>",
            "isa:<schema.org/DigitalDocument>"
        ],
        "count": 3091.0
    },
    {
        "pset": [
            "<schema.org/about>",
            "<schema.org/author>",
            "<schema.org/datePublished>",
            "<schema.org/genre>",
            "<schema.org/hasDigitalDocumentPermission>",
            "<schema.org/identifier>",
            "<schema.org/inLanguage>",
            "<schema.org/keywords>",
            "<schema.org/name>",
            "<schema.org/url>",
            "isa:<schema.org/DigitalDocument>"
        ],
        "count": 2942.0
    },
    {
        "pset": [
            "<schema.org/author>",
            "<schema.org/description>",
            "<schema.org/image>",
            "<schema.org/name>",
            "<schema.org/text>",
            "isa:<schema.org/DigitalDocument>"
        ],
        "count": 1662.0
    },
    {
        "pset": [
            "<schema.org/keywords>",
            "<schema.org/name>",
            "<schema.org/publisher>",
            "<schema.org/sameAs>",
            "<schema.org/url>",
            "isa:<schema.org/DigitalDocument>"
        ],
        "count": 1500.0
    },
    {
        "pset": [
            "<schema.org/name>",
            "isa:<schema.org/DigitalDocument>"
        ],
        "count": 1312.0
    },
    {
        "pset": [
            "<schema.org/about>",
            "<schema.org/author>",
            "<schema.org/datePublished>",
            "<schema.org/description>",
            "<schema.org/genre>",
            "<schema.org/hasDigitalDocumentPermission>",
            "<schema.org/identifier>",
            "<schema.org/inLanguage>",
            "<schema.org/keywords>",
            "<schema.org/name>",
            "<schema.org/url>",
            "isa:<schema.org/DigitalDocument>"
        ],
        "count": 1120.0
    },
    {
        "pset": [
            "<schema.org/educationalUse>",
            "<schema.org/keywords>",
            "<schema.org/name>",
            "<schema.org/potentialAction>",
            "<schema.org/sameAs>",
            "<schema.org/url>",
            "isa:<schema.org/DigitalDocument>"
        ],
        "count": 1067.0
    },
    {
        "pset": [
            "<schema.org/dateModified>",
            "<schema.org/datePublished>",
            "<schema.org/headline>",
            "<schema.org/image>",
            "<schema.org/isAccessibleForFree>",
            "isa:<schema.org/DigitalDocument>"
        ],
        "count": 647.0
    },
    {
        "pset": [
            "<schema.org/author>",
            "<schema.org/dateModified>",
            "<schema.org/datePublished>",
            "<schema.org/description>",
            "<schema.org/interactivityType>",
            "<schema.org/isAccessibleForFree>",
            "<schema.org/isFamilyFriendly>",
            "<schema.org/keywords>",
            "<schema.org/name>",
            "<schema.org/publisher>",
            "<schema.org/thumbnailUrl>",
            "isa:<schema.org/DigitalDocument>"
        ],
        "count": 520.0
    },
    {
        "pset": [
            "<schema.org/alternateName>",
            "<schema.org/keywords>",
            "<schema.org/name>",
            "<schema.org/publisher>",
            "<schema.org/sameAs>",
            "<schema.org/url>",
            "isa:<schema.org/DigitalDocument>"
        ],
        "count": 508.0
    },
    {
        "pset": [
            "<schema.org/author>",
            "<schema.org/name>",
            "<schema.org/url>",
            "isa:<schema.org/DigitalDocument>"
        ],
        "count": 495.0
    },
    {
        "pset": [
            "<schema.org/name>",
            "<schema.org/url>",
            "isa:<schema.org/DigitalDocument>"
        ],
        "count": 339.0
    },
    {
        "pset": [
            "<schema.org/about>",
            "<schema.org/author>",
            "<schema.org/datePublished>",
            "<schema.org/genre>",
            "<schema.org/hasDigitalDocumentPermission>",
            "<schema.org/identifier>",
            "<schema.org/keywords>",
            "<schema.org/name>",
            "<schema.org/url>",
            "isa:<schema.org/DigitalDocument>"
        ],
        "count": 317.0
    },
    {
        "pset": [
            "<schema.org/abstract>",
            "<schema.org/author>",
            "<schema.org/datePublished>",
            "<schema.org/image>",
            "<schema.org/name>",
            "isa:<schema.org/DigitalDocument>"
        ],
        "count": 308.0
    },
    {
        "pset": [
            "<schema.org/author>",
            "<schema.org/encodingFormat>",
            "<schema.org/hasDigitalDocumentPermission>",
            "<schema.org/name>",
            "<schema.org/potentialAction>",
            "<schema.org/url>",
            "isa:<schema.org/DigitalDocument>"
        ],
        "count": 296.0
    },
    {
        "pset": [
            "<schema.org/author>",
            "<schema.org/description>",
            "<schema.org/name>",
            "<schema.org/url>",
            "isa:<schema.org/DigitalDocument>"
        ],
        "count": 290.0
    },
    {
        "pset": [
            "<schema.org/description>",
            "<schema.org/name>",
            "<schema.org/url>",
            "isa:<schema.org/DigitalDocument>"
        ],
        "count": 276.0
    },
    {
        "pset": [
            "<schema.org/description>",
            "<schema.org/encoding>",
            "<schema.org/name>",
            "<schema.org/thumbnailUrl>",
            "isa:<schema.org/DigitalDocument>"
        ],
        "count": 254.0
    },
    {
        "pset": [
            "<schema.org/abstract>",
            "<schema.org/author>",
            "<schema.org/dateModified>",
            "<schema.org/datePublished>",
            "<schema.org/headline>",
            "<schema.org/image>",
            "<schema.org/keywords>",
            "<schema.org/name>",
            "isa:<schema.org/DigitalDocument>"
        ],
        "count": 249.0
    },
    {
        "pset": [
            "<schema.org/about>",
            "<schema.org/author>",
            "<schema.org/dateModified>",
            "<schema.org/datePublished>",
            "<schema.org/description>",
            "<schema.org/image>",
            "<schema.org/mainEntityOfPage>",
            "<schema.org/name>",
            "<schema.org/publisher>",
            "<schema.org/thumbnailUrl>",
            "isa:<schema.org/DigitalDocument>"
        ],
        "count": 235.0
    },
    {
        "pset": [
            "<schema.org/author>",
            "<schema.org/contentLocation>",
            "<schema.org/fileFormat>",
            "<schema.org/publisher>",
            "<schema.org/url>",
            "isa:<schema.org/DigitalDocument>"
        ],
        "count": 214.0
    },
    {
        "pset": [
            "<schema.org/author>",
            "<schema.org/dateModified>",
            "<schema.org/datePublished>",
            "<schema.org/headline>",
            "<schema.org/inLanguage>",
            "<schema.org/keywords>",
            "<schema.org/mainEntityOfPage>",
            "<schema.org/publisher>",
            "isa:<schema.org/DigitalDocument>"
        ],
        "count": 203.0
    },
    {
        "pset": [
            "<schema.org/author>",
            "<schema.org/contentLocation>",
            "<schema.org/publisher>",
            "<schema.org/url>",
            "isa:<schema.org/DigitalDocument>"
        ],
        "count": 171.0
    },
    {
        "pset": [
            "<schema.org/description>",
            "<schema.org/name>",
            "<schema.org/offers>",
            "<schema.org/url>",
            "isa:<schema.org/DigitalDocument>"
        ],
        "count": 171.0
    },
    {
        "pset": [
            "<schema.org/abstract>",
            "<schema.org/image>",
            "<schema.org/name>",
            "<schema.org/url>",
            "isa:<schema.org/DigitalDocument>"
        ],
        "count": 156.0
    },
    {
        "pset": [
            "<schema.org/image>",
            "<schema.org/name>",
            "<schema.org/url>",
            "isa:<schema.org/DigitalDocument>"
        ],
        "count": 121.0
    },
    {
        "pset": [
            "<schema.org/author>",
            "<schema.org/dateCreated>",
            "<schema.org/datePublished>",
            "<schema.org/description>",
            "<schema.org/name>",
            "<schema.org/review>",
            "<schema.org/url>",
            "isa:<schema.org/DigitalDocument>"
        ],
        "count": 103.0
    },
    {
        "pset": [
            "<schema.org/accessMode>",
            "<schema.org/accessModeSufficient>",
            "<schema.org/accessibilitySummary>",
            "<schema.org/author>",
            "<schema.org/headline>",
            "<schema.org/inLanguage>",
            "<schema.org/interactivityType>",
            "<schema.org/isAccessibleForFree>",
            "<schema.org/license>",
            "<schema.org/name>",
            "<schema.org/thumbnailUrl>",
            "isa:<schema.org/DigitalDocument>"
        ],
        "count": 100.0
    },
    {
        "pset": [
            "<schema.org/author>",
            "<schema.org/copyrightYear>",
            "<schema.org/image>",
            "<schema.org/name>",
            "isa:<schema.org/DigitalDocument>"
        ],
        "count": 97.0
    },
    {
        "pset": [
            "<schema.org/about>",
            "<schema.org/associatedMedia>",
            "<schema.org/author>",
            "<schema.org/dateModified>",
            "<schema.org/datePublished>",
            "<schema.org/description>",
            "<schema.org/headline>",
            "<schema.org/isAccessibleForFree>",
            "<schema.org/name>",
            "isa:<schema.org/DigitalDocument>"
        ],
        "count": 96.0
    },
    {
        "pset": [
            "<schema.org/abstract>",
            "<schema.org/audience>",
            "<schema.org/author>",
            "<schema.org/copyrightHolder>",
            "<schema.org/creativeWorkStatus>",
            "<schema.org/dateCreated>",
            "<schema.org/isAccessibleForFree>",
            "<schema.org/isPartOf>",
            "<schema.org/learningResourceType>",
            "<schema.org/name>",
            "<schema.org/url>",
            "isa:<schema.org/DigitalDocument>"
        ],
        "count": 91.0
    },
    {
        "pset": [
            "<schema.org/author>",
            "<schema.org/copyrightHolder>",
            "<schema.org/copyrightYear>",
            "<schema.org/creator>",
            "<schema.org/dateModified>",
            "<schema.org/datePublished>",
            "<schema.org/description>",
            "<schema.org/headline>",
            "<schema.org/inLanguage>",
            "<schema.org/mainEntityOfPage>",
            "<schema.org/name>",
            "<schema.org/publisher>",
            "<schema.org/url>",
            "isa:<schema.org/DigitalDocument>"
        ],
        "count": 89.0
    },
    {
        "pset": [
            "<schema.org/author>",
            "<schema.org/commentCount>",
            "<schema.org/datePublished>",
            "<schema.org/description>",
            "<schema.org/headline>",
            "<schema.org/image>",
            "<schema.org/mainEntityOfPage>",
            "<schema.org/name>",
            "<schema.org/publisher>",
            "<schema.org/url>",
            "isa:<schema.org/DigitalDocument>"
        ],
        "count": 86.0
    },
    {
        "pset": [
            "<schema.org/author>",
            "<schema.org/dateModified>",
            "<schema.org/datePublished>",
            "<schema.org/description>",
            "<schema.org/headline>",
            "<schema.org/mainEntityOfPage>",
            "isa:<schema.org/DigitalDocument>"
        ],
        "count": 84.0
    },
    {
        "pset": [
            "<schema.org/about>",
            "<schema.org/author>",
            "<schema.org/datePublished>",
            "<schema.org/genre>",
            "<schema.org/hasDigitalDocumentPermission>",
            "<schema.org/identifier>",
            "<schema.org/inLanguage>",
            "<schema.org/keywords>",
            "<schema.org/name>",
            "<schema.org/url>",
            "<schema.org/version>",
            "isa:<schema.org/DigitalDocument>"
        ],
        "count": 79.0
    },
    {
        "pset": [
            "<schema.org/additionalType>",
            "<schema.org/image>",
            "<schema.org/name>",
            "<schema.org/publisher>",
            "isa:<schema.org/DigitalDocument>"
        ],
        "count": 76.0
    },
    {
        "pset": [
            "<schema.org/author>",
            "<schema.org/copyrightHolder>",
            "<schema.org/description>",
            "<schema.org/headline>",
            "<schema.org/image>",
            "<schema.org/inLanguage>",
            "<schema.org/keywords>",
            "<schema.org/mainEntityOfPage>",
            "<schema.org/name>",
            "<schema.org/publisher>",
            "<schema.org/url>",
            "isa:<schema.org/DigitalDocument>"
        ],
        "count": 69.0
    },
    {
        "pset": [
            "<schema.org/about>",
            "<schema.org/author>",
            "<schema.org/datePublished>",
            "<schema.org/genre>",
            "<schema.org/hasDigitalDocumentPermission>",
            "<schema.org/identifier>",
            "<schema.org/name>",
            "<schema.org/url>",
            "isa:<schema.org/DigitalDocument>"
        ],
        "count": 68.0
    },
    {
        "pset": [
            "<schema.org/commentCount>",
            "<schema.org/datePublished>",
            "<schema.org/description>",
            "<schema.org/headline>",
            "<schema.org/image>",
            "<schema.org/mainEntityOfPage>",
            "<schema.org/name>",
            "<schema.org/publisher>",
            "<schema.org/url>",
            "isa:<schema.org/DigitalDocument>"
        ],
        "count": 66.0
    },
    {
        "pset": [
            "<schema.org/description>",
            "<schema.org/image>",
            "<schema.org/name>",
            "isa:<schema.org/DigitalDocument>"
        ],
        "count": 60.0
    },
    {
        "pset": [
            "<schema.org/about>",
            "<schema.org/associatedMedia>",
            "<schema.org/author>",
            "<schema.org/dateModified>",
            "<schema.org/datePublished>",
            "<schema.org/description>",
            "<schema.org/encodingFormat>",
            "<schema.org/headline>",
            "<schema.org/isAccessibleForFree>",
            "<schema.org/mainEntityOfPage>",
            "<schema.org/name>",
            "isa:<schema.org/DigitalDocument>"
        ],
        "count": 59.0
    },
    {
        "pset": [
            "<schema.org/aggregateRating>",
            "<schema.org/author>",
            "<schema.org/commentCount>",
            "<schema.org/dateModified>",
            "<schema.org/datePublished>",
            "<schema.org/description>",
            "<schema.org/headline>",
            "<schema.org/image>",
            "<schema.org/mainEntityOfPage>",
            "<schema.org/name>",
            "<schema.org/publisher>",
            "<schema.org/url>",
            "isa:<schema.org/DigitalDocument>"
        ],
        "count": 51.0
    },
    {
        "pset": [
            "<schema.org/author>",
            "<schema.org/dateCreated>",
            "<schema.org/dateModified>",
            "<schema.org/datePublished>",
            "<schema.org/description>",
            "<schema.org/hasPart>",
            "<schema.org/headline>",
            "<schema.org/isAccessibleForFree>",
            "<schema.org/mainEntityOfPage>",
            "<schema.org/publisher>",
            "isa:<schema.org/DigitalDocument>"
        ],
        "count": 50.0
    },
    {
        "pset": [
            "<schema.org/author>",
            "<schema.org/hasDigitalDocumentPermission>",
            "<schema.org/image>",
            "<schema.org/name>",
            "isa:<schema.org/DigitalDocument>"
        ],
        "count": 44.0
    },
    {
        "pset": [
            "<schema.org/author>",
            "<schema.org/copyrightHolder>",
            "<schema.org/copyrightYear>",
            "<schema.org/creator>",
            "<schema.org/dateModified>",
            "<schema.org/datePublished>",
            "<schema.org/description>",
            "<schema.org/headline>",
            "<schema.org/image>",
            "<schema.org/inLanguage>",
            "<schema.org/mainEntityOfPage>",
            "<schema.org/name>",
            "<schema.org/publisher>",
            "<schema.org/url>",
            "isa:<schema.org/DigitalDocument>"
        ],
        "count": 41.0
    },
    {
        "pset": [
            "<schema.org/aggregateRating>",
            "<schema.org/author>",
            "<schema.org/commentCount>",
            "<schema.org/datePublished>",
            "<schema.org/description>",
            "<schema.org/headline>",
            "<schema.org/image>",
            "<schema.org/mainEntityOfPage>",
            "<schema.org/name>",
            "<schema.org/publisher>",
            "<schema.org/url>",
            "isa:<schema.org/DigitalDocument>"
        ],
        "count": 40.0
    },
    {
        "pset": [
            "<schema.org/description>",
            "<schema.org/hasDigitalDocumentPermission>",
            "<schema.org/name>",
            "<schema.org/url>",
            "isa:<schema.org/DigitalDocument>"
        ],
        "count": 37.0
    },
    {
        "pset": [
            "<schema.org/description>",
            "<schema.org/genre>",
            "<schema.org/headline>",
            "<schema.org/identifier>",
            "<schema.org/isPartOf>",
            "<schema.org/name>",
            "<schema.org/thumbnailURL>",
            "<schema.org/url>",
            "isa:<schema.org/DigitalDocument>"
        ],
        "count": 36.0
    },
    {
        "pset": [
            "<schema.org/genre>",
            "<schema.org/hasDigitalDocumentPermission>",
            "<schema.org/headline>",
            "<schema.org/inLanguage>",
            "<schema.org/name>",
            "isa:<schema.org/DigitalDocument>"
        ],
        "count": 34.0
    },
    {
        "pset": [
            "<schema.org/about>",
            "<schema.org/associatedMedia>",
            "<schema.org/author>",
            "<schema.org/dateModified>",
            "<schema.org/datePublished>",
            "<schema.org/description>",
            "<schema.org/encodingFormat>",
            "<schema.org/headline>",
            "<schema.org/isAccessibleForFree>",
            "<schema.org/license>",
            "<schema.org/mainEntityOfPage>",
            "<schema.org/name>",
            "isa:<schema.org/DigitalDocument>"
        ],
        "count": 32.0
    },
    {
        "pset": [
            "<schema.org/fileFormat>",
            "<schema.org/name>",
            "<schema.org/url>",
            "isa:<schema.org/DigitalDocument>"
        ],
        "count": 30.0
    },
    {
        "pset": [
            "<schema.org/about>",
            "<schema.org/author>",
            "<schema.org/datePublished>",
            "<schema.org/genre>",
            "<schema.org/hasDigitalDocumentPermission>",
            "<schema.org/identifier>",
            "<schema.org/inLanguage>",
            "<schema.org/name>",
            "<schema.org/url>",
            "isa:<schema.org/DigitalDocument>"
        ],
        "count": 29.0
    },
    {
        "pset": [
            "<schema.org/hasDigitalDocumentPermission>",
            "<schema.org/name>",
            "<schema.org/url>",
            "isa:<schema.org/DigitalDocument>"
        ],
        "count": 29.0
    },
    {
        "pset": [
            "<schema.org/author>",
            "<schema.org/description>",
            "<schema.org/image>",
            "<schema.org/name>",
            "<schema.org/url>",
            "isa:<schema.org/DigitalDocument>"
        ],
        "count": 28.0
    },
    {
        "pset": [
            "<schema.org/alternateName>",
            "<schema.org/keywords>",
            "<schema.org/name>",
            "<schema.org/publisher>",
            "<schema.org/url>",
            "isa:<schema.org/DigitalDocument>"
        ],
        "count": 28.0
    },
    {
        "pset": [
            "<schema.org/author>",
            "<schema.org/commentCount>",
            "<schema.org/datePublished>",
            "<schema.org/headline>",
            "<schema.org/image>",
            "<schema.org/mainEntityOfPage>",
            "<schema.org/name>",
            "<schema.org/publisher>",
            "<schema.org/url>",
            "isa:<schema.org/DigitalDocument>"
        ],
        "count": 26.0
    },
    {
        "pset": [
            "<schema.org/about>",
            "<schema.org/author>",
            "<schema.org/datePublished>",
            "<schema.org/description>",
            "<schema.org/genre>",
            "<schema.org/hasDigitalDocumentPermission>",
            "<schema.org/identifier>",
            "<schema.org/keywords>",
            "<schema.org/name>",
            "<schema.org/url>",
            "isa:<schema.org/DigitalDocument>"
        ],
        "count": 26.0
    },
    {
        "pset": [
            "<schema.org/about>",
            "<schema.org/author>",
            "<schema.org/datePublished>",
            "<schema.org/description>",
            "<schema.org/genre>",
            "<schema.org/hasDigitalDocumentPermission>",
            "<schema.org/identifier>",
            "<schema.org/inLanguage>",
            "<schema.org/keywords>",
            "<schema.org/name>",
            "<schema.org/url>",
            "<schema.org/version>",
            "isa:<schema.org/DigitalDocument>"
        ],
        "count": 26.0
    },
    {
        "pset": [
            "<schema.org/encodingFormat>",
            "<schema.org/position>",
            "<schema.org/url>",
            "isa:<schema.org/DigitalDocument>"
        ],
        "count": 25.0
    },
    {
        "pset": [
            "<schema.org/author>",
            "<schema.org/hasDigitalDocumentPermission>",
            "<schema.org/image>",
            "<schema.org/name>",
            "<schema.org/url>",
            "isa:<schema.org/DigitalDocument>"
        ],
        "count": 24.0
    },
    {
        "pset": [
            "<schema.org/author>",
            "<schema.org/dateModified>",
            "<schema.org/datePublished>",
            "<schema.org/interactivityType>",
            "<schema.org/isAccessibleForFree>",
            "<schema.org/isFamilyFriendly>",
            "<schema.org/keywords>",
            "<schema.org/name>",
            "<schema.org/publisher>",
            "<schema.org/thumbnailUrl>",
            "isa:<schema.org/DigitalDocument>"
        ],
        "count": 24.0
    },
    {
        "pset": [
            "<schema.org/creator>",
            "<schema.org/dateCreated>",
            "<schema.org/description>",
            "<schema.org/image>",
            "<schema.org/material>",
            "<schema.org/name>",
            "<schema.org/url>",
            "isa:<schema.org/DigitalDocument>"
        ],
        "count": 23.0
    },
    {
        "pset": [
            "<schema.org/about>",
            "<schema.org/author>",
            "<schema.org/datePublished>",
            "<schema.org/description>",
            "<schema.org/genre>",
            "<schema.org/hasDigitalDocumentPermission>",
            "<schema.org/identifier>",
            "<schema.org/name>",
            "<schema.org/url>",
            "isa:<schema.org/DigitalDocument>"
        ],
        "count": 23.0
    },
    {
        "pset": [
            "<schema.org/associatedMedia>",
            "<schema.org/author>",
            "<schema.org/dateModified>",
            "<schema.org/datePublished>",
            "<schema.org/description>",
            "<schema.org/encodingFormat>",
            "<schema.org/headline>",
            "<schema.org/isAccessibleForFree>",
            "<schema.org/license>",
            "<schema.org/mainEntityOfPage>",
            "<schema.org/name>",
            "isa:<schema.org/DigitalDocument>"
        ],
        "count": 23.0
    },
    {
        "pset": [
            "<schema.org/author>",
            "<schema.org/copyrightHolder>",
            "<schema.org/copyrightYear>",
            "<schema.org/dateCreated>",
            "<schema.org/dateModified>",
            "<schema.org/datePublished>",
            "<schema.org/description>",
            "<schema.org/headline>",
            "<schema.org/image>",
            "<schema.org/inLanguage>",
            "<schema.org/keywords>",
            "<schema.org/mainEntityOfPage>",
            "<schema.org/name>",
            "<schema.org/publisher>",
            "<schema.org/url>",
            "isa:<schema.org/DigitalDocument>"
        ],
        "count": 23.0
    },
    {
        "pset": [
            "<schema.org/name>",
            "<schema.org/thumbnailUrl>",
            "<schema.org/url>",
            "isa:<schema.org/DigitalDocument>"
        ],
        "count": 22.0
    },
    {
        "pset": [
            "<schema.org/author>",
            "<schema.org/description>",
            "<schema.org/image>",
            "<schema.org/mainEntityOfPage>",
            "<schema.org/name>",
            "<schema.org/url>",
            "isa:<schema.org/DigitalDocument>"
        ],
        "count": 21.0
    },
    {
        "pset": [
            "<schema.org/about>",
            "<schema.org/author>",
            "<schema.org/datePublished>",
            "<schema.org/description>",
            "<schema.org/genre>",
            "<schema.org/hasDigitalDocumentPermission>",
            "<schema.org/identifier>",
            "<schema.org/inLanguage>",
            "<schema.org/name>",
            "<schema.org/url>",
            "<schema.org/version>",
            "isa:<schema.org/DigitalDocument>"
        ],
        "count": 21.0
    },
    {
        "pset": [
            "<schema.org/about>",
            "<schema.org/author>",
            "<schema.org/dateModified>",
            "<schema.org/datePublished>",
            "<schema.org/description>",
            "<schema.org/image>",
            "<schema.org/inLanguage>",
            "<schema.org/mainEntityOfPage>",
            "<schema.org/name>",
            "<schema.org/publisher>",
            "<schema.org/url>",
            "isa:<schema.org/DigitalDocument>"
        ],
        "count": 17.0
    },
    {
        "pset": [
            "<schema.org/dateCreated>",
            "<schema.org/description>",
            "<schema.org/image>",
            "<schema.org/material>",
            "<schema.org/name>",
            "<schema.org/url>",
            "isa:<schema.org/DigitalDocument>"
        ],
        "count": 16.0
    },
    {
        "pset": [
            "<schema.org/copyrightHolder>",
            "<schema.org/copyrightYear>",
            "<schema.org/creator>",
            "<schema.org/datePublished>",
            "<schema.org/identifier>",
            "<schema.org/inLanguage>",
            "<schema.org/name>",
            "<schema.org/thumbnailUrl>",
            "<schema.org/url>",
            "isa:<schema.org/DigitalDocument>"
        ],
        "count": 16.0
    },
    {
        "pset": [
            "<schema.org/associatedMedia>",
            "<schema.org/author>",
            "<schema.org/dateModified>",
            "<schema.org/datePublished>",
            "<schema.org/encodingFormat>",
            "<schema.org/headline>",
            "<schema.org/isAccessibleForFree>",
            "<schema.org/mainEntityOfPage>",
            "<schema.org/name>",
            "isa:<schema.org/DigitalDocument>"
        ],
        "count": 15.0
    },
    {
        "pset": [
            "<schema.org/description>",
            "<schema.org/name>",
            "isa:<schema.org/DigitalDocument>"
        ],
        "count": 14.0
    },
    {
        "pset": [
            "<schema.org/associatedMedia>",
            "<schema.org/author>",
            "<schema.org/dateModified>",
            "<schema.org/datePublished>",
            "<schema.org/description>",
            "<schema.org/encodingFormat>",
            "<schema.org/headline>",
            "<schema.org/isAccessibleForFree>",
            "<schema.org/mainEntityOfPage>",
            "<schema.org/name>",
            "isa:<schema.org/DigitalDocument>"
        ],
        "count": 14.0
    },
    {
        "pset": [
            "<schema.org/abstract>",
            "<schema.org/contributor>",
            "<schema.org/creator>",
            "<schema.org/datePublished>",
            "<schema.org/name>",
            "<schema.org/sourceOrganization>",
            "<schema.org/thumbnailUrl>",
            "isa:<schema.org/DigitalDocument>"
        ],
        "count": 14.0
    },
    {
        "pset": [
            "<schema.org/author>",
            "<schema.org/copyrightHolder>",
            "<schema.org/dateModified>",
            "<schema.org/datePublished>",
            "<schema.org/hasDigitalDocumentPermission>",
            "<schema.org/headline>",
            "<schema.org/image>",
            "<schema.org/inLanguage>",
            "<schema.org/publisher>",
            "<schema.org/thumbnailUrl>",
            "<schema.org/url>",
            "isa:<schema.org/DigitalDocument>"
        ],
        "count": 14.0
    },
    {
        "pset": [
            "<schema.org/about>",
            "<schema.org/author>",
            "<schema.org/datePublished>",
            "<schema.org/description>",
            "<schema.org/genre>",
            "<schema.org/hasDigitalDocumentPermission>",
            "<schema.org/identifier>",
            "<schema.org/inLanguage>",
            "<schema.org/name>",
            "<schema.org/url>",
            "isa:<schema.org/DigitalDocument>"
        ],
        "count": 14.0
    },
    {
        "pset": [
            "<schema.org/author>",
            "<schema.org/commentCount>",
            "<schema.org/dateModified>",
            "<schema.org/datePublished>",
            "<schema.org/description>",
            "<schema.org/headline>",
            "<schema.org/image>",
            "<schema.org/mainEntityOfPage>",
            "<schema.org/name>",
            "<schema.org/publisher>",
            "<schema.org/url>",
            "isa:<schema.org/DigitalDocument>"
        ],
        "count": 13.0
    },
    {
        "pset": [
            "<schema.org/datePublished>",
            "<schema.org/educationalUse>",
            "<schema.org/inLanguage>",
            "<schema.org/keywords>",
            "<schema.org/learningResourceType>",
            "<schema.org/name>",
            "<schema.org/thumbnailUrl>",
            "isa:<schema.org/DigitalDocument>"
        ],
        "count": 12.0
    },
    {
        "pset": [
            "<schema.org/aggregateRating>",
            "<schema.org/commentCount>",
            "<schema.org/datePublished>",
            "<schema.org/description>",
            "<schema.org/headline>",
            "<schema.org/image>",
            "<schema.org/mainEntityOfPage>",
            "<schema.org/name>",
            "<schema.org/publisher>",
            "<schema.org/url>",
            "isa:<schema.org/DigitalDocument>"
        ],
        "count": 10.0
    },
    {
        "pset": [
            "<schema.org/creator>",
            "<schema.org/discussionUrl>",
            "<schema.org/name>",
            "<schema.org/url>",
            "isa:<schema.org/DigitalDocument>"
        ],
        "count": 10.0
    },
    {
        "pset": [
            "<schema.org/author>",
            "<schema.org/image>",
            "<schema.org/name>",
            "isa:<schema.org/DigitalDocument>"
        ],
        "count": 10.0
    },
    {
        "pset": [
            "<schema.org/name>",
            "<schema.org/sameAs>",
            "<schema.org/url>",
            "isa:<schema.org/DigitalDocument>"
        ],
        "count": 9.0
    },
    {
        "pset": [
            "<schema.org/about>",
            "<schema.org/author>",
            "<schema.org/dateModified>",
            "<schema.org/datePublished>",
            "<schema.org/description>",
            "<schema.org/image>",
            "<schema.org/inLanguage>",
            "<schema.org/mainEntityOfPage>",
            "<schema.org/name>",
            "<schema.org/publisher>",
            "<schema.org/url>",
            "<schema.org/workTranslation>",
            "isa:<schema.org/DigitalDocument>"
        ],
        "count": 9.0
    },
    {
        "pset": [
            "<schema.org/dateModified>",
            "<schema.org/datePublished>",
            "<schema.org/description>",
            "<schema.org/headline>",
            "<schema.org/image>",
            "<schema.org/name>",
            "<schema.org/publisher>",
            "<schema.org/url>",
            "isa:<schema.org/DigitalDocument>"
        ],
        "count": 8.0
    },
    {
        "pset": [
            "<schema.org/abstract>",
            "<schema.org/contributor>",
            "<schema.org/creator>",
            "<schema.org/datePublished>",
            "<schema.org/name>",
            "<schema.org/sourceOrganization>",
            "<schema.org/thumbnailUrl>",
            "<schema.org/url>",
            "isa:<schema.org/DigitalDocument>"
        ],
        "count": 8.0
    },
    {
        "pset": [
            "<schema.org/accessMode>",
            "<schema.org/creator>",
            "<schema.org/name>",
            "<schema.org/url>",
            "isa:<schema.org/DigitalDocument>"
        ],
        "count": 7.0
    },
    {
        "pset": [
            "<schema.org/encodingFormat>",
            "<schema.org/headline>",
            "<schema.org/url>",
            "isa:<schema.org/DigitalDocument>"
        ],
        "count": 7.0
    },
    {
        "pset": [
            "<schema.org/aggregateRating>",
            "<schema.org/author>",
            "<schema.org/commentCount>",
            "<schema.org/datePublished>",
            "<schema.org/headline>",
            "<schema.org/image>",
            "<schema.org/mainEntityOfPage>",
            "<schema.org/name>",
            "<schema.org/publisher>",
            "<schema.org/url>",
            "isa:<schema.org/DigitalDocument>"
        ],
        "count": 7.0
    },
    {
        "pset": [
            "<schema.org/creator>",
            "<schema.org/dateCreated>",
            "<schema.org/image>",
            "<schema.org/material>",
            "<schema.org/name>",
            "<schema.org/url>",
            "isa:<schema.org/DigitalDocument>"
        ],
        "count": 7.0
    },
    {
        "pset": [
            "<schema.org/creator>",
            "<schema.org/dateCreated>",
            "<schema.org/image>",
            "<schema.org/name>",
            "isa:<schema.org/DigitalDocument>"
        ],
        "count": 7.0
    },
    {
        "pset": [
            "<schema.org/description>",
            "<schema.org/fileFormat>",
            "<schema.org/name>",
            "<schema.org/url>",
            "isa:<schema.org/DigitalDocument>"
        ],
        "count": 6.0
    },
    {
        "pset": [
            "<schema.org/creator>",
            "<schema.org/image>",
            "<schema.org/name>",
            "isa:<schema.org/DigitalDocument>"
        ],
        "count": 6.0
    },
    {
        "pset": [
            "<schema.org/datePublished>",
            "<schema.org/description>",
            "<schema.org/inLanguage>",
            "<schema.org/name>",
            "<schema.org/url>",
            "isa:<schema.org/DigitalDocument>"
        ],
        "count": 6.0
    },
    {
        "pset": [
            "<schema.org/datePublished>",
            "<schema.org/description>",
            "<schema.org/identifier>",
            "<schema.org/inLanguage>",
            "<schema.org/name>",
            "<schema.org/url>",
            "isa:<schema.org/DigitalDocument>"
        ],
        "count": 6.0
    },
    {
        "pset": [
            "<schema.org/datePublished>",
            "<schema.org/description>",
            "<schema.org/discussionUrl>",
            "<schema.org/fileFormat>",
            "<schema.org/mainEntityOfPage>",
            "<schema.org/name>",
            "<schema.org/thumbnailUrl>",
            "isa:<schema.org/DigitalDocument>"
        ],
        "count": 5.0
    },
    {
        "pset": [
            "<schema.org/about>",
            "<schema.org/author>",
            "<schema.org/dateModified>",
            "<schema.org/datePublished>",
            "<schema.org/headline>",
            "<schema.org/image>",
            "<schema.org/inLanguage>",
            "<schema.org/name>",
            "<schema.org/publisher>",
            "<schema.org/thumbnailUrl>",
            "<schema.org/url>",
            "isa:<schema.org/DigitalDocument>"
        ],
        "count": 4.0
    },
    {
        "pset": [
            "<schema.org/associatedMedia>",
            "<schema.org/author>",
            "<schema.org/dateModified>",
            "<schema.org/datePublished>",
            "<schema.org/description>",
            "<schema.org/headline>",
            "<schema.org/isAccessibleForFree>",
            "<schema.org/license>",
            "<schema.org/name>",
            "isa:<schema.org/DigitalDocument>"
        ],
        "count": 4.0
    },
    {
        "pset": [
            "<schema.org/author>",
            "<schema.org/dateModified>",
            "<schema.org/datePublished>",
            "<schema.org/image>",
            "<schema.org/mainEntityOfPage>",
            "<schema.org/name>",
            "<schema.org/publisher>",
            "isa:<schema.org/DigitalDocument>"
        ],
        "count": 4.0
    },
    {
        "pset": [
            "<schema.org/about>",
            "<schema.org/abstract>",
            "<schema.org/url>",
            "isa:<schema.org/DigitalDocument>"
        ],
        "count": 4.0
    },
    {
        "pset": [
            "<schema.org/author>",
            "<schema.org/description>",
            "<schema.org/image>",
            "<schema.org/mainEntityOfPage>",
            "<schema.org/name>",
            "isa:<schema.org/DigitalDocument>"
        ],
        "count": 4.0
    },
    {
        "pset": [
            "<schema.org/author>",
            "<schema.org/contentRating>",
            "<schema.org/description>",
            "<schema.org/image>",
            "<schema.org/name>",
            "<schema.org/potentialAction>",
            "isa:<schema.org/DigitalDocument>"
        ],
        "count": 3.0
    },
    {
        "pset": [
            "<schema.org/description>",
            "<schema.org/image>",
            "<schema.org/name>",
            "<schema.org/potentialAction>",
            "<schema.org/url>",
            "isa:<schema.org/DigitalDocument>"
        ],
        "count": 3.0
    },
    {
        "pset": [
            "<schema.org/about>",
            "<schema.org/associatedMedia>",
            "<schema.org/author>",
            "<schema.org/dateModified>",
            "<schema.org/datePublished>",
            "<schema.org/description>",
            "<schema.org/headline>",
            "<schema.org/isAccessibleForFree>",
            "<schema.org/license>",
            "<schema.org/name>",
            "isa:<schema.org/DigitalDocument>"
        ],
        "count": 3.0
    },
    {
        "pset": [
            "<schema.org/dateModified>",
            "<schema.org/datePublished>",
            "<schema.org/hasPart>",
            "<schema.org/headline>",
            "<schema.org/image>",
            "<schema.org/isAccessibleForFree>",
            "isa:<schema.org/DigitalDocument>"
        ],
        "count": 3.0
    },
    {
        "pset": [
            "<schema.org/creator>",
            "<schema.org/dateCreated>",
            "<schema.org/description>",
            "<schema.org/material>",
            "<schema.org/name>",
            "<schema.org/url>",
            "isa:<schema.org/DigitalDocument>"
        ],
        "count": 2.0
    },
    {
        "pset": [
            "<schema.org/description>",
            "<schema.org/hasDigitalDocumentPermission>",
            "<schema.org/name>",
            "<schema.org/object>",
            "<schema.org/url>",
            "isa:<schema.org/DigitalDocument>"
        ],
        "count": 2.0
    },
    {
        "pset": [
            "<schema.org/author>",
            "<schema.org/description>",
            "<schema.org/image>",
            "<schema.org/mainEntityOfPage>",
            "<schema.org/name>",
            "<schema.org/publisher>",
            "<schema.org/url>",
            "isa:<schema.org/DigitalDocument>"
        ],
        "count": 2.0
    },
    {
        "pset": [
            "<schema.org/fileFormat>",
            "<schema.org/url>",
            "isa:<schema.org/DigitalDocument>"
        ],
        "count": 2.0
    },
    {
        "pset": [
            "<schema.org/author>",
            "<schema.org/dateModified>",
            "<schema.org/datePublished>",
            "<schema.org/description>",
            "<schema.org/headline>",
            "<schema.org/mainEntityOfPage>",
            "<schema.org/publisher>",
            "isa:<schema.org/DigitalDocument>"
        ],
        "count": 2.0
    },
    {
        "pset": [
            "<schema.org/about>",
            "<schema.org/author>",
            "<schema.org/dateModified>",
            "<schema.org/description>",
            "<schema.org/headline>",
            "<schema.org/isAccessibleForFree>",
            "<schema.org/name>",
            "isa:<schema.org/DigitalDocument>"
        ],
        "count": 2.0
    },
    {
        "pset": [
            "<schema.org/dateCreated>",
            "<schema.org/image>",
            "<schema.org/material>",
            "<schema.org/name>",
            "<schema.org/url>",
            "isa:<schema.org/DigitalDocument>"
        ],
        "count": 2.0
    },
    {
        "pset": [
            "<schema.org/dateCreated>",
            "<schema.org/description>",
            "<schema.org/material>",
            "<schema.org/name>",
            "<schema.org/url>",
            "isa:<schema.org/DigitalDocument>"
        ],
        "count": 2.0
    },
    {
        "pset": [
            "<schema.org/additionalType>",
            "<schema.org/fileFormat>",
            "<schema.org/name>",
            "<schema.org/url>",
            "isa:<schema.org/DigitalDocument>"
        ],
        "count": 1.0
    },
    {
        "pset": [
            "<schema.org/author>",
            "<schema.org/mainEntityOfPage>",
            "<schema.org/name>",
            "isa:<schema.org/DigitalDocument>"
        ],
        "count": 1.0
    },
    {
        "pset": [
            "<schema.org/about>",
            "<schema.org/associatedMedia>",
            "<schema.org/author>",
            "<schema.org/dateModified>",
            "<schema.org/description>",
            "<schema.org/encodingFormat>",
            "<schema.org/headline>",
            "<schema.org/isAccessibleForFree>",
            "<schema.org/mainEntityOfPage>",
            "<schema.org/name>",
            "isa:<schema.org/DigitalDocument>"
        ],
        "count": 1.0
    },
    {
        "pset": [
            "<schema.org/creator>",
            "<schema.org/dateCreated>",
            "<schema.org/material>",
            "<schema.org/name>",
            "<schema.org/url>",
            "isa:<schema.org/DigitalDocument>"
        ],
        "count": 1.0
    },
    {
        "pset": [
            "<schema.org/author>",
            "<schema.org/dateModified>",
            "<schema.org/datePublished>",
            "<schema.org/description>",
            "<schema.org/name>",
            "<schema.org/publisher>",
            "isa:<schema.org/DigitalDocument>"
        ],
        "count": 1.0
    },
    {
        "pset": [
            "<schema.org/description>",
            "<schema.org/image>",
            "<schema.org/material>",
            "<schema.org/name>",
            "<schema.org/url>",
            "isa:<schema.org/DigitalDocument>"
        ],
        "count": 1.0
    },
    {
        "pset": [
            "<schema.org/accessMode>",
            "<schema.org/description>",
            "<schema.org/encodingFormat>",
            "<schema.org/hasDigitalDocumentPermission>",
            "<schema.org/headline>",
            "<schema.org/inLanguage>",
            "<schema.org/isPartOf>",
            "<schema.org/mainEntityOfPage>",
            "<schema.org/name>",
            "<schema.org/url>",
            "isa:<schema.org/DigitalDocument>"
        ],
        "count": 1.0
    },
    {
        "pset": [
            "<schema.org/author>",
            "<schema.org/description>",
            "<schema.org/image>",
            "<schema.org/mainEntityOfPage>",
            "<schema.org/name>",
            "<schema.org/publisher>",
            "isa:<schema.org/DigitalDocument>"
        ],
        "count": 1.0
    },
    {
        "pset": [
            "<schema.org/author>",
            "<schema.org/description>",
            "<schema.org/mainEntityOfPage>",
            "<schema.org/name>",
            "<schema.org/url>",
            "isa:<schema.org/DigitalDocument>"
        ],
        "count": 1.0
    },
    {
        "pset": [
            "<schema.org/author>",
            "<schema.org/hasDigitalDocumentPermission>",
            "<schema.org/name>",
            "isa:<schema.org/DigitalDocument>"
        ],
        "count": 1.0
    },
    {
        "pset": [
            "<schema.org/abstract>",
            "<schema.org/contributor>",
            "<schema.org/creator>",
            "<schema.org/datePublished>",
            "<schema.org/name>",
            "<schema.org/sourceOrganization>",
            "<schema.org/url>",
            "isa:<schema.org/DigitalDocument>"
        ],
        "count": 1.0
    },
    {
        "pset": [
            "<schema.org/author>",
            "<schema.org/image>",
            "<schema.org/name>",
            "<schema.org/url>",
            "isa:<schema.org/DigitalDocument>"
        ],
        "count": 1.0
    },
    {
        "pset": [
            "<schema.org/keywords>",
            "<schema.org/name>",
            "<schema.org/publisher>",
            "<schema.org/url>",
            "isa:<schema.org/DigitalDocument>"
        ],
        "count": 1.0
    },
    {
        "pset": [
            "<schema.org/accessMode>",
            "<schema.org/description>",
            "<schema.org/encodingFormat>",
            "<schema.org/hasDigitalDocumentPermission>",
            "<schema.org/headline>",
            "<schema.org/inLanguage>",
            "<schema.org/mainEntityOfPage>",
            "<schema.org/name>",
            "<schema.org/subjectOf>",
            "<schema.org/url>",
            "isa:<schema.org/DigitalDocument>"
        ],
        "count": 1.0
    },
    {
        "pset": [
            "<schema.org/dateModified>",
            "<schema.org/datePublished>",
            "<schema.org/headline>",
            "<schema.org/isAccessibleForFree>",
            "isa:<schema.org/DigitalDocument>"
        ],
        "count": 1.0
    },
    {
        "pset": [
            "<schema.org/description>",
            "<schema.org/fileFormat>",
            "<schema.org/url>",
            "isa:<schema.org/DigitalDocument>"
        ],
        "count": 1.0
    },
    {
        "pset": [
            "<schema.org/creator>",
            "<schema.org/dateCreated>",
            "<schema.org/description>",
            "<schema.org/image>",
            "<schema.org/name>",
            "isa:<schema.org/DigitalDocument>"
        ],
        "count": 1.0
    },
    {
        "pset": [
            "<schema.org/alternateName>",
            "<schema.org/description>",
            "<schema.org/fileFormat>",
            "<schema.org/name>",
            "<schema.org/text>",
            "isa:<schema.org/DigitalDocument>"
        ],
        "count": 1.0
    }
]