[
    {
        "pset": [
            "<schema.org/address>",
            "<schema.org/name>",
            "isa:<schema.org/Distillery>"
        ],
        "count": 109.0
    },
    {
        "pset": [
            "<schema.org/acceptsReservations>",
            "<schema.org/address>",
            "<schema.org/image>",
            "<schema.org/menu>",
            "<schema.org/name>",
            "<schema.org/sameAs>",
            "<schema.org/servesCuisine>",
            "<schema.org/telephone>",
            "<schema.org/url>",
            "isa:<schema.org/Distillery>"
        ],
        "count": 83.0
    },
    {
        "pset": [
            "<schema.org/acceptsReservations>",
            "<schema.org/address>",
            "<schema.org/aggregateRating>",
            "<schema.org/name>",
            "isa:<schema.org/Distillery>"
        ],
        "count": 75.0
    },
    {
        "pset": [
            "<schema.org/address>",
            "<schema.org/description>",
            "<schema.org/geo>",
            "<schema.org/image>",
            "<schema.org/name>",
            "<schema.org/telephone>",
            "<schema.org/url>",
            "isa:<schema.org/Distillery>"
        ],
        "count": 74.0
    },
    {
        "pset": [
            "<schema.org/address>",
            "<schema.org/aggregateRating>",
            "<schema.org/brand>",
            "<schema.org/description>",
            "<schema.org/geo>",
            "<schema.org/name>",
            "<schema.org/priceRange>",
            "<schema.org/servesCuisine>",
            "<schema.org/telephone>",
            "<schema.org/url>",
            "isa:<schema.org/Distillery>"
        ],
        "count": 70.0
    },
    {
        "pset": [
            "<schema.org/address>",
            "<schema.org/aggregateRating>",
            "<schema.org/brand>",
            "<schema.org/description>",
            "<schema.org/geo>",
            "<schema.org/image>",
            "<schema.org/name>",
            "<schema.org/priceRange>",
            "<schema.org/servesCuisine>",
            "<schema.org/telephone>",
            "<schema.org/url>",
            "isa:<schema.org/Distillery>"
        ],
        "count": 60.0
    },
    {
        "pset": [
            "<schema.org/address>",
            "<schema.org/image>",
            "<schema.org/name>",
            "<schema.org/priceRange>",
            "<schema.org/servesCuisine>",
            "<schema.org/telephone>",
            "<schema.org/url>",
            "isa:<schema.org/Distillery>"
        ],
        "count": 40.0
    },
    {
        "pset": [
            "<schema.org/address>",
            "<schema.org/aggregateRating>",
            "<schema.org/brand>",
            "<schema.org/description>",
            "<schema.org/geo>",
            "<schema.org/name>",
            "<schema.org/priceRange>",
            "<schema.org/servesCuisine>",
            "<schema.org/url>",
            "isa:<schema.org/Distillery>"
        ],
        "count": 38.0
    },
    {
        "pset": [
            "<schema.org/address>",
            "<schema.org/currenciesAccepted>",
            "<schema.org/description>",
            "<schema.org/geo>",
            "<schema.org/hasMap>",
            "<schema.org/image>",
            "<schema.org/logo>",
            "<schema.org/name>",
            "<schema.org/paymentAccepted>",
            "<schema.org/priceRange>",
            "<schema.org/sameAs>",
            "<schema.org/servesCuisine>",
            "<schema.org/telephone>",
            "<schema.org/url>",
            "isa:<schema.org/Distillery>"
        ],
        "count": 20.0
    },
    {
        "pset": [
            "<schema.org/acceptsReservations>",
            "<schema.org/address>",
            "<schema.org/name>",
            "isa:<schema.org/Distillery>"
        ],
        "count": 10.0
    },
    {
        "pset": [
            "<schema.org/additionalType>",
            "<schema.org/address>",
            "<schema.org/description>",
            "<schema.org/image>",
            "<schema.org/interactionCount>",
            "<schema.org/location>",
            "<schema.org/mainEntityOfPage>",
            "<schema.org/name>",
            "<schema.org/telephone>",
            "<schema.org/url>",
            "isa:<schema.org/Distillery>"
        ],
        "count": 8.0
    },
    {
        "pset": [
            "<schema.org/additionalType>",
            "<schema.org/address>",
            "<schema.org/description>",
            "<schema.org/image>",
            "<schema.org/interactionCount>",
            "<schema.org/location>",
            "<schema.org/mainEntityOfPage>",
            "<schema.org/name>",
            "<schema.org/priceRange>",
            "<schema.org/telephone>",
            "<schema.org/url>",
            "isa:<schema.org/Distillery>"
        ],
        "count": 8.0
    },
    {
        "pset": [
            "<schema.org/description>",
            "<schema.org/eventStatus>",
            "<schema.org/identifier>",
            "<schema.org/image>",
            "<schema.org/location>",
            "<schema.org/name>",
            "<schema.org/url>",
            "isa:<schema.org/Distillery>"
        ],
        "count": 7.0
    },
    {
        "pset": [
            "<schema.org/address>",
            "<schema.org/description>",
            "<schema.org/geo>",
            "<schema.org/image>",
            "<schema.org/logo>",
            "<schema.org/name>",
            "<schema.org/telephone>",
            "<schema.org/url>",
            "isa:<schema.org/Distillery>"
        ],
        "count": 7.0
    },
    {
        "pset": [
            "<schema.org/additionalType>",
            "<schema.org/address>",
            "<schema.org/description>",
            "<schema.org/image>",
            "<schema.org/interactionCount>",
            "<schema.org/location>",
            "<schema.org/name>",
            "<schema.org/priceRange>",
            "<schema.org/telephone>",
            "<schema.org/url>",
            "isa:<schema.org/Distillery>",
            "isa:<schema.org/WebPage>"
        ],
        "count": 7.0
    },
    {
        "pset": [
            "<schema.org/address>",
            "<schema.org/description>",
            "<schema.org/geo>",
            "<schema.org/image>",
            "<schema.org/name>",
            "<schema.org/review>",
            "<schema.org/sameAs>",
            "<schema.org/telephone>",
            "<schema.org/url>",
            "isa:<schema.org/Distillery>"
        ],
        "count": 7.0
    },
    {
        "pset": [
            "<schema.org/additionalType>",
            "<schema.org/address>",
            "<schema.org/description>",
            "<schema.org/image>",
            "<schema.org/interactionCount>",
            "<schema.org/location>",
            "<schema.org/name>",
            "<schema.org/telephone>",
            "<schema.org/url>",
            "isa:<schema.org/Distillery>"
        ],
        "count": 7.0
    },
    {
        "pset": [
            "<schema.org/address>",
            "<schema.org/description>",
            "<schema.org/geo>",
            "<schema.org/image>",
            "<schema.org/name>",
            "<schema.org/url>",
            "isa:<schema.org/Distillery>"
        ],
        "count": 6.0
    },
    {
        "pset": [
            "<schema.org/address>",
            "<schema.org/aggregateRating>",
            "<schema.org/brand>",
            "<schema.org/description>",
            "<schema.org/geo>",
            "<schema.org/image>",
            "<schema.org/name>",
            "<schema.org/priceRange>",
            "<schema.org/servesCuisine>",
            "<schema.org/url>",
            "isa:<schema.org/Distillery>"
        ],
        "count": 6.0
    },
    {
        "pset": [
            "<schema.org/address>",
            "<schema.org/description>",
            "<schema.org/email>",
            "<schema.org/faxNumber>",
            "<schema.org/image>",
            "<schema.org/name>",
            "<schema.org/servesCuisine>",
            "<schema.org/telephone>",
            "isa:<schema.org/Distillery>"
        ],
        "count": 6.0
    },
    {
        "pset": [
            "<schema.org/address>",
            "<schema.org/description>",
            "<schema.org/email>",
            "<schema.org/faxNumber>",
            "<schema.org/image>",
            "<schema.org/name>",
            "<schema.org/openingHours>",
            "<schema.org/servesCuisine>",
            "<schema.org/telephone>",
            "isa:<schema.org/Distillery>"
        ],
        "count": 6.0
    },
    {
        "pset": [
            "<schema.org/acceptsReservations>",
            "<schema.org/address>",
            "<schema.org/geo>",
            "<schema.org/image>",
            "<schema.org/name>",
            "<schema.org/priceRange>",
            "<schema.org/sameAs>",
            "<schema.org/servesCuisine>",
            "<schema.org/url>",
            "isa:<schema.org/Distillery>"
        ],
        "count": 3.0
    },
    {
        "pset": [
            "<schema.org/additionalType>",
            "<schema.org/address>",
            "<schema.org/description>",
            "<schema.org/image>",
            "<schema.org/interactionCount>",
            "<schema.org/location>",
            "<schema.org/name>",
            "<schema.org/priceRange>",
            "<schema.org/telephone>",
            "<schema.org/url>",
            "isa:<schema.org/Distillery>"
        ],
        "count": 3.0
    },
    {
        "pset": [
            "<schema.org/aggregateRating>",
            "<schema.org/brand>",
            "<schema.org/description>",
            "<schema.org/name>",
            "<schema.org/priceRange>",
            "<schema.org/servesCuisine>",
            "<schema.org/url>",
            "isa:<schema.org/Distillery>"
        ],
        "count": 2.0
    },
    {
        "pset": [
            "<schema.org/address>",
            "<schema.org/image>",
            "<schema.org/name>",
            "<schema.org/telephone>",
            "isa:<schema.org/Distillery>"
        ],
        "count": 2.0
    },
    {
        "pset": [
            "<schema.org/address>",
            "<schema.org/description>",
            "<schema.org/email>",
            "<schema.org/image>",
            "<schema.org/name>",
            "<schema.org/openingHours>",
            "<schema.org/servesCuisine>",
            "<schema.org/telephone>",
            "isa:<schema.org/Distillery>"
        ],
        "count": 2.0
    },
    {
        "pset": [
            "<schema.org/address>",
            "<schema.org/description>",
            "<schema.org/geo>",
            "<schema.org/image>",
            "<schema.org/name>",
            "<schema.org/review>",
            "<schema.org/sameAs>",
            "<schema.org/url>",
            "isa:<schema.org/Distillery>"
        ],
        "count": 2.0
    },
    {
        "pset": [
            "<schema.org/additionalType>",
            "<schema.org/address>",
            "<schema.org/description>",
            "<schema.org/image>",
            "<schema.org/interactionCount>",
            "<schema.org/location>",
            "<schema.org/name>",
            "<schema.org/telephone>",
            "<schema.org/url>",
            "isa:<schema.org/Distillery>",
            "isa:<schema.org/WebPage>"
        ],
        "count": 2.0
    },
    {
        "pset": [
            "<schema.org/logo>",
            "<schema.org/name>",
            "<schema.org/openingHours>",
            "<schema.org/url>",
            "isa:<schema.org/Distillery>",
            "isa:<schema.org/Organization>"
        ],
        "count": 2.0
    },
    {
        "pset": [
            "<schema.org/address>",
            "<schema.org/description>",
            "<schema.org/geo>",
            "<schema.org/image>",
            "<schema.org/logo>",
            "<schema.org/name>",
            "<schema.org/url>",
            "isa:<schema.org/Distillery>"
        ],
        "count": 2.0
    },
    {
        "pset": [
            "<schema.org/address>",
            "<schema.org/geo>",
            "<schema.org/image>",
            "<schema.org/name>",
            "<schema.org/priceRange>",
            "<schema.org/review>",
            "<schema.org/sameAs>",
            "<schema.org/telephone>",
            "isa:<schema.org/Distillery>"
        ],
        "count": 2.0
    },
    {
        "pset": [
            "<schema.org/address>",
            "<schema.org/description>",
            "<schema.org/email>",
            "<schema.org/image>",
            "<schema.org/name>",
            "<schema.org/servesCuisine>",
            "<schema.org/telephone>",
            "isa:<schema.org/Distillery>"
        ],
        "count": 2.0
    },
    {
        "pset": [
            "<schema.org/address>",
            "<schema.org/description>",
            "<schema.org/email>",
            "<schema.org/faxNumber>",
            "<schema.org/image>",
            "<schema.org/name>",
            "<schema.org/openingHours>",
            "<schema.org/paymentAccepted>",
            "<schema.org/servesCuisine>",
            "<schema.org/telephone>",
            "isa:<schema.org/Distillery>"
        ],
        "count": 1.0
    },
    {
        "pset": [
            "<schema.org/acceptsReservations>",
            "<schema.org/address>",
            "<schema.org/brand>",
            "<schema.org/geo>",
            "<schema.org/image>",
            "<schema.org/logo>",
            "<schema.org/memberOf>",
            "<schema.org/menu>",
            "<schema.org/name>",
            "<schema.org/openingHoursSpecification>",
            "<schema.org/sameAs>",
            "<schema.org/servesCuisine>",
            "<schema.org/telephone>",
            "<schema.org/url>",
            "isa:<schema.org/Distillery>"
        ],
        "count": 1.0
    },
    {
        "pset": [
            "<schema.org/address>",
            "<schema.org/description>",
            "<schema.org/image>",
            "<schema.org/name>",
            "<schema.org/telephone>",
            "<schema.org/url>",
            "isa:<schema.org/Distillery>"
        ],
        "count": 1.0
    },
    {
        "pset": [
            "<schema.org/additionalType>",
            "<schema.org/address>",
            "<schema.org/description>",
            "<schema.org/image>",
            "<schema.org/interactionCount>",
            "<schema.org/location>",
            "<schema.org/mainEntityOfPage>",
            "<schema.org/name>",
            "<schema.org/url>",
            "isa:<schema.org/Distillery>"
        ],
        "count": 1.0
    },
    {
        "pset": [
            "<schema.org/acceptsReservations>",
            "<schema.org/address>",
            "<schema.org/aggregateRating>",
            "<schema.org/name>",
            "<schema.org/review>",
            "isa:<schema.org/Distillery>"
        ],
        "count": 1.0
    },
    {
        "pset": [
            "<schema.org/acceptsReservations>",
            "<schema.org/address>",
            "<schema.org/description>",
            "<schema.org/image>",
            "<schema.org/logo>",
            "<schema.org/name>",
            "<schema.org/sameas>",
            "<schema.org/telephone>",
            "<schema.org/url>",
            "isa:<schema.org/Distillery>"
        ],
        "count": 1.0
    },
    {
        "pset": [
            "<schema.org/address>",
            "<schema.org/description>",
            "<schema.org/image>",
            "<schema.org/name>",
            "<schema.org/servesCuisine>",
            "isa:<schema.org/Distillery>"
        ],
        "count": 1.0
    },
    {
        "pset": [
            "<schema.org/address>",
            "<schema.org/email>",
            "<schema.org/image>",
            "<schema.org/location>",
            "<schema.org/logo>",
            "<schema.org/name>",
            "<schema.org/sameAs>",
            "<schema.org/telephone>",
            "<schema.org/url>",
            "isa:<schema.org/Distillery>",
            "isa:<schema.org/Organization>",
            "isa:<schema.org/Place>"
        ],
        "count": 1.0
    },
    {
        "pset": [
            "<schema.org/address>",
            "<schema.org/description>",
            "<schema.org/email>",
            "<schema.org/image>",
            "<schema.org/name>",
            "<schema.org/openingHours>",
            "<schema.org/servesCuisine>",
            "isa:<schema.org/Distillery>"
        ],
        "count": 1.0
    },
    {
        "pset": [
            "<schema.org/address>",
            "<schema.org/geo>",
            "<schema.org/image>",
            "<schema.org/name>",
            "<schema.org/openingHoursSpecification>",
            "<schema.org/priceRange>",
            "<schema.org/servesCuisine>",
            "<schema.org/telephone>",
            "isa:<schema.org/Distillery>"
        ],
        "count": 1.0
    },
    {
        "pset": [
            "<schema.org/additionalType>",
            "<schema.org/address>",
            "<schema.org/description>",
            "<schema.org/image>",
            "<schema.org/interactionCount>",
            "<schema.org/location>",
            "<schema.org/mainEntityOfPage>",
            "<schema.org/name>",
            "<schema.org/priceRange>",
            "<schema.org/review>",
            "<schema.org/telephone>",
            "<schema.org/url>",
            "isa:<schema.org/Distillery>"
        ],
        "count": 1.0
    },
    {
        "pset": [
            "<schema.org/name>",
            "<schema.org/openingHours>",
            "<schema.org/url>",
            "isa:<schema.org/Distillery>",
            "isa:<schema.org/Organization>"
        ],
        "count": 1.0
    },
    {
        "pset": [
            "<schema.org/acceptsReservations>",
            "<schema.org/address>",
            "<schema.org/aggregateRating>",
            "<schema.org/currenciesAccepted>",
            "<schema.org/geo>",
            "<schema.org/image>",
            "<schema.org/name>",
            "<schema.org/openingHoursSpecification>",
            "<schema.org/paymentAccepted>",
            "<schema.org/priceRange>",
            "<schema.org/review>",
            "<schema.org/url>",
            "isa:<schema.org/Distillery>",
            "isa:<schema.org/WholesaleStore>"
        ],
        "count": 1.0
    },
    {
        "pset": [
            "<schema.org/aggregateRating>",
            "<schema.org/brand>",
            "<schema.org/description>",
            "<schema.org/image>",
            "<schema.org/name>",
            "<schema.org/priceRange>",
            "<schema.org/servesCuisine>",
            "<schema.org/url>",
            "isa:<schema.org/Distillery>"
        ],
        "count": 1.0
    },
    {
        "pset": [
            "<schema.org/acceptsReservations>",
            "<schema.org/address>",
            "<schema.org/geo>",
            "<schema.org/image>",
            "<schema.org/menu>",
            "<schema.org/name>",
            "<schema.org/openingHoursSpecification>",
            "<schema.org/priceRange>",
            "<schema.org/servesCuisine>",
            "<schema.org/telephone>",
            "<schema.org/url>",
            "isa:<schema.org/Distillery>"
        ],
        "count": 1.0
    },
    {
        "pset": [
            "<schema.org/address>",
            "<schema.org/contactPoint>",
            "<schema.org/description>",
            "<schema.org/email>",
            "<schema.org/image>",
            "<schema.org/logo>",
            "<schema.org/name>",
            "<schema.org/priceRange>",
            "<schema.org/telephone>",
            "<schema.org/url>",
            "isa:<schema.org/Distillery>"
        ],
        "count": 1.0
    },
    {
        "pset": [
            "<schema.org/acceptsReservations>",
            "<schema.org/address>",
            "<schema.org/geo>",
            "<schema.org/image>",
            "<schema.org/menu>",
            "<schema.org/name>",
            "<schema.org/openingHoursSpecification>",
            "<schema.org/priceRange>",
            "<schema.org/sameAs>",
            "<schema.org/servesCuisine>",
            "<schema.org/telephone>",
            "<schema.org/url>",
            "isa:<schema.org/Distillery>"
        ],
        "count": 1.0
    },
    {
        "pset": [
            "<schema.org/address>",
            "<schema.org/image>",
            "<schema.org/name>",
            "<schema.org/telephone>",
            "<schema.org/url>",
            "isa:<schema.org/Brewery>",
            "isa:<schema.org/Distillery>"
        ],
        "count": 1.0
    },
    {
        "pset": [
            "<schema.org/address>",
            "<schema.org/contactPoint>",
            "<schema.org/location>",
            "<schema.org/logo>",
            "<schema.org/name>",
            "<schema.org/openingHours>",
            "<schema.org/priceRange>",
            "<schema.org/url>",
            "isa:<schema.org/Distillery>",
            "isa:<schema.org/Organization>"
        ],
        "count": 1.0
    },
    {
        "pset": [
            "<schema.org/acceptsReservations>",
            "<schema.org/address>",
            "<schema.org/image>",
            "<schema.org/menu>",
            "<schema.org/name>",
            "<schema.org/sameAs>",
            "<schema.org/servesCuisine>",
            "<schema.org/telephone>",
            "<schema.org/url>",
            "isa:<schema.org/Distillery>",
            "isa:<schema.org/WebPage>"
        ],
        "count": 1.0
    },
    {
        "pset": [
            "<schema.org/acceptsReservations>",
            "<schema.org/address>",
            "<schema.org/currenciesAccepted>",
            "<schema.org/image>",
            "<schema.org/logo>",
            "<schema.org/menu>",
            "<schema.org/name>",
            "<schema.org/openingHoursSpecification>",
            "<schema.org/paymentAccepted>",
            "<schema.org/priceRange>",
            "<schema.org/telephone>",
            "<schema.org/url>",
            "isa:<schema.org/Distillery>"
        ],
        "count": 1.0
    }
]