[
    {
        "pset": [
            "<schema.org/name>",
            "<schema.org/url>",
            "isa:<schema.org/DrugClass>"
        ],
        "count": 25427.0
    },
    {
        "pset": [
            "<schema.org/code>",
            "<schema.org/name>",
            "isa:<schema.org/DrugClass>"
        ],
        "count": 6387.0
    },
    {
        "pset": [
            "<schema.org/name>",
            "isa:<schema.org/DrugClass>"
        ],
        "count": 6304.0
    },
    {
        "pset": [
            "<schema.org/code>",
            "<schema.org/mainEntityOfPage>",
            "<schema.org/name>",
            "isa:<schema.org/DrugClass>"
        ],
        "count": 361.0
    },
    {
        "pset": [
            "<schema.org/code>",
            "<schema.org/drug>",
            "<schema.org/mainEntityOfPage>",
            "<schema.org/name>",
            "<schema.org/url>",
            "isa:<schema.org/DrugClass>"
        ],
        "count": 162.0
    },
    {
        "pset": [
            "<schema.org/drug>",
            "isa:<schema.org/DrugClass>"
        ],
        "count": 127.0
    },
    {
        "pset": [
            "<schema.org/name>",
            "<schema.org/sameAs>",
            "isa:<schema.org/DrugClass>"
        ],
        "count": 48.0
    },
    {
        "pset": [
            "<schema.org/potentialAction>",
            "isa:<schema.org/DrugClass>"
        ],
        "count": 8.0
    },
    {
        "pset": [
            "<schema.org/description>",
            "isa:<schema.org/DrugClass>"
        ],
        "count": 4.0
    },
    {
        "pset": [
            "<schema.org/audience>",
            "<schema.org/description>",
            "<schema.org/drug>",
            "<schema.org/headline>",
            "<schema.org/url>",
            "<schema.org/video>",
            "isa:<schema.org/Drug>",
            "isa:<schema.org/DrugClass>",
            "isa:<schema.org/MedicalEntity>",
            "isa:<schema.org/MedicalTrial>",
            "isa:<schema.org/MedicalWebPage>",
            "isa:<schema.org/Organization>"
        ],
        "count": 3.0
    },
    {
        "pset": [
            "<schema.org/alternateName>",
            "<schema.org/name>",
            "<schema.org/sameAs>",
            "isa:<schema.org/DrugClass>"
        ],
        "count": 2.0
    },
    {
        "pset": [
            "<schema.org/audience>",
            "<schema.org/drug>",
            "<schema.org/url>",
            "isa:<schema.org/Drug>",
            "isa:<schema.org/DrugClass>",
            "isa:<schema.org/MedicalEntity>",
            "isa:<schema.org/MedicalTrial>",
            "isa:<schema.org/MedicalWebPage>",
            "isa:<schema.org/Organization>"
        ],
        "count": 1.0
    },
    {
        "pset": [
            "<schema.org/associatedAnatomy>",
            "<schema.org/diagnosis>",
            "<schema.org/drug>",
            "<schema.org/headline>",
            "<schema.org/image>",
            "<schema.org/mainContentOfPage>",
            "<schema.org/medicalAudience>",
            "<schema.org/relevantSpecialty>",
            "<schema.org/url>",
            "isa:<schema.org/Drug>",
            "isa:<schema.org/DrugClass>",
            "isa:<schema.org/MedicalCondition>",
            "isa:<schema.org/MedicalEntity>",
            "isa:<schema.org/MedicalTrial>",
            "isa:<schema.org/MedicalWebPage>",
            "isa:<schema.org/Organization>",
            "isa:<schema.org/Patient>",
            "isa:<schema.org/Thing>",
            "isa:<schema.org/WebPage>"
        ],
        "count": 1.0
    },
    {
        "pset": [
            "<schema.org/audience>",
            "<schema.org/description>",
            "<schema.org/drug>",
            "<schema.org/guideline>",
            "<schema.org/headline>",
            "<schema.org/potentialAction>",
            "<schema.org/url>",
            "isa:<schema.org/Drug>",
            "isa:<schema.org/DrugClass>",
            "isa:<schema.org/MedicalEntity>",
            "isa:<schema.org/MedicalTrial>",
            "isa:<schema.org/MedicalWebPage>",
            "isa:<schema.org/Organization>"
        ],
        "count": 1.0
    },
    {
        "pset": [
            "<schema.org/audience>",
            "<schema.org/contactPoint>",
            "<schema.org/description>",
            "<schema.org/drug>",
            "<schema.org/guideline>",
            "<schema.org/headline>",
            "<schema.org/url>",
            "isa:<schema.org/Drug>",
            "isa:<schema.org/DrugClass>",
            "isa:<schema.org/MedicalEntity>",
            "isa:<schema.org/MedicalTrial>",
            "isa:<schema.org/MedicalWebPage>",
            "isa:<schema.org/Organization>"
        ],
        "count": 1.0
    }
]