[
    {
        "pset": [
            "<schema.org/educationalCredentialAwarded>",
            "<schema.org/educationalProgramMode>",
            "<schema.org/name>",
            "<schema.org/numberOfCredits>",
            "<schema.org/provider>",
            "<schema.org/url>",
            "isa:<schema.org/EducationalOccupationalProgram>"
        ],
        "count": 770.0
    },
    {
        "pset": [
            "<schema.org/applicationDeadline>",
            "<schema.org/description>",
            "<schema.org/educationalProgramMode>",
            "<schema.org/identifier>",
            "<schema.org/name>",
            "<schema.org/occupationalCategory>",
            "<schema.org/offers>",
            "<schema.org/provider>",
            "<schema.org/timeToComplete>",
            "isa:<schema.org/EducationalOccupationalProgram>"
        ],
        "count": 750.0
    },
    {
        "pset": [
            "<schema.org/name>",
            "<schema.org/provider>",
            "<schema.org/url>",
            "isa:<schema.org/EducationalOccupationalProgram>"
        ],
        "count": 192.0
    },
    {
        "pset": [
            "<schema.org/description>",
            "<schema.org/educationalCredentialAwarded>",
            "<schema.org/educationalProgramMode>",
            "<schema.org/image>",
            "<schema.org/name>",
            "<schema.org/provider>",
            "<schema.org/timeToComplete>",
            "<schema.org/url>",
            "isa:<schema.org/EducationalOccupationalProgram>"
        ],
        "count": 185.0
    },
    {
        "pset": [
            "<schema.org/description>",
            "<schema.org/educationalCredentialAwarded>",
            "<schema.org/name>",
            "<schema.org/programPrerequisites>",
            "<schema.org/provider>",
            "<schema.org/timeToComplete>",
            "<schema.org/url>",
            "isa:<schema.org/EducationalOccupationalProgram>"
        ],
        "count": 136.0
    },
    {
        "pset": [
            "<schema.org/educationalCredentialAwarded>",
            "<schema.org/name>",
            "<schema.org/programPrerequisites>",
            "<schema.org/provider>",
            "<schema.org/url>",
            "isa:<schema.org/EducationalOccupationalProgram>"
        ],
        "count": 86.0
    },
    {
        "pset": [
            "<schema.org/educationalCredentialAwarded>",
            "<schema.org/name>",
            "<schema.org/numberOfCredits>",
            "<schema.org/provider>",
            "<schema.org/url>",
            "isa:<schema.org/EducationalOccupationalProgram>"
        ],
        "count": 74.0
    },
    {
        "pset": [
            "<schema.org/description>",
            "<schema.org/educationalCredentialAwarded>",
            "<schema.org/educationalProgramMode>",
            "<schema.org/image>",
            "<schema.org/name>",
            "<schema.org/provider>",
            "isa:<schema.org/EducationalOccupationalProgram>"
        ],
        "count": 67.0
    },
    {
        "pset": [
            "<schema.org/description>",
            "<schema.org/image>",
            "<schema.org/mainEntityOfPage>",
            "<schema.org/name>",
            "<schema.org/url>",
            "isa:<schema.org/EducationalOccupationalProgram>"
        ],
        "count": 64.0
    },
    {
        "pset": [
            "<schema.org/description>",
            "<schema.org/educationalCredentialAwarded>",
            "<schema.org/educationalProgramMode>",
            "<schema.org/image>",
            "<schema.org/name>",
            "<schema.org/offers>",
            "isa:<schema.org/EducationalOccupationalProgram>"
        ],
        "count": 52.0
    },
    {
        "pset": [
            "<schema.org/educationalCredentialAwarded>",
            "<schema.org/provider>",
            "isa:<schema.org/EducationalOccupationalProgram>"
        ],
        "count": 30.0
    },
    {
        "pset": [
            "<schema.org/description>",
            "<schema.org/educationalCredentialAwarded>",
            "<schema.org/endDate>",
            "<schema.org/image>",
            "<schema.org/name>",
            "<schema.org/provider>",
            "<schema.org/startDate>",
            "<schema.org/url>",
            "isa:<schema.org/EducationalOccupationalProgram>"
        ],
        "count": 25.0
    },
    {
        "pset": [
            "<schema.org/applicationDeadline>",
            "<schema.org/applicationStartDate>",
            "<schema.org/dayOfWeek>",
            "<schema.org/description>",
            "<schema.org/educationalProgramMode>",
            "<schema.org/identifier>",
            "<schema.org/maximumEnrollment>",
            "<schema.org/name>",
            "<schema.org/occupationalCategory>",
            "<schema.org/occupationalCredentialAwarded>",
            "<schema.org/offers>",
            "<schema.org/provider>",
            "<schema.org/timeToComplete>",
            "<schema.org/url>",
            "isa:<schema.org/EducationalOccupationalProgram>"
        ],
        "count": 20.0
    },
    {
        "pset": [
            "<schema.org/description>",
            "<schema.org/identifier>",
            "<schema.org/name>",
            "<schema.org/occupationalCredentialAwarded>",
            "<schema.org/offers>",
            "<schema.org/programPrerequisites>",
            "<schema.org/provider>",
            "<schema.org/timeToComplete>",
            "<schema.org/url>",
            "isa:<schema.org/EducationalOccupationalProgram>"
        ],
        "count": 14.0
    },
    {
        "pset": [
            "<schema.org/applicationDeadline>",
            "<schema.org/description>",
            "<schema.org/educationalCredentialAwarded>",
            "<schema.org/educationalProgramMode>",
            "<schema.org/identifier>",
            "<schema.org/image>",
            "<schema.org/name>",
            "<schema.org/numberOfCredits>",
            "<schema.org/occupationalCategory>",
            "<schema.org/offers>",
            "<schema.org/programPrerequisites>",
            "<schema.org/provider>",
            "<schema.org/startDate>",
            "<schema.org/timeToComplete>",
            "<schema.org/url>",
            "isa:<schema.org/EducationalOccupationalProgram>"
        ],
        "count": 14.0
    },
    {
        "pset": [
            "<schema.org/applicationDeadline>",
            "<schema.org/applicationStartDate>",
            "<schema.org/description>",
            "<schema.org/endDate>",
            "<schema.org/identifier>",
            "<schema.org/maximumEnrollment>",
            "<schema.org/name>",
            "<schema.org/offers>",
            "<schema.org/provider>",
            "<schema.org/startDate>",
            "<schema.org/timeToComplete>",
            "<schema.org/url>",
            "isa:<schema.org/EducationalOccupationalProgram>"
        ],
        "count": 13.0
    },
    {
        "pset": [
            "<schema.org/applicationDeadline>",
            "<schema.org/educationalCredentialAwarded>",
            "<schema.org/identifier>",
            "<schema.org/name>",
            "<schema.org/occupationalCategory>",
            "<schema.org/offers>",
            "<schema.org/programPrerequisites>",
            "<schema.org/provider>",
            "<schema.org/timeToComplete>",
            "<schema.org/url>",
            "isa:<schema.org/EducationalOccupationalProgram>"
        ],
        "count": 13.0
    },
    {
        "pset": [
            "<schema.org/provider>",
            "isa:<schema.org/EducationalOccupationalProgram>"
        ],
        "count": 13.0
    },
    {
        "pset": [
            "<schema.org/description>",
            "<schema.org/educationalCredentialAwarded>",
            "<schema.org/educationalProgramMode>",
            "<schema.org/image>",
            "<schema.org/name>",
            "<schema.org/provider>",
            "<schema.org/url>",
            "isa:<schema.org/EducationalOccupationalProgram>"
        ],
        "count": 11.0
    },
    {
        "pset": [
            "<schema.org/description>",
            "<schema.org/educationalCredentialAwarded>",
            "<schema.org/endDate>",
            "<schema.org/image>",
            "<schema.org/name>",
            "<schema.org/offers>",
            "<schema.org/provider>",
            "<schema.org/startDate>",
            "<schema.org/url>",
            "isa:<schema.org/EducationalOccupationalProgram>"
        ],
        "count": 10.0
    },
    {
        "pset": [
            "<schema.org/image>",
            "<schema.org/url>",
            "isa:<schema.org/EducationalOccupationalProgram>"
        ],
        "count": 10.0
    },
    {
        "pset": [
            "<schema.org/applicationDeadline>",
            "<schema.org/identifier>",
            "<schema.org/name>",
            "<schema.org/occupationalCategory>",
            "<schema.org/occupationalCredentialAwarded>",
            "<schema.org/offers>",
            "<schema.org/provider>",
            "<schema.org/timeToComplete>",
            "isa:<schema.org/EducationalOccupationalProgram>"
        ],
        "count": 9.0
    },
    {
        "pset": [
            "<schema.org/applicationDeadline>",
            "<schema.org/description>",
            "<schema.org/educationalProgramMode>",
            "<schema.org/identifier>",
            "<schema.org/name>",
            "<schema.org/occupationalCategory>",
            "<schema.org/offers>",
            "<schema.org/provider>",
            "<schema.org/termDuration>",
            "<schema.org/timeToComplete>",
            "isa:<schema.org/EducationalOccupationalProgram>"
        ],
        "count": 8.0
    },
    {
        "pset": [
            "<schema.org/applicationDeadline>",
            "<schema.org/description>",
            "<schema.org/educationalProgramMode>",
            "<schema.org/financialAidEligible>",
            "<schema.org/identifier>",
            "<schema.org/maximumEnrollment>",
            "<schema.org/name>",
            "<schema.org/occupationalCategory>",
            "<schema.org/occupationalCredentialAwarded>",
            "<schema.org/offers>",
            "<schema.org/programPrerequisites>",
            "<schema.org/provider>",
            "<schema.org/timeToComplete>",
            "isa:<schema.org/EducationalOccupationalProgram>"
        ],
        "count": 7.0
    },
    {
        "pset": [
            "<schema.org/applicationDeadline>",
            "<schema.org/description>",
            "<schema.org/identifier>",
            "<schema.org/name>",
            "<schema.org/occupationalCategory>",
            "<schema.org/occupationalCredentialAwarded>",
            "<schema.org/offers>",
            "<schema.org/programPrerequisites>",
            "<schema.org/provider>",
            "<schema.org/timeToComplete>",
            "isa:<schema.org/EducationalOccupationalProgram>"
        ],
        "count": 4.0
    },
    {
        "pset": [
            "<schema.org/name>",
            "isa:<schema.org/EducationalOccupationalProgram>"
        ],
        "count": 4.0
    },
    {
        "pset": [
            "<schema.org/applicationDeadline>",
            "<schema.org/applicationStartDate>",
            "<schema.org/dayOfWeek>",
            "<schema.org/description>",
            "<schema.org/educationalProgramMode>",
            "<schema.org/endDate>",
            "<schema.org/financialAidEligible>",
            "<schema.org/identifier>",
            "<schema.org/name>",
            "<schema.org/occupationalCategory>",
            "<schema.org/occupationalCredentialAwarded>",
            "<schema.org/offers>",
            "<schema.org/programPrerequisites>",
            "<schema.org/provider>",
            "<schema.org/startDate>",
            "<schema.org/termDuration>",
            "<schema.org/termsPerYear>",
            "<schema.org/timeOfDay>",
            "<schema.org/timeToComplete>",
            "<schema.org/typicalCreditsPerTerm>",
            "<schema.org/url>",
            "isa:<schema.org/EducationalOccupationalProgram>"
        ],
        "count": 3.0
    },
    {
        "pset": [
            "<schema.org/applicationDeadline>",
            "<schema.org/applicationStartDate>",
            "<schema.org/dayOfWeek>",
            "<schema.org/description>",
            "<schema.org/educationalProgramMode>",
            "<schema.org/endDate>",
            "<schema.org/financialAidEligible>",
            "<schema.org/image>",
            "<schema.org/maximumEnrollment>",
            "<schema.org/name>",
            "<schema.org/numberOfCredits>",
            "<schema.org/occupationalCategory>",
            "<schema.org/occupationalCredentialAwarded>",
            "<schema.org/programPrerequisites>",
            "<schema.org/provider>",
            "<schema.org/startDate>",
            "<schema.org/termDuration>",
            "<schema.org/termsPerYear>",
            "<schema.org/timeOfDay>",
            "<schema.org/timeToComplete>",
            "<schema.org/typicalCreditsPerTerm>",
            "<schema.org/url>",
            "isa:<schema.org/EducationalOccupationalProgram>"
        ],
        "count": 3.0
    },
    {
        "pset": [
            "<schema.org/additionalType>",
            "isa:<schema.org/EducationalOccupationalProgram>"
        ],
        "count": 3.0
    },
    {
        "pset": [
            "<schema.org/applicationDeadline>",
            "<schema.org/applicationStartDate>",
            "<schema.org/dayOfWeek>",
            "<schema.org/description>",
            "<schema.org/educationalProgramMode>",
            "<schema.org/identifier>",
            "<schema.org/maximumEnrollment>",
            "<schema.org/name>",
            "<schema.org/occupationalCategory>",
            "<schema.org/occupationalCredentialAwarded>",
            "<schema.org/offers>",
            "<schema.org/programType>",
            "<schema.org/provider>",
            "<schema.org/timeToComplete>",
            "<schema.org/url>",
            "isa:<schema.org/EducationalOccupationalProgram>"
        ],
        "count": 2.0
    },
    {
        "pset": [
            "<schema.org/applicationDeadline>",
            "<schema.org/description>",
            "<schema.org/educationalCredentialAwarded>",
            "<schema.org/educationalProgramMode>",
            "<schema.org/name>",
            "<schema.org/numberOfCredits>",
            "<schema.org/occupationalCategory>",
            "<schema.org/offers>",
            "<schema.org/programPrerequisites>",
            "<schema.org/provider>",
            "<schema.org/timeToComplete>",
            "<schema.org/url>",
            "isa:<schema.org/EducationalOccupationalProgram>"
        ],
        "count": 2.0
    },
    {
        "pset": [
            "<schema.org/applicationDeadline>",
            "<schema.org/dayOfWeek>",
            "<schema.org/description>",
            "<schema.org/educationalProgramMode>",
            "<schema.org/endDate>",
            "<schema.org/financialAidEligible>",
            "<schema.org/identifier>",
            "<schema.org/name>",
            "<schema.org/numberOfCredits>",
            "<schema.org/occupationalCategory>",
            "<schema.org/offers>",
            "<schema.org/provider>",
            "<schema.org/startDate>",
            "<schema.org/timeToComplete>",
            "<schema.org/url>",
            "isa:<schema.org/EducationalOccupationalProgram>"
        ],
        "count": 2.0
    },
    {
        "pset": [
            "<schema.org/applicationDeadline>",
            "<schema.org/dayOfWeek>",
            "<schema.org/description>",
            "<schema.org/name>",
            "<schema.org/programPrerequisites>",
            "<schema.org/provider>",
            "<schema.org/subjectOf>",
            "<schema.org/url>",
            "isa:<schema.org/EducationalOccupationalProgram>"
        ],
        "count": 1.0
    },
    {
        "pset": [
            "<schema.org/applicationDeadline>",
            "<schema.org/dayOfWeek>",
            "<schema.org/description>",
            "<schema.org/educationalProgramMode>",
            "<schema.org/image>",
            "<schema.org/name>",
            "<schema.org/programPrerequisites>",
            "<schema.org/provider>",
            "<schema.org/subjectOf>",
            "<schema.org/url>",
            "isa:<schema.org/EducationalOccupationalProgram>"
        ],
        "count": 1.0
    },
    {
        "pset": [
            "<schema.org/description>",
            "<schema.org/educationalCredentialAwarded>",
            "<schema.org/email>",
            "<schema.org/identifier>",
            "<schema.org/name>",
            "<schema.org/provider>",
            "<schema.org/telephone>",
            "<schema.org/timeToComplete>",
            "<schema.org/url>",
            "isa:<schema.org/EducationalOccupationalProgram>"
        ],
        "count": 1.0
    },
    {
        "pset": [
            "<schema.org/applicationDeadline>",
            "<schema.org/dayOfWeek>",
            "<schema.org/description>",
            "<schema.org/educationalProgramMode>",
            "<schema.org/image>",
            "<schema.org/name>",
            "<schema.org/programPrerequisites>",
            "<schema.org/provider>",
            "<schema.org/url>",
            "isa:<schema.org/EducationalOccupationalProgram>"
        ],
        "count": 1.0
    },
    {
        "pset": [
            "<schema.org/description>",
            "<schema.org/educationalCredentialAwarded>",
            "<schema.org/identifier>",
            "<schema.org/name>",
            "<schema.org/programPrerequisites>",
            "<schema.org/provider>",
            "<schema.org/timeToComplete>",
            "<schema.org/url>",
            "isa:<schema.org/EducationalOccupationalProgram>"
        ],
        "count": 1.0
    },
    {
        "pset": [
            "<schema.org/additionalType>",
            "<schema.org/brand>",
            "<schema.org/description>",
            "<schema.org/disambiguatingDescription>",
            "<schema.org/image>",
            "<schema.org/logo>",
            "<schema.org/name>",
            "<schema.org/offers>",
            "<schema.org/provider>",
            "<schema.org/subjectOf>",
            "<schema.org/timeToComplete>",
            "<schema.org/url>",
            "isa:<schema.org/EducationalOccupationalProgram>",
            "isa:<schema.org/Product>"
        ],
        "count": 1.0
    },
    {
        "pset": [
            "<schema.org/applicationDeadline>",
            "<schema.org/description>",
            "<schema.org/educationalCredentialAwarded>",
            "<schema.org/educationalProgramMode>",
            "<schema.org/name>",
            "<schema.org/numberOfCredits>",
            "<schema.org/occupationalCategory>",
            "<schema.org/offers>",
            "<schema.org/programPrerequisites>",
            "<schema.org/provider>",
            "<schema.org/termDuration>",
            "<schema.org/termsPerYear>",
            "<schema.org/timeToComplete>",
            "<schema.org/url>",
            "isa:<schema.org/EducationalOccupationalProgram>"
        ],
        "count": 1.0
    },
    {
        "pset": [
            "<schema.org/applicationDeadline>",
            "<schema.org/description>",
            "<schema.org/identifier>",
            "<schema.org/name>",
            "<schema.org/occupationalCategory>",
            "<schema.org/occupationalCredentialAwarded>",
            "<schema.org/offers>",
            "<schema.org/programPrerequisites>",
            "<schema.org/provider>",
            "<schema.org/timeToComplete>",
            "<schema.org/url>",
            "isa:<schema.org/EducationalOccupationalProgram>"
        ],
        "count": 1.0
    },
    {
        "pset": [
            "<schema.org/url>",
            "isa:<schema.org/EducationalOccupationalProgram>"
        ],
        "count": 1.0
    },
    {
        "pset": [
            "<schema.org/description>",
            "<schema.org/educationalCredentialAwarded>",
            "<schema.org/image>",
            "<schema.org/name>",
            "<schema.org/offers>",
            "<schema.org/provider>",
            "<schema.org/startDate>",
            "<schema.org/url>",
            "isa:<schema.org/EducationalOccupationalProgram>"
        ],
        "count": 1.0
    },
    {
        "pset": [
            "<schema.org/applicationDeadline>",
            "<schema.org/description>",
            "<schema.org/identifier>",
            "<schema.org/name>",
            "<schema.org/occupationalCategory>",
            "<schema.org/occupationalCredentialAwarded>",
            "<schema.org/offers>",
            "<schema.org/provider>",
            "<schema.org/timeToComplete>",
            "isa:<schema.org/EducationalOccupationalProgram>"
        ],
        "count": 1.0
    },
    {
        "pset": [
            "<schema.org/description>",
            "<schema.org/identifier>",
            "<schema.org/name>",
            "<schema.org/offers>",
            "<schema.org/programPrerequisites>",
            "<schema.org/provider>",
            "<schema.org/timeToComplete>",
            "<schema.org/url>",
            "isa:<schema.org/EducationalOccupationalProgram>"
        ],
        "count": 1.0
    },
    {
        "pset": [
            "<schema.org/applicationDeadline>",
            "<schema.org/description>",
            "<schema.org/educationalCredentialAwarded>",
            "<schema.org/educationalProgramMode>",
            "<schema.org/name>",
            "<schema.org/numberOfCredits>",
            "<schema.org/occupationalCategory>",
            "<schema.org/occupationalCredentialAwarded>",
            "<schema.org/offers>",
            "<schema.org/programPrerequisites>",
            "<schema.org/provider>",
            "<schema.org/termDuration>",
            "<schema.org/termsPerYear>",
            "<schema.org/timeToComplete>",
            "<schema.org/url>",
            "isa:<schema.org/EducationalOccupationalProgram>"
        ],
        "count": 1.0
    }
]