[
    {
        "pset": [
            "<schema.org/description>",
            "<schema.org/potentialAction>",
            "<schema.org/publisher>",
            "isa:<schema.org/EmailMessage>"
        ],
        "count": 3036.0
    },
    {
        "pset": [
            "<schema.org/action>",
            "<schema.org/description>",
            "isa:<schema.org/EmailMessage>"
        ],
        "count": 245.0
    },
    {
        "pset": [
            "<schema.org/subjectLine>",
            "isa:<schema.org/EmailMessage>"
        ],
        "count": 100.0
    },
    {
        "pset": [
            "<schema.org/description>",
            "<schema.org/potentialAction>",
            "isa:<schema.org/EmailMessage>"
        ],
        "count": 27.0
    },
    {
        "pset": [
            "isa:<schema.org/EmailMessage>"
        ],
        "count": 2.0
    },
    {
        "pset": [
            "<schema.org/about>",
            "<schema.org/publisher>",
            "isa:<schema.org/EmailMessage>"
        ],
        "count": 1.0
    },
    {
        "pset": [
            "<schema.org/about>",
            "<schema.org/ccRecipient>",
            "<schema.org/datePublished>",
            "<schema.org/dateRead>",
            "<schema.org/description>",
            "<schema.org/messageAttachment>",
            "<schema.org/sender>",
            "<schema.org/toRecipient>",
            "isa:<schema.org/EmailMessage>"
        ],
        "count": 1.0
    }
]