[
    {
        "pset": [
            "<schema.org/roleName>",
            "<schema.org/startDate>",
            "<schema.org/worksFor>",
            "isa:<schema.org/EmployeeRole>"
        ],
        "count": 2958.0
    },
    {
        "pset": [
            "<schema.org/description>",
            "<schema.org/identifier>",
            "<schema.org/image>",
            "<schema.org/name>",
            "<schema.org/roleName>",
            "<schema.org/sameAs>",
            "<schema.org/url>",
            "isa:<schema.org/EmployeeRole>"
        ],
        "count": 999.0
    },
    {
        "pset": [
            "<schema.org/baseSalary>",
            "<schema.org/roleName>",
            "<schema.org/salaryCurrency>",
            "isa:<schema.org/EmployeeRole>"
        ],
        "count": 786.0
    },
    {
        "pset": [
            "<schema.org/roleName>",
            "isa:<schema.org/EmployeeRole>"
        ],
        "count": 777.0
    },
    {
        "pset": [
            "<schema.org/roleName>",
            "<schema.org/startDate>",
            "isa:<schema.org/EmployeeRole>"
        ],
        "count": 554.0
    },
    {
        "pset": [
            "<schema.org/description>",
            "<schema.org/disambiguatingDescription>",
            "<schema.org/identifier>",
            "<schema.org/image>",
            "<schema.org/name>",
            "<schema.org/roleName>",
            "<schema.org/sameAs>",
            "<schema.org/url>",
            "isa:<schema.org/EmployeeRole>"
        ],
        "count": 419.0
    },
    {
        "pset": [
            "<schema.org/endDate>",
            "<schema.org/roleName>",
            "<schema.org/startDate>",
            "<schema.org/worksFor>",
            "isa:<schema.org/EmployeeRole>"
        ],
        "count": 338.0
    },
    {
        "pset": [
            "<schema.org/description>",
            "<schema.org/disambiguatingDescription>",
            "<schema.org/image>",
            "<schema.org/name>",
            "<schema.org/roleName>",
            "<schema.org/url>",
            "isa:<schema.org/EmployeeRole>"
        ],
        "count": 260.0
    },
    {
        "pset": [
            "<schema.org/description>",
            "<schema.org/image>",
            "<schema.org/name>",
            "<schema.org/roleName>",
            "<schema.org/url>",
            "isa:<schema.org/EmployeeRole>"
        ],
        "count": 255.0
    },
    {
        "pset": [
            "<schema.org/roleName>",
            "<schema.org/worksFor>",
            "isa:<schema.org/EmployeeRole>"
        ],
        "count": 70.0
    },
    {
        "pset": [
            "<schema.org/description>",
            "<schema.org/image>",
            "<schema.org/name>",
            "isa:<schema.org/EmployeeRole>"
        ],
        "count": 49.0
    },
    {
        "pset": [
            "<schema.org/alternateName>",
            "<schema.org/description>",
            "<schema.org/identifier>",
            "<schema.org/image>",
            "<schema.org/name>",
            "<schema.org/roleName>",
            "<schema.org/sameAs>",
            "<schema.org/url>",
            "isa:<schema.org/EmployeeRole>"
        ],
        "count": 45.0
    },
    {
        "pset": [
            "<schema.org/alternateName>",
            "<schema.org/description>",
            "<schema.org/disambiguatingDescription>",
            "<schema.org/identifier>",
            "<schema.org/image>",
            "<schema.org/name>",
            "<schema.org/roleName>",
            "<schema.org/sameAs>",
            "<schema.org/url>",
            "isa:<schema.org/EmployeeRole>"
        ],
        "count": 34.0
    },
    {
        "pset": [
            "<schema.org/endDate>",
            "<schema.org/roleName>",
            "<schema.org/startDate>",
            "isa:<schema.org/EmployeeRole>"
        ],
        "count": 30.0
    },
    {
        "pset": [
            "<schema.org/description>",
            "<schema.org/image>",
            "<schema.org/mainEntityOfPage>",
            "<schema.org/name>",
            "<schema.org/url>",
            "isa:<schema.org/EmployeeRole>"
        ],
        "count": 29.0
    },
    {
        "pset": [
            "<schema.org/alternateName>",
            "<schema.org/description>",
            "<schema.org/disambiguatingDescription>",
            "<schema.org/image>",
            "<schema.org/name>",
            "<schema.org/roleName>",
            "<schema.org/url>",
            "isa:<schema.org/EmployeeRole>"
        ],
        "count": 26.0
    },
    {
        "pset": [
            "<schema.org/alternateName>",
            "<schema.org/description>",
            "<schema.org/image>",
            "<schema.org/name>",
            "<schema.org/roleName>",
            "<schema.org/url>",
            "isa:<schema.org/EmployeeRole>"
        ],
        "count": 16.0
    },
    {
        "pset": [
            "<schema.org/description>",
            "<schema.org/mainEntityOfPage>",
            "<schema.org/name>",
            "isa:<schema.org/EmployeeRole>"
        ],
        "count": 2.0
    },
    {
        "pset": [
            "<schema.org/name>",
            "isa:<schema.org/EmployeeRole>"
        ],
        "count": 1.0
    }
]