[
    {
        "pset": [
            "<schema.org/datePublished>",
            "<schema.org/name>",
            "isa:<schema.org/Episode>"
        ],
        "count": 45340.0
    },
    {
        "pset": [
            "<schema.org/name>",
            "<schema.org/url>",
            "isa:<schema.org/Episode>"
        ],
        "count": 10767.0
    },
    {
        "pset": [
            "<schema.org/aggregateRating>",
            "<schema.org/countryOfOrigin>",
            "<schema.org/datePublished>",
            "<schema.org/episodeNumber>",
            "<schema.org/image>",
            "<schema.org/name>",
            "<schema.org/partOfSeason>",
            "<schema.org/partOfSeries>",
            "<schema.org/url>",
            "isa:<schema.org/Episode>"
        ],
        "count": 6007.0
    },
    {
        "pset": [
            "<schema.org/mainEntityOfPage>",
            "<schema.org/name>",
            "isa:<schema.org/Episode>"
        ],
        "count": 5934.0
    },
    {
        "pset": [
            "<schema.org/countryOfOrigin>",
            "<schema.org/datePublished>",
            "<schema.org/episodeNumber>",
            "<schema.org/name>",
            "<schema.org/partOfSeason>",
            "<schema.org/partOfSeries>",
            "<schema.org/url>",
            "isa:<schema.org/Episode>"
        ],
        "count": 5115.0
    },
    {
        "pset": [
            "<schema.org/associatedMedia>",
            "<schema.org/datePublished>",
            "<schema.org/description>",
            "<schema.org/name>",
            "<schema.org/partOfSeries>",
            "<schema.org/url>",
            "isa:<schema.org/Episode>"
        ],
        "count": 4603.0
    },
    {
        "pset": [
            "<schema.org/aggregateRating>",
            "<schema.org/countryOfOrigin>",
            "<schema.org/datePublished>",
            "<schema.org/episodeNumber>",
            "<schema.org/name>",
            "<schema.org/partOfSeason>",
            "<schema.org/partOfSeries>",
            "<schema.org/url>",
            "isa:<schema.org/Episode>"
        ],
        "count": 4551.0
    },
    {
        "pset": [
            "<schema.org/PotentialAction>",
            "<schema.org/description>",
            "<schema.org/duration>",
            "<schema.org/embedUrl>",
            "<schema.org/headline>",
            "<schema.org/mainEntityOfPage>",
            "<schema.org/name>",
            "<schema.org/partOfSeason>",
            "<schema.org/partOfSeries>",
            "<schema.org/thumbnailurl>",
            "<schema.org/uploadDate>",
            "<schema.org/videoQuality>",
            "isa:<schema.org/Episode>",
            "isa:<schema.org/VideoObject>"
        ],
        "count": 4016.0
    },
    {
        "pset": [
            "<schema.org/episodeNumber>",
            "<schema.org/name>",
            "<schema.org/partOfSeason>",
            "<schema.org/partOfSeries>",
            "isa:<schema.org/Episode>"
        ],
        "count": 3462.0
    },
    {
        "pset": [
            "<schema.org/dateCreated>",
            "<schema.org/name>",
            "<schema.org/url>",
            "isa:<schema.org/Episode>"
        ],
        "count": 3389.0
    },
    {
        "pset": [
            "<schema.org/aggregateRating>",
            "<schema.org/countryOfOrigin>",
            "<schema.org/datePublished>",
            "<schema.org/episodeNumber>",
            "<schema.org/image>",
            "<schema.org/name>",
            "<schema.org/partOfSeason>",
            "<schema.org/partOfSeries>",
            "<schema.org/timeRequired>",
            "<schema.org/url>",
            "isa:<schema.org/Episode>"
        ],
        "count": 2587.0
    },
    {
        "pset": [
            "<schema.org/description>",
            "<schema.org/image>",
            "<schema.org/name>",
            "isa:<schema.org/Episode>"
        ],
        "count": 2505.0
    },
    {
        "pset": [
            "<schema.org/aggregateRating>",
            "<schema.org/name>",
            "isa:<schema.org/Episode>"
        ],
        "count": 2002.0
    },
    {
        "pset": [
            "<schema.org/aggregateRating>",
            "<schema.org/description>",
            "<schema.org/image>",
            "<schema.org/name>",
            "isa:<schema.org/Episode>"
        ],
        "count": 1621.0
    },
    {
        "pset": [
            "<schema.org/description>",
            "<schema.org/name>",
            "isa:<schema.org/Episode>"
        ],
        "count": 1203.0
    },
    {
        "pset": [
            "<schema.org/aggregateRating>",
            "<schema.org/author>",
            "<schema.org/description>",
            "<schema.org/name>",
            "isa:<schema.org/Episode>"
        ],
        "count": 1142.0
    },
    {
        "pset": [
            "<schema.org/aggregateRating>",
            "<schema.org/countryOfOrigin>",
            "<schema.org/datePublished>",
            "<schema.org/episodeNumber>",
            "<schema.org/name>",
            "<schema.org/partOfSeason>",
            "<schema.org/partOfSeries>",
            "<schema.org/timeRequired>",
            "<schema.org/url>",
            "isa:<schema.org/Episode>"
        ],
        "count": 926.0
    },
    {
        "pset": [
            "<schema.org/description>",
            "<schema.org/headline>",
            "<schema.org/name>",
            "<schema.org/video>",
            "isa:<schema.org/Episode>"
        ],
        "count": 833.0
    },
    {
        "pset": [
            "<schema.org/image>",
            "<schema.org/name>",
            "isa:<schema.org/Episode>"
        ],
        "count": 618.0
    },
    {
        "pset": [
            "<schema.org/author>",
            "<schema.org/dateModified>",
            "<schema.org/datePublished>",
            "<schema.org/episodeNumber>",
            "<schema.org/image>",
            "<schema.org/isPartOf>",
            "<schema.org/name>",
            "<schema.org/publisher>",
            "isa:<schema.org/Episode>"
        ],
        "count": 504.0
    },
    {
        "pset": [
            "<schema.org/description>",
            "<schema.org/duration>",
            "<schema.org/episodeNumber>",
            "<schema.org/genre>",
            "<schema.org/image>",
            "<schema.org/inLanguage>",
            "<schema.org/name>",
            "<schema.org/potentialAction>",
            "<schema.org/releasedEvent>",
            "<schema.org/url>",
            "isa:<schema.org/Episode>"
        ],
        "count": 503.0
    },
    {
        "pset": [
            "<schema.org/countryOfOrigin>",
            "<schema.org/datePublished>",
            "<schema.org/episodeNumber>",
            "<schema.org/image>",
            "<schema.org/name>",
            "<schema.org/partOfSeason>",
            "<schema.org/partOfSeries>",
            "<schema.org/url>",
            "isa:<schema.org/Episode>"
        ],
        "count": 489.0
    },
    {
        "pset": [
            "<schema.org/countryOfOrigin>",
            "<schema.org/datePublished>",
            "<schema.org/episodeNumber>",
            "<schema.org/name>",
            "<schema.org/partOfSeason>",
            "<schema.org/partOfSeries>",
            "<schema.org/timeRequired>",
            "<schema.org/url>",
            "isa:<schema.org/Episode>"
        ],
        "count": 483.0
    },
    {
        "pset": [
            "<schema.org/datePublished>",
            "<schema.org/description>",
            "<schema.org/hasPart>",
            "<schema.org/isAccessibleForFree>",
            "<schema.org/name>",
            "<schema.org/partOfSeries>",
            "<schema.org/thumbnailUrl>",
            "<schema.org/url>",
            "<schema.org/video>",
            "isa:<schema.org/Episode>"
        ],
        "count": 475.0
    },
    {
        "pset": [
            "<schema.org/audio>",
            "<schema.org/datePublished>",
            "<schema.org/description>",
            "<schema.org/hasPart>",
            "<schema.org/isAccessibleForFree>",
            "<schema.org/name>",
            "<schema.org/partOfSeries>",
            "<schema.org/thumbnailUrl>",
            "<schema.org/url>",
            "isa:<schema.org/Episode>"
        ],
        "count": 363.0
    },
    {
        "pset": [
            "<schema.org/headline>",
            "<schema.org/keywords>",
            "<schema.org/url>",
            "isa:<schema.org/Episode>"
        ],
        "count": 301.0
    },
    {
        "pset": [
            "<schema.org/actor>",
            "<schema.org/dateCreated>",
            "<schema.org/description>",
            "<schema.org/director>",
            "<schema.org/image>",
            "<schema.org/name>",
            "<schema.org/partOfSeries>",
            "<schema.org/url>",
            "isa:<schema.org/Episode>"
        ],
        "count": 294.0
    },
    {
        "pset": [
            "<schema.org/abstract>",
            "<schema.org/aggregateRating>",
            "<schema.org/audio>",
            "<schema.org/author>",
            "<schema.org/copyrightHolder>",
            "<schema.org/dateCreated>",
            "<schema.org/dateModified>",
            "<schema.org/datePublished>",
            "<schema.org/genre>",
            "<schema.org/image>",
            "<schema.org/inLanguage>",
            "<schema.org/isAccessibleForFree>",
            "<schema.org/name>",
            "<schema.org/partOfSeries>",
            "<schema.org/thumbnailUrl>",
            "isa:<schema.org/Episode>"
        ],
        "count": 253.0
    },
    {
        "pset": [
            "<schema.org/actor>",
            "<schema.org/aggregateRating>",
            "<schema.org/episodeNumber>",
            "<schema.org/genre>",
            "<schema.org/image>",
            "<schema.org/partOfSeries>",
            "<schema.org/thumbnailUrl>",
            "<schema.org/timeRequired>",
            "<schema.org/url>",
            "isa:<schema.org/Episode>"
        ],
        "count": 233.0
    },
    {
        "pset": [
            "<schema.org/actor>",
            "<schema.org/dateCreated>",
            "<schema.org/description>",
            "<schema.org/image>",
            "<schema.org/name>",
            "<schema.org/partOfSeries>",
            "<schema.org/url>",
            "isa:<schema.org/Episode>"
        ],
        "count": 206.0
    },
    {
        "pset": [
            "<schema.org/description>",
            "<schema.org/name>",
            "<schema.org/review>",
            "isa:<schema.org/Episode>"
        ],
        "count": 197.0
    },
    {
        "pset": [
            "<schema.org/alternateName>",
            "<schema.org/associatedMedia>",
            "<schema.org/dateModified>",
            "<schema.org/datePublished>",
            "<schema.org/description>",
            "<schema.org/headline>",
            "<schema.org/image>",
            "<schema.org/name>",
            "<schema.org/publisher>",
            "<schema.org/thumbnailUrl>",
            "isa:<schema.org/Episode>"
        ],
        "count": 196.0
    },
    {
        "pset": [
            "<schema.org/author>",
            "<schema.org/dateModified>",
            "<schema.org/datePublished>",
            "<schema.org/episodeNumber>",
            "<schema.org/image>",
            "<schema.org/name>",
            "<schema.org/publisher>",
            "isa:<schema.org/Episode>"
        ],
        "count": 177.0
    },
    {
        "pset": [
            "<schema.org/author>",
            "<schema.org/copyrightHolder>",
            "<schema.org/copyrightYear>",
            "<schema.org/creator>",
            "<schema.org/dateModified>",
            "<schema.org/datePublished>",
            "<schema.org/description>",
            "<schema.org/headline>",
            "<schema.org/image>",
            "<schema.org/inLanguage>",
            "<schema.org/mainEntityOfPage>",
            "<schema.org/name>",
            "<schema.org/publisher>",
            "<schema.org/url>",
            "isa:<schema.org/Episode>"
        ],
        "count": 163.0
    },
    {
        "pset": [
            "<schema.org/episodeNumber>",
            "<schema.org/partOfSeries>",
            "<schema.org/video>",
            "isa:<schema.org/Episode>"
        ],
        "count": 160.0
    },
    {
        "pset": [
            "<schema.org/countryOfOrigin>",
            "<schema.org/datePublished>",
            "<schema.org/episodeNumber>",
            "<schema.org/image>",
            "<schema.org/name>",
            "<schema.org/partOfSeason>",
            "<schema.org/partOfSeries>",
            "<schema.org/timeRequired>",
            "<schema.org/url>",
            "isa:<schema.org/Episode>"
        ],
        "count": 148.0
    },
    {
        "pset": [
            "<schema.org/aggregateRating>",
            "<schema.org/countryOfOrigin>",
            "<schema.org/datePublished>",
            "<schema.org/image>",
            "<schema.org/name>",
            "<schema.org/partOfSeason>",
            "<schema.org/partOfSeries>",
            "<schema.org/timeRequired>",
            "<schema.org/url>",
            "isa:<schema.org/Episode>"
        ],
        "count": 146.0
    },
    {
        "pset": [
            "<schema.org/name>",
            "<schema.org/review>",
            "isa:<schema.org/Episode>"
        ],
        "count": 144.0
    },
    {
        "pset": [
            "<schema.org/author>",
            "<schema.org/copyrightHolder>",
            "<schema.org/copyrightYear>",
            "<schema.org/creator>",
            "<schema.org/dateModified>",
            "<schema.org/datePublished>",
            "<schema.org/description>",
            "<schema.org/headline>",
            "<schema.org/inLanguage>",
            "<schema.org/mainEntityOfPage>",
            "<schema.org/name>",
            "<schema.org/publisher>",
            "<schema.org/url>",
            "isa:<schema.org/Episode>"
        ],
        "count": 138.0
    },
    {
        "pset": [
            "<schema.org/articleSection>",
            "<schema.org/author>",
            "<schema.org/dateModified>",
            "<schema.org/datePublished>",
            "<schema.org/headline>",
            "<schema.org/image>",
            "<schema.org/mainEntityOfPage>",
            "<schema.org/name>",
            "<schema.org/partOfSeries>",
            "<schema.org/publisher>",
            "<schema.org/video>",
            "isa:<schema.org/Episode>"
        ],
        "count": 124.0
    },
    {
        "pset": [
            "<schema.org/image>",
            "<schema.org/name>",
            "<schema.org/review>",
            "isa:<schema.org/Episode>"
        ],
        "count": 105.0
    },
    {
        "pset": [
            "<schema.org/aggregateRating>",
            "<schema.org/countryOfOrigin>",
            "<schema.org/datePublished>",
            "<schema.org/name>",
            "<schema.org/partOfSeason>",
            "<schema.org/partOfSeries>",
            "<schema.org/timeRequired>",
            "<schema.org/url>",
            "isa:<schema.org/Episode>"
        ],
        "count": 93.0
    },
    {
        "pset": [
            "<schema.org/description>",
            "<schema.org/episodeNumber>",
            "<schema.org/genre>",
            "<schema.org/headline>",
            "<schema.org/image>",
            "<schema.org/keywords>",
            "<schema.org/name>",
            "<schema.org/partOfSeason>",
            "<schema.org/url>",
            "<schema.org/video>",
            "isa:<schema.org/Episode>"
        ],
        "count": 89.0
    },
    {
        "pset": [
            "<schema.org/description>",
            "<schema.org/episodeNumber>",
            "<schema.org/name>",
            "<schema.org/partOfSeries>",
            "<schema.org/thumbnailUrl>",
            "<schema.org/video>",
            "isa:<schema.org/Episode>"
        ],
        "count": 88.0
    },
    {
        "pset": [
            "<schema.org/actor>",
            "<schema.org/aggregateRating>",
            "<schema.org/director>",
            "<schema.org/episodeNumber>",
            "<schema.org/genre>",
            "<schema.org/image>",
            "<schema.org/partOfSeries>",
            "<schema.org/thumbnailUrl>",
            "<schema.org/timeRequired>",
            "<schema.org/url>",
            "isa:<schema.org/Episode>"
        ],
        "count": 88.0
    },
    {
        "pset": [
            "<schema.org/abstract>",
            "<schema.org/actor>",
            "<schema.org/aggregateRating>",
            "<schema.org/creator>",
            "<schema.org/dateCreated>",
            "<schema.org/episodeNumber>",
            "<schema.org/name>",
            "isa:<schema.org/Episode>"
        ],
        "count": 84.0
    },
    {
        "pset": [
            "<schema.org/author>",
            "<schema.org/image>",
            "<schema.org/name>",
            "<schema.org/url>",
            "isa:<schema.org/Episode>"
        ],
        "count": 80.0
    },
    {
        "pset": [
            "<schema.org/aggregateRating>",
            "<schema.org/countryOfOrigin>",
            "<schema.org/datePublished>",
            "<schema.org/name>",
            "<schema.org/partOfSeason>",
            "<schema.org/partOfSeries>",
            "<schema.org/url>",
            "isa:<schema.org/Episode>"
        ],
        "count": 70.0
    },
    {
        "pset": [
            "<schema.org/actor>",
            "<schema.org/description>",
            "<schema.org/episodeNumber>",
            "<schema.org/genre>",
            "<schema.org/headline>",
            "<schema.org/image>",
            "<schema.org/keywords>",
            "<schema.org/name>",
            "<schema.org/partOfSeason>",
            "<schema.org/url>",
            "<schema.org/video>",
            "isa:<schema.org/Episode>"
        ],
        "count": 68.0
    },
    {
        "pset": [
            "<schema.org/description>",
            "<schema.org/name>",
            "<schema.org/partOfSeries>",
            "<schema.org/thumbnailUrl>",
            "<schema.org/video>",
            "isa:<schema.org/Episode>"
        ],
        "count": 66.0
    },
    {
        "pset": [
            "<schema.org/datePublished>",
            "<schema.org/name>",
            "<schema.org/url>",
            "isa:<schema.org/Episode>"
        ],
        "count": 59.0
    },
    {
        "pset": [
            "<schema.org/dateModified>",
            "<schema.org/datePublished>",
            "<schema.org/description>",
            "<schema.org/image>",
            "<schema.org/inLanguage>",
            "<schema.org/name>",
            "<schema.org/partOfSeries>",
            "<schema.org/potentialAction>",
            "<schema.org/url>",
            "isa:<schema.org/Episode>"
        ],
        "count": 58.0
    },
    {
        "pset": [
            "<schema.org/description>",
            "<schema.org/image>",
            "<schema.org/name>",
            "<schema.org/review>",
            "isa:<schema.org/Episode>"
        ],
        "count": 54.0
    },
    {
        "pset": [
            "<schema.org/alternativeHeadline>",
            "<schema.org/description>",
            "<schema.org/headline>",
            "<schema.org/image>",
            "<schema.org/name>",
            "<schema.org/partOfSeries>",
            "<schema.org/url>",
            "isa:<schema.org/Episode>"
        ],
        "count": 54.0
    },
    {
        "pset": [
            "<schema.org/audio>",
            "<schema.org/author>",
            "<schema.org/dateModified>",
            "<schema.org/datePublished>",
            "<schema.org/description>",
            "<schema.org/image>",
            "<schema.org/mainEntityOfPage>",
            "<schema.org/name>",
            "<schema.org/publisher>",
            "isa:<schema.org/Episode>"
        ],
        "count": 51.0
    },
    {
        "pset": [
            "<schema.org/alternateName>",
            "<schema.org/associatedMedia>",
            "<schema.org/dateCreated>",
            "<schema.org/dateModified>",
            "<schema.org/datePublished>",
            "<schema.org/description>",
            "<schema.org/headline>",
            "<schema.org/image>",
            "<schema.org/name>",
            "<schema.org/publisher>",
            "<schema.org/thumbnailUrl>",
            "isa:<schema.org/Episode>"
        ],
        "count": 45.0
    },
    {
        "pset": [
            "<schema.org/countryOfOrigin>",
            "<schema.org/datePublished>",
            "<schema.org/name>",
            "<schema.org/partOfSeason>",
            "<schema.org/partOfSeries>",
            "<schema.org/url>",
            "isa:<schema.org/Episode>"
        ],
        "count": 41.0
    },
    {
        "pset": [
            "<schema.org/Review>",
            "<schema.org/description>",
            "<schema.org/image>",
            "<schema.org/name>",
            "isa:<schema.org/Episode>"
        ],
        "count": 36.0
    },
    {
        "pset": [
            "<schema.org/copyrightYear>",
            "<schema.org/description>",
            "<schema.org/episodeNumber>",
            "<schema.org/genre>",
            "<schema.org/image>",
            "<schema.org/inLanguage>",
            "<schema.org/keywords>",
            "<schema.org/name>",
            "<schema.org/partOfSeason>",
            "<schema.org/partOfSeries>",
            "<schema.org/timeRequired>",
            "<schema.org/url>",
            "<schema.org/video>",
            "isa:<schema.org/Episode>"
        ],
        "count": 34.0
    },
    {
        "pset": [
            "<schema.org/countryOfOrigin>",
            "<schema.org/datePublished>",
            "<schema.org/name>",
            "<schema.org/partOfSeason>",
            "<schema.org/partOfSeries>",
            "<schema.org/timeRequired>",
            "<schema.org/url>",
            "isa:<schema.org/Episode>"
        ],
        "count": 31.0
    },
    {
        "pset": [
            "<schema.org/episodeNumber>",
            "<schema.org/partOfSeries>",
            "isa:<schema.org/Episode>"
        ],
        "count": 31.0
    },
    {
        "pset": [
            "<schema.org/description>",
            "<schema.org/name>",
            "<schema.org/thumbnailUrl>",
            "isa:<schema.org/Episode>"
        ],
        "count": 31.0
    },
    {
        "pset": [
            "<schema.org/aggregateRating>",
            "<schema.org/countryOfOrigin>",
            "<schema.org/datePublished>",
            "<schema.org/image>",
            "<schema.org/name>",
            "<schema.org/partOfSeason>",
            "<schema.org/partOfSeries>",
            "<schema.org/url>",
            "isa:<schema.org/Episode>"
        ],
        "count": 30.0
    },
    {
        "pset": [
            "<schema.org/author>",
            "<schema.org/dateModified>",
            "<schema.org/datePublished>",
            "<schema.org/episodeNumber>",
            "<schema.org/headline>",
            "<schema.org/image>",
            "<schema.org/mainEntityOfPage>",
            "<schema.org/partOfSeries>",
            "<schema.org/publisher>",
            "isa:<schema.org/Episode>"
        ],
        "count": 29.0
    },
    {
        "pset": [
            "<schema.org/alternateName>",
            "<schema.org/associatedMedia>",
            "<schema.org/dateModified>",
            "<schema.org/datePublished>",
            "<schema.org/description>",
            "<schema.org/headline>",
            "<schema.org/name>",
            "<schema.org/publisher>",
            "<schema.org/thumbnailUrl>",
            "isa:<schema.org/Episode>"
        ],
        "count": 27.0
    },
    {
        "pset": [
            "<schema.org/abstract>",
            "<schema.org/actor>",
            "<schema.org/creator>",
            "<schema.org/dateCreated>",
            "<schema.org/episodeNumber>",
            "<schema.org/name>",
            "isa:<schema.org/Episode>"
        ],
        "count": 27.0
    },
    {
        "pset": [
            "<schema.org/aggregateRating>",
            "<schema.org/description>",
            "<schema.org/image>",
            "<schema.org/name>",
            "<schema.org/review>",
            "isa:<schema.org/Episode>"
        ],
        "count": 27.0
    },
    {
        "pset": [
            "<schema.org/image>",
            "<schema.org/name>",
            "<schema.org/partOfSeries>",
            "<schema.org/url>",
            "isa:<schema.org/Episode>"
        ],
        "count": 26.0
    },
    {
        "pset": [
            "<schema.org/author>",
            "<schema.org/copyrightHolder>",
            "<schema.org/copyrightYear>",
            "<schema.org/creator>",
            "<schema.org/dateModified>",
            "<schema.org/datePublished>",
            "<schema.org/headline>",
            "<schema.org/image>",
            "<schema.org/inLanguage>",
            "<schema.org/mainEntityOfPage>",
            "<schema.org/name>",
            "<schema.org/publisher>",
            "<schema.org/url>",
            "isa:<schema.org/Episode>"
        ],
        "count": 25.0
    },
    {
        "pset": [
            "<schema.org/dateCreated>",
            "<schema.org/director>",
            "<schema.org/name>",
            "<schema.org/url>",
            "isa:<schema.org/Episode>"
        ],
        "count": 22.0
    },
    {
        "pset": [
            "<schema.org/copyrightYear>",
            "<schema.org/description>",
            "<schema.org/episodeNumber>",
            "<schema.org/genre>",
            "<schema.org/image>",
            "<schema.org/inLanguage>",
            "<schema.org/keywords>",
            "<schema.org/name>",
            "<schema.org/partOfSeason>",
            "<schema.org/partOfSeries>",
            "<schema.org/productionCompany>",
            "<schema.org/timeRequired>",
            "<schema.org/url>",
            "<schema.org/video>",
            "isa:<schema.org/Episode>"
        ],
        "count": 19.0
    },
    {
        "pset": [
            "<schema.org/alternativeHeadline>",
            "<schema.org/episodeNumber>",
            "<schema.org/name>",
            "<schema.org/url>",
            "isa:<schema.org/Episode>"
        ],
        "count": 17.0
    },
    {
        "pset": [
            "<schema.org/aggregateRating>",
            "<schema.org/image>",
            "<schema.org/name>",
            "isa:<schema.org/Episode>"
        ],
        "count": 16.0
    },
    {
        "pset": [
            "<schema.org/countryOfOrigin>",
            "<schema.org/datePublished>",
            "<schema.org/image>",
            "<schema.org/name>",
            "<schema.org/partOfSeason>",
            "<schema.org/partOfSeries>",
            "<schema.org/timeRequired>",
            "<schema.org/url>",
            "isa:<schema.org/Episode>"
        ],
        "count": 15.0
    },
    {
        "pset": [
            "<schema.org/description>",
            "<schema.org/image>",
            "<schema.org/name>",
            "<schema.org/sameAs>",
            "isa:<schema.org/Episode>"
        ],
        "count": 14.0
    },
    {
        "pset": [
            "<schema.org/about>",
            "<schema.org/audio>",
            "<schema.org/author>",
            "<schema.org/datePublished>",
            "<schema.org/description>",
            "<schema.org/episodeNumber>",
            "<schema.org/genre>",
            "<schema.org/keywords>",
            "<schema.org/mainEntityOfPage>",
            "<schema.org/name>",
            "<schema.org/partOfSeries>",
            "<schema.org/sameAs>",
            "<schema.org/url>",
            "isa:<schema.org/Episode>"
        ],
        "count": 14.0
    },
    {
        "pset": [
            "<schema.org/author>",
            "<schema.org/datePublished>",
            "<schema.org/description>",
            "<schema.org/hasPart>",
            "<schema.org/isAccessibleForFree>",
            "<schema.org/name>",
            "<schema.org/thumbnailUrl>",
            "<schema.org/url>",
            "<schema.org/video>",
            "isa:<schema.org/Episode>"
        ],
        "count": 14.0
    },
    {
        "pset": [
            "<schema.org/audio>",
            "<schema.org/author>",
            "<schema.org/datePublished>",
            "<schema.org/description>",
            "<schema.org/episodeNumber>",
            "<schema.org/headline>",
            "<schema.org/image>",
            "<schema.org/url>",
            "isa:<schema.org/Episode>"
        ],
        "count": 13.0
    },
    {
        "pset": [
            "<schema.org/datePublished>",
            "<schema.org/isFamilyFriendly>",
            "<schema.org/keywords>",
            "<schema.org/name>",
            "isa:<schema.org/Episode>"
        ],
        "count": 12.0
    },
    {
        "pset": [
            "<schema.org/countryOfOrigin>",
            "<schema.org/datePublished>",
            "<schema.org/image>",
            "<schema.org/name>",
            "<schema.org/partOfSeason>",
            "<schema.org/partOfSeries>",
            "<schema.org/url>",
            "isa:<schema.org/Episode>"
        ],
        "count": 11.0
    },
    {
        "pset": [
            "<schema.org/alternateName>",
            "<schema.org/associatedMedia>",
            "<schema.org/audio>",
            "<schema.org/dateModified>",
            "<schema.org/datePublished>",
            "<schema.org/description>",
            "<schema.org/headline>",
            "<schema.org/image>",
            "<schema.org/name>",
            "<schema.org/publisher>",
            "<schema.org/thumbnailUrl>",
            "isa:<schema.org/Episode>"
        ],
        "count": 11.0
    },
    {
        "pset": [
            "<schema.org/image>",
            "isa:<schema.org/Episode>"
        ],
        "count": 10.0
    },
    {
        "pset": [
            "<schema.org/description>",
            "<schema.org/image>",
            "<schema.org/name>",
            "<schema.org/offers>",
            "<schema.org/review>",
            "isa:<schema.org/Episode>"
        ],
        "count": 8.0
    },
    {
        "pset": [
            "<schema.org/location>",
            "<schema.org/name>",
            "<schema.org/startDate>",
            "isa:<schema.org/Episode>"
        ],
        "count": 8.0
    },
    {
        "pset": [
            "<schema.org/alternateName>",
            "<schema.org/associatedMedia>",
            "<schema.org/audio>",
            "<schema.org/dateCreated>",
            "<schema.org/dateModified>",
            "<schema.org/datePublished>",
            "<schema.org/description>",
            "<schema.org/headline>",
            "<schema.org/image>",
            "<schema.org/name>",
            "<schema.org/publisher>",
            "<schema.org/thumbnailUrl>",
            "isa:<schema.org/Episode>"
        ],
        "count": 7.0
    },
    {
        "pset": [
            "<schema.org/description>",
            "<schema.org/episodeNumber>",
            "<schema.org/genre>",
            "<schema.org/image>",
            "<schema.org/inLanguage>",
            "<schema.org/keywords>",
            "<schema.org/name>",
            "<schema.org/partOfSeason>",
            "<schema.org/partOfSeries>",
            "<schema.org/timeRequired>",
            "<schema.org/url>",
            "<schema.org/video>",
            "isa:<schema.org/Episode>"
        ],
        "count": 7.0
    },
    {
        "pset": [
            "<schema.org/datePublished>",
            "<schema.org/description>",
            "<schema.org/hasPart>",
            "<schema.org/isAccessibleForFree>",
            "<schema.org/name>",
            "<schema.org/thumbnailUrl>",
            "<schema.org/url>",
            "<schema.org/video>",
            "isa:<schema.org/Episode>"
        ],
        "count": 7.0
    },
    {
        "pset": [
            "<schema.org/episodeNumber>",
            "<schema.org/name>",
            "<schema.org/url>",
            "isa:<schema.org/Episode>"
        ],
        "count": 7.0
    },
    {
        "pset": [
            "<schema.org/alternateName>",
            "<schema.org/associatedMedia>",
            "<schema.org/dateModified>",
            "<schema.org/datePublished>",
            "<schema.org/description>",
            "<schema.org/headline>",
            "<schema.org/image>",
            "<schema.org/name>",
            "<schema.org/publisher>",
            "<schema.org/thumbnailUrl>",
            "<schema.org/video>",
            "isa:<schema.org/Episode>"
        ],
        "count": 7.0
    },
    {
        "pset": [
            "<schema.org/actors>",
            "<schema.org/author>",
            "<schema.org/copyrightYear>",
            "<schema.org/description>",
            "<schema.org/director>",
            "<schema.org/name>",
            "<schema.org/productionCompany>",
            "<schema.org/video>",
            "isa:<schema.org/Episode>"
        ],
        "count": 6.0
    },
    {
        "pset": [
            "<schema.org/episodeNumber>",
            "<schema.org/name>",
            "<schema.org/publication>",
            "isa:<schema.org/Episode>"
        ],
        "count": 6.0
    },
    {
        "pset": [
            "<schema.org/creator>",
            "<schema.org/datePublished>",
            "<schema.org/description>",
            "<schema.org/episodeNumber>",
            "<schema.org/image>",
            "<schema.org/inLanguage>",
            "<schema.org/name>",
            "<schema.org/partOfSeries>",
            "<schema.org/partofSeason>",
            "<schema.org/url>",
            "isa:<schema.org/Episode>"
        ],
        "count": 5.0
    },
    {
        "pset": [
            "<schema.org/author>",
            "<schema.org/commentCount>",
            "<schema.org/copyrightYear>",
            "<schema.org/dateCreated>",
            "<schema.org/dateModified>",
            "<schema.org/datePublished>",
            "<schema.org/description>",
            "<schema.org/headline>",
            "<schema.org/inLanguage>",
            "<schema.org/keywords>",
            "<schema.org/mainEntityOfPage>",
            "<schema.org/name>",
            "<schema.org/sameAs>",
            "<schema.org/text>",
            "<schema.org/thumbnailUrl>",
            "<schema.org/url>",
            "isa:<schema.org/Episode>"
        ],
        "count": 5.0
    },
    {
        "pset": [
            "<schema.org/name>",
            "isa:<schema.org/Episode>"
        ],
        "count": 5.0
    },
    {
        "pset": [
            "<schema.org/alternateName>",
            "<schema.org/dateModified>",
            "<schema.org/datePublished>",
            "<schema.org/description>",
            "<schema.org/headline>",
            "<schema.org/image>",
            "<schema.org/name>",
            "<schema.org/publisher>",
            "<schema.org/thumbnailUrl>",
            "isa:<schema.org/Episode>"
        ],
        "count": 5.0
    },
    {
        "pset": [
            "<schema.org/actor>",
            "<schema.org/author>",
            "<schema.org/dateCreated>",
            "<schema.org/description>",
            "<schema.org/director>",
            "<schema.org/episodeNumber>",
            "<schema.org/genre>",
            "<schema.org/image>",
            "<schema.org/name>",
            "<schema.org/partOfSeason>",
            "<schema.org/partOfSeries>",
            "<schema.org/productionCompany>",
            "isa:<schema.org/Episode>"
        ],
        "count": 4.0
    },
    {
        "pset": [
            "<schema.org/alternateName>",
            "<schema.org/associatedMedia>",
            "<schema.org/audio>",
            "<schema.org/dateCreated>",
            "<schema.org/dateModified>",
            "<schema.org/datePublished>",
            "<schema.org/description>",
            "<schema.org/headline>",
            "<schema.org/image>",
            "<schema.org/name>",
            "<schema.org/publisher>",
            "<schema.org/thumbnailUrl>",
            "<schema.org/video>",
            "isa:<schema.org/Episode>"
        ],
        "count": 4.0
    },
    {
        "pset": [
            "<schema.org/alternateName>",
            "<schema.org/audio>",
            "<schema.org/dateModified>",
            "<schema.org/datePublished>",
            "<schema.org/description>",
            "<schema.org/headline>",
            "<schema.org/image>",
            "<schema.org/name>",
            "<schema.org/publisher>",
            "<schema.org/thumbnailUrl>",
            "isa:<schema.org/Episode>"
        ],
        "count": 4.0
    },
    {
        "pset": [
            "<schema.org/image>",
            "<schema.org/name>",
            "<schema.org/sameas>",
            "<schema.org/url>",
            "isa:<schema.org/Episode>"
        ],
        "count": 3.0
    },
    {
        "pset": [
            "<schema.org/image>",
            "<schema.org/name>",
            "<schema.org/review>",
            "<schema.org/sameAs>",
            "isa:<schema.org/Episode>"
        ],
        "count": 3.0
    },
    {
        "pset": [
            "<schema.org/audio>",
            "<schema.org/copyrightYear>",
            "<schema.org/dateModified>",
            "<schema.org/datePublished>",
            "<schema.org/description>",
            "<schema.org/episodeNumber>",
            "<schema.org/name>",
            "<schema.org/provider>",
            "<schema.org/sourceOrganization>",
            "<schema.org/url>",
            "isa:<schema.org/Episode>"
        ],
        "count": 3.0
    },
    {
        "pset": [
            "<schema.org/audio>",
            "<schema.org/datePublished>",
            "<schema.org/description>",
            "<schema.org/hasPart>",
            "<schema.org/isAccessibleForFree>",
            "<schema.org/name>",
            "<schema.org/thumbnailUrl>",
            "<schema.org/url>",
            "isa:<schema.org/Episode>"
        ],
        "count": 3.0
    },
    {
        "pset": [
            "<schema.org/dateModified>",
            "<schema.org/datePublished>",
            "<schema.org/episodeNumber>",
            "<schema.org/headline>",
            "<schema.org/image>",
            "<schema.org/mainEntityOfPage>",
            "<schema.org/partOfSeries>",
            "<schema.org/publisher>",
            "isa:<schema.org/Episode>"
        ],
        "count": 2.0
    },
    {
        "pset": [
            "<schema.org/Review>",
            "<schema.org/aggregateRating>",
            "<schema.org/description>",
            "<schema.org/image>",
            "<schema.org/name>",
            "isa:<schema.org/Episode>"
        ],
        "count": 2.0
    },
    {
        "pset": [
            "<schema.org/alternateName>",
            "<schema.org/associatedMedia>",
            "<schema.org/audio>",
            "<schema.org/dateModified>",
            "<schema.org/datePublished>",
            "<schema.org/description>",
            "<schema.org/headline>",
            "<schema.org/image>",
            "<schema.org/name>",
            "<schema.org/publisher>",
            "<schema.org/thumbnailUrl>",
            "<schema.org/video>",
            "isa:<schema.org/Episode>"
        ],
        "count": 2.0
    },
    {
        "pset": [
            "<schema.org/alternateName>",
            "<schema.org/dateCreated>",
            "<schema.org/dateModified>",
            "<schema.org/datePublished>",
            "<schema.org/description>",
            "<schema.org/headline>",
            "<schema.org/image>",
            "<schema.org/name>",
            "<schema.org/publisher>",
            "<schema.org/thumbnailUrl>",
            "isa:<schema.org/Episode>"
        ],
        "count": 2.0
    },
    {
        "pset": [
            "<schema.org/alternateName>",
            "<schema.org/associatedMedia>",
            "<schema.org/dateCreated>",
            "<schema.org/dateModified>",
            "<schema.org/datePublished>",
            "<schema.org/description>",
            "<schema.org/headline>",
            "<schema.org/image>",
            "<schema.org/name>",
            "<schema.org/publisher>",
            "<schema.org/thumbnailUrl>",
            "<schema.org/video>",
            "isa:<schema.org/Episode>"
        ],
        "count": 2.0
    },
    {
        "pset": [
            "<schema.org/author>",
            "<schema.org/datePublished>",
            "<schema.org/description>",
            "<schema.org/hasPart>",
            "<schema.org/isAccessibleForFree>",
            "<schema.org/name>",
            "<schema.org/partOfSeries>",
            "<schema.org/thumbnailUrl>",
            "<schema.org/url>",
            "<schema.org/video>",
            "isa:<schema.org/Episode>"
        ],
        "count": 2.0
    },
    {
        "pset": [
            "isa:<schema.org/Episode>"
        ],
        "count": 2.0
    },
    {
        "pset": [
            "<schema.org/alternateName>",
            "<schema.org/dateModified>",
            "<schema.org/datePublished>",
            "<schema.org/description>",
            "<schema.org/headline>",
            "<schema.org/image>",
            "<schema.org/name>",
            "<schema.org/publisher>",
            "<schema.org/thumbnailUrl>",
            "<schema.org/video>",
            "isa:<schema.org/Episode>"
        ],
        "count": 2.0
    },
    {
        "pset": [
            "<schema.org/audio>",
            "<schema.org/author>",
            "<schema.org/datePublished>",
            "<schema.org/episodeNumber>",
            "<schema.org/image>",
            "<schema.org/inLanguage>",
            "<schema.org/name>",
            "<schema.org/partOfSeries>",
            "<schema.org/publisher>",
            "<schema.org/url>",
            "isa:<schema.org/Episode>"
        ],
        "count": 2.0
    },
    {
        "pset": [
            "<schema.org/aggregateRating>",
            "<schema.org/image>",
            "<schema.org/name>",
            "<schema.org/review>",
            "isa:<schema.org/Episode>"
        ],
        "count": 2.0
    },
    {
        "pset": [
            "<schema.org/additionalType>",
            "<schema.org/creator>",
            "<schema.org/description>",
            "<schema.org/disambiguatingDescription>",
            "<schema.org/image>",
            "<schema.org/name>",
            "<schema.org/url>",
            "isa:<schema.org/Episode>"
        ],
        "count": 1.0
    },
    {
        "pset": [
            "<schema.org/alternateName>",
            "<schema.org/dateCreated>",
            "<schema.org/dateModified>",
            "<schema.org/datePublished>",
            "<schema.org/description>",
            "<schema.org/headline>",
            "<schema.org/image>",
            "<schema.org/name>",
            "<schema.org/publisher>",
            "<schema.org/thumbnailUrl>",
            "<schema.org/video>",
            "isa:<schema.org/Episode>"
        ],
        "count": 1.0
    },
    {
        "pset": [
            "<schema.org/headline>",
            "<schema.org/url>",
            "isa:<schema.org/Episode>"
        ],
        "count": 1.0
    },
    {
        "pset": [
            "<schema.org/PotentialAction>",
            "<schema.org/description>",
            "<schema.org/duration>",
            "<schema.org/embedUrl>",
            "<schema.org/headline>",
            "<schema.org/mainEntityOfPage>",
            "<schema.org/name>",
            "<schema.org/partOfSeries>",
            "<schema.org/thumbnailurl>",
            "<schema.org/uploadDate>",
            "<schema.org/videoQuality>",
            "isa:<schema.org/Episode>",
            "isa:<schema.org/VideoObject>"
        ],
        "count": 1.0
    },
    {
        "pset": [
            "<schema.org/actor>",
            "<schema.org/author>",
            "<schema.org/dateCreated>",
            "<schema.org/description>",
            "<schema.org/director>",
            "<schema.org/episodeNumber>",
            "<schema.org/genre>",
            "<schema.org/image>",
            "<schema.org/name>",
            "<schema.org/partOfSeason>",
            "<schema.org/partOfSeries>",
            "isa:<schema.org/Episode>"
        ],
        "count": 1.0
    },
    {
        "pset": [
            "<schema.org/description>",
            "<schema.org/director>",
            "<schema.org/episodeNumber>",
            "<schema.org/name>",
            "<schema.org/partOfSeries>",
            "<schema.org/producer>",
            "<schema.org/url>",
            "isa:<schema.org/Episode>"
        ],
        "count": 1.0
    },
    {
        "pset": [
            "<schema.org/PotentialAction>",
            "<schema.org/description>",
            "<schema.org/duration>",
            "<schema.org/embedUrl>",
            "<schema.org/headline>",
            "<schema.org/mainEntityOfPage>",
            "<schema.org/name>",
            "<schema.org/partOfSeason>",
            "<schema.org/thumbnailurl>",
            "<schema.org/uploadDate>",
            "<schema.org/videoQuality>",
            "isa:<schema.org/Episode>",
            "isa:<schema.org/VideoObject>"
        ],
        "count": 1.0
    },
    {
        "pset": [
            "<schema.org/about>",
            "<schema.org/description>",
            "<schema.org/directors>",
            "<schema.org/episodeNumber>",
            "<schema.org/mainEntityOfPage>",
            "<schema.org/musicBy>",
            "<schema.org/name>",
            "isa:<schema.org/Episode>"
        ],
        "count": 1.0
    },
    {
        "pset": [
            "<schema.org/author>",
            "<schema.org/description>",
            "<schema.org/episodeNumber>",
            "<schema.org/image>",
            "<schema.org/name>",
            "isa:<schema.org/Episode>"
        ],
        "count": 1.0
    },
    {
        "pset": [
            "<schema.org/creator>",
            "<schema.org/datePublished>",
            "<schema.org/description>",
            "<schema.org/episodeNumber>",
            "<schema.org/genre>",
            "<schema.org/image>",
            "<schema.org/inLanguage>",
            "<schema.org/name>",
            "<schema.org/partOfSeries>",
            "<schema.org/partofSeason>",
            "<schema.org/url>",
            "isa:<schema.org/Episode>"
        ],
        "count": 1.0
    },
    {
        "pset": [
            "<schema.org/audio>",
            "<schema.org/copyrightYear>",
            "<schema.org/dateModified>",
            "<schema.org/datePublished>",
            "<schema.org/description>",
            "<schema.org/episodeNumber>",
            "<schema.org/image>",
            "<schema.org/name>",
            "<schema.org/provider>",
            "<schema.org/sourceOrganization>",
            "<schema.org/url>",
            "isa:<schema.org/Episode>"
        ],
        "count": 1.0
    },
    {
        "pset": [
            "<schema.org/alternateName>",
            "<schema.org/associatedMedia>",
            "<schema.org/audio>",
            "<schema.org/dateModified>",
            "<schema.org/datePublished>",
            "<schema.org/description>",
            "<schema.org/headline>",
            "<schema.org/name>",
            "<schema.org/publisher>",
            "<schema.org/thumbnailUrl>",
            "<schema.org/video>",
            "isa:<schema.org/Episode>"
        ],
        "count": 1.0
    },
    {
        "pset": [
            "<schema.org/actor>",
            "<schema.org/author>",
            "<schema.org/dateCreated>",
            "<schema.org/director>",
            "<schema.org/episodeNumber>",
            "<schema.org/genre>",
            "<schema.org/image>",
            "<schema.org/partOfSeason>",
            "<schema.org/productionCompany>",
            "<schema.org/url>",
            "isa:<schema.org/Episode>"
        ],
        "count": 1.0
    },
    {
        "pset": [
            "<schema.org/aggregateRating>",
            "<schema.org/episodeNumber>",
            "<schema.org/genre>",
            "<schema.org/image>",
            "<schema.org/partOfSeries>",
            "<schema.org/thumbnailUrl>",
            "<schema.org/timeRequired>",
            "<schema.org/url>",
            "isa:<schema.org/Episode>"
        ],
        "count": 1.0
    },
    {
        "pset": [
            "<schema.org/alternateName>",
            "<schema.org/associatedMedia>",
            "<schema.org/dateCreated>",
            "<schema.org/dateModified>",
            "<schema.org/datePublished>",
            "<schema.org/description>",
            "<schema.org/headline>",
            "<schema.org/name>",
            "<schema.org/publisher>",
            "<schema.org/thumbnailUrl>",
            "isa:<schema.org/Episode>"
        ],
        "count": 1.0
    },
    {
        "pset": [
            "<schema.org/actor>",
            "<schema.org/author>",
            "<schema.org/breadcrumb>",
            "<schema.org/dateCreated>",
            "<schema.org/description>",
            "<schema.org/image>",
            "<schema.org/isAccessibleForFree>",
            "<schema.org/name>",
            "<schema.org/partOfSeries>",
            "<schema.org/publisher>",
            "<schema.org/url>",
            "isa:<schema.org/Episode>",
            "isa:<schema.org/WebPage>"
        ],
        "count": 1.0
    }
]