[
    {
        "pset": [
            "<schema.org/line>",
            "isa:<schema.org/GeoShape>"
        ],
        "count": 57069.0
    },
    {
        "pset": [
            "<schema.org/polygon>",
            "isa:<schema.org/GeoShape>"
        ],
        "count": 23521.0
    },
    {
        "pset": [
            "<schema.org/addressCountry>",
            "isa:<schema.org/GeoShape>"
        ],
        "count": 10195.0
    },
    {
        "pset": [
            "<schema.org/box>",
            "isa:<schema.org/GeoShape>"
        ],
        "count": 9350.0
    },
    {
        "pset": [
            "<schema.org/circle>",
            "isa:<schema.org/GeoShape>"
        ],
        "count": 8937.0
    },
    {
        "pset": [
            "<schema.org/postalcode>",
            "isa:<schema.org/GeoShape>"
        ],
        "count": 4850.0
    },
    {
        "pset": [
            "<schema.org/addressCountry>",
            "<schema.org/name>",
            "isa:<schema.org/GeoShape>"
        ],
        "count": 3325.0
    },
    {
        "pset": [
            "<schema.org/address>",
            "isa:<schema.org/GeoShape>"
        ],
        "count": 2832.0
    },
    {
        "pset": [
            "isa:<schema.org/GeoShape>"
        ],
        "count": 2629.0
    },
    {
        "pset": [
            "<schema.org/box>",
            "<schema.org/polygon>",
            "isa:<schema.org/GeoShape>"
        ],
        "count": 1997.0
    },
    {
        "pset": [
            "<schema.org/postalCode>",
            "isa:<schema.org/GeoShape>"
        ],
        "count": 1948.0
    },
    {
        "pset": [
            "<schema.org/name>",
            "<schema.org/url>",
            "isa:<schema.org/GeoShape>"
        ],
        "count": 1024.0
    },
    {
        "pset": [
            "<schema.org/address>",
            "<schema.org/polygon>",
            "isa:<schema.org/GeoShape>"
        ],
        "count": 737.0
    },
    {
        "pset": [
            "<schema.org/address>",
            "<schema.org/box>",
            "isa:<schema.org/GeoShape>"
        ],
        "count": 460.0
    },
    {
        "pset": [
            "<schema.org/additionalType>",
            "<schema.org/name>",
            "<schema.org/url>",
            "isa:<schema.org/GeoShape>"
        ],
        "count": 430.0
    },
    {
        "pset": [
            "<schema.org/circle>",
            "<schema.org/postalCode>",
            "isa:<schema.org/GeoShape>"
        ],
        "count": 217.0
    },
    {
        "pset": [
            "<schema.org/address>",
            "<schema.org/addressCountry>",
            "<schema.org/circle>",
            "<schema.org/postalCode>",
            "isa:<schema.org/GeoShape>"
        ],
        "count": 172.0
    },
    {
        "pset": [
            "<schema.org/address>",
            "<schema.org/addressCountry>",
            "<schema.org/postalCode>",
            "isa:<schema.org/GeoShape>"
        ],
        "count": 141.0
    },
    {
        "pset": [
            "<schema.org/box>",
            "<schema.org/elevation>",
            "isa:<schema.org/GeoShape>"
        ],
        "count": 106.0
    },
    {
        "pset": [
            "<schema.org/name>",
            "<schema.org/sameAs>",
            "isa:<schema.org/GeoShape>"
        ],
        "count": 106.0
    },
    {
        "pset": [
            "<schema.org/address>",
            "<schema.org/box>",
            "<schema.org/polygon>",
            "isa:<schema.org/GeoShape>"
        ],
        "count": 99.0
    },
    {
        "pset": [
            "<schema.org/postalCode>",
            "<schema.org/sameas>",
            "isa:<schema.org/GeoShape>"
        ],
        "count": 96.0
    },
    {
        "pset": [
            "<schema.org/latitude>",
            "<schema.org/line>",
            "<schema.org/longitude>",
            "isa:<schema.org/GeoCoordinates>",
            "isa:<schema.org/GeoShape>"
        ],
        "count": 91.0
    },
    {
        "pset": [
            "<schema.org/address>",
            "<schema.org/addressCountry>",
            "isa:<schema.org/GeoShape>"
        ],
        "count": 81.0
    },
    {
        "pset": [
            "<schema.org/name>",
            "isa:<schema.org/GeoShape>"
        ],
        "count": 80.0
    },
    {
        "pset": [
            "<schema.org/addressCountry>",
            "<schema.org/polygon>",
            "isa:<schema.org/GeoShape>"
        ],
        "count": 57.0
    },
    {
        "pset": [
            "<schema.org/address>",
            "<schema.org/addressCountry>",
            "<schema.org/circle>",
            "<schema.org/name>",
            "<schema.org/postalCode>",
            "<schema.org/sameAs>",
            "<schema.org/url>",
            "isa:<schema.org/GeoShape>"
        ],
        "count": 42.0
    },
    {
        "pset": [
            "<schema.org/Polygon>",
            "isa:<schema.org/GeoShape>"
        ],
        "count": 41.0
    },
    {
        "pset": [
            "<schema.org/addressCountry>",
            "<schema.org/sameAs>",
            "isa:<schema.org/GeoShape>"
        ],
        "count": 38.0
    },
    {
        "pset": [
            "<schema.org/Box>",
            "isa:<schema.org/GeoShape>"
        ],
        "count": 34.0
    },
    {
        "pset": [
            "<schema.org/addressCountry>",
            "<schema.org/description>",
            "<schema.org/identifier>",
            "<schema.org/name>",
            "<schema.org/url>",
            "isa:<schema.org/GeoShape>"
        ],
        "count": 27.0
    },
    {
        "pset": [
            "<schema.org/addressCountry>",
            "<schema.org/circle>",
            "<schema.org/postalCode>",
            "isa:<schema.org/GeoShape>"
        ],
        "count": 16.0
    },
    {
        "pset": [
            "<schema.org/address>",
            "<schema.org/addressCountry>",
            "<schema.org/circle>",
            "<schema.org/description>",
            "<schema.org/image>",
            "<schema.org/mainEntityOfPage>",
            "<schema.org/name>",
            "<schema.org/postalCode>",
            "<schema.org/sameAs>",
            "<schema.org/url>",
            "isa:<schema.org/GeoShape>"
        ],
        "count": 14.0
    },
    {
        "pset": [
            "<schema.org/elevation>",
            "isa:<schema.org/GeoShape>"
        ],
        "count": 12.0
    },
    {
        "pset": [
            "<schema.org/address>",
            "<schema.org/addressCountry>",
            "<schema.org/alternateName>",
            "<schema.org/circle>",
            "<schema.org/description>",
            "<schema.org/image>",
            "<schema.org/name>",
            "<schema.org/sameAs>",
            "<schema.org/url>",
            "isa:<schema.org/GeoShape>"
        ],
        "count": 8.0
    },
    {
        "pset": [
            "<schema.org/addressCountry>",
            "<schema.org/alternateName>",
            "<schema.org/name>",
            "isa:<schema.org/GeoShape>"
        ],
        "count": 6.0
    },
    {
        "pset": [
            "<schema.org/address>",
            "<schema.org/addressCountry>",
            "<schema.org/circle>",
            "<schema.org/postalCode>",
            "<schema.org/sameAs>",
            "<schema.org/url>",
            "isa:<schema.org/GeoShape>"
        ],
        "count": 6.0
    },
    {
        "pset": [
            "<schema.org/name>",
            "<schema.org/polygon>",
            "<schema.org/sameAs>",
            "isa:<schema.org/GeoShape>"
        ],
        "count": 5.0
    },
    {
        "pset": [
            "<schema.org/circle>",
            "<schema.org/description>",
            "isa:<schema.org/GeoShape>"
        ],
        "count": 5.0
    },
    {
        "pset": [
            "<schema.org/sameAs>",
            "<schema.org/url>",
            "isa:<schema.org/GeoShape>"
        ],
        "count": 3.0
    },
    {
        "pset": [
            "<schema.org/addressCountry>",
            "<schema.org/circle>",
            "<schema.org/description>",
            "isa:<schema.org/GeoShape>"
        ],
        "count": 3.0
    },
    {
        "pset": [
            "<schema.org/address>",
            "<schema.org/addressCountry>",
            "<schema.org/name>",
            "<schema.org/postalCode>",
            "<schema.org/sameAs>",
            "<schema.org/url>",
            "isa:<schema.org/GeoShape>"
        ],
        "count": 2.0
    },
    {
        "pset": [
            "<schema.org/addressCountry>",
            "<schema.org/circle>",
            "isa:<schema.org/GeoShape>"
        ],
        "count": 2.0
    },
    {
        "pset": [
            "<schema.org/Polygon>",
            "<schema.org/name>",
            "isa:<schema.org/GeoShape>"
        ],
        "count": 2.0
    },
    {
        "pset": [
            "<schema.org/name>",
            "<schema.org/sameAs>",
            "isa:<schema.org/GeoShape>",
            "isa:<schema.org/Place>"
        ],
        "count": 1.0
    },
    {
        "pset": [
            "<schema.org/address>",
            "<schema.org/addressCountry>",
            "<schema.org/name>",
            "isa:<schema.org/GeoShape>"
        ],
        "count": 1.0
    },
    {
        "pset": [
            "<schema.org/geo>",
            "isa:<schema.org/GeoShape>"
        ],
        "count": 1.0
    },
    {
        "pset": [
            "<schema.org/additionalType>",
            "<schema.org/alternateName>",
            "<schema.org/name>",
            "isa:<schema.org/AdministrativeArea>",
            "isa:<schema.org/GeoShape>"
        ],
        "count": 1.0
    },
    {
        "pset": [
            "<schema.org/additionalType>",
            "<schema.org/description>",
            "<schema.org/name>",
            "<schema.org/sameAs>",
            "isa:<schema.org/GeoShape>"
        ],
        "count": 1.0
    },
    {
        "pset": [
            "<schema.org/name>",
            "<schema.org/polygon>",
            "<schema.org/serviceId>",
            "isa:<schema.org/GeoShape>"
        ],
        "count": 1.0
    },
    {
        "pset": [
            "<schema.org/box>",
            "<schema.org/name>",
            "<schema.org/postalCode>",
            "isa:<schema.org/GeoShape>"
        ],
        "count": 1.0
    },
    {
        "pset": [
            "<schema.org/address>",
            "<schema.org/addressCountry>",
            "<schema.org/circle>",
            "<schema.org/name>",
            "<schema.org/sameAs>",
            "<schema.org/url>",
            "isa:<schema.org/GeoShape>"
        ],
        "count": 1.0
    },
    {
        "pset": [
            "<schema.org/name>",
            "<schema.org/sameAs>",
            "isa:<schema.org/City>",
            "isa:<schema.org/GeoShape>",
            "isa:<schema.org/State>"
        ],
        "count": 1.0
    },
    {
        "pset": [
            "<schema.org/name>",
            "isa:<schema.org/GeoShape>",
            "isa:<schema.org/Place>"
        ],
        "count": 1.0
    },
    {
        "pset": [
            "<schema.org/additionalType>",
            "<schema.org/name>",
            "<schema.org/polygon>",
            "<schema.org/sameAs>",
            "isa:<schema.org/GeoShape>"
        ],
        "count": 1.0
    },
    {
        "pset": [
            "<schema.org/description>",
            "<schema.org/name>",
            "<schema.org/polygon>",
            "isa:<schema.org/GeoShape>"
        ],
        "count": 1.0
    },
    {
        "pset": [
            "<schema.org/box>",
            "<schema.org/description>",
            "<schema.org/name>",
            "<schema.org/postalCode>",
            "isa:<schema.org/GeoShape>"
        ],
        "count": 1.0
    },
    {
        "pset": [
            "<schema.org/name>",
            "<schema.org/slogan>",
            "<schema.org/url>",
            "isa:<schema.org/City>",
            "isa:<schema.org/GeoShape>"
        ],
        "count": 1.0
    },
    {
        "pset": [
            "<schema.org/name>",
            "<schema.org/postalCode>",
            "<schema.org/sameAs>",
            "<schema.org/url>",
            "isa:<schema.org/GeoShape>"
        ],
        "count": 1.0
    },
    {
        "pset": [
            "<schema.org/URL>",
            "<schema.org/address>",
            "<schema.org/addressCountry>",
            "isa:<schema.org/GeoShape>"
        ],
        "count": 1.0
    },
    {
        "pset": [
            "<schema.org/address>",
            "<schema.org/circle>",
            "isa:<schema.org/GeoShape>"
        ],
        "count": 1.0
    },
    {
        "pset": [
            "<schema.org/polygon>",
            "<schema.org/postalCode>",
            "isa:<schema.org/GeoShape>"
        ],
        "count": 1.0
    }
]