[
    {
        "pset": [
            "<schema.org/about>",
            "<schema.org/alternateName>",
            "<schema.org/author>",
            "<schema.org/dateModified>",
            "<schema.org/datePublished>",
            "<schema.org/description>",
            "<schema.org/headline>",
            "<schema.org/image>",
            "<schema.org/mainEntityOfPage>",
            "<schema.org/name>",
            "<schema.org/publisher>",
            "<schema.org/thumbnailUrl>",
            "isa:<schema.org/HealthTopicContent>"
        ],
        "count": 2400.0
    },
    {
        "pset": [
            "<schema.org/description>",
            "<schema.org/hasHealthAspect>",
            "<schema.org/hasPart>",
            "<schema.org/headline>",
            "<schema.org/url>",
            "isa:<schema.org/HealthTopicContent>"
        ],
        "count": 1989.0
    },
    {
        "pset": [
            "<schema.org/about>",
            "<schema.org/alternateName>",
            "<schema.org/author>",
            "<schema.org/dateModified>",
            "<schema.org/datePublished>",
            "<schema.org/description>",
            "<schema.org/headline>",
            "<schema.org/mainEntityOfPage>",
            "<schema.org/name>",
            "<schema.org/publisher>",
            "isa:<schema.org/HealthTopicContent>"
        ],
        "count": 1233.0
    },
    {
        "pset": [
            "<schema.org/description>",
            "<schema.org/hasHealthAspect>",
            "<schema.org/hasPart>",
            "<schema.org/url>",
            "isa:<schema.org/HealthTopicContent>"
        ],
        "count": 1101.0
    },
    {
        "pset": [
            "<schema.org/author>",
            "<schema.org/dateModified>",
            "<schema.org/datePublished>",
            "<schema.org/headline>",
            "<schema.org/image>",
            "<schema.org/inLanguage>",
            "<schema.org/isPartOf>",
            "<schema.org/keywords>",
            "<schema.org/mainEntityOfPage>",
            "<schema.org/publisher>",
            "<schema.org/thumbnailUrl>",
            "<schema.org/wordCount>",
            "isa:<schema.org/HealthTopicContent>"
        ],
        "count": 688.0
    },
    {
        "pset": [
            "<schema.org/articleSection>",
            "<schema.org/author>",
            "<schema.org/contentRating>",
            "<schema.org/copyrightHolder>",
            "<schema.org/copyrightYear>",
            "<schema.org/dateCreated>",
            "<schema.org/dateModified>",
            "<schema.org/datePublished>",
            "<schema.org/description>",
            "<schema.org/editor>",
            "<schema.org/headline>",
            "<schema.org/image>",
            "<schema.org/inLanguage>",
            "<schema.org/keywords>",
            "<schema.org/mainEntityOfPage>",
            "<schema.org/name>",
            "<schema.org/publisher>",
            "<schema.org/url>",
            "isa:<schema.org/HealthTopicContent>",
            "isa:<schema.org/NewsArticle>"
        ],
        "count": 326.0
    },
    {
        "pset": [
            "<schema.org/author>",
            "<schema.org/commentCount>",
            "<schema.org/dateModified>",
            "<schema.org/datePublished>",
            "<schema.org/headline>",
            "<schema.org/image>",
            "<schema.org/inLanguage>",
            "<schema.org/isPartOf>",
            "<schema.org/keywords>",
            "<schema.org/mainEntityOfPage>",
            "<schema.org/publisher>",
            "<schema.org/thumbnailUrl>",
            "<schema.org/wordCount>",
            "isa:<schema.org/HealthTopicContent>"
        ],
        "count": 301.0
    },
    {
        "pset": [
            "<schema.org/hasHealthAspect>",
            "<schema.org/hasPart>",
            "<schema.org/url>",
            "isa:<schema.org/HealthTopicContent>"
        ],
        "count": 215.0
    },
    {
        "pset": [
            "<schema.org/name>",
            "isa:<schema.org/HealthTopicContent>"
        ],
        "count": 73.0
    },
    {
        "pset": [
            "<schema.org/hasHealthAspect>",
            "<schema.org/name>",
            "<schema.org/url>",
            "isa:<schema.org/HealthTopicContent>"
        ],
        "count": 63.0
    },
    {
        "pset": [
            "<schema.org/description>",
            "<schema.org/image>",
            "<schema.org/name>",
            "<schema.org/url>",
            "isa:<schema.org/HealthTopicContent>"
        ],
        "count": 35.0
    },
    {
        "pset": [
            "<schema.org/description>",
            "<schema.org/hasHealthAspect>",
            "<schema.org/headline>",
            "<schema.org/url>",
            "isa:<schema.org/HealthTopicContent>"
        ],
        "count": 33.0
    },
    {
        "pset": [
            "<schema.org/name>",
            "<schema.org/text>",
            "isa:<schema.org/HealthTopicContent>"
        ],
        "count": 23.0
    },
    {
        "pset": [
            "<schema.org/hasHealthAspect>",
            "isa:<schema.org/HealthTopicContent>"
        ],
        "count": 17.0
    },
    {
        "pset": [
            "<schema.org/author>",
            "<schema.org/dateModified>",
            "<schema.org/datePublished>",
            "<schema.org/headline>",
            "<schema.org/image>",
            "<schema.org/mainEntityOfPage>",
            "<schema.org/publisher>",
            "isa:<schema.org/HealthTopicContent>"
        ],
        "count": 14.0
    },
    {
        "pset": [
            "<schema.org/author>",
            "<schema.org/commentCount>",
            "<schema.org/dateModified>",
            "<schema.org/datePublished>",
            "<schema.org/headline>",
            "<schema.org/inLanguage>",
            "<schema.org/isPartOf>",
            "<schema.org/keywords>",
            "<schema.org/mainEntityOfPage>",
            "<schema.org/publisher>",
            "<schema.org/wordCount>",
            "isa:<schema.org/HealthTopicContent>"
        ],
        "count": 12.0
    },
    {
        "pset": [
            "<schema.org/headline>",
            "<schema.org/name>",
            "<schema.org/text>",
            "isa:<schema.org/HealthTopicContent>"
        ],
        "count": 9.0
    },
    {
        "pset": [
            "<schema.org/author>",
            "<schema.org/dateModified>",
            "<schema.org/datePublished>",
            "<schema.org/headline>",
            "<schema.org/image>",
            "<schema.org/inLanguage>",
            "<schema.org/isPartOf>",
            "<schema.org/mainEntityOfPage>",
            "<schema.org/publisher>",
            "<schema.org/thumbnailUrl>",
            "<schema.org/wordCount>",
            "isa:<schema.org/HealthTopicContent>"
        ],
        "count": 8.0
    },
    {
        "pset": [
            "<schema.org/about>",
            "<schema.org/aspect>",
            "<schema.org/audience>",
            "<schema.org/dateModified>",
            "<schema.org/datePublished>",
            "<schema.org/description>",
            "<schema.org/identifier>",
            "<schema.org/inLanguage>",
            "<schema.org/isPartOf>",
            "<schema.org/mainEntityOfPage>",
            "<schema.org/name>",
            "<schema.org/specialty>",
            "<schema.org/url>",
            "isa:<schema.org/HealthTopicContent>",
            "isa:<schema.org/MedicalWebPage>"
        ],
        "count": 5.0
    },
    {
        "pset": [
            "<schema.org/about>",
            "<schema.org/hasHealthAspect>",
            "<schema.org/image>",
            "<schema.org/name>",
            "<schema.org/thumbnailUrl>",
            "isa:<schema.org/HealthTopicContent>"
        ],
        "count": 5.0
    },
    {
        "pset": [
            "<schema.org/author>",
            "<schema.org/dateModified>",
            "<schema.org/datePublished>",
            "<schema.org/headline>",
            "<schema.org/inLanguage>",
            "<schema.org/isPartOf>",
            "<schema.org/keywords>",
            "<schema.org/mainEntityOfPage>",
            "<schema.org/publisher>",
            "<schema.org/wordCount>",
            "isa:<schema.org/HealthTopicContent>"
        ],
        "count": 4.0
    },
    {
        "pset": [
            "<schema.org/author>",
            "<schema.org/commentCount>",
            "<schema.org/dateModified>",
            "<schema.org/datePublished>",
            "<schema.org/headline>",
            "<schema.org/inLanguage>",
            "<schema.org/isPartOf>",
            "<schema.org/mainEntityOfPage>",
            "<schema.org/publisher>",
            "<schema.org/wordCount>",
            "isa:<schema.org/HealthTopicContent>"
        ],
        "count": 3.0
    },
    {
        "pset": [
            "<schema.org/about>",
            "<schema.org/accessMode>",
            "<schema.org/author>",
            "<schema.org/description>",
            "<schema.org/hasHealthAspect>",
            "<schema.org/headline>",
            "<schema.org/inLanguage>",
            "<schema.org/isFamilyFriendly>",
            "<schema.org/mainEntityOfPage>",
            "<schema.org/name>",
            "isa:<schema.org/HealthTopicContent>"
        ],
        "count": 3.0
    },
    {
        "pset": [
            "<schema.org/about>",
            "<schema.org/additionalType>",
            "<schema.org/audience>",
            "<schema.org/description>",
            "<schema.org/disambiguatingDescription>",
            "<schema.org/hasHealthAspect>",
            "<schema.org/mainEntityOfPage>",
            "<schema.org/name>",
            "<schema.org/significantLink>",
            "<schema.org/significantLinks>",
            "<schema.org/speakable>",
            "<schema.org/specialty>",
            "<schema.org/url>",
            "isa:<schema.org/HealthTopicContent>",
            "isa:<schema.org/MedicalWebPage>"
        ],
        "count": 2.0
    },
    {
        "pset": [
            "<schema.org/about>",
            "<schema.org/additionalType>",
            "<schema.org/alternativeHeadline>",
            "<schema.org/audience>",
            "<schema.org/contentLocation>",
            "<schema.org/description>",
            "<schema.org/disambiguatingDescription>",
            "<schema.org/hasHealthAspect>",
            "<schema.org/headline>",
            "<schema.org/mainEntityOfPage>",
            "<schema.org/name>",
            "<schema.org/significantLink>",
            "<schema.org/significantLinks>",
            "<schema.org/spatial>",
            "<schema.org/spatialcoverage>",
            "<schema.org/speakable>",
            "<schema.org/specialty>",
            "<schema.org/url>",
            "isa:<schema.org/HealthTopicContent>",
            "isa:<schema.org/MedicalWebPage>"
        ],
        "count": 2.0
    },
    {
        "pset": [
            "<schema.org/about>",
            "<schema.org/alternativeHeadline>",
            "<schema.org/copyrightHolder>",
            "<schema.org/exampleOfWork>",
            "<schema.org/hasHealthAspect>",
            "<schema.org/headline>",
            "<schema.org/keywords>",
            "<schema.org/name>",
            "<schema.org/publisher>",
            "<schema.org/publishingPrinciples>",
            "<schema.org/teaches>",
            "<schema.org/text>",
            "isa:<schema.org/HealthTopicContent>"
        ],
        "count": 2.0
    },
    {
        "pset": [
            "<schema.org/author>",
            "<schema.org/copyrightHolder>",
            "<schema.org/copyrightYear>",
            "<schema.org/creator>",
            "<schema.org/dateModified>",
            "<schema.org/datePublished>",
            "<schema.org/description>",
            "<schema.org/headline>",
            "<schema.org/image>",
            "<schema.org/inLanguage>",
            "<schema.org/mainEntityOfPage>",
            "<schema.org/name>",
            "<schema.org/publisher>",
            "<schema.org/url>",
            "isa:<schema.org/HealthTopicContent>"
        ],
        "count": 2.0
    },
    {
        "pset": [
            "<schema.org/author>",
            "<schema.org/dateModified>",
            "<schema.org/datePublished>",
            "<schema.org/headline>",
            "<schema.org/inLanguage>",
            "<schema.org/isPartOf>",
            "<schema.org/mainEntityOfPage>",
            "<schema.org/publisher>",
            "<schema.org/wordCount>",
            "isa:<schema.org/HealthTopicContent>"
        ],
        "count": 2.0
    },
    {
        "pset": [
            "<schema.org/author>",
            "<schema.org/commentCount>",
            "<schema.org/dateModified>",
            "<schema.org/datePublished>",
            "<schema.org/headline>",
            "<schema.org/image>",
            "<schema.org/inLanguage>",
            "<schema.org/isPartOf>",
            "<schema.org/mainEntityOfPage>",
            "<schema.org/publisher>",
            "<schema.org/thumbnailUrl>",
            "<schema.org/wordCount>",
            "isa:<schema.org/HealthTopicContent>"
        ],
        "count": 2.0
    },
    {
        "pset": [
            "<schema.org/datePublished>",
            "<schema.org/hasHealthAspect>",
            "<schema.org/headline>",
            "<schema.org/image>",
            "isa:<schema.org/HealthTopicContent>"
        ],
        "count": 2.0
    },
    {
        "pset": [
            "<schema.org/about>",
            "<schema.org/additionalType>",
            "<schema.org/alternativeHeadline>",
            "<schema.org/audience>",
            "<schema.org/dateModified>",
            "<schema.org/datePublished>",
            "<schema.org/description>",
            "<schema.org/disambiguatingDescription>",
            "<schema.org/hasHealthAspect>",
            "<schema.org/headline>",
            "<schema.org/image>",
            "<schema.org/inLanguage>",
            "<schema.org/isPartOf>",
            "<schema.org/knowsAbout>",
            "<schema.org/logo>",
            "<schema.org/mainContentOfPage>",
            "<schema.org/mainEntityOfPage>",
            "<schema.org/name>",
            "<schema.org/potentialAction>",
            "<schema.org/sameAs>",
            "<schema.org/significantLink>",
            "<schema.org/significantLinks>",
            "<schema.org/speakable>",
            "<schema.org/specialty>",
            "<schema.org/url>",
            "isa:<schema.org/HealthTopicContent>",
            "isa:<schema.org/MedicalOrganization>",
            "isa:<schema.org/MedicalWebPage>"
        ],
        "count": 1.0
    },
    {
        "pset": [
            "<schema.org/about>",
            "<schema.org/accessMode>",
            "<schema.org/author>",
            "<schema.org/description>",
            "<schema.org/hasHealthAspect>",
            "<schema.org/headline>",
            "<schema.org/inLanguage>",
            "<schema.org/isAccessibleForFree>",
            "<schema.org/isFamilyFriendly>",
            "<schema.org/mainEntityOfPage>",
            "<schema.org/name>",
            "isa:<schema.org/HealthTopicContent>"
        ],
        "count": 1.0
    },
    {
        "pset": [
            "<schema.org/about>",
            "<schema.org/aspect>",
            "<schema.org/audience>",
            "<schema.org/dateModified>",
            "<schema.org/datePublished>",
            "<schema.org/description>",
            "<schema.org/identifier>",
            "<schema.org/inLanguage>",
            "<schema.org/isPartOf>",
            "<schema.org/mainEntityOfPage>",
            "<schema.org/name>",
            "<schema.org/significantLinks>",
            "<schema.org/specialty>",
            "<schema.org/url>",
            "isa:<schema.org/HealthTopicContent>",
            "isa:<schema.org/MedicalWebPage>"
        ],
        "count": 1.0
    },
    {
        "pset": [
            "<schema.org/about>",
            "<schema.org/additionalType>",
            "<schema.org/alternativeHeadline>",
            "<schema.org/audience>",
            "<schema.org/description>",
            "<schema.org/disambiguatingDescription>",
            "<schema.org/hasHealthAspect>",
            "<schema.org/headline>",
            "<schema.org/mainContentOfPage>",
            "<schema.org/mainEntityOfPage>",
            "<schema.org/name>",
            "<schema.org/significantLink>",
            "<schema.org/significantLinks>",
            "<schema.org/speakable>",
            "<schema.org/specialty>",
            "<schema.org/url>",
            "isa:<schema.org/HealthTopicContent>",
            "isa:<schema.org/MedicalWebPage>"
        ],
        "count": 1.0
    },
    {
        "pset": [
            "<schema.org/about>",
            "<schema.org/abstract>",
            "<schema.org/audience>",
            "<schema.org/author>",
            "<schema.org/headline>",
            "<schema.org/inLanguage>",
            "<schema.org/url>",
            "isa:<schema.org/HealthTopicContent>"
        ],
        "count": 1.0
    },
    {
        "pset": [
            "<schema.org/about>",
            "<schema.org/dateModified>",
            "<schema.org/datePublished>",
            "<schema.org/description>",
            "<schema.org/inLanguage>",
            "<schema.org/isPartOf>",
            "<schema.org/name>",
            "<schema.org/potentialAction>",
            "<schema.org/url>",
            "isa:<schema.org/HealthTopicContent>",
            "isa:<schema.org/MedicalWebPage>"
        ],
        "count": 1.0
    },
    {
        "pset": [
            "<schema.org/author>",
            "<schema.org/datePublished>",
            "<schema.org/hasHealthAspect>",
            "<schema.org/headline>",
            "<schema.org/image>",
            "isa:<schema.org/HealthTopicContent>"
        ],
        "count": 1.0
    },
    {
        "pset": [
            "<schema.org/description>",
            "<schema.org/name>",
            "isa:<schema.org/HealthTopicContent>"
        ],
        "count": 1.0
    },
    {
        "pset": [
            "<schema.org/about>",
            "<schema.org/aspect>",
            "<schema.org/audience>",
            "<schema.org/dateModified>",
            "<schema.org/datePublished>",
            "<schema.org/description>",
            "<schema.org/identifier>",
            "<schema.org/inLanguage>",
            "<schema.org/isPartOf>",
            "<schema.org/mainEntityOfPage>",
            "<schema.org/name>",
            "<schema.org/url>",
            "isa:<schema.org/HealthTopicContent>",
            "isa:<schema.org/MedicalWebPage>"
        ],
        "count": 1.0
    },
    {
        "pset": [
            "<schema.org/about>",
            "<schema.org/description>",
            "<schema.org/headline>",
            "<schema.org/image>",
            "<schema.org/url>",
            "isa:<schema.org/HealthTopicContent>"
        ],
        "count": 1.0
    },
    {
        "pset": [
            "<schema.org/name>",
            "<schema.org/potentialAction>",
            "<schema.org/url>",
            "isa:<schema.org/HealthTopicContent>"
        ],
        "count": 1.0
    },
    {
        "pset": [
            "<schema.org/about>",
            "<schema.org/alternativeHeadline>",
            "<schema.org/copyrightHolder>",
            "<schema.org/exampleOfWork>",
            "<schema.org/hasHealthAspect>",
            "<schema.org/headline>",
            "<schema.org/keywords>",
            "<schema.org/name>",
            "<schema.org/publisher>",
            "<schema.org/teaches>",
            "isa:<schema.org/HealthTopicContent>"
        ],
        "count": 1.0
    }
]