[
    {
        "pset": [
            "<schema.org/address>",
            "<schema.org/alternateName>",
            "<schema.org/description>",
            "<schema.org/geo>",
            "<schema.org/isAccessibleForFree>",
            "<schema.org/maximumAttendeeCapacity>",
            "<schema.org/name>",
            "<schema.org/photo>",
            "<schema.org/publicAccess>",
            "<schema.org/smokingAllowed>",
            "isa:<schema.org/HinduTemple>"
        ],
        "count": 129.0
    },
    {
        "pset": [
            "<schema.org/address>",
            "<schema.org/alternateName>",
            "<schema.org/disambiguatingDescription>",
            "<schema.org/name>",
            "<schema.org/photo>",
            "isa:<schema.org/HinduTemple>"
        ],
        "count": 100.0
    },
    {
        "pset": [
            "<schema.org/address>",
            "<schema.org/alternateName>",
            "<schema.org/description>",
            "<schema.org/disambiguatingDescription>",
            "<schema.org/image>",
            "<schema.org/latitude>",
            "<schema.org/longitude>",
            "<schema.org/name>",
            "<schema.org/photo>",
            "<schema.org/telephone>",
            "isa:<schema.org/HinduTemple>"
        ],
        "count": 87.0
    },
    {
        "pset": [
            "<schema.org/address>",
            "<schema.org/alternateName>",
            "<schema.org/description>",
            "<schema.org/geo>",
            "<schema.org/isAccessibleForFree>",
            "<schema.org/maximumAttendeeCapacity>",
            "<schema.org/name>",
            "<schema.org/photo>",
            "<schema.org/publicAccess>",
            "<schema.org/smokingAllowed>",
            "<schema.org/url>",
            "isa:<schema.org/HinduTemple>"
        ],
        "count": 39.0
    },
    {
        "pset": [
            "<schema.org/address>",
            "<schema.org/alternateName>",
            "<schema.org/availableLanguage>",
            "<schema.org/description>",
            "<schema.org/image>",
            "<schema.org/itemListElement>",
            "<schema.org/name>",
            "<schema.org/touristType>",
            "isa:<schema.org/HinduTemple>",
            "isa:<schema.org/LandmarksOrHistoricalBuildings>",
            "isa:<schema.org/TouristAttraction>"
        ],
        "count": 31.0
    },
    {
        "pset": [
            "<schema.org/address>",
            "<schema.org/hasMap>",
            "<schema.org/image>",
            "<schema.org/name>",
            "<schema.org/telephone>",
            "isa:<schema.org/HinduTemple>",
            "isa:<schema.org/TouristAttraction>"
        ],
        "count": 30.0
    },
    {
        "pset": [
            "<schema.org/address>",
            "<schema.org/hasMap>",
            "<schema.org/image>",
            "<schema.org/name>",
            "isa:<schema.org/HinduTemple>",
            "isa:<schema.org/TouristAttraction>"
        ],
        "count": 29.0
    },
    {
        "pset": [
            "<schema.org/address>",
            "<schema.org/alternateName>",
            "<schema.org/availableLanguage>",
            "<schema.org/description>",
            "<schema.org/image>",
            "<schema.org/name>",
            "<schema.org/touristType>",
            "isa:<schema.org/HinduTemple>",
            "isa:<schema.org/TouristAttraction>"
        ],
        "count": 21.0
    },
    {
        "pset": [
            "<schema.org/address>",
            "<schema.org/alternateName>",
            "<schema.org/description>",
            "<schema.org/geo>",
            "<schema.org/logo>",
            "<schema.org/mainEntityOfPage>",
            "<schema.org/name>",
            "<schema.org/photos>",
            "<schema.org/publicAccess>",
            "<schema.org/sameAs>",
            "<schema.org/smokingAllowed>",
            "<schema.org/url>",
            "isa:<schema.org/HinduTemple>"
        ],
        "count": 16.0
    },
    {
        "pset": [
            "<schema.org/address>",
            "<schema.org/alternateName>",
            "<schema.org/availableLanguage>",
            "<schema.org/description>",
            "<schema.org/image>",
            "<schema.org/itemListElement>",
            "<schema.org/name>",
            "<schema.org/touristType>",
            "isa:<schema.org/HinduTemple>",
            "isa:<schema.org/ItemList>",
            "isa:<schema.org/LandmarksOrHistoricalBuildings>",
            "isa:<schema.org/TouristAttraction>"
        ],
        "count": 15.0
    },
    {
        "pset": [
            "<schema.org/address>",
            "<schema.org/alternateName>",
            "<schema.org/description>",
            "<schema.org/geo>",
            "<schema.org/logo>",
            "<schema.org/mainEntityOfPage>",
            "<schema.org/name>",
            "<schema.org/openingHours>",
            "<schema.org/photos>",
            "<schema.org/publicAccess>",
            "<schema.org/smokingAllowed>",
            "<schema.org/url>",
            "isa:<schema.org/HinduTemple>"
        ],
        "count": 13.0
    },
    {
        "pset": [
            "<schema.org/address>",
            "<schema.org/availableLanguage>",
            "<schema.org/description>",
            "<schema.org/image>",
            "<schema.org/itemListElement>",
            "<schema.org/name>",
            "<schema.org/touristType>",
            "isa:<schema.org/HinduTemple>",
            "isa:<schema.org/ItemList>",
            "isa:<schema.org/TouristAttraction>"
        ],
        "count": 12.0
    },
    {
        "pset": [
            "<schema.org/address>",
            "<schema.org/alternateName>",
            "<schema.org/description>",
            "<schema.org/geo>",
            "<schema.org/logo>",
            "<schema.org/mainEntityOfPage>",
            "<schema.org/name>",
            "<schema.org/openingHours>",
            "<schema.org/photos>",
            "<schema.org/publicAccess>",
            "<schema.org/sameAs>",
            "<schema.org/smokingAllowed>",
            "<schema.org/url>",
            "isa:<schema.org/HinduTemple>"
        ],
        "count": 11.0
    },
    {
        "pset": [
            "<schema.org/address>",
            "<schema.org/description>",
            "<schema.org/image>",
            "<schema.org/name>",
            "<schema.org/touristType>",
            "isa:<schema.org/HinduTemple>",
            "isa:<schema.org/Mosque>",
            "isa:<schema.org/SeaBodyOfWater>",
            "isa:<schema.org/TouristAttraction>"
        ],
        "count": 10.0
    },
    {
        "pset": [
            "<schema.org/address>",
            "<schema.org/availableLanguage>",
            "<schema.org/description>",
            "<schema.org/image>",
            "<schema.org/name>",
            "<schema.org/touristType>",
            "isa:<schema.org/HinduTemple>",
            "isa:<schema.org/TouristAttraction>"
        ],
        "count": 7.0
    },
    {
        "pset": [
            "<schema.org/address>",
            "<schema.org/alternateName>",
            "<schema.org/availableLanguage>",
            "<schema.org/description>",
            "<schema.org/image>",
            "<schema.org/name>",
            "<schema.org/touristType>",
            "isa:<schema.org/HinduTemple>",
            "isa:<schema.org/LandmarksOrHistoricalBuildings>",
            "isa:<schema.org/TouristAttraction>"
        ],
        "count": 7.0
    },
    {
        "pset": [
            "<schema.org/address>",
            "<schema.org/availableLanguage>",
            "<schema.org/description>",
            "<schema.org/image>",
            "<schema.org/name>",
            "<schema.org/touristType>",
            "isa:<schema.org/HinduTemple>",
            "isa:<schema.org/LandmarksOrHistoricalBuildings>",
            "isa:<schema.org/TouristAttraction>"
        ],
        "count": 6.0
    },
    {
        "pset": [
            "<schema.org/address>",
            "<schema.org/alternateName>",
            "<schema.org/description>",
            "<schema.org/image>",
            "<schema.org/name>",
            "<schema.org/touristType>",
            "isa:<schema.org/HinduTemple>",
            "isa:<schema.org/TouristAttraction>"
        ],
        "count": 4.0
    },
    {
        "pset": [
            "<schema.org/address>",
            "<schema.org/description>",
            "<schema.org/image>",
            "<schema.org/name>",
            "<schema.org/touristType>",
            "isa:<schema.org/HinduTemple>",
            "isa:<schema.org/LandmarksOrHistoricalBuildings>",
            "isa:<schema.org/TouristAttraction>"
        ],
        "count": 3.0
    },
    {
        "pset": [
            "<schema.org/alternateName>",
            "<schema.org/description>",
            "<schema.org/geo>",
            "<schema.org/isAccessibleForFree>",
            "<schema.org/maximumAttendeeCapacity>",
            "<schema.org/name>",
            "<schema.org/photo>",
            "<schema.org/publicAccess>",
            "<schema.org/smokingAllowed>",
            "isa:<schema.org/HinduTemple>"
        ],
        "count": 2.0
    },
    {
        "pset": [
            "<schema.org/address>",
            "<schema.org/availableLanguage>",
            "<schema.org/description>",
            "<schema.org/image>",
            "<schema.org/itemListElement>",
            "<schema.org/name>",
            "<schema.org/touristType>",
            "isa:<schema.org/HinduTemple>",
            "isa:<schema.org/ItemList>",
            "isa:<schema.org/LandmarksOrHistoricalBuildings>",
            "isa:<schema.org/TouristAttraction>"
        ],
        "count": 2.0
    },
    {
        "pset": [
            "<schema.org/alternateName>",
            "<schema.org/name>",
            "<schema.org/position>",
            "<schema.org/url>",
            "isa:<schema.org/HinduTemple>",
            "isa:<schema.org/ListItem>"
        ],
        "count": 1.0
    },
    {
        "pset": [
            "<schema.org/address>",
            "<schema.org/alternateName>",
            "<schema.org/description>",
            "<schema.org/image>",
            "<schema.org/name>",
            "<schema.org/touristType>",
            "isa:<schema.org/HinduTemple>",
            "isa:<schema.org/LandmarksOrHistoricalBuildings>",
            "isa:<schema.org/TouristAttraction>"
        ],
        "count": 1.0
    },
    {
        "pset": [
            "<schema.org/aggregateRating>",
            "<schema.org/description>",
            "<schema.org/name>",
            "isa:<schema.org/HinduTemple>"
        ],
        "count": 1.0
    },
    {
        "pset": [
            "<schema.org/name>",
            "<schema.org/position>",
            "<schema.org/url>",
            "isa:<schema.org/HinduTemple>",
            "isa:<schema.org/ListItem>"
        ],
        "count": 1.0
    },
    {
        "pset": [
            "<schema.org/AlternateName>",
            "<schema.org/address>",
            "<schema.org/availableLanguage>",
            "<schema.org/description>",
            "<schema.org/image>",
            "<schema.org/name>",
            "<schema.org/touristType>",
            "isa:<schema.org/HinduTemple>",
            "isa:<schema.org/LandmarksOrHistoricalBuildings>",
            "isa:<schema.org/TouristAttraction>"
        ],
        "count": 1.0
    },
    {
        "pset": [
            "<schema.org/address>",
            "<schema.org/description>",
            "<schema.org/image>",
            "<schema.org/name>",
            "<schema.org/publicAccess>",
            "<schema.org/touristType>",
            "isa:<schema.org/HinduTemple>",
            "isa:<schema.org/TouristAttraction>"
        ],
        "count": 1.0
    },
    {
        "pset": [
            "<schema.org/address>",
            "<schema.org/alternateName>",
            "<schema.org/description>",
            "<schema.org/image>",
            "<schema.org/name>",
            "<schema.org/touristType>",
            "isa:<schema.org/HinduTemple>",
            "isa:<schema.org/LakeBodyOfWater>",
            "isa:<schema.org/TouristAttraction>"
        ],
        "count": 1.0
    },
    {
        "pset": [
            "<schema.org/address>",
            "<schema.org/description>",
            "<schema.org/logo>",
            "<schema.org/name>",
            "<schema.org/openingHoursSpecification>",
            "<schema.org/sameAs>",
            "<schema.org/url>",
            "isa:<schema.org/HinduTemple>"
        ],
        "count": 1.0
    },
    {
        "pset": [
            "<schema.org/address>",
            "<schema.org/alternateName>",
            "<schema.org/description>",
            "<schema.org/image>",
            "<schema.org/name>",
            "<schema.org/touristType>",
            "isa:<schema.org/HinduTemple>",
            "isa:<schema.org/RiverBodyOfWater>",
            "isa:<schema.org/TouristAttraction>"
        ],
        "count": 1.0
    },
    {
        "pset": [
            "<schema.org/alternateName>",
            "<schema.org/description>",
            "<schema.org/geo>",
            "<schema.org/isAccessibleForFree>",
            "<schema.org/maximumAttendeeCapacity>",
            "<schema.org/name>",
            "<schema.org/photo>",
            "<schema.org/publicAccess>",
            "<schema.org/smokingAllowed>",
            "<schema.org/url>",
            "isa:<schema.org/HinduTemple>"
        ],
        "count": 1.0
    },
    {
        "pset": [
            "<schema.org/address>",
            "<schema.org/description>",
            "<schema.org/hasMap>",
            "<schema.org/image>",
            "<schema.org/isAccessibleForFree>",
            "<schema.org/maximumAttendeeCapacity>",
            "<schema.org/name>",
            "<schema.org/url>",
            "isa:<schema.org/HinduTemple>"
        ],
        "count": 1.0
    }
]