[
    {
        "pset": [
            "<schema.org/itemListElement>",
            "<schema.org/name>",
            "isa:<schema.org/HowToSection>"
        ],
        "count": 683519.0
    },
    {
        "pset": [
            "<schema.org/itemListElement>",
            "<schema.org/name>",
            "<schema.org/position>",
            "isa:<schema.org/HowToSection>"
        ],
        "count": 21739.0
    },
    {
        "pset": [
            "<schema.org/Name>",
            "<schema.org/itemListElement>",
            "isa:<schema.org/HowToSection>"
        ],
        "count": 11975.0
    },
    {
        "pset": [
            "<schema.org/itemListElement>",
            "isa:<schema.org/HowToSection>"
        ],
        "count": 7087.0
    },
    {
        "pset": [
            "<schema.org/image>",
            "<schema.org/itemListElement>",
            "<schema.org/name>",
            "<schema.org/url>",
            "isa:<schema.org/HowToSection>"
        ],
        "count": 1933.0
    },
    {
        "pset": [
            "<schema.org/itemListElement>",
            "<schema.org/itemListOrder>",
            "<schema.org/name>",
            "<schema.org/numberOfItems>",
            "isa:<schema.org/HowToSection>"
        ],
        "count": 1434.0
    },
    {
        "pset": [
            "<schema.org/name>",
            "<schema.org/steps>",
            "isa:<schema.org/HowToSection>"
        ],
        "count": 1422.0
    },
    {
        "pset": [
            "<schema.org/image>",
            "<schema.org/itemListElement>",
            "<schema.org/name>",
            "<schema.org/position>",
            "isa:<schema.org/HowToSection>"
        ],
        "count": 1139.0
    },
    {
        "pset": [
            "<schema.org/ItemListElement>",
            "<schema.org/name>",
            "isa:<schema.org/HowToSection>"
        ],
        "count": 1075.0
    },
    {
        "pset": [
            "<schema.org/image>",
            "<schema.org/itemListElement>",
            "<schema.org/name>",
            "isa:<schema.org/HowToSection>"
        ],
        "count": 935.0
    },
    {
        "pset": [
            "<schema.org/itemListElement>",
            "<schema.org/name>",
            "<schema.org/position>",
            "<schema.org/url>",
            "isa:<schema.org/HowToSection>"
        ],
        "count": 676.0
    },
    {
        "pset": [
            "<schema.org/itemListElement>",
            "<schema.org/name>",
            "<schema.org/position>",
            "isa:<schema.org/HowToSection>",
            "isa:<schema.org/ItemList>",
            "isa:<schema.org/ListItem>"
        ],
        "count": 614.0
    },
    {
        "pset": [
            "<schema.org/name>",
            "isa:<schema.org/HowToSection>"
        ],
        "count": 540.0
    },
    {
        "pset": [
            "<schema.org/itemlistElement>",
            "<schema.org/name>",
            "isa:<schema.org/HowToSection>"
        ],
        "count": 389.0
    },
    {
        "pset": [
            "<schema.org/text>",
            "isa:<schema.org/HowToSection>"
        ],
        "count": 348.0
    },
    {
        "pset": [
            "<schema.org/name>",
            "<schema.org/text>",
            "isa:<schema.org/HowToSection>"
        ],
        "count": 251.0
    },
    {
        "pset": [
            "<schema.org/itemListElement>",
            "<schema.org/name>",
            "<schema.org/url>",
            "isa:<schema.org/HowToSection>"
        ],
        "count": 118.0
    },
    {
        "pset": [
            "<schema.org/description>",
            "<schema.org/itemListElement>",
            "<schema.org/name>",
            "<schema.org/position>",
            "<schema.org/url>",
            "isa:<schema.org/HowToSection>"
        ],
        "count": 115.0
    },
    {
        "pset": [
            "<schema.org/itemListElement>",
            "<schema.org/name>",
            "<schema.org/position>",
            "<schema.org/text>",
            "<schema.org/url>",
            "isa:<schema.org/HowToSection>"
        ],
        "count": 102.0
    },
    {
        "pset": [
            "<schema.org/name>",
            "<schema.org/position>",
            "isa:<schema.org/HowToSection>"
        ],
        "count": 75.0
    },
    {
        "pset": [
            "<schema.org/description>",
            "<schema.org/image>",
            "<schema.org/itemListElement>",
            "<schema.org/name>",
            "<schema.org/url>",
            "isa:<schema.org/HowToSection>"
        ],
        "count": 44.0
    },
    {
        "pset": [
            "<schema.org/description>",
            "<schema.org/itemListElement>",
            "<schema.org/itemListOrder>",
            "<schema.org/name>",
            "<schema.org/numberOfItems>",
            "isa:<schema.org/HowToSection>"
        ],
        "count": 40.0
    },
    {
        "pset": [
            "<schema.org/abstract>",
            "<schema.org/itemListElement>",
            "<schema.org/name>",
            "<schema.org/url>",
            "isa:<schema.org/HowToSection>"
        ],
        "count": 22.0
    },
    {
        "pset": [
            "<schema.org/name>",
            "<schema.org/url>",
            "isa:<schema.org/HowToSection>"
        ],
        "count": 16.0
    },
    {
        "pset": [
            "<schema.org/Position>",
            "<schema.org/description>",
            "<schema.org/itemListElement>",
            "<schema.org/name>",
            "<schema.org/url>",
            "<schema.org/video>",
            "isa:<schema.org/HowToSection>"
        ],
        "count": 15.0
    },
    {
        "pset": [
            "<schema.org/description>",
            "<schema.org/image>",
            "<schema.org/itemListElement>",
            "<schema.org/name>",
            "<schema.org/position>",
            "isa:<schema.org/HowToSection>"
        ],
        "count": 14.0
    },
    {
        "pset": [
            "<schema.org/description>",
            "<schema.org/image>",
            "<schema.org/name>",
            "<schema.org/url>",
            "isa:<schema.org/HowToSection>"
        ],
        "count": 13.0
    },
    {
        "pset": [
            "<schema.org/Name>",
            "isa:<schema.org/HowToSection>"
        ],
        "count": 12.0
    },
    {
        "pset": [
            "<schema.org/itemListElement>",
            "<schema.org/name>",
            "<schema.org/position>",
            "<schema.org/url>",
            "<schema.org/video>",
            "isa:<schema.org/HowToSection>"
        ],
        "count": 10.0
    },
    {
        "pset": [
            "<schema.org/image>",
            "<schema.org/itemListElement>",
            "<schema.org/name>",
            "<schema.org/video>",
            "isa:<schema.org/HowToSection>"
        ],
        "count": 9.0
    },
    {
        "pset": [
            "<schema.org/itemListElement>",
            "<schema.org/itemListOrder>",
            "<schema.org/name>",
            "isa:<schema.org/HowToSection>"
        ],
        "count": 9.0
    },
    {
        "pset": [
            "<schema.org/description>",
            "<schema.org/itemListElement>",
            "<schema.org/name>",
            "<schema.org/url>",
            "isa:<schema.org/HowToSection>"
        ],
        "count": 9.0
    },
    {
        "pset": [
            "<schema.org/itemListElement>",
            "<schema.org/position>",
            "isa:<schema.org/HowToSection>"
        ],
        "count": 8.0
    },
    {
        "pset": [
            "<schema.org/itemListElement>",
            "<schema.org/name>",
            "<schema.org/text>",
            "<schema.org/url>",
            "isa:<schema.org/HowToSection>"
        ],
        "count": 8.0
    },
    {
        "pset": [
            "<schema.org/itemListElement>",
            "<schema.org/name>",
            "<schema.org/text>",
            "isa:<schema.org/HowToSection>"
        ],
        "count": 8.0
    },
    {
        "pset": [
            "<schema.org/Description>",
            "<schema.org/itemListElement>",
            "<schema.org/name>",
            "<schema.org/position>",
            "<schema.org/url>",
            "<schema.org/video>",
            "isa:<schema.org/HowToSection>"
        ],
        "count": 8.0
    },
    {
        "pset": [
            "<schema.org/image>",
            "<schema.org/name>",
            "<schema.org/text>",
            "<schema.org/url>",
            "isa:<schema.org/HowToSection>"
        ],
        "count": 7.0
    },
    {
        "pset": [
            "<schema.org/itemListElement>",
            "<schema.org/name>",
            "<schema.org/totalTime>",
            "<schema.org/url>",
            "isa:<schema.org/HowToSection>"
        ],
        "count": 7.0
    },
    {
        "pset": [
            "<schema.org/itemListOrder>",
            "<schema.org/name>",
            "<schema.org/steps>",
            "isa:<schema.org/HowToSection>"
        ],
        "count": 7.0
    },
    {
        "pset": [
            "<schema.org/steps>",
            "isa:<schema.org/HowToSection>"
        ],
        "count": 6.0
    },
    {
        "pset": [
            "<schema.org/itemListElement>",
            "<schema.org/name>",
            "<schema.org/url>",
            "<schema.org/video>",
            "isa:<schema.org/HowToSection>"
        ],
        "count": 5.0
    },
    {
        "pset": [
            "<schema.org/image>",
            "<schema.org/itemListElement>",
            "<schema.org/name>",
            "<schema.org/text>",
            "<schema.org/url>",
            "isa:<schema.org/HowToSection>"
        ],
        "count": 5.0
    },
    {
        "pset": [
            "<schema.org/description>",
            "<schema.org/itemListElement>",
            "<schema.org/name>",
            "<schema.org/position>",
            "isa:<schema.org/HowToSection>"
        ],
        "count": 5.0
    },
    {
        "pset": [
            "<schema.org/itemListElement>",
            "<schema.org/name>",
            "<schema.org/supply>",
            "<schema.org/tool>",
            "<schema.org/totalTime>",
            "isa:<schema.org/HowToSection>"
        ],
        "count": 5.0
    },
    {
        "pset": [
            "<schema.org/description>",
            "<schema.org/itemListElement>",
            "<schema.org/name>",
            "isa:<schema.org/HowToSection>"
        ],
        "count": 5.0
    },
    {
        "pset": [
            "<schema.org/about>",
            "<schema.org/itemListElement>",
            "<schema.org/name>",
            "<schema.org/position>",
            "isa:<schema.org/HowToSection>"
        ],
        "count": 4.0
    },
    {
        "pset": [
            "<schema.org/itemListElement>",
            "<schema.org/url>",
            "isa:<schema.org/HowToSection>"
        ],
        "count": 3.0
    },
    {
        "pset": [
            "<schema.org/description>",
            "<schema.org/image>",
            "<schema.org/itemListElement>",
            "<schema.org/name>",
            "<schema.org/position>",
            "<schema.org/url>",
            "isa:<schema.org/HowToSection>"
        ],
        "count": 3.0
    },
    {
        "pset": [
            "<schema.org/description>",
            "<schema.org/itemListOrder>",
            "<schema.org/name>",
            "<schema.org/numberOfItems>",
            "isa:<schema.org/HowToSection>"
        ],
        "count": 3.0
    },
    {
        "pset": [
            "<schema.org/ItemListElement>",
            "<schema.org/name>",
            "<schema.org/position>",
            "isa:<schema.org/HowToSection>"
        ],
        "count": 2.0
    },
    {
        "pset": [
            "<schema.org/itemListElement>",
            "<schema.org/name>",
            "<schema.org/numberOfItems>",
            "<schema.org/position>",
            "isa:<schema.org/HowToSection>"
        ],
        "count": 2.0
    },
    {
        "pset": [
            "<schema.org/author>",
            "<schema.org/copyrightHolder>",
            "<schema.org/copyrightYear>",
            "<schema.org/creator>",
            "<schema.org/dateModified>",
            "<schema.org/datePublished>",
            "<schema.org/description>",
            "<schema.org/headline>",
            "<schema.org/image>",
            "<schema.org/inLanguage>",
            "<schema.org/mainEntityOfPage>",
            "<schema.org/name>",
            "<schema.org/potentialAction>",
            "<schema.org/publisher>",
            "<schema.org/url>",
            "isa:<schema.org/HowToSection>"
        ],
        "count": 2.0
    },
    {
        "pset": [
            "<schema.org/itemListElement>",
            "<schema.org/name>",
            "<schema.org/tool>",
            "isa:<schema.org/HowToSection>"
        ],
        "count": 2.0
    },
    {
        "pset": [
            "<schema.org/text>",
            "<schema.org/url>",
            "isa:<schema.org/HowToSection>"
        ],
        "count": 2.0
    },
    {
        "pset": [
            "<schema.org/Description>",
            "<schema.org/itemListElement>",
            "<schema.org/name>",
            "<schema.org/position>",
            "<schema.org/url>",
            "isa:<schema.org/HowToSection>"
        ],
        "count": 1.0
    },
    {
        "pset": [
            "<schema.org/itemListElement>",
            "<schema.org/name>",
            "<schema.org/position>",
            "<schema.org/supply>",
            "<schema.org/tool>",
            "isa:<schema.org/HowToSection>"
        ],
        "count": 1.0
    },
    {
        "pset": [
            "<schema.org/image>",
            "<schema.org/itemListElement>",
            "<schema.org/name>",
            "<schema.org/position>",
            "<schema.org/url>",
            "isa:<schema.org/HowToSection>"
        ],
        "count": 1.0
    },
    {
        "pset": [
            "<schema.org/name>",
            "<schema.org/text>",
            "<schema.org/url>",
            "isa:<schema.org/HowToSection>"
        ],
        "count": 1.0
    },
    {
        "pset": [
            "<schema.org/description>",
            "<schema.org/image>",
            "<schema.org/itemListElement>",
            "<schema.org/name>",
            "isa:<schema.org/HowToSection>"
        ],
        "count": 1.0
    },
    {
        "pset": [
            "<schema.org/image>",
            "<schema.org/itemListElement>",
            "<schema.org/itemListOrder>",
            "<schema.org/name>",
            "<schema.org/url>",
            "isa:<schema.org/HowToSection>"
        ],
        "count": 1.0
    },
    {
        "pset": [
            "<schema.org/itemListElement>",
            "<schema.org/name>",
            "<schema.org/video>",
            "isa:<schema.org/HowToSection>"
        ],
        "count": 1.0
    }
]