[
    {
        "pset": [
            "<schema.org/description>",
            "<schema.org/image>",
            "<schema.org/mainEntityOfPage>",
            "<schema.org/name>",
            "<schema.org/potentialAction>",
            "<schema.org/url>",
            "isa:<schema.org/JoinAction>"
        ],
        "count": 8.0
    },
    {
        "pset": [
            "<schema.org/agent>",
            "<schema.org/participant>",
            "<schema.org/target>",
            "isa:<schema.org/JoinAction>"
        ],
        "count": 7.0
    },
    {
        "pset": [
            "<schema.org/name>",
            "<schema.org/url>",
            "isa:<schema.org/JoinAction>"
        ],
        "count": 3.0
    }
]