[
    {
        "pset": [
            "<schema.org/description>",
            "<schema.org/geo>",
            "<schema.org/image>",
            "<schema.org/isAccessibleForFree>",
            "<schema.org/name>",
            "<schema.org/publicAccess>",
            "<schema.org/url>",
            "isa:<schema.org/Landform>"
        ],
        "count": 130823.0
    },
    {
        "pset": [
            "<schema.org/description>",
            "<schema.org/geo>",
            "<schema.org/isAccessibleForFree>",
            "<schema.org/name>",
            "<schema.org/publicAccess>",
            "<schema.org/url>",
            "isa:<schema.org/Landform>"
        ],
        "count": 39853.0
    },
    {
        "pset": [
            "<schema.org/description>",
            "<schema.org/image>",
            "<schema.org/mainEntityOfPage>",
            "<schema.org/name>",
            "<schema.org/url>",
            "isa:<schema.org/Landform>"
        ],
        "count": 1524.0
    },
    {
        "pset": [
            "<schema.org/address>",
            "<schema.org/description>",
            "<schema.org/geo>",
            "<schema.org/name>",
            "isa:<schema.org/Landform>"
        ],
        "count": 1085.0
    },
    {
        "pset": [
            "<schema.org/geo>",
            "<schema.org/name>",
            "isa:<schema.org/Landform>"
        ],
        "count": 339.0
    },
    {
        "pset": [
            "<schema.org/address>",
            "<schema.org/description>",
            "<schema.org/geo>",
            "<schema.org/image>",
            "<schema.org/name>",
            "<schema.org/telephone>",
            "<schema.org/url>",
            "isa:<schema.org/Landform>"
        ],
        "count": 256.0
    },
    {
        "pset": [
            "<schema.org/address>",
            "<schema.org/geo>",
            "<schema.org/hasMap>",
            "<schema.org/url>",
            "isa:<schema.org/Landform>"
        ],
        "count": 77.0
    },
    {
        "pset": [
            "<schema.org/aggregateRating>",
            "<schema.org/amenityFeature>",
            "<schema.org/geo>",
            "<schema.org/name>",
            "<schema.org/potentialAction>",
            "<schema.org/sameAs>",
            "isa:<schema.org/Landform>"
        ],
        "count": 62.0
    },
    {
        "pset": [
            "<schema.org/address>",
            "<schema.org/description>",
            "<schema.org/geo>",
            "<schema.org/name>",
            "<schema.org/telephone>",
            "<schema.org/url>",
            "isa:<schema.org/Landform>"
        ],
        "count": 51.0
    },
    {
        "pset": [
            "<schema.org/address>",
            "<schema.org/geo>",
            "<schema.org/logo>",
            "<schema.org/name>",
            "<schema.org/url>",
            "isa:<schema.org/Landform>"
        ],
        "count": 50.0
    },
    {
        "pset": [
            "<schema.org/address>",
            "<schema.org/amenityFeature>",
            "<schema.org/description>",
            "<schema.org/floorLevel>",
            "<schema.org/floorSize>",
            "<schema.org/image>",
            "<schema.org/name>",
            "<schema.org/numberOfRooms>",
            "<schema.org/offers>",
            "<schema.org/petsAllowed>",
            "<schema.org/potentialAction>",
            "<schema.org/sameAs>",
            "<schema.org/sku>",
            "<schema.org/url>",
            "isa:<schema.org/Landform>",
            "isa:<schema.org/Product>"
        ],
        "count": 47.0
    },
    {
        "pset": [
            "<schema.org/aggregateRating>",
            "<schema.org/amenityFeature>",
            "<schema.org/containedInPlace>",
            "<schema.org/geo>",
            "<schema.org/image>",
            "<schema.org/name>",
            "<schema.org/potentialAction>",
            "<schema.org/sameAs>",
            "isa:<schema.org/Landform>"
        ],
        "count": 44.0
    },
    {
        "pset": [
            "<schema.org/address>",
            "<schema.org/description>",
            "<schema.org/geo>",
            "<schema.org/image>",
            "<schema.org/name>",
            "<schema.org/telephone>",
            "isa:<schema.org/Landform>"
        ],
        "count": 38.0
    },
    {
        "pset": [
            "<schema.org/amenityFeature>",
            "<schema.org/geo>",
            "<schema.org/name>",
            "<schema.org/potentialAction>",
            "<schema.org/sameAs>",
            "isa:<schema.org/Landform>"
        ],
        "count": 32.0
    },
    {
        "pset": [
            "<schema.org/description>",
            "<schema.org/name>",
            "isa:<schema.org/Landform>"
        ],
        "count": 32.0
    },
    {
        "pset": [
            "<schema.org/address>",
            "<schema.org/aggregateRating>",
            "<schema.org/description>",
            "<schema.org/geo>",
            "<schema.org/image>",
            "<schema.org/name>",
            "<schema.org/telephone>",
            "isa:<schema.org/Landform>"
        ],
        "count": 29.0
    },
    {
        "pset": [
            "<schema.org/address>",
            "<schema.org/description>",
            "<schema.org/geo>",
            "<schema.org/image>",
            "<schema.org/logo>",
            "<schema.org/name>",
            "<schema.org/telephone>",
            "<schema.org/url>",
            "isa:<schema.org/Landform>"
        ],
        "count": 25.0
    },
    {
        "pset": [
            "<schema.org/address>",
            "<schema.org/description>",
            "<schema.org/geo>",
            "<schema.org/image>",
            "<schema.org/name>",
            "<schema.org/url>",
            "isa:<schema.org/Landform>"
        ],
        "count": 19.0
    },
    {
        "pset": [
            "<schema.org/address>",
            "<schema.org/description>",
            "<schema.org/image>",
            "<schema.org/mainEntityOfPage>",
            "<schema.org/name>",
            "<schema.org/telephone>",
            "<schema.org/url>",
            "isa:<schema.org/Landform>"
        ],
        "count": 18.0
    },
    {
        "pset": [
            "<schema.org/amenityFeature>",
            "<schema.org/containedInPlace>",
            "<schema.org/geo>",
            "<schema.org/image>",
            "<schema.org/name>",
            "<schema.org/potentialAction>",
            "<schema.org/sameAs>",
            "isa:<schema.org/Landform>"
        ],
        "count": 16.0
    },
    {
        "pset": [
            "<schema.org/description>",
            "<schema.org/eventStatus>",
            "<schema.org/identifier>",
            "<schema.org/image>",
            "<schema.org/location>",
            "<schema.org/name>",
            "<schema.org/url>",
            "isa:<schema.org/Landform>"
        ],
        "count": 16.0
    },
    {
        "pset": [
            "<schema.org/description>",
            "<schema.org/name>",
            "<schema.org/photo>",
            "<schema.org/url>",
            "isa:<schema.org/Landform>"
        ],
        "count": 15.0
    },
    {
        "pset": [
            "<schema.org/additionalType>",
            "<schema.org/address>",
            "<schema.org/aggregateRating>",
            "<schema.org/availableLanguage>",
            "<schema.org/description>",
            "<schema.org/geo>",
            "<schema.org/image>",
            "<schema.org/isAccessibleForFree>",
            "<schema.org/name>",
            "<schema.org/priceRange>",
            "<schema.org/publicAccess>",
            "<schema.org/telephone>",
            "<schema.org/touristType>",
            "<schema.org/url>",
            "isa:<schema.org/Landform>",
            "isa:<schema.org/LocalBusiness>",
            "isa:<schema.org/TouristAttraction>"
        ],
        "count": 14.0
    },
    {
        "pset": [
            "<schema.org/address>",
            "<schema.org/description>",
            "<schema.org/email>",
            "<schema.org/geo>",
            "<schema.org/image>",
            "<schema.org/name>",
            "<schema.org/petsAllowed>",
            "<schema.org/telephone>",
            "<schema.org/url>",
            "isa:<schema.org/Landform>"
        ],
        "count": 13.0
    },
    {
        "pset": [
            "<schema.org/aggregateRating>",
            "<schema.org/description>",
            "<schema.org/geo>",
            "<schema.org/name>",
            "<schema.org/url>",
            "isa:<schema.org/Landform>"
        ],
        "count": 10.0
    },
    {
        "pset": [
            "<schema.org/name>",
            "isa:<schema.org/Landform>"
        ],
        "count": 7.0
    },
    {
        "pset": [
            "<schema.org/address>",
            "<schema.org/description>",
            "<schema.org/image>",
            "<schema.org/name>",
            "<schema.org/telephone>",
            "<schema.org/url>",
            "isa:<schema.org/Landform>"
        ],
        "count": 6.0
    },
    {
        "pset": [
            "<schema.org/address>",
            "<schema.org/description>",
            "<schema.org/image>",
            "<schema.org/name>",
            "<schema.org/url>",
            "isa:<schema.org/Landform>"
        ],
        "count": 5.0
    },
    {
        "pset": [
            "<schema.org/address>",
            "<schema.org/description>",
            "<schema.org/mainEntityOfPage>",
            "<schema.org/name>",
            "<schema.org/telephone>",
            "<schema.org/url>",
            "isa:<schema.org/Landform>"
        ],
        "count": 4.0
    },
    {
        "pset": [
            "<schema.org/description>",
            "<schema.org/geo>",
            "<schema.org/name>",
            "<schema.org/url>",
            "isa:<schema.org/Landform>"
        ],
        "count": 4.0
    },
    {
        "pset": [
            "<schema.org/address>",
            "<schema.org/description>",
            "<schema.org/geo>",
            "<schema.org/image>",
            "<schema.org/logo>",
            "<schema.org/name>",
            "<schema.org/url>",
            "isa:<schema.org/Landform>"
        ],
        "count": 4.0
    },
    {
        "pset": [
            "<schema.org/description>",
            "<schema.org/geo>",
            "<schema.org/name>",
            "<schema.org/photo>",
            "<schema.org/url>",
            "isa:<schema.org/Landform>"
        ],
        "count": 4.0
    },
    {
        "pset": [
            "<schema.org/additionalProperty>",
            "<schema.org/address>",
            "<schema.org/description>",
            "<schema.org/geo>",
            "<schema.org/name>",
            "<schema.org/photo>",
            "<schema.org/telephone>",
            "<schema.org/url>",
            "isa:<schema.org/Landform>"
        ],
        "count": 3.0
    },
    {
        "pset": [
            "<schema.org/address>",
            "<schema.org/description>",
            "<schema.org/name>",
            "<schema.org/telephone>",
            "<schema.org/url>",
            "isa:<schema.org/Landform>"
        ],
        "count": 3.0
    },
    {
        "pset": [
            "<schema.org/address>",
            "<schema.org/floorSize>",
            "<schema.org/geo>",
            "<schema.org/name>",
            "<schema.org/url>",
            "isa:<schema.org/Landform>"
        ],
        "count": 2.0
    },
    {
        "pset": [
            "<schema.org/description>",
            "<schema.org/image>",
            "<schema.org/name>",
            "<schema.org/offers>",
            "isa:<schema.org/Landform>",
            "isa:<schema.org/Product>"
        ],
        "count": 2.0
    },
    {
        "pset": [
            "<schema.org/address>",
            "<schema.org/description>",
            "<schema.org/geo>",
            "<schema.org/image>",
            "<schema.org/name>",
            "<schema.org/petsAllowed>",
            "<schema.org/telephone>",
            "<schema.org/url>",
            "isa:<schema.org/Landform>"
        ],
        "count": 2.0
    },
    {
        "pset": [
            "<schema.org/alternateName>",
            "<schema.org/description>",
            "<schema.org/geo>",
            "<schema.org/image>",
            "<schema.org/name>",
            "<schema.org/photo>",
            "<schema.org/url>",
            "isa:<schema.org/Landform>"
        ],
        "count": 2.0
    },
    {
        "pset": [
            "<schema.org/amenityFeature>",
            "<schema.org/containedInPlace>",
            "<schema.org/geo>",
            "<schema.org/name>",
            "<schema.org/potentialAction>",
            "<schema.org/sameAs>",
            "isa:<schema.org/Landform>"
        ],
        "count": 2.0
    },
    {
        "pset": [
            "<schema.org/address>",
            "<schema.org/description>",
            "<schema.org/geo>",
            "<schema.org/name>",
            "<schema.org/url>",
            "isa:<schema.org/Landform>"
        ],
        "count": 1.0
    },
    {
        "pset": [
            "<schema.org/containedInPlace>",
            "<schema.org/description>",
            "<schema.org/geo>",
            "<schema.org/hasMap>",
            "<schema.org/image>",
            "<schema.org/name>",
            "<schema.org/sameAs>",
            "<schema.org/touristType>",
            "isa:<schema.org/Landform>",
            "isa:<schema.org/TouristAttraction>"
        ],
        "count": 1.0
    },
    {
        "pset": [
            "<schema.org/Distance>",
            "<schema.org/additionalProperty>",
            "<schema.org/containedInPlace>",
            "<schema.org/description>",
            "<schema.org/fromLocation>",
            "<schema.org/geo>",
            "<schema.org/image>",
            "<schema.org/name>",
            "<schema.org/sameAs>",
            "<schema.org/toLocation>",
            "<schema.org/touristType>",
            "isa:<schema.org/Landform>",
            "isa:<schema.org/TouristAttraction>",
            "isa:<schema.org/TravelAction>"
        ],
        "count": 1.0
    }
]