[
    {
        "pset": [
            "<schema.org/alternateName>",
            "<schema.org/code>",
            "<schema.org/name>",
            "isa:<schema.org/LifestyleModification>"
        ],
        "count": 2020.0
    },
    {
        "pset": [
            "<schema.org/name>",
            "isa:<schema.org/LifestyleModification>"
        ],
        "count": 271.0
    },
    {
        "pset": [
            "<schema.org/description>",
            "<schema.org/name>",
            "isa:<schema.org/LifestyleModification>"
        ],
        "count": 70.0
    },
    {
        "pset": [
            "<schema.org/description>",
            "<schema.org/name>",
            "<schema.org/url>",
            "isa:<schema.org/LifestyleModification>"
        ],
        "count": 20.0
    },
    {
        "pset": [
            "<schema.org/description>",
            "<schema.org/image>",
            "<schema.org/mainEntityOfPage>",
            "<schema.org/name>",
            "<schema.org/url>",
            "isa:<schema.org/LifestyleModification>"
        ],
        "count": 14.0
    },
    {
        "pset": [
            "isa:<schema.org/LifestyleModification>"
        ],
        "count": 8.0
    },
    {
        "pset": [
            "<schema.org/address>",
            "<schema.org/contactPoint>",
            "<schema.org/email>",
            "<schema.org/geo>",
            "<schema.org/logo>",
            "<schema.org/name>",
            "<schema.org/openingHoursSpecification>",
            "<schema.org/telephone>",
            "<schema.org/url>",
            "isa:<schema.org/LifestyleModification>"
        ],
        "count": 5.0
    },
    {
        "pset": [
            "<schema.org/address>",
            "<schema.org/aggregateRating>",
            "<schema.org/alternateName>",
            "<schema.org/description>",
            "<schema.org/email>",
            "<schema.org/founder>",
            "<schema.org/foundingDate>",
            "<schema.org/foundingLocation>",
            "<schema.org/geo>",
            "<schema.org/hasMap>",
            "<schema.org/image>",
            "<schema.org/location>",
            "<schema.org/logo>",
            "<schema.org/medicalSpecialty>",
            "<schema.org/medicineSystem>",
            "<schema.org/name>",
            "<schema.org/openingHours>",
            "<schema.org/priceRange>",
            "<schema.org/sameAs>",
            "<schema.org/taxID>",
            "<schema.org/telephone>",
            "<schema.org/url>",
            "isa:<schema.org/LifestyleModification>",
            "isa:<schema.org/MedicalClinic>",
            "isa:<schema.org/MedicalEntity>",
            "isa:<schema.org/MedicalOrganization>",
            "isa:<schema.org/MedicalProcedure>",
            "isa:<schema.org/PsychologicalTreatment>"
        ],
        "count": 4.0
    },
    {
        "pset": [
            "<schema.org/description>",
            "<schema.org/image>",
            "<schema.org/name>",
            "<schema.org/sameAs>",
            "<schema.org/url>",
            "isa:<schema.org/LifestyleModification>"
        ],
        "count": 1.0
    },
    {
        "pset": [
            "<schema.org/description>",
            "<schema.org/guideline>",
            "isa:<schema.org/LifestyleModification>"
        ],
        "count": 1.0
    }
]