[
    {
        "pset": [
            "<schema.org/author>",
            "<schema.org/name>",
            "isa:<schema.org/Manuscript>"
        ],
        "count": 439.0
    },
    {
        "pset": [
            "<schema.org/author>",
            "<schema.org/description>",
            "<schema.org/inLanguage>",
            "<schema.org/isPartOf>",
            "<schema.org/keywords>",
            "<schema.org/mentions>",
            "<schema.org/name>",
            "<schema.org/sameAs>",
            "<schema.org/url>",
            "isa:<schema.org/Manuscript>"
        ],
        "count": 19.0
    },
    {
        "pset": [
            "<schema.org/comment>",
            "<schema.org/creator>",
            "<schema.org/datePublished>",
            "<schema.org/description>",
            "<schema.org/image>",
            "<schema.org/inLanguage>",
            "<schema.org/name>",
            "<schema.org/provider>",
            "<schema.org/thumbnailUrl>",
            "<schema.org/url>",
            "isa:<schema.org/Manuscript>"
        ],
        "count": 7.0
    },
    {
        "pset": [
            "<schema.org/description>",
            "<schema.org/inLanguage>",
            "<schema.org/isPartOf>",
            "<schema.org/keywords>",
            "<schema.org/mentions>",
            "<schema.org/name>",
            "<schema.org/sameAs>",
            "<schema.org/sender>",
            "<schema.org/url>",
            "isa:<schema.org/Manuscript>",
            "isa:<schema.org/Message>"
        ],
        "count": 6.0
    },
    {
        "pset": [
            "<schema.org/author>",
            "<schema.org/description>",
            "<schema.org/inLanguage>",
            "<schema.org/isPartOf>",
            "<schema.org/keywords>",
            "<schema.org/mentions>",
            "<schema.org/name>",
            "<schema.org/sameAs>",
            "<schema.org/sku>",
            "<schema.org/spatial>",
            "<schema.org/url>",
            "isa:<schema.org/Manuscript>"
        ],
        "count": 5.0
    },
    {
        "pset": [
            "<schema.org/about>",
            "<schema.org/creator>",
            "<schema.org/dateCreated>",
            "<schema.org/description>",
            "<schema.org/identifier>",
            "<schema.org/isAvailableForFree>",
            "<schema.org/maintainer>",
            "<schema.org/name>",
            "<schema.org/temporal>",
            "<schema.org/thumbnailUrl>",
            "<schema.org/usageInfo>",
            "isa:<schema.org/Manuscript>"
        ],
        "count": 5.0
    },
    {
        "pset": [
            "<schema.org/about>",
            "<schema.org/author>",
            "<schema.org/copyrightNotice>",
            "<schema.org/copyrightYear>",
            "<schema.org/mainEntity>",
            "<schema.org/sameAs>",
            "<schema.org/temporal>",
            "<schema.org/translator>",
            "<schema.org/url>",
            "isa:<schema.org/Manuscript>"
        ],
        "count": 5.0
    },
    {
        "pset": [
            "<schema.org/alternativeHeadline>",
            "<schema.org/author>",
            "<schema.org/citation>",
            "<schema.org/dateCreated>",
            "<schema.org/datePublished>",
            "<schema.org/description>",
            "<schema.org/inLanguage>",
            "<schema.org/isPartOf>",
            "<schema.org/keywords>",
            "<schema.org/mentions>",
            "<schema.org/name>",
            "<schema.org/sameAs>",
            "<schema.org/url>",
            "isa:<schema.org/Manuscript>"
        ],
        "count": 5.0
    },
    {
        "pset": [
            "<schema.org/alternativeHeadline>",
            "<schema.org/author>",
            "<schema.org/citation>",
            "<schema.org/dateCreated>",
            "<schema.org/datePublished>",
            "<schema.org/description>",
            "<schema.org/inLanguage>",
            "<schema.org/isPartOf>",
            "<schema.org/keywords>",
            "<schema.org/name>",
            "<schema.org/sameAs>",
            "<schema.org/url>",
            "isa:<schema.org/Manuscript>"
        ],
        "count": 5.0
    },
    {
        "pset": [
            "<schema.org/alternativeHeadline>",
            "<schema.org/dateCreated>",
            "<schema.org/inLanguage>",
            "<schema.org/isPartOf>",
            "<schema.org/keywords>",
            "<schema.org/locationCreated>",
            "<schema.org/mentions>",
            "<schema.org/name>",
            "<schema.org/numberOfPages>",
            "<schema.org/recipient>",
            "<schema.org/sameAs>",
            "<schema.org/sku>",
            "<schema.org/spatial>",
            "<schema.org/url>",
            "isa:<schema.org/Manuscript>",
            "isa:<schema.org/Message>"
        ],
        "count": 5.0
    },
    {
        "pset": [
            "<schema.org/alternativeHeadline>",
            "<schema.org/author>",
            "<schema.org/citation>",
            "<schema.org/dateCreated>",
            "<schema.org/datePublished>",
            "<schema.org/description>",
            "<schema.org/inLanguage>",
            "<schema.org/isPartOf>",
            "<schema.org/keywords>",
            "<schema.org/mentions>",
            "<schema.org/name>",
            "<schema.org/sameAs>",
            "<schema.org/sku>",
            "<schema.org/spatial>",
            "<schema.org/url>",
            "isa:<schema.org/Manuscript>"
        ],
        "count": 5.0
    },
    {
        "pset": [
            "<schema.org/author>",
            "<schema.org/description>",
            "<schema.org/inLanguage>",
            "<schema.org/keywords>",
            "<schema.org/mentions>",
            "<schema.org/name>",
            "<schema.org/sameAs>",
            "<schema.org/url>",
            "isa:<schema.org/Manuscript>"
        ],
        "count": 4.0
    },
    {
        "pset": [
            "<schema.org/alternativeHeadline>",
            "<schema.org/citation>",
            "<schema.org/dateCreated>",
            "<schema.org/isPartOf>",
            "<schema.org/keywords>",
            "<schema.org/locationCreated>",
            "<schema.org/mentions>",
            "<schema.org/name>",
            "<schema.org/recipient>",
            "<schema.org/sameAs>",
            "<schema.org/sender>",
            "<schema.org/sku>",
            "<schema.org/spatial>",
            "<schema.org/url>",
            "isa:<schema.org/Manuscript>",
            "isa:<schema.org/Message>"
        ],
        "count": 4.0
    },
    {
        "pset": [
            "<schema.org/about>",
            "<schema.org/contributor>",
            "<schema.org/creator>",
            "<schema.org/datePublished>",
            "<schema.org/description>",
            "<schema.org/identifier>",
            "<schema.org/inLanguage>",
            "<schema.org/isAvailableForFree>",
            "<schema.org/maintainer>",
            "<schema.org/name>",
            "<schema.org/publisher>",
            "<schema.org/temporal>",
            "<schema.org/thumbnailUrl>",
            "<schema.org/usageInfo>",
            "isa:<schema.org/Manuscript>"
        ],
        "count": 4.0
    },
    {
        "pset": [
            "<schema.org/alternativeHeadline>",
            "<schema.org/citation>",
            "<schema.org/dateCreated>",
            "<schema.org/height>",
            "<schema.org/inLanguage>",
            "<schema.org/isPartOf>",
            "<schema.org/keywords>",
            "<schema.org/locationCreated>",
            "<schema.org/mentions>",
            "<schema.org/name>",
            "<schema.org/numberOfPages>",
            "<schema.org/recipient>",
            "<schema.org/sameAs>",
            "<schema.org/sender>",
            "<schema.org/sku>",
            "<schema.org/spatial>",
            "<schema.org/url>",
            "<schema.org/width>",
            "isa:<schema.org/Manuscript>",
            "isa:<schema.org/Message>"
        ],
        "count": 4.0
    },
    {
        "pset": [
            "<schema.org/alternativeHeadline>",
            "<schema.org/author>",
            "<schema.org/citation>",
            "<schema.org/dateCreated>",
            "<schema.org/datePublished>",
            "<schema.org/description>",
            "<schema.org/inLanguage>",
            "<schema.org/isPartOf>",
            "<schema.org/keywords>",
            "<schema.org/locationCreated>",
            "<schema.org/mentions>",
            "<schema.org/name>",
            "<schema.org/sameAs>",
            "<schema.org/url>",
            "isa:<schema.org/Manuscript>"
        ],
        "count": 4.0
    },
    {
        "pset": [
            "<schema.org/author>",
            "<schema.org/citation>",
            "<schema.org/dateCreated>",
            "<schema.org/description>",
            "<schema.org/inLanguage>",
            "<schema.org/isPartOf>",
            "<schema.org/keywords>",
            "<schema.org/mentions>",
            "<schema.org/name>",
            "<schema.org/sameAs>",
            "<schema.org/url>",
            "isa:<schema.org/Manuscript>"
        ],
        "count": 4.0
    },
    {
        "pset": [
            "<schema.org/author>",
            "<schema.org/citation>",
            "<schema.org/dateCreated>",
            "<schema.org/datePublished>",
            "<schema.org/description>",
            "<schema.org/inLanguage>",
            "<schema.org/isPartOf>",
            "<schema.org/keywords>",
            "<schema.org/mentions>",
            "<schema.org/name>",
            "<schema.org/sameAs>",
            "<schema.org/url>",
            "isa:<schema.org/Manuscript>"
        ],
        "count": 4.0
    },
    {
        "pset": [
            "<schema.org/alternativeHeadline>",
            "<schema.org/citation>",
            "<schema.org/dateCreated>",
            "<schema.org/height>",
            "<schema.org/inLanguage>",
            "<schema.org/isPartOf>",
            "<schema.org/keywords>",
            "<schema.org/mentions>",
            "<schema.org/name>",
            "<schema.org/numberOfPages>",
            "<schema.org/recipient>",
            "<schema.org/sameAs>",
            "<schema.org/sender>",
            "<schema.org/sku>",
            "<schema.org/spatial>",
            "<schema.org/url>",
            "<schema.org/width>",
            "isa:<schema.org/Manuscript>",
            "isa:<schema.org/Message>"
        ],
        "count": 3.0
    },
    {
        "pset": [
            "<schema.org/alternativeHeadline>",
            "<schema.org/author>",
            "<schema.org/dateCreated>",
            "<schema.org/datePublished>",
            "<schema.org/description>",
            "<schema.org/inLanguage>",
            "<schema.org/isPartOf>",
            "<schema.org/keywords>",
            "<schema.org/name>",
            "<schema.org/sameAs>",
            "<schema.org/sku>",
            "<schema.org/spatial>",
            "<schema.org/url>",
            "isa:<schema.org/Manuscript>"
        ],
        "count": 3.0
    },
    {
        "pset": [
            "<schema.org/alternativeHeadline>",
            "<schema.org/dateCreated>",
            "<schema.org/description>",
            "<schema.org/isPartOf>",
            "<schema.org/keywords>",
            "<schema.org/locationCreated>",
            "<schema.org/mentions>",
            "<schema.org/name>",
            "<schema.org/recipient>",
            "<schema.org/sameAs>",
            "<schema.org/sender>",
            "<schema.org/sku>",
            "<schema.org/spatial>",
            "<schema.org/url>",
            "isa:<schema.org/Manuscript>",
            "isa:<schema.org/Message>"
        ],
        "count": 3.0
    },
    {
        "pset": [
            "<schema.org/alternativeHeadline>",
            "<schema.org/citation>",
            "<schema.org/dateCreated>",
            "<schema.org/height>",
            "<schema.org/inLanguage>",
            "<schema.org/isPartOf>",
            "<schema.org/keywords>",
            "<schema.org/locationCreated>",
            "<schema.org/mentions>",
            "<schema.org/name>",
            "<schema.org/recipient>",
            "<schema.org/sameAs>",
            "<schema.org/sender>",
            "<schema.org/sku>",
            "<schema.org/spatial>",
            "<schema.org/url>",
            "<schema.org/width>",
            "isa:<schema.org/Manuscript>",
            "isa:<schema.org/Message>"
        ],
        "count": 3.0
    },
    {
        "pset": [
            "<schema.org/author>",
            "<schema.org/citation>",
            "<schema.org/dateCreated>",
            "<schema.org/description>",
            "<schema.org/inLanguage>",
            "<schema.org/isPartOf>",
            "<schema.org/keywords>",
            "<schema.org/mentions>",
            "<schema.org/name>",
            "<schema.org/sameAs>",
            "<schema.org/sku>",
            "<schema.org/spatial>",
            "<schema.org/url>",
            "isa:<schema.org/Manuscript>"
        ],
        "count": 3.0
    },
    {
        "pset": [
            "<schema.org/creator>",
            "<schema.org/datePublished>",
            "<schema.org/description>",
            "<schema.org/identifier>",
            "<schema.org/isAvailableForFree>",
            "<schema.org/maintainer>",
            "<schema.org/name>",
            "<schema.org/publisher>",
            "<schema.org/temporal>",
            "<schema.org/thumbnailUrl>",
            "<schema.org/usageInfo>",
            "isa:<schema.org/Manuscript>"
        ],
        "count": 3.0
    },
    {
        "pset": [
            "<schema.org/about>",
            "<schema.org/contributor>",
            "<schema.org/creator>",
            "<schema.org/dateCreated>",
            "<schema.org/description>",
            "<schema.org/identifier>",
            "<schema.org/inLanguage>",
            "<schema.org/isAvailableForFree>",
            "<schema.org/maintainer>",
            "<schema.org/name>",
            "<schema.org/publisher>",
            "<schema.org/temporal>",
            "<schema.org/thumbnailUrl>",
            "<schema.org/usageInfo>",
            "isa:<schema.org/Manuscript>"
        ],
        "count": 3.0
    },
    {
        "pset": [
            "<schema.org/author>",
            "<schema.org/inLanguage>",
            "<schema.org/keywords>",
            "<schema.org/mentions>",
            "<schema.org/name>",
            "<schema.org/sameAs>",
            "<schema.org/url>",
            "isa:<schema.org/Manuscript>"
        ],
        "count": 3.0
    },
    {
        "pset": [
            "<schema.org/creator>",
            "<schema.org/dateCreated>",
            "<schema.org/description>",
            "<schema.org/identifier>",
            "<schema.org/inLanguage>",
            "<schema.org/isAvailableForFree>",
            "<schema.org/maintainer>",
            "<schema.org/name>",
            "<schema.org/temporal>",
            "<schema.org/thumbnailUrl>",
            "<schema.org/usageInfo>",
            "isa:<schema.org/Manuscript>"
        ],
        "count": 3.0
    },
    {
        "pset": [
            "<schema.org/contributor>",
            "<schema.org/creator>",
            "<schema.org/dateCreated>",
            "<schema.org/description>",
            "<schema.org/identifier>",
            "<schema.org/inLanguage>",
            "<schema.org/isAvailableForFree>",
            "<schema.org/maintainer>",
            "<schema.org/name>",
            "<schema.org/publisher>",
            "<schema.org/temporal>",
            "<schema.org/thumbnailUrl>",
            "<schema.org/usageInfo>",
            "isa:<schema.org/Manuscript>"
        ],
        "count": 3.0
    },
    {
        "pset": [
            "<schema.org/about>",
            "<schema.org/dateCreated>",
            "<schema.org/description>",
            "<schema.org/identifier>",
            "<schema.org/isAvailableForFree>",
            "<schema.org/maintainer>",
            "<schema.org/name>",
            "<schema.org/publisher>",
            "<schema.org/temporal>",
            "<schema.org/thumbnailUrl>",
            "<schema.org/usageInfo>",
            "isa:<schema.org/Manuscript>"
        ],
        "count": 3.0
    },
    {
        "pset": [
            "<schema.org/contributor>",
            "<schema.org/creator>",
            "<schema.org/datePublished>",
            "<schema.org/description>",
            "<schema.org/identifier>",
            "<schema.org/inLanguage>",
            "<schema.org/isAvailableForFree>",
            "<schema.org/maintainer>",
            "<schema.org/name>",
            "<schema.org/publisher>",
            "<schema.org/temporal>",
            "<schema.org/thumbnailUrl>",
            "<schema.org/usageInfo>",
            "isa:<schema.org/Manuscript>"
        ],
        "count": 3.0
    },
    {
        "pset": [
            "<schema.org/author>",
            "<schema.org/citation>",
            "<schema.org/description>",
            "<schema.org/inLanguage>",
            "<schema.org/isPartOf>",
            "<schema.org/keywords>",
            "<schema.org/mentions>",
            "<schema.org/name>",
            "<schema.org/sameAs>",
            "<schema.org/url>",
            "isa:<schema.org/Manuscript>"
        ],
        "count": 3.0
    },
    {
        "pset": [
            "<schema.org/about>",
            "<schema.org/contributor>",
            "<schema.org/creator>",
            "<schema.org/datePublished>",
            "<schema.org/description>",
            "<schema.org/identifier>",
            "<schema.org/isAvailableForFree>",
            "<schema.org/maintainer>",
            "<schema.org/name>",
            "<schema.org/publisher>",
            "<schema.org/temporal>",
            "<schema.org/thumbnailUrl>",
            "<schema.org/usageInfo>",
            "isa:<schema.org/Manuscript>"
        ],
        "count": 3.0
    },
    {
        "pset": [
            "<schema.org/about>",
            "<schema.org/creator>",
            "<schema.org/dateCreated>",
            "<schema.org/description>",
            "<schema.org/identifier>",
            "<schema.org/inLanguage>",
            "<schema.org/isAvailableForFree>",
            "<schema.org/maintainer>",
            "<schema.org/name>",
            "<schema.org/publisher>",
            "<schema.org/temporal>",
            "<schema.org/thumbnailUrl>",
            "<schema.org/usageInfo>",
            "isa:<schema.org/Manuscript>"
        ],
        "count": 3.0
    },
    {
        "pset": [
            "<schema.org/alternativeHeadline>",
            "<schema.org/dateCreated>",
            "<schema.org/description>",
            "<schema.org/inLanguage>",
            "<schema.org/isPartOf>",
            "<schema.org/keywords>",
            "<schema.org/locationCreated>",
            "<schema.org/mentions>",
            "<schema.org/name>",
            "<schema.org/numberOfPages>",
            "<schema.org/recipient>",
            "<schema.org/sameAs>",
            "<schema.org/sender>",
            "<schema.org/url>",
            "isa:<schema.org/Manuscript>",
            "isa:<schema.org/Message>"
        ],
        "count": 3.0
    },
    {
        "pset": [
            "<schema.org/alternativeHeadline>",
            "<schema.org/author>",
            "<schema.org/description>",
            "<schema.org/inLanguage>",
            "<schema.org/isPartOf>",
            "<schema.org/keywords>",
            "<schema.org/mentions>",
            "<schema.org/name>",
            "<schema.org/sameAs>",
            "<schema.org/url>",
            "isa:<schema.org/Manuscript>"
        ],
        "count": 2.0
    },
    {
        "pset": [
            "<schema.org/alternativeHeadline>",
            "<schema.org/dateCreated>",
            "<schema.org/inLanguage>",
            "<schema.org/isPartOf>",
            "<schema.org/keywords>",
            "<schema.org/locationCreated>",
            "<schema.org/name>",
            "<schema.org/numberOfPages>",
            "<schema.org/recipient>",
            "<schema.org/sameAs>",
            "<schema.org/sender>",
            "<schema.org/sku>",
            "<schema.org/spatial>",
            "<schema.org/url>",
            "isa:<schema.org/Manuscript>",
            "isa:<schema.org/Message>"
        ],
        "count": 2.0
    },
    {
        "pset": [
            "<schema.org/author>",
            "<schema.org/description>",
            "<schema.org/inLanguage>",
            "<schema.org/isPartOf>",
            "<schema.org/keywords>",
            "<schema.org/name>",
            "<schema.org/sameAs>",
            "<schema.org/url>",
            "isa:<schema.org/Manuscript>"
        ],
        "count": 2.0
    },
    {
        "pset": [
            "<schema.org/alternativeHeadline>",
            "<schema.org/citation>",
            "<schema.org/dateCreated>",
            "<schema.org/inLanguage>",
            "<schema.org/isPartOf>",
            "<schema.org/keywords>",
            "<schema.org/locationCreated>",
            "<schema.org/name>",
            "<schema.org/recipient>",
            "<schema.org/sameAs>",
            "<schema.org/sender>",
            "<schema.org/sku>",
            "<schema.org/spatial>",
            "<schema.org/url>",
            "isa:<schema.org/Manuscript>",
            "isa:<schema.org/Message>"
        ],
        "count": 2.0
    },
    {
        "pset": [
            "<schema.org/alternativeHeadline>",
            "<schema.org/author>",
            "<schema.org/dateCreated>",
            "<schema.org/datePublished>",
            "<schema.org/description>",
            "<schema.org/inLanguage>",
            "<schema.org/isPartOf>",
            "<schema.org/keywords>",
            "<schema.org/mentions>",
            "<schema.org/name>",
            "<schema.org/sameAs>",
            "<schema.org/url>",
            "isa:<schema.org/Manuscript>"
        ],
        "count": 2.0
    },
    {
        "pset": [
            "<schema.org/author>",
            "<schema.org/height>",
            "<schema.org/inLanguage>",
            "<schema.org/isPartOf>",
            "<schema.org/keywords>",
            "<schema.org/mentions>",
            "<schema.org/name>",
            "<schema.org/sameAs>",
            "<schema.org/sku>",
            "<schema.org/spatial>",
            "<schema.org/url>",
            "<schema.org/width>",
            "isa:<schema.org/Manuscript>"
        ],
        "count": 2.0
    },
    {
        "pset": [
            "<schema.org/alternativeHeadline>",
            "<schema.org/dateCreated>",
            "<schema.org/inLanguage>",
            "<schema.org/keywords>",
            "<schema.org/locationCreated>",
            "<schema.org/name>",
            "<schema.org/numberOfPages>",
            "<schema.org/recipient>",
            "<schema.org/sameAs>",
            "<schema.org/sender>",
            "<schema.org/url>",
            "isa:<schema.org/Manuscript>",
            "isa:<schema.org/Message>"
        ],
        "count": 2.0
    },
    {
        "pset": [
            "<schema.org/about>",
            "<schema.org/creator>",
            "<schema.org/datePublished>",
            "<schema.org/description>",
            "<schema.org/identifier>",
            "<schema.org/isAvailableForFree>",
            "<schema.org/maintainer>",
            "<schema.org/name>",
            "<schema.org/publisher>",
            "<schema.org/temporal>",
            "<schema.org/thumbnailUrl>",
            "<schema.org/usageInfo>",
            "isa:<schema.org/Manuscript>"
        ],
        "count": 2.0
    },
    {
        "pset": [
            "<schema.org/author>",
            "<schema.org/citation>",
            "<schema.org/datePublished>",
            "<schema.org/description>",
            "<schema.org/inLanguage>",
            "<schema.org/isPartOf>",
            "<schema.org/keywords>",
            "<schema.org/mentions>",
            "<schema.org/name>",
            "<schema.org/sameAs>",
            "<schema.org/url>",
            "isa:<schema.org/Manuscript>"
        ],
        "count": 2.0
    },
    {
        "pset": [
            "<schema.org/alternativeHeadline>",
            "<schema.org/author>",
            "<schema.org/datePublished>",
            "<schema.org/description>",
            "<schema.org/inLanguage>",
            "<schema.org/isPartOf>",
            "<schema.org/keywords>",
            "<schema.org/mentions>",
            "<schema.org/name>",
            "<schema.org/sameAs>",
            "<schema.org/sku>",
            "<schema.org/spatial>",
            "<schema.org/url>",
            "isa:<schema.org/Manuscript>"
        ],
        "count": 2.0
    },
    {
        "pset": [
            "<schema.org/alternativeHeadline>",
            "<schema.org/author>",
            "<schema.org/dateCreated>",
            "<schema.org/description>",
            "<schema.org/inLanguage>",
            "<schema.org/isPartOf>",
            "<schema.org/keywords>",
            "<schema.org/mentions>",
            "<schema.org/name>",
            "<schema.org/sameAs>",
            "<schema.org/sku>",
            "<schema.org/spatial>",
            "<schema.org/url>",
            "isa:<schema.org/Manuscript>"
        ],
        "count": 2.0
    },
    {
        "pset": [
            "<schema.org/author>",
            "<schema.org/dateCreated>",
            "<schema.org/datePublished>",
            "<schema.org/description>",
            "<schema.org/inLanguage>",
            "<schema.org/isPartOf>",
            "<schema.org/keywords>",
            "<schema.org/mentions>",
            "<schema.org/name>",
            "<schema.org/sameAs>",
            "<schema.org/url>",
            "isa:<schema.org/Manuscript>"
        ],
        "count": 2.0
    },
    {
        "pset": [
            "<schema.org/alternativeHeadline>",
            "<schema.org/dateCreated>",
            "<schema.org/datePublished>",
            "<schema.org/description>",
            "<schema.org/inLanguage>",
            "<schema.org/isPartOf>",
            "<schema.org/keywords>",
            "<schema.org/name>",
            "<schema.org/recipient>",
            "<schema.org/sameAs>",
            "<schema.org/sender>",
            "<schema.org/url>",
            "isa:<schema.org/Manuscript>",
            "isa:<schema.org/Message>"
        ],
        "count": 2.0
    },
    {
        "pset": [
            "<schema.org/alternativeHeadline>",
            "<schema.org/citation>",
            "<schema.org/dateCreated>",
            "<schema.org/isPartOf>",
            "<schema.org/keywords>",
            "<schema.org/locationCreated>",
            "<schema.org/mentions>",
            "<schema.org/name>",
            "<schema.org/numberOfPages>",
            "<schema.org/recipient>",
            "<schema.org/sameAs>",
            "<schema.org/sender>",
            "<schema.org/sku>",
            "<schema.org/spatial>",
            "<schema.org/url>",
            "isa:<schema.org/Manuscript>",
            "isa:<schema.org/Message>"
        ],
        "count": 2.0
    },
    {
        "pset": [
            "<schema.org/author>",
            "<schema.org/description>",
            "<schema.org/inLanguage>",
            "<schema.org/isPartOf>",
            "<schema.org/mentions>",
            "<schema.org/name>",
            "<schema.org/sameAs>",
            "<schema.org/url>",
            "isa:<schema.org/Manuscript>"
        ],
        "count": 2.0
    },
    {
        "pset": [
            "<schema.org/author>",
            "<schema.org/datePublished>",
            "<schema.org/description>",
            "<schema.org/inLanguage>",
            "<schema.org/isPartOf>",
            "<schema.org/keywords>",
            "<schema.org/mentions>",
            "<schema.org/name>",
            "<schema.org/sameAs>",
            "<schema.org/url>",
            "isa:<schema.org/Manuscript>"
        ],
        "count": 2.0
    },
    {
        "pset": [
            "<schema.org/alternativeHeadline>",
            "<schema.org/citation>",
            "<schema.org/dateCreated>",
            "<schema.org/height>",
            "<schema.org/inLanguage>",
            "<schema.org/isPartOf>",
            "<schema.org/keywords>",
            "<schema.org/mentions>",
            "<schema.org/name>",
            "<schema.org/recipient>",
            "<schema.org/sameAs>",
            "<schema.org/sender>",
            "<schema.org/sku>",
            "<schema.org/spatial>",
            "<schema.org/url>",
            "<schema.org/width>",
            "isa:<schema.org/Manuscript>",
            "isa:<schema.org/Message>"
        ],
        "count": 2.0
    },
    {
        "pset": [
            "<schema.org/creator>",
            "<schema.org/dateCreated>",
            "<schema.org/description>",
            "<schema.org/identifier>",
            "<schema.org/inLanguage>",
            "<schema.org/isAvailableForFree>",
            "<schema.org/maintainer>",
            "<schema.org/name>",
            "<schema.org/publisher>",
            "<schema.org/temporal>",
            "<schema.org/thumbnailUrl>",
            "<schema.org/usageInfo>",
            "isa:<schema.org/Manuscript>"
        ],
        "count": 2.0
    },
    {
        "pset": [
            "<schema.org/author>",
            "<schema.org/citation>",
            "<schema.org/dateCreated>",
            "<schema.org/description>",
            "<schema.org/inLanguage>",
            "<schema.org/isPartOf>",
            "<schema.org/keywords>",
            "<schema.org/mentions>",
            "<schema.org/name>",
            "<schema.org/numberOfPages>",
            "<schema.org/sameAs>",
            "<schema.org/url>",
            "isa:<schema.org/Manuscript>"
        ],
        "count": 2.0
    },
    {
        "pset": [
            "<schema.org/alternativeHeadline>",
            "<schema.org/citation>",
            "<schema.org/dateCreated>",
            "<schema.org/inLanguage>",
            "<schema.org/isPartOf>",
            "<schema.org/keywords>",
            "<schema.org/locationCreated>",
            "<schema.org/name>",
            "<schema.org/numberOfPages>",
            "<schema.org/recipient>",
            "<schema.org/sameAs>",
            "<schema.org/sender>",
            "<schema.org/sku>",
            "<schema.org/spatial>",
            "<schema.org/url>",
            "isa:<schema.org/Manuscript>",
            "isa:<schema.org/Message>"
        ],
        "count": 2.0
    },
    {
        "pset": [
            "<schema.org/author>",
            "<schema.org/citation>",
            "<schema.org/dateCreated>",
            "<schema.org/datePublished>",
            "<schema.org/description>",
            "<schema.org/inLanguage>",
            "<schema.org/isPartOf>",
            "<schema.org/keywords>",
            "<schema.org/locationCreated>",
            "<schema.org/mentions>",
            "<schema.org/name>",
            "<schema.org/sameAs>",
            "<schema.org/url>",
            "isa:<schema.org/Manuscript>"
        ],
        "count": 2.0
    },
    {
        "pset": [
            "<schema.org/author>",
            "<schema.org/dateCreated>",
            "<schema.org/datePublished>",
            "<schema.org/description>",
            "<schema.org/inLanguage>",
            "<schema.org/isPartOf>",
            "<schema.org/keywords>",
            "<schema.org/mentions>",
            "<schema.org/name>",
            "<schema.org/sameAs>",
            "<schema.org/sku>",
            "<schema.org/spatial>",
            "<schema.org/url>",
            "isa:<schema.org/Manuscript>"
        ],
        "count": 2.0
    },
    {
        "pset": [
            "<schema.org/alternativeHeadline>",
            "<schema.org/author>",
            "<schema.org/description>",
            "<schema.org/inLanguage>",
            "<schema.org/isPartOf>",
            "<schema.org/keywords>",
            "<schema.org/mentions>",
            "<schema.org/name>",
            "<schema.org/sameAs>",
            "<schema.org/sku>",
            "<schema.org/spatial>",
            "<schema.org/url>",
            "isa:<schema.org/Manuscript>"
        ],
        "count": 2.0
    },
    {
        "pset": [
            "<schema.org/author>",
            "<schema.org/citation>",
            "<schema.org/dateCreated>",
            "<schema.org/datePublished>",
            "<schema.org/description>",
            "<schema.org/inLanguage>",
            "<schema.org/isPartOf>",
            "<schema.org/keywords>",
            "<schema.org/name>",
            "<schema.org/sameAs>",
            "<schema.org/sku>",
            "<schema.org/spatial>",
            "<schema.org/url>",
            "isa:<schema.org/Manuscript>"
        ],
        "count": 2.0
    },
    {
        "pset": [
            "<schema.org/alternativeHeadline>",
            "<schema.org/author>",
            "<schema.org/dateCreated>",
            "<schema.org/inLanguage>",
            "<schema.org/keywords>",
            "<schema.org/name>",
            "<schema.org/recipient>",
            "<schema.org/sameAs>",
            "<schema.org/sku>",
            "<schema.org/spatial>",
            "<schema.org/url>",
            "isa:<schema.org/Manuscript>"
        ],
        "count": 1.0
    },
    {
        "pset": [
            "<schema.org/alternativeHeadline>",
            "<schema.org/author>",
            "<schema.org/description>",
            "<schema.org/inLanguage>",
            "<schema.org/isPartOf>",
            "<schema.org/keywords>",
            "<schema.org/name>",
            "<schema.org/sameAs>",
            "<schema.org/url>",
            "isa:<schema.org/Manuscript>"
        ],
        "count": 1.0
    },
    {
        "pset": [
            "<schema.org/alternativeHeadline>",
            "<schema.org/author>",
            "<schema.org/contributor>",
            "<schema.org/dateCreated>",
            "<schema.org/description>",
            "<schema.org/inLanguage>",
            "<schema.org/isPartOf>",
            "<schema.org/keywords>",
            "<schema.org/mentions>",
            "<schema.org/name>",
            "<schema.org/sameAs>",
            "<schema.org/sku>",
            "<schema.org/spatial>",
            "<schema.org/url>",
            "isa:<schema.org/Manuscript>"
        ],
        "count": 1.0
    },
    {
        "pset": [
            "<schema.org/description>",
            "<schema.org/inLanguage>",
            "<schema.org/isPartOf>",
            "<schema.org/keywords>",
            "<schema.org/mentions>",
            "<schema.org/name>",
            "<schema.org/sameAs>",
            "<schema.org/url>",
            "isa:<schema.org/Manuscript>",
            "isa:<schema.org/Message>"
        ],
        "count": 1.0
    },
    {
        "pset": [
            "<schema.org/alternativeHeadline>",
            "<schema.org/author>",
            "<schema.org/contributor>",
            "<schema.org/description>",
            "<schema.org/inLanguage>",
            "<schema.org/isPartOf>",
            "<schema.org/keywords>",
            "<schema.org/mentions>",
            "<schema.org/name>",
            "<schema.org/sameAs>",
            "<schema.org/sku>",
            "<schema.org/spatial>",
            "<schema.org/url>",
            "isa:<schema.org/Manuscript>"
        ],
        "count": 1.0
    },
    {
        "pset": [
            "<schema.org/dateCreated>",
            "<schema.org/description>",
            "<schema.org/inLanguage>",
            "<schema.org/isPartOf>",
            "<schema.org/keywords>",
            "<schema.org/locationCreated>",
            "<schema.org/mentions>",
            "<schema.org/name>",
            "<schema.org/recipient>",
            "<schema.org/sameAs>",
            "<schema.org/sender>",
            "<schema.org/url>",
            "isa:<schema.org/Manuscript>",
            "isa:<schema.org/Message>"
        ],
        "count": 1.0
    },
    {
        "pset": [
            "<schema.org/alternativeHeadline>",
            "<schema.org/dateCreated>",
            "<schema.org/height>",
            "<schema.org/inLanguage>",
            "<schema.org/keywords>",
            "<schema.org/locationCreated>",
            "<schema.org/mentions>",
            "<schema.org/name>",
            "<schema.org/numberOfPages>",
            "<schema.org/recipient>",
            "<schema.org/sameAs>",
            "<schema.org/sender>",
            "<schema.org/url>",
            "<schema.org/width>",
            "isa:<schema.org/Manuscript>",
            "isa:<schema.org/Message>"
        ],
        "count": 1.0
    },
    {
        "pset": [
            "<schema.org/alternativeHeadline>",
            "<schema.org/description>",
            "<schema.org/inLanguage>",
            "<schema.org/isPartOf>",
            "<schema.org/keywords>",
            "<schema.org/mentions>",
            "<schema.org/name>",
            "<schema.org/recipient>",
            "<schema.org/sameAs>",
            "<schema.org/sender>",
            "<schema.org/sku>",
            "<schema.org/spatial>",
            "<schema.org/url>",
            "isa:<schema.org/Manuscript>",
            "isa:<schema.org/Message>"
        ],
        "count": 1.0
    },
    {
        "pset": [
            "<schema.org/author>",
            "<schema.org/citation>",
            "<schema.org/contributor>",
            "<schema.org/dateCreated>",
            "<schema.org/datePublished>",
            "<schema.org/description>",
            "<schema.org/height>",
            "<schema.org/inLanguage>",
            "<schema.org/isPartOf>",
            "<schema.org/keywords>",
            "<schema.org/locationCreated>",
            "<schema.org/mentions>",
            "<schema.org/name>",
            "<schema.org/sameAs>",
            "<schema.org/sku>",
            "<schema.org/spatial>",
            "<schema.org/url>",
            "<schema.org/width>",
            "isa:<schema.org/Manuscript>"
        ],
        "count": 1.0
    },
    {
        "pset": [
            "<schema.org/description>",
            "<schema.org/inLanguage>",
            "<schema.org/isPartOf>",
            "<schema.org/keywords>",
            "<schema.org/mentions>",
            "<schema.org/name>",
            "<schema.org/sameAs>",
            "<schema.org/url>",
            "isa:<schema.org/Manuscript>"
        ],
        "count": 1.0
    },
    {
        "pset": [
            "<schema.org/author>",
            "<schema.org/description>",
            "<schema.org/inLanguage>",
            "<schema.org/isPartOf>",
            "<schema.org/keywords>",
            "<schema.org/mentions>",
            "<schema.org/name>",
            "<schema.org/numberOfPages>",
            "<schema.org/sameAs>",
            "<schema.org/url>",
            "isa:<schema.org/Manuscript>"
        ],
        "count": 1.0
    },
    {
        "pset": [
            "<schema.org/author>",
            "<schema.org/contributor>",
            "<schema.org/dateCreated>",
            "<schema.org/description>",
            "<schema.org/inLanguage>",
            "<schema.org/isPartOf>",
            "<schema.org/keywords>",
            "<schema.org/name>",
            "<schema.org/sameAs>",
            "<schema.org/url>",
            "isa:<schema.org/Manuscript>"
        ],
        "count": 1.0
    },
    {
        "pset": [
            "<schema.org/alternativeHeadline>",
            "<schema.org/inLanguage>",
            "<schema.org/isPartOf>",
            "<schema.org/keywords>",
            "<schema.org/locationCreated>",
            "<schema.org/mentions>",
            "<schema.org/name>",
            "<schema.org/recipient>",
            "<schema.org/sameAs>",
            "<schema.org/sender>",
            "<schema.org/url>",
            "isa:<schema.org/Manuscript>",
            "isa:<schema.org/Message>"
        ],
        "count": 1.0
    },
    {
        "pset": [
            "<schema.org/author>",
            "<schema.org/dateCreated>",
            "<schema.org/inLanguage>",
            "<schema.org/isPartOf>",
            "<schema.org/keywords>",
            "<schema.org/mentions>",
            "<schema.org/name>",
            "<schema.org/numberOfPages>",
            "<schema.org/sameAs>",
            "<schema.org/sku>",
            "<schema.org/spatial>",
            "<schema.org/url>",
            "isa:<schema.org/Manuscript>"
        ],
        "count": 1.0
    },
    {
        "pset": [
            "<schema.org/alternativeHeadline>",
            "<schema.org/dateCreated>",
            "<schema.org/isPartOf>",
            "<schema.org/keywords>",
            "<schema.org/mentions>",
            "<schema.org/name>",
            "<schema.org/recipient>",
            "<schema.org/sameAs>",
            "<schema.org/sender>",
            "<schema.org/sku>",
            "<schema.org/spatial>",
            "<schema.org/url>",
            "isa:<schema.org/Manuscript>",
            "isa:<schema.org/Message>"
        ],
        "count": 1.0
    },
    {
        "pset": [
            "<schema.org/author>",
            "<schema.org/description>",
            "<schema.org/inLanguage>",
            "<schema.org/mentions>",
            "<schema.org/name>",
            "<schema.org/sameAs>",
            "<schema.org/url>",
            "isa:<schema.org/Manuscript>"
        ],
        "count": 1.0
    },
    {
        "pset": [
            "<schema.org/author>",
            "<schema.org/dateCreated>",
            "<schema.org/inLanguage>",
            "<schema.org/keywords>",
            "<schema.org/mentions>",
            "<schema.org/name>",
            "<schema.org/sameAs>",
            "<schema.org/url>",
            "isa:<schema.org/Manuscript>"
        ],
        "count": 1.0
    },
    {
        "pset": [
            "<schema.org/description>",
            "<schema.org/inLanguage>",
            "<schema.org/keywords>",
            "<schema.org/mentions>",
            "<schema.org/name>",
            "<schema.org/sameAs>",
            "<schema.org/sender>",
            "<schema.org/url>",
            "isa:<schema.org/Manuscript>",
            "isa:<schema.org/Message>"
        ],
        "count": 1.0
    },
    {
        "pset": [
            "<schema.org/alternativeHeadline>",
            "<schema.org/author>",
            "<schema.org/datePublished>",
            "<schema.org/inLanguage>",
            "<schema.org/isPartOf>",
            "<schema.org/keywords>",
            "<schema.org/mentions>",
            "<schema.org/name>",
            "<schema.org/sameAs>",
            "<schema.org/url>",
            "isa:<schema.org/Manuscript>"
        ],
        "count": 1.0
    },
    {
        "pset": [
            "<schema.org/description>",
            "<schema.org/inLanguage>",
            "<schema.org/isPartOf>",
            "<schema.org/keywords>",
            "<schema.org/mentions>",
            "<schema.org/name>",
            "<schema.org/recipient>",
            "<schema.org/sameAs>",
            "<schema.org/sender>",
            "<schema.org/sku>",
            "<schema.org/spatial>",
            "<schema.org/url>",
            "isa:<schema.org/Manuscript>",
            "isa:<schema.org/Message>"
        ],
        "count": 1.0
    },
    {
        "pset": [
            "<schema.org/artist>",
            "<schema.org/author>",
            "<schema.org/dateCreated>",
            "<schema.org/datePublished>",
            "<schema.org/description>",
            "<schema.org/inLanguage>",
            "<schema.org/isPartOf>",
            "<schema.org/keywords>",
            "<schema.org/name>",
            "<schema.org/sameAs>",
            "<schema.org/url>",
            "isa:<schema.org/Manuscript>"
        ],
        "count": 1.0
    },
    {
        "pset": [
            "<schema.org/alternativeHeadline>",
            "<schema.org/contributor>",
            "<schema.org/dateCreated>",
            "<schema.org/description>",
            "<schema.org/isPartOf>",
            "<schema.org/keywords>",
            "<schema.org/locationCreated>",
            "<schema.org/mentions>",
            "<schema.org/name>",
            "<schema.org/recipient>",
            "<schema.org/sameAs>",
            "<schema.org/sender>",
            "<schema.org/sku>",
            "<schema.org/spatial>",
            "<schema.org/url>",
            "isa:<schema.org/Manuscript>",
            "isa:<schema.org/Message>"
        ],
        "count": 1.0
    },
    {
        "pset": [
            "<schema.org/author>",
            "<schema.org/datePublished>",
            "<schema.org/inLanguage>",
            "<schema.org/keywords>",
            "<schema.org/mentions>",
            "<schema.org/name>",
            "<schema.org/sameAs>",
            "<schema.org/url>",
            "isa:<schema.org/Manuscript>"
        ],
        "count": 1.0
    },
    {
        "pset": [
            "<schema.org/alternativeHeadline>",
            "<schema.org/citation>",
            "<schema.org/inLanguage>",
            "<schema.org/isPartOf>",
            "<schema.org/keywords>",
            "<schema.org/locationCreated>",
            "<schema.org/name>",
            "<schema.org/numberOfPages>",
            "<schema.org/recipient>",
            "<schema.org/sameAs>",
            "<schema.org/sender>",
            "<schema.org/sku>",
            "<schema.org/spatial>",
            "<schema.org/url>",
            "isa:<schema.org/Manuscript>",
            "isa:<schema.org/Message>"
        ],
        "count": 1.0
    },
    {
        "pset": [
            "<schema.org/alternativeHeadline>",
            "<schema.org/dateCreated>",
            "<schema.org/description>",
            "<schema.org/inLanguage>",
            "<schema.org/isPartOf>",
            "<schema.org/keywords>",
            "<schema.org/mentions>",
            "<schema.org/name>",
            "<schema.org/recipient>",
            "<schema.org/sameAs>",
            "<schema.org/sender>",
            "<schema.org/sku>",
            "<schema.org/spatial>",
            "<schema.org/url>",
            "isa:<schema.org/Manuscript>",
            "isa:<schema.org/Message>"
        ],
        "count": 1.0
    },
    {
        "pset": [
            "<schema.org/datePublished>",
            "<schema.org/description>",
            "<schema.org/inLanguage>",
            "<schema.org/isPartOf>",
            "<schema.org/keywords>",
            "<schema.org/mentions>",
            "<schema.org/name>",
            "<schema.org/sameAs>",
            "<schema.org/sender>",
            "<schema.org/url>",
            "isa:<schema.org/Manuscript>",
            "isa:<schema.org/Message>"
        ],
        "count": 1.0
    },
    {
        "pset": [
            "<schema.org/author>",
            "<schema.org/dateCreated>",
            "<schema.org/description>",
            "<schema.org/inLanguage>",
            "<schema.org/isPartOf>",
            "<schema.org/keywords>",
            "<schema.org/mentions>",
            "<schema.org/name>",
            "<schema.org/sameAs>",
            "<schema.org/sku>",
            "<schema.org/spatial>",
            "<schema.org/url>",
            "isa:<schema.org/Manuscript>"
        ],
        "count": 1.0
    },
    {
        "pset": [
            "<schema.org/alternativeHeadline>",
            "<schema.org/dateCreated>",
            "<schema.org/datePublished>",
            "<schema.org/description>",
            "<schema.org/inLanguage>",
            "<schema.org/isPartOf>",
            "<schema.org/keywords>",
            "<schema.org/mentions>",
            "<schema.org/name>",
            "<schema.org/recipient>",
            "<schema.org/sameAs>",
            "<schema.org/sender>",
            "<schema.org/sku>",
            "<schema.org/spatial>",
            "<schema.org/url>",
            "isa:<schema.org/Manuscript>",
            "isa:<schema.org/Message>"
        ],
        "count": 1.0
    },
    {
        "pset": [
            "<schema.org/alternativeHeadline>",
            "<schema.org/author>",
            "<schema.org/datePublished>",
            "<schema.org/description>",
            "<schema.org/inLanguage>",
            "<schema.org/isPartOf>",
            "<schema.org/keywords>",
            "<schema.org/name>",
            "<schema.org/sameAs>",
            "<schema.org/url>",
            "isa:<schema.org/Manuscript>"
        ],
        "count": 1.0
    },
    {
        "pset": [
            "<schema.org/author>",
            "<schema.org/citation>",
            "<schema.org/dateCreated>",
            "<schema.org/datePublished>",
            "<schema.org/inLanguage>",
            "<schema.org/isPartOf>",
            "<schema.org/keywords>",
            "<schema.org/mentions>",
            "<schema.org/name>",
            "<schema.org/sameAs>",
            "<schema.org/url>",
            "isa:<schema.org/Manuscript>"
        ],
        "count": 1.0
    },
    {
        "pset": [
            "<schema.org/alternativeHeadline>",
            "<schema.org/description>",
            "<schema.org/inLanguage>",
            "<schema.org/keywords>",
            "<schema.org/locationCreated>",
            "<schema.org/name>",
            "<schema.org/recipient>",
            "<schema.org/sameAs>",
            "<schema.org/sender>",
            "<schema.org/url>",
            "isa:<schema.org/Manuscript>",
            "isa:<schema.org/Message>"
        ],
        "count": 1.0
    },
    {
        "pset": [
            "<schema.org/alternativeHeadline>",
            "<schema.org/author>",
            "<schema.org/citation>",
            "<schema.org/dateCreated>",
            "<schema.org/datePublished>",
            "<schema.org/description>",
            "<schema.org/inLanguage>",
            "<schema.org/isPartOf>",
            "<schema.org/keywords>",
            "<schema.org/mentions>",
            "<schema.org/name>",
            "<schema.org/recipient>",
            "<schema.org/sameAs>",
            "<schema.org/url>",
            "isa:<schema.org/Manuscript>"
        ],
        "count": 1.0
    },
    {
        "pset": [
            "<schema.org/author>",
            "<schema.org/citation>",
            "<schema.org/dateCreated>",
            "<schema.org/datePublished>",
            "<schema.org/description>",
            "<schema.org/inLanguage>",
            "<schema.org/keywords>",
            "<schema.org/mentions>",
            "<schema.org/name>",
            "<schema.org/sameAs>",
            "<schema.org/sku>",
            "<schema.org/spatial>",
            "<schema.org/url>",
            "isa:<schema.org/Manuscript>"
        ],
        "count": 1.0
    },
    {
        "pset": [
            "<schema.org/alternativeHeadline>",
            "<schema.org/citation>",
            "<schema.org/dateCreated>",
            "<schema.org/datePublished>",
            "<schema.org/inLanguage>",
            "<schema.org/isPartOf>",
            "<schema.org/keywords>",
            "<schema.org/name>",
            "<schema.org/recipient>",
            "<schema.org/sameAs>",
            "<schema.org/sender>",
            "<schema.org/url>",
            "isa:<schema.org/Manuscript>",
            "isa:<schema.org/Message>"
        ],
        "count": 1.0
    },
    {
        "pset": [
            "<schema.org/author>",
            "<schema.org/citation>",
            "<schema.org/contributor>",
            "<schema.org/dateCreated>",
            "<schema.org/datePublished>",
            "<schema.org/description>",
            "<schema.org/inLanguage>",
            "<schema.org/isPartOf>",
            "<schema.org/keywords>",
            "<schema.org/name>",
            "<schema.org/sameAs>",
            "<schema.org/url>",
            "isa:<schema.org/Manuscript>"
        ],
        "count": 1.0
    },
    {
        "pset": [
            "<schema.org/alternativeHeadline>",
            "<schema.org/inLanguage>",
            "<schema.org/keywords>",
            "<schema.org/locationCreated>",
            "<schema.org/name>",
            "<schema.org/numberOfPages>",
            "<schema.org/recipient>",
            "<schema.org/sameAs>",
            "<schema.org/sender>",
            "<schema.org/url>",
            "isa:<schema.org/Manuscript>",
            "isa:<schema.org/Message>"
        ],
        "count": 1.0
    },
    {
        "pset": [
            "<schema.org/alternativeHeadline>",
            "<schema.org/citation>",
            "<schema.org/dateCreated>",
            "<schema.org/inLanguage>",
            "<schema.org/isPartOf>",
            "<schema.org/keywords>",
            "<schema.org/locationCreated>",
            "<schema.org/mentions>",
            "<schema.org/name>",
            "<schema.org/recipient>",
            "<schema.org/sameAs>",
            "<schema.org/sender>",
            "<schema.org/sku>",
            "<schema.org/spatial>",
            "<schema.org/url>",
            "isa:<schema.org/Manuscript>",
            "isa:<schema.org/Message>"
        ],
        "count": 1.0
    },
    {
        "pset": [
            "<schema.org/author>",
            "<schema.org/citation>",
            "<schema.org/dateCreated>",
            "<schema.org/datePublished>",
            "<schema.org/description>",
            "<schema.org/inLanguage>",
            "<schema.org/isPartOf>",
            "<schema.org/keywords>",
            "<schema.org/name>",
            "<schema.org/sameAs>",
            "<schema.org/url>",
            "isa:<schema.org/Manuscript>"
        ],
        "count": 1.0
    },
    {
        "pset": [
            "<schema.org/alternativeHeadline>",
            "<schema.org/author>",
            "<schema.org/citation>",
            "<schema.org/contributor>",
            "<schema.org/dateCreated>",
            "<schema.org/datePublished>",
            "<schema.org/description>",
            "<schema.org/inLanguage>",
            "<schema.org/isPartOf>",
            "<schema.org/keywords>",
            "<schema.org/mentions>",
            "<schema.org/name>",
            "<schema.org/recipient>",
            "<schema.org/sameAs>",
            "<schema.org/url>",
            "isa:<schema.org/Manuscript>"
        ],
        "count": 1.0
    },
    {
        "pset": [
            "<schema.org/alternativeHeadline>",
            "<schema.org/author>",
            "<schema.org/citation>",
            "<schema.org/contributor>",
            "<schema.org/datePublished>",
            "<schema.org/description>",
            "<schema.org/inLanguage>",
            "<schema.org/isPartOf>",
            "<schema.org/keywords>",
            "<schema.org/mentions>",
            "<schema.org/name>",
            "<schema.org/sameAs>",
            "<schema.org/sku>",
            "<schema.org/spatial>",
            "<schema.org/url>",
            "isa:<schema.org/Manuscript>"
        ],
        "count": 1.0
    },
    {
        "pset": [
            "<schema.org/alternativeHeadline>",
            "<schema.org/citation>",
            "<schema.org/dateCreated>",
            "<schema.org/inLanguage>",
            "<schema.org/isPartOf>",
            "<schema.org/keywords>",
            "<schema.org/locationCreated>",
            "<schema.org/mentions>",
            "<schema.org/name>",
            "<schema.org/numberOfPages>",
            "<schema.org/recipient>",
            "<schema.org/sameAs>",
            "<schema.org/sender>",
            "<schema.org/sku>",
            "<schema.org/spatial>",
            "<schema.org/url>",
            "isa:<schema.org/Manuscript>",
            "isa:<schema.org/Message>"
        ],
        "count": 1.0
    },
    {
        "pset": [
            "<schema.org/alternativeHeadline>",
            "<schema.org/dateCreated>",
            "<schema.org/inLanguage>",
            "<schema.org/isPartOf>",
            "<schema.org/keywords>",
            "<schema.org/name>",
            "<schema.org/recipient>",
            "<schema.org/sameAs>",
            "<schema.org/sender>",
            "<schema.org/sku>",
            "<schema.org/spatial>",
            "<schema.org/url>",
            "isa:<schema.org/Manuscript>",
            "isa:<schema.org/Message>"
        ],
        "count": 1.0
    },
    {
        "pset": [
            "<schema.org/alternativeHeadline>",
            "<schema.org/dateCreated>",
            "<schema.org/inLanguage>",
            "<schema.org/keywords>",
            "<schema.org/locationCreated>",
            "<schema.org/mentions>",
            "<schema.org/name>",
            "<schema.org/numberOfPages>",
            "<schema.org/recipient>",
            "<schema.org/sameAs>",
            "<schema.org/sender>",
            "<schema.org/url>",
            "isa:<schema.org/Manuscript>",
            "isa:<schema.org/Message>"
        ],
        "count": 1.0
    },
    {
        "pset": [
            "<schema.org/about>",
            "<schema.org/creator>",
            "<schema.org/dateCreated>",
            "<schema.org/description>",
            "<schema.org/identifier>",
            "<schema.org/inLanguage>",
            "<schema.org/isAvailableForFree>",
            "<schema.org/maintainer>",
            "<schema.org/name>",
            "<schema.org/temporal>",
            "<schema.org/thumbnailUrl>",
            "<schema.org/usageInfo>",
            "isa:<schema.org/Manuscript>"
        ],
        "count": 1.0
    },
    {
        "pset": [
            "<schema.org/alternativeHeadline>",
            "<schema.org/dateCreated>",
            "<schema.org/height>",
            "<schema.org/inLanguage>",
            "<schema.org/isPartOf>",
            "<schema.org/keywords>",
            "<schema.org/locationCreated>",
            "<schema.org/mentions>",
            "<schema.org/name>",
            "<schema.org/numberOfPages>",
            "<schema.org/sameAs>",
            "<schema.org/sender>",
            "<schema.org/sku>",
            "<schema.org/spatial>",
            "<schema.org/url>",
            "<schema.org/width>",
            "isa:<schema.org/Manuscript>",
            "isa:<schema.org/Message>"
        ],
        "count": 1.0
    },
    {
        "pset": [
            "<schema.org/author>",
            "<schema.org/citation>",
            "<schema.org/datePublished>",
            "<schema.org/description>",
            "<schema.org/inLanguage>",
            "<schema.org/isPartOf>",
            "<schema.org/keywords>",
            "<schema.org/mentions>",
            "<schema.org/name>",
            "<schema.org/sameAs>",
            "<schema.org/sku>",
            "<schema.org/spatial>",
            "<schema.org/url>",
            "isa:<schema.org/Manuscript>"
        ],
        "count": 1.0
    },
    {
        "pset": [
            "<schema.org/alternativeHeadline>",
            "<schema.org/citation>",
            "<schema.org/dateCreated>",
            "<schema.org/description>",
            "<schema.org/isPartOf>",
            "<schema.org/keywords>",
            "<schema.org/locationCreated>",
            "<schema.org/mentions>",
            "<schema.org/name>",
            "<schema.org/numberOfPages>",
            "<schema.org/recipient>",
            "<schema.org/sameAs>",
            "<schema.org/sender>",
            "<schema.org/sku>",
            "<schema.org/spatial>",
            "<schema.org/url>",
            "isa:<schema.org/Manuscript>",
            "isa:<schema.org/Message>"
        ],
        "count": 1.0
    },
    {
        "pset": [
            "<schema.org/alternativeHeadline>",
            "<schema.org/description>",
            "<schema.org/inLanguage>",
            "<schema.org/isPartOf>",
            "<schema.org/keywords>",
            "<schema.org/locationCreated>",
            "<schema.org/name>",
            "<schema.org/numberOfPages>",
            "<schema.org/recipient>",
            "<schema.org/sameAs>",
            "<schema.org/sender>",
            "<schema.org/url>",
            "isa:<schema.org/Manuscript>",
            "isa:<schema.org/Message>"
        ],
        "count": 1.0
    },
    {
        "pset": [
            "<schema.org/author>",
            "<schema.org/dateCreated>",
            "<schema.org/datePublished>",
            "<schema.org/description>",
            "<schema.org/inLanguage>",
            "<schema.org/isPartOf>",
            "<schema.org/keywords>",
            "<schema.org/name>",
            "<schema.org/sameAs>",
            "<schema.org/sku>",
            "<schema.org/spatial>",
            "<schema.org/url>",
            "isa:<schema.org/Manuscript>"
        ],
        "count": 1.0
    },
    {
        "pset": [
            "<schema.org/alternativeHeadline>",
            "<schema.org/dateCreated>",
            "<schema.org/inLanguage>",
            "<schema.org/isPartOf>",
            "<schema.org/keywords>",
            "<schema.org/mentions>",
            "<schema.org/name>",
            "<schema.org/numberOfPages>",
            "<schema.org/recipient>",
            "<schema.org/sameAs>",
            "<schema.org/sender>",
            "<schema.org/url>",
            "isa:<schema.org/Manuscript>",
            "isa:<schema.org/Message>"
        ],
        "count": 1.0
    },
    {
        "pset": [
            "<schema.org/author>",
            "<schema.org/citation>",
            "<schema.org/dateCreated>",
            "<schema.org/datePublished>",
            "<schema.org/description>",
            "<schema.org/inLanguage>",
            "<schema.org/isPartOf>",
            "<schema.org/keywords>",
            "<schema.org/mentions>",
            "<schema.org/name>",
            "<schema.org/numberOfPages>",
            "<schema.org/sameAs>",
            "<schema.org/url>",
            "isa:<schema.org/Manuscript>"
        ],
        "count": 1.0
    },
    {
        "pset": [
            "<schema.org/alternativeHeadline>",
            "<schema.org/inLanguage>",
            "<schema.org/keywords>",
            "<schema.org/locationCreated>",
            "<schema.org/mentions>",
            "<schema.org/name>",
            "<schema.org/recipient>",
            "<schema.org/sameAs>",
            "<schema.org/sender>",
            "<schema.org/url>",
            "isa:<schema.org/Manuscript>",
            "isa:<schema.org/Message>"
        ],
        "count": 1.0
    },
    {
        "pset": [
            "<schema.org/alternativeHeadline>",
            "<schema.org/citation>",
            "<schema.org/dateCreated>",
            "<schema.org/description>",
            "<schema.org/isPartOf>",
            "<schema.org/keywords>",
            "<schema.org/locationCreated>",
            "<schema.org/name>",
            "<schema.org/numberOfPages>",
            "<schema.org/recipient>",
            "<schema.org/sameAs>",
            "<schema.org/sender>",
            "<schema.org/url>",
            "isa:<schema.org/Manuscript>",
            "isa:<schema.org/Message>"
        ],
        "count": 1.0
    },
    {
        "pset": [
            "<schema.org/alternativeHeadline>",
            "<schema.org/datePublished>",
            "<schema.org/description>",
            "<schema.org/inLanguage>",
            "<schema.org/isPartOf>",
            "<schema.org/keywords>",
            "<schema.org/mentions>",
            "<schema.org/name>",
            "<schema.org/numberOfPages>",
            "<schema.org/sameAs>",
            "<schema.org/sender>",
            "<schema.org/url>",
            "isa:<schema.org/Manuscript>",
            "isa:<schema.org/Message>"
        ],
        "count": 1.0
    },
    {
        "pset": [
            "<schema.org/description>",
            "<schema.org/inLanguage>",
            "<schema.org/keywords>",
            "<schema.org/mentions>",
            "<schema.org/name>",
            "<schema.org/sameAs>",
            "<schema.org/sender>",
            "<schema.org/sku>",
            "<schema.org/spatial>",
            "<schema.org/url>",
            "isa:<schema.org/Manuscript>",
            "isa:<schema.org/Message>"
        ],
        "count": 1.0
    },
    {
        "pset": [
            "<schema.org/alternativeHeadline>",
            "<schema.org/inLanguage>",
            "<schema.org/isPartOf>",
            "<schema.org/keywords>",
            "<schema.org/locationCreated>",
            "<schema.org/name>",
            "<schema.org/numberOfPages>",
            "<schema.org/recipient>",
            "<schema.org/sameAs>",
            "<schema.org/sender>",
            "<schema.org/url>",
            "isa:<schema.org/Manuscript>",
            "isa:<schema.org/Message>"
        ],
        "count": 1.0
    },
    {
        "pset": [
            "<schema.org/alternativeHeadline>",
            "<schema.org/keywords>",
            "<schema.org/name>",
            "<schema.org/numberOfPages>",
            "<schema.org/recipient>",
            "<schema.org/sameAs>",
            "<schema.org/sender>",
            "<schema.org/url>",
            "isa:<schema.org/Manuscript>",
            "isa:<schema.org/Message>"
        ],
        "count": 1.0
    },
    {
        "pset": [
            "<schema.org/alternativeHeadline>",
            "<schema.org/citation>",
            "<schema.org/dateCreated>",
            "<schema.org/description>",
            "<schema.org/inLanguage>",
            "<schema.org/isPartOf>",
            "<schema.org/keywords>",
            "<schema.org/locationCreated>",
            "<schema.org/mentions>",
            "<schema.org/name>",
            "<schema.org/recipient>",
            "<schema.org/sameAs>",
            "<schema.org/sender>",
            "<schema.org/url>",
            "isa:<schema.org/Manuscript>",
            "isa:<schema.org/Message>"
        ],
        "count": 1.0
    },
    {
        "pset": [
            "<schema.org/alternativeHeadline>",
            "<schema.org/author>",
            "<schema.org/citation>",
            "<schema.org/dateCreated>",
            "<schema.org/description>",
            "<schema.org/inLanguage>",
            "<schema.org/isPartOf>",
            "<schema.org/keywords>",
            "<schema.org/mentions>",
            "<schema.org/name>",
            "<schema.org/recipient>",
            "<schema.org/sameAs>",
            "<schema.org/sku>",
            "<schema.org/spatial>",
            "<schema.org/url>",
            "isa:<schema.org/Manuscript>"
        ],
        "count": 1.0
    },
    {
        "pset": [
            "<schema.org/alternativeHeadline>",
            "<schema.org/author>",
            "<schema.org/dateCreated>",
            "<schema.org/description>",
            "<schema.org/keywords>",
            "<schema.org/name>",
            "<schema.org/recipient>",
            "<schema.org/sameAs>",
            "<schema.org/url>",
            "isa:<schema.org/Manuscript>"
        ],
        "count": 1.0
    },
    {
        "pset": [
            "<schema.org/alternativeHeadline>",
            "<schema.org/bookEdition>",
            "<schema.org/dateCreated>",
            "<schema.org/description>",
            "<schema.org/isPartOf>",
            "<schema.org/keywords>",
            "<schema.org/mentions>",
            "<schema.org/name>",
            "<schema.org/recipient>",
            "<schema.org/sameAs>",
            "<schema.org/sender>",
            "<schema.org/sku>",
            "<schema.org/spatial>",
            "<schema.org/url>",
            "isa:<schema.org/Manuscript>",
            "isa:<schema.org/Message>"
        ],
        "count": 1.0
    },
    {
        "pset": [
            "<schema.org/author>",
            "<schema.org/citation>",
            "<schema.org/dateCreated>",
            "<schema.org/inLanguage>",
            "<schema.org/keywords>",
            "<schema.org/name>",
            "<schema.org/numberOfPages>",
            "<schema.org/sameAs>",
            "<schema.org/url>",
            "isa:<schema.org/Manuscript>"
        ],
        "count": 1.0
    },
    {
        "pset": [
            "<schema.org/author>",
            "<schema.org/citation>",
            "<schema.org/datePublished>",
            "<schema.org/description>",
            "<schema.org/illustrator>",
            "<schema.org/inLanguage>",
            "<schema.org/isPartOf>",
            "<schema.org/keywords>",
            "<schema.org/mentions>",
            "<schema.org/name>",
            "<schema.org/sameAs>",
            "<schema.org/url>",
            "isa:<schema.org/Manuscript>"
        ],
        "count": 1.0
    },
    {
        "pset": [
            "<schema.org/alternativeHeadline>",
            "<schema.org/author>",
            "<schema.org/dateCreated>",
            "<schema.org/description>",
            "<schema.org/inLanguage>",
            "<schema.org/isPartOf>",
            "<schema.org/keywords>",
            "<schema.org/mentions>",
            "<schema.org/name>",
            "<schema.org/numberOfPages>",
            "<schema.org/sameAs>",
            "<schema.org/sku>",
            "<schema.org/spatial>",
            "<schema.org/url>",
            "isa:<schema.org/Manuscript>"
        ],
        "count": 1.0
    },
    {
        "pset": [
            "<schema.org/author>",
            "<schema.org/dateCreated>",
            "<schema.org/datePublished>",
            "<schema.org/description>",
            "<schema.org/inLanguage>",
            "<schema.org/keywords>",
            "<schema.org/mentions>",
            "<schema.org/name>",
            "<schema.org/sameAs>",
            "<schema.org/url>",
            "isa:<schema.org/Manuscript>"
        ],
        "count": 1.0
    },
    {
        "pset": [
            "<schema.org/about>",
            "<schema.org/dateCreated>",
            "<schema.org/description>",
            "<schema.org/identifier>",
            "<schema.org/inLanguage>",
            "<schema.org/isAvailableForFree>",
            "<schema.org/maintainer>",
            "<schema.org/name>",
            "<schema.org/publisher>",
            "<schema.org/temporal>",
            "<schema.org/thumbnailUrl>",
            "<schema.org/usageInfo>",
            "isa:<schema.org/Manuscript>"
        ],
        "count": 1.0
    },
    {
        "pset": [
            "<schema.org/alternativeHeadline>",
            "<schema.org/citation>",
            "<schema.org/inLanguage>",
            "<schema.org/isPartOf>",
            "<schema.org/keywords>",
            "<schema.org/locationCreated>",
            "<schema.org/name>",
            "<schema.org/numberOfPages>",
            "<schema.org/recipient>",
            "<schema.org/sameAs>",
            "<schema.org/sender>",
            "<schema.org/url>",
            "isa:<schema.org/Manuscript>",
            "isa:<schema.org/Message>"
        ],
        "count": 1.0
    },
    {
        "pset": [
            "<schema.org/alternativeHeadline>",
            "<schema.org/citation>",
            "<schema.org/dateCreated>",
            "<schema.org/description>",
            "<schema.org/inLanguage>",
            "<schema.org/isPartOf>",
            "<schema.org/keywords>",
            "<schema.org/locationCreated>",
            "<schema.org/mentions>",
            "<schema.org/name>",
            "<schema.org/numberOfPages>",
            "<schema.org/recipient>",
            "<schema.org/sameAs>",
            "<schema.org/sender>",
            "<schema.org/sku>",
            "<schema.org/spatial>",
            "<schema.org/url>",
            "isa:<schema.org/Manuscript>",
            "isa:<schema.org/Message>"
        ],
        "count": 1.0
    },
    {
        "pset": [
            "<schema.org/author>",
            "<schema.org/citation>",
            "<schema.org/dateCreated>",
            "<schema.org/datePublished>",
            "<schema.org/description>",
            "<schema.org/inLanguage>",
            "<schema.org/isPartOf>",
            "<schema.org/keywords>",
            "<schema.org/mentions>",
            "<schema.org/name>",
            "<schema.org/sameAs>",
            "<schema.org/sku>",
            "<schema.org/spatial>",
            "<schema.org/url>",
            "isa:<schema.org/Manuscript>"
        ],
        "count": 1.0
    },
    {
        "pset": [
            "<schema.org/alternativeHeadline>",
            "<schema.org/description>",
            "<schema.org/inLanguage>",
            "<schema.org/keywords>",
            "<schema.org/locationCreated>",
            "<schema.org/name>",
            "<schema.org/numberOfPages>",
            "<schema.org/recipient>",
            "<schema.org/sameAs>",
            "<schema.org/sender>",
            "<schema.org/url>",
            "isa:<schema.org/Manuscript>",
            "isa:<schema.org/Message>"
        ],
        "count": 1.0
    },
    {
        "pset": [
            "<schema.org/alternativeHeadline>",
            "<schema.org/dateCreated>",
            "<schema.org/description>",
            "<schema.org/isPartOf>",
            "<schema.org/keywords>",
            "<schema.org/locationCreated>",
            "<schema.org/mentions>",
            "<schema.org/name>",
            "<schema.org/numberOfPages>",
            "<schema.org/recipient>",
            "<schema.org/sameAs>",
            "<schema.org/sender>",
            "<schema.org/url>",
            "isa:<schema.org/Manuscript>",
            "isa:<schema.org/Message>"
        ],
        "count": 1.0
    },
    {
        "pset": [
            "<schema.org/alternativeHeadline>",
            "<schema.org/dateCreated>",
            "<schema.org/description>",
            "<schema.org/inLanguage>",
            "<schema.org/isPartOf>",
            "<schema.org/keywords>",
            "<schema.org/mentions>",
            "<schema.org/name>",
            "<schema.org/numberOfPages>",
            "<schema.org/recipient>",
            "<schema.org/sameAs>",
            "<schema.org/sender>",
            "<schema.org/sku>",
            "<schema.org/spatial>",
            "<schema.org/url>",
            "isa:<schema.org/Manuscript>",
            "isa:<schema.org/Message>"
        ],
        "count": 1.0
    },
    {
        "pset": [
            "<schema.org/about>",
            "<schema.org/creator>",
            "<schema.org/datePublished>",
            "<schema.org/description>",
            "<schema.org/identifier>",
            "<schema.org/inLanguage>",
            "<schema.org/isAvailableForFree>",
            "<schema.org/maintainer>",
            "<schema.org/name>",
            "<schema.org/publisher>",
            "<schema.org/temporal>",
            "<schema.org/thumbnailUrl>",
            "<schema.org/usageInfo>",
            "isa:<schema.org/Manuscript>"
        ],
        "count": 1.0
    },
    {
        "pset": [
            "<schema.org/author>",
            "<schema.org/dateCreated>",
            "<schema.org/description>",
            "<schema.org/inLanguage>",
            "<schema.org/isPartOf>",
            "<schema.org/keywords>",
            "<schema.org/mentions>",
            "<schema.org/name>",
            "<schema.org/numberOfPages>",
            "<schema.org/sameAs>",
            "<schema.org/url>",
            "isa:<schema.org/Manuscript>"
        ],
        "count": 1.0
    },
    {
        "pset": [
            "<schema.org/alternativeHeadline>",
            "<schema.org/author>",
            "<schema.org/citation>",
            "<schema.org/dateCreated>",
            "<schema.org/datePublished>",
            "<schema.org/description>",
            "<schema.org/inLanguage>",
            "<schema.org/isPartOf>",
            "<schema.org/keywords>",
            "<schema.org/mentions>",
            "<schema.org/name>",
            "<schema.org/numberOfPages>",
            "<schema.org/sameAs>",
            "<schema.org/sku>",
            "<schema.org/spatial>",
            "<schema.org/url>",
            "isa:<schema.org/Manuscript>"
        ],
        "count": 1.0
    },
    {
        "pset": [
            "<schema.org/alternativeHeadline>",
            "<schema.org/author>",
            "<schema.org/citation>",
            "<schema.org/dateCreated>",
            "<schema.org/datePublished>",
            "<schema.org/description>",
            "<schema.org/height>",
            "<schema.org/inLanguage>",
            "<schema.org/isPartOf>",
            "<schema.org/keywords>",
            "<schema.org/mentions>",
            "<schema.org/name>",
            "<schema.org/sameAs>",
            "<schema.org/url>",
            "<schema.org/width>",
            "isa:<schema.org/Manuscript>"
        ],
        "count": 1.0
    },
    {
        "pset": [
            "<schema.org/alternativeHeadline>",
            "<schema.org/dateCreated>",
            "<schema.org/description>",
            "<schema.org/isPartOf>",
            "<schema.org/keywords>",
            "<schema.org/locationCreated>",
            "<schema.org/name>",
            "<schema.org/numberOfPages>",
            "<schema.org/recipient>",
            "<schema.org/sameAs>",
            "<schema.org/sender>",
            "<schema.org/url>",
            "isa:<schema.org/Manuscript>",
            "isa:<schema.org/Message>"
        ],
        "count": 1.0
    },
    {
        "pset": [
            "<schema.org/alternativeHeadline>",
            "<schema.org/author>",
            "<schema.org/dateCreated>",
            "<schema.org/datePublished>",
            "<schema.org/description>",
            "<schema.org/inLanguage>",
            "<schema.org/isPartOf>",
            "<schema.org/keywords>",
            "<schema.org/mentions>",
            "<schema.org/name>",
            "<schema.org/sameAs>",
            "<schema.org/sku>",
            "<schema.org/spatial>",
            "<schema.org/url>",
            "isa:<schema.org/Manuscript>"
        ],
        "count": 1.0
    },
    {
        "pset": [
            "<schema.org/author>",
            "<schema.org/inLanguage>",
            "<schema.org/isPartOf>",
            "<schema.org/keywords>",
            "<schema.org/mentions>",
            "<schema.org/name>",
            "<schema.org/sameAs>",
            "<schema.org/url>",
            "isa:<schema.org/Manuscript>"
        ],
        "count": 1.0
    },
    {
        "pset": [
            "<schema.org/author>",
            "<schema.org/datePublished>",
            "<schema.org/description>",
            "<schema.org/inLanguage>",
            "<schema.org/isPartOf>",
            "<schema.org/keywords>",
            "<schema.org/name>",
            "<schema.org/sameAs>",
            "<schema.org/url>",
            "isa:<schema.org/Manuscript>"
        ],
        "count": 1.0
    },
    {
        "pset": [
            "<schema.org/creator>",
            "<schema.org/datePublished>",
            "<schema.org/description>",
            "<schema.org/identifier>",
            "<schema.org/inLanguage>",
            "<schema.org/isAvailableForFree>",
            "<schema.org/maintainer>",
            "<schema.org/name>",
            "<schema.org/publisher>",
            "<schema.org/temporal>",
            "<schema.org/thumbnailUrl>",
            "<schema.org/usageInfo>",
            "isa:<schema.org/Manuscript>"
        ],
        "count": 1.0
    },
    {
        "pset": [
            "<schema.org/alternativeHeadline>",
            "<schema.org/dateCreated>",
            "<schema.org/inLanguage>",
            "<schema.org/isPartOf>",
            "<schema.org/keywords>",
            "<schema.org/name>",
            "<schema.org/recipient>",
            "<schema.org/sameAs>",
            "<schema.org/sender>",
            "<schema.org/url>",
            "isa:<schema.org/Manuscript>",
            "isa:<schema.org/Message>"
        ],
        "count": 1.0
    },
    {
        "pset": [
            "<schema.org/alternativeHeadline>",
            "<schema.org/dateCreated>",
            "<schema.org/height>",
            "<schema.org/inLanguage>",
            "<schema.org/isPartOf>",
            "<schema.org/keywords>",
            "<schema.org/locationCreated>",
            "<schema.org/mentions>",
            "<schema.org/name>",
            "<schema.org/numberOfPages>",
            "<schema.org/recipient>",
            "<schema.org/sameAs>",
            "<schema.org/sender>",
            "<schema.org/sku>",
            "<schema.org/spatial>",
            "<schema.org/url>",
            "<schema.org/width>",
            "isa:<schema.org/Manuscript>",
            "isa:<schema.org/Message>"
        ],
        "count": 1.0
    },
    {
        "pset": [
            "<schema.org/about>",
            "<schema.org/creator>",
            "<schema.org/dateCreated>",
            "<schema.org/description>",
            "<schema.org/identifier>",
            "<schema.org/isAvailableForFree>",
            "<schema.org/maintainer>",
            "<schema.org/name>",
            "<schema.org/publisher>",
            "<schema.org/temporal>",
            "<schema.org/thumbnailUrl>",
            "<schema.org/usageInfo>",
            "isa:<schema.org/Manuscript>"
        ],
        "count": 1.0
    }
]