[
    {
        "pset": [
            "<schema.org/inLanguage>",
            "<schema.org/learningResourceType>",
            "<schema.org/name>",
            "<schema.org/potentialAction>",
            "<schema.org/url>",
            "<schema.org/usageInfo>",
            "isa:<schema.org/LearningResource>",
            "isa:<schema.org/MathSolver>"
        ],
        "count": 47.0
    },
    {
        "pset": [
            "<schema.org/learningResourceType>",
            "<schema.org/name>",
            "<schema.org/potentialAction>",
            "<schema.org/url>",
            "<schema.org/usageInfo>",
            "isa:<schema.org/LearningResource>",
            "isa:<schema.org/MathSolver>"
        ],
        "count": 2.0
    },
    {
        "pset": [
            "<schema.org/applicationCategory>",
            "<schema.org/applicationSubCategory>",
            "<schema.org/author>",
            "<schema.org/datePublished>",
            "<schema.org/description>",
            "<schema.org/featureList>",
            "<schema.org/inLanguage>",
            "<schema.org/name>",
            "<schema.org/offers>",
            "<schema.org/operatingSystem>",
            "<schema.org/screenshot>",
            "<schema.org/softwareHelp>",
            "<schema.org/url>",
            "<schema.org/usageInfo>",
            "isa:<schema.org/LearningResource>",
            "isa:<schema.org/MathSolver>",
            "isa:<schema.org/WebApplication>"
        ],
        "count": 2.0
    },
    {
        "pset": [
            "<schema.org/assesses>",
            "<schema.org/hasPart>",
            "<schema.org/learningResourceType>",
            "<schema.org/name>",
            "<schema.org/url>",
            "<schema.org/usageInfo>",
            "isa:<schema.org/LearningResource>",
            "isa:<schema.org/MathSolver>"
        ],
        "count": 1.0
    },
    {
        "pset": [
            "<schema.org/assesses>",
            "<schema.org/hasPart>",
            "<schema.org/inLanguage>",
            "<schema.org/learningResourceType>",
            "<schema.org/name>",
            "<schema.org/url>",
            "<schema.org/usageInfo>",
            "isa:<schema.org/LearningResource>",
            "isa:<schema.org/MathSolver>"
        ],
        "count": 1.0
    }
]