[
    {
        "pset": [
            "<schema.org/name>",
            "isa:<schema.org/MedicalRiskFactor>"
        ],
        "count": 7505.0
    },
    {
        "pset": [
            "<schema.org/description>",
            "isa:<schema.org/MedicalRiskFactor>"
        ],
        "count": 846.0
    },
    {
        "pset": [
            "isa:<schema.org/MedicalRiskFactor>"
        ],
        "count": 59.0
    },
    {
        "pset": [
            "<schema.org/description>",
            "<schema.org/name>",
            "isa:<schema.org/MedicalRiskFactor>"
        ],
        "count": 6.0
    },
    {
        "pset": [
            "<schema.org/name>",
            "<schema.org/sameAs>",
            "isa:<schema.org/MedicalRiskFactor>"
        ],
        "count": 2.0
    }
]