[
    {
        "pset": [
            "<schema.org/alternateName>",
            "<schema.org/description>",
            "<schema.org/name>",
            "<schema.org/potentialAction>",
            "<schema.org/relevantSpecialty>",
            "<schema.org/sameAs>",
            "<schema.org/url>",
            "isa:<schema.org/MedicalIntangible>"
        ],
        "count": 105.0
    },
    {
        "pset": [
            "<schema.org/description>",
            "<schema.org/name>",
            "<schema.org/potentialAction>",
            "<schema.org/relevantSpecialty>",
            "<schema.org/sameAs>",
            "<schema.org/url>",
            "isa:<schema.org/MedicalIntangible>"
        ],
        "count": 5.0
    },
    {
        "pset": [
            "<schema.org/code>",
            "<schema.org/name>",
            "isa:<schema.org/MedicalIntangible>"
        ],
        "count": 3.0
    },
    {
        "pset": [
            "<schema.org/alternateName>",
            "<schema.org/description>",
            "<schema.org/name>",
            "<schema.org/potentialAction>",
            "<schema.org/relevantSpecialty>",
            "<schema.org/sameAs>",
            "<schema.org/url>",
            "isa:<schema.org/MedicalCondition>",
            "isa:<schema.org/MedicalIntangible>"
        ],
        "count": 3.0
    },
    {
        "pset": [
            "<schema.org/alternateName>",
            "<schema.org/description>",
            "<schema.org/name>",
            "<schema.org/potentialAction>",
            "<schema.org/relevantSpecialty>",
            "<schema.org/sameAs>",
            "<schema.org/url>",
            "isa:<schema.org/MedicalDevice>",
            "isa:<schema.org/MedicalIntangible>"
        ],
        "count": 1.0
    },
    {
        "pset": [
            "<schema.org/alternateName>",
            "<schema.org/description>",
            "<schema.org/name>",
            "<schema.org/sameAs>",
            "<schema.org/url>",
            "isa:<schema.org/MedicalIntangible>"
        ],
        "count": 1.0
    },
    {
        "pset": [
            "<schema.org/additionalType>",
            "<schema.org/alternateName>",
            "<schema.org/code>",
            "<schema.org/description>",
            "<schema.org/name>",
            "<schema.org/sameAs>",
            "<schema.org/url>",
            "isa:<schema.org/MedicalIntangible>"
        ],
        "count": 1.0
    },
    {
        "pset": [
            "<schema.org/alternatename>",
            "<schema.org/description>",
            "<schema.org/name>",
            "<schema.org/sameas>",
            "<schema.org/url>",
            "isa:<schema.org/MedicalIntangible>"
        ],
        "count": 1.0
    },
    {
        "pset": [
            "<schema.org/alternateName>",
            "<schema.org/code>",
            "<schema.org/description>",
            "<schema.org/mainEntityOfPage>",
            "<schema.org/name>",
            "<schema.org/sameAs>",
            "<schema.org/url>",
            "isa:<schema.org/MedicalIntangible>"
        ],
        "count": 1.0
    }
]