[
    {
        "pset": [
            "<schema.org/amenityFeature>",
            "<schema.org/containedInPlace>",
            "<schema.org/image>",
            "isa:<schema.org/MeetingRoom>"
        ],
        "count": 777.0
    },
    {
        "pset": [
            "<schema.org/address>",
            "<schema.org/description>",
            "<schema.org/floorSize>",
            "<schema.org/image>",
            "<schema.org/maximumAttendeeCapacity>",
            "<schema.org/name>",
            "<schema.org/telephone>",
            "isa:<schema.org/MeetingRoom>"
        ],
        "count": 465.0
    },
    {
        "pset": [
            "<schema.org/address>",
            "<schema.org/aggregateRating>",
            "<schema.org/amenityFeature>",
            "<schema.org/currenciesAccepted>",
            "<schema.org/description>",
            "<schema.org/geo>",
            "<schema.org/image>",
            "<schema.org/maximumAttendeeCapacity>",
            "<schema.org/name>",
            "<schema.org/numberOfRooms>",
            "<schema.org/priceRange>",
            "<schema.org/review>",
            "<schema.org/telephone>",
            "<schema.org/url>",
            "isa:<schema.org/LocalBusiness>",
            "isa:<schema.org/LodgingBusiness>",
            "isa:<schema.org/MeetingRoom>"
        ],
        "count": 298.0
    },
    {
        "pset": [
            "<schema.org/address>",
            "<schema.org/description>",
            "<schema.org/geo>",
            "<schema.org/image>",
            "<schema.org/name>",
            "<schema.org/telephone>",
            "<schema.org/url>",
            "isa:<schema.org/MeetingRoom>"
        ],
        "count": 132.0
    },
    {
        "pset": [
            "<schema.org/address>",
            "<schema.org/amenityFeature>",
            "<schema.org/description>",
            "<schema.org/floorSize>",
            "<schema.org/geo>",
            "<schema.org/identifier>",
            "<schema.org/image>",
            "<schema.org/maximumAttendeeCapacity>",
            "<schema.org/name>",
            "<schema.org/numberOfRooms>",
            "<schema.org/url>",
            "isa:<schema.org/MeetingRoom>"
        ],
        "count": 122.0
    },
    {
        "pset": [
            "<schema.org/amenityFeature>",
            "<schema.org/containedInPlace>",
            "isa:<schema.org/MeetingRoom>"
        ],
        "count": 114.0
    },
    {
        "pset": [
            "<schema.org/address>",
            "<schema.org/logo>",
            "<schema.org/name>",
            "<schema.org/photo>",
            "<schema.org/telephone>",
            "isa:<schema.org/MeetingRoom>"
        ],
        "count": 112.0
    },
    {
        "pset": [
            "<schema.org/address>",
            "<schema.org/description>",
            "<schema.org/floorSize>",
            "<schema.org/image>",
            "<schema.org/name>",
            "<schema.org/telephone>",
            "isa:<schema.org/MeetingRoom>"
        ],
        "count": 88.0
    },
    {
        "pset": [
            "<schema.org/floorSize>",
            "<schema.org/name>",
            "isa:<schema.org/MeetingRoom>"
        ],
        "count": 81.0
    },
    {
        "pset": [
            "<schema.org/amenityFeature>",
            "<schema.org/description>",
            "<schema.org/image>",
            "<schema.org/name>",
            "<schema.org/numberOfRooms>",
            "isa:<schema.org/MeetingRoom>"
        ],
        "count": 74.0
    },
    {
        "pset": [
            "<schema.org/description>",
            "<schema.org/name>",
            "isa:<schema.org/MeetingRoom>",
            "isa:<schema.org/Product>"
        ],
        "count": 66.0
    },
    {
        "pset": [
            "<schema.org/address>",
            "<schema.org/description>",
            "<schema.org/geo>",
            "<schema.org/image>",
            "<schema.org/logo>",
            "<schema.org/name>",
            "<schema.org/telephone>",
            "<schema.org/url>",
            "isa:<schema.org/MeetingRoom>"
        ],
        "count": 42.0
    },
    {
        "pset": [
            "<schema.org/containedInPlace>",
            "<schema.org/name>",
            "<schema.org/url>",
            "isa:<schema.org/MeetingRoom>"
        ],
        "count": 41.0
    },
    {
        "pset": [
            "<schema.org/description>",
            "<schema.org/image>",
            "<schema.org/name>",
            "isa:<schema.org/MeetingRoom>"
        ],
        "count": 38.0
    },
    {
        "pset": [
            "<schema.org/description>",
            "<schema.org/image>",
            "<schema.org/name>",
            "<schema.org/offers>",
            "isa:<schema.org/MeetingRoom>",
            "isa:<schema.org/Product>"
        ],
        "count": 33.0
    },
    {
        "pset": [
            "<schema.org/address>",
            "<schema.org/email>",
            "<schema.org/geo>",
            "<schema.org/image>",
            "<schema.org/name>",
            "<schema.org/telephone>",
            "<schema.org/url>",
            "isa:<schema.org/MeetingRoom>"
        ],
        "count": 28.0
    },
    {
        "pset": [
            "<schema.org/containedInPlace>",
            "<schema.org/description>",
            "<schema.org/floorSize>",
            "<schema.org/maximumAttendeeCapacity>",
            "isa:<schema.org/MeetingRoom>"
        ],
        "count": 26.0
    },
    {
        "pset": [
            "<schema.org/amenityFeature>",
            "<schema.org/floorSize>",
            "<schema.org/numberOfRooms>",
            "isa:<schema.org/MeetingRoom>"
        ],
        "count": 25.0
    },
    {
        "pset": [
            "<schema.org/containedInPlace>",
            "<schema.org/image>",
            "isa:<schema.org/MeetingRoom>"
        ],
        "count": 22.0
    },
    {
        "pset": [
            "<schema.org/address>",
            "<schema.org/description>",
            "<schema.org/image>",
            "<schema.org/name>",
            "<schema.org/url>",
            "isa:<schema.org/MeetingRoom>"
        ],
        "count": 22.0
    },
    {
        "pset": [
            "<schema.org/Photo>",
            "<schema.org/description>",
            "<schema.org/name>",
            "isa:<schema.org/MeetingRoom>"
        ],
        "count": 16.0
    },
    {
        "pset": [
            "<schema.org/description>",
            "<schema.org/floorSize>",
            "<schema.org/name>",
            "<schema.org/url>",
            "isa:<schema.org/MeetingRoom>"
        ],
        "count": 14.0
    },
    {
        "pset": [
            "<schema.org/name>",
            "isa:<schema.org/MeetingRoom>"
        ],
        "count": 14.0
    },
    {
        "pset": [
            "<schema.org/address>",
            "<schema.org/description>",
            "<schema.org/geo>",
            "<schema.org/identifier>",
            "<schema.org/image>",
            "<schema.org/maximumAttendeeCapacity>",
            "<schema.org/name>",
            "<schema.org/numberOfRooms>",
            "<schema.org/url>",
            "isa:<schema.org/MeetingRoom>"
        ],
        "count": 14.0
    },
    {
        "pset": [
            "<schema.org/description>",
            "<schema.org/image>",
            "<schema.org/name>",
            "isa:<schema.org/MeetingRoom>",
            "isa:<schema.org/Product>"
        ],
        "count": 12.0
    },
    {
        "pset": [
            "<schema.org/address>",
            "<schema.org/branchCode>",
            "<schema.org/description>",
            "<schema.org/name>",
            "<schema.org/numberOfRooms>",
            "<schema.org/permittedUsage>",
            "<schema.org/photo>",
            "<schema.org/telephone>",
            "<schema.org/url>",
            "isa:<schema.org/MeetingRoom>"
        ],
        "count": 12.0
    },
    {
        "pset": [
            "<schema.org/address>",
            "<schema.org/description>",
            "<schema.org/image>",
            "<schema.org/name>",
            "<schema.org/sameAs>",
            "<schema.org/telephone>",
            "<schema.org/url>",
            "isa:<schema.org/MeetingRoom>"
        ],
        "count": 12.0
    },
    {
        "pset": [
            "<schema.org/address>",
            "<schema.org/description>",
            "<schema.org/image>",
            "<schema.org/name>",
            "<schema.org/telephone>",
            "<schema.org/url>",
            "isa:<schema.org/MeetingRoom>"
        ],
        "count": 12.0
    },
    {
        "pset": [
            "<schema.org/address>",
            "<schema.org/description>",
            "<schema.org/geo>",
            "<schema.org/identifier>",
            "<schema.org/image>",
            "<schema.org/maximumAttendeeCapacity>",
            "<schema.org/name>",
            "<schema.org/numberOfRooms>",
            "<schema.org/permittedUsage>",
            "<schema.org/url>",
            "isa:<schema.org/MeetingRoom>"
        ],
        "count": 9.0
    },
    {
        "pset": [
            "<schema.org/amenityFeature>",
            "<schema.org/containedInPlace>",
            "<schema.org/floorSize>",
            "<schema.org/maximumAttendeeCapacity>",
            "<schema.org/name>",
            "isa:<schema.org/MeetingRoom>"
        ],
        "count": 9.0
    },
    {
        "pset": [
            "<schema.org/address>",
            "<schema.org/alternateName>",
            "<schema.org/floorSize>",
            "<schema.org/image>",
            "<schema.org/logo>",
            "<schema.org/name>",
            "<schema.org/photo>",
            "<schema.org/telephone>",
            "<schema.org/url>",
            "isa:<schema.org/MeetingRoom>"
        ],
        "count": 7.0
    },
    {
        "pset": [
            "<schema.org/address>",
            "<schema.org/description>",
            "<schema.org/floorSize>",
            "<schema.org/geo>",
            "<schema.org/image>",
            "<schema.org/maximumAttendeeCapacity>",
            "<schema.org/name>",
            "<schema.org/openingHoursSpecification>",
            "isa:<schema.org/MeetingRoom>"
        ],
        "count": 7.0
    },
    {
        "pset": [
            "<schema.org/address>",
            "<schema.org/description>",
            "<schema.org/geo>",
            "<schema.org/image>",
            "<schema.org/name>",
            "<schema.org/url>",
            "isa:<schema.org/MeetingRoom>"
        ],
        "count": 7.0
    },
    {
        "pset": [
            "<schema.org/address>",
            "<schema.org/amenityFeature>",
            "<schema.org/description>",
            "<schema.org/geo>",
            "<schema.org/identifier>",
            "<schema.org/image>",
            "<schema.org/maximumAttendeeCapacity>",
            "<schema.org/name>",
            "<schema.org/numberOfRooms>",
            "<schema.org/url>",
            "isa:<schema.org/MeetingRoom>"
        ],
        "count": 6.0
    },
    {
        "pset": [
            "<schema.org/description>",
            "<schema.org/image>",
            "<schema.org/mainEntityOfPage>",
            "<schema.org/name>",
            "<schema.org/url>",
            "isa:<schema.org/MeetingRoom>"
        ],
        "count": 6.0
    },
    {
        "pset": [
            "<schema.org/address>",
            "<schema.org/description>",
            "<schema.org/geo>",
            "<schema.org/identifier>",
            "<schema.org/image>",
            "<schema.org/maximumAttendeeCapacity>",
            "<schema.org/name>",
            "<schema.org/numberOfRooms>",
            "<schema.org/openingHoursSpecification>",
            "<schema.org/url>",
            "isa:<schema.org/MeetingRoom>"
        ],
        "count": 6.0
    },
    {
        "pset": [
            "<schema.org/address>",
            "<schema.org/description>",
            "<schema.org/geo>",
            "<schema.org/name>",
            "<schema.org/telephone>",
            "<schema.org/url>",
            "isa:<schema.org/MeetingRoom>"
        ],
        "count": 5.0
    },
    {
        "pset": [
            "<schema.org/Photo>",
            "<schema.org/amenityFeature>",
            "<schema.org/containedInPlace>",
            "<schema.org/description>",
            "<schema.org/floorSize>",
            "<schema.org/maximumAttendeeCapacity>",
            "<schema.org/numberOfRooms>",
            "isa:<schema.org/MeetingRoom>"
        ],
        "count": 5.0
    },
    {
        "pset": [
            "<schema.org/address>",
            "<schema.org/email>",
            "<schema.org/geo>",
            "<schema.org/image>",
            "<schema.org/name>",
            "<schema.org/telephone>",
            "isa:<schema.org/MeetingRoom>"
        ],
        "count": 5.0
    },
    {
        "pset": [
            "<schema.org/Photo>",
            "<schema.org/amenityFeature>",
            "<schema.org/floorSize>",
            "<schema.org/maximumAttendeeCapacity>",
            "<schema.org/name>",
            "<schema.org/numberOfRooms>",
            "<schema.org/url>",
            "isa:<schema.org/MeetingRoom>"
        ],
        "count": 4.0
    },
    {
        "pset": [
            "<schema.org/accommodationFloorPlan>",
            "<schema.org/address>",
            "<schema.org/amenityFeature>",
            "<schema.org/containedInPlace>",
            "<schema.org/description>",
            "<schema.org/floorSize>",
            "<schema.org/image>",
            "<schema.org/maximumAttendeeCapacity>",
            "<schema.org/name>",
            "<schema.org/petsAllowed>",
            "<schema.org/smokingAllowed>",
            "<schema.org/telephone>",
            "<schema.org/tourBookingPage>",
            "<schema.org/url>",
            "isa:<schema.org/MeetingRoom>"
        ],
        "count": 4.0
    },
    {
        "pset": [
            "isa:<schema.org/MeetingRoom>"
        ],
        "count": 3.0
    },
    {
        "pset": [
            "<schema.org/description>",
            "<schema.org/name>",
            "isa:<schema.org/MeetingRoom>"
        ],
        "count": 3.0
    },
    {
        "pset": [
            "<schema.org/accommodationFloorPlan>",
            "<schema.org/address>",
            "<schema.org/amenityFeature>",
            "<schema.org/containedInPlace>",
            "<schema.org/description>",
            "<schema.org/floorSize>",
            "<schema.org/image>",
            "<schema.org/mainEntityOfPage>",
            "<schema.org/maximumAttendeeCapacity>",
            "<schema.org/name>",
            "<schema.org/petsAllowed>",
            "<schema.org/smokingAllowed>",
            "<schema.org/telephone>",
            "<schema.org/tourBookingPage>",
            "<schema.org/url>",
            "isa:<schema.org/MeetingRoom>"
        ],
        "count": 3.0
    },
    {
        "pset": [
            "<schema.org/amenityFeature>",
            "<schema.org/containedInPlace>",
            "<schema.org/floorSize>",
            "<schema.org/maximumAttendeeCapacity>",
            "<schema.org/numberOfRooms>",
            "isa:<schema.org/MeetingRoom>"
        ],
        "count": 3.0
    },
    {
        "pset": [
            "<schema.org/amenityFeature>",
            "<schema.org/description>",
            "<schema.org/image>",
            "<schema.org/name>",
            "isa:<schema.org/MeetingRoom>"
        ],
        "count": 3.0
    },
    {
        "pset": [
            "<schema.org/address>",
            "<schema.org/description>",
            "<schema.org/floorSize>",
            "<schema.org/geo>",
            "<schema.org/identifier>",
            "<schema.org/image>",
            "<schema.org/maximumAttendeeCapacity>",
            "<schema.org/name>",
            "<schema.org/numberOfRooms>",
            "<schema.org/url>",
            "isa:<schema.org/MeetingRoom>"
        ],
        "count": 2.0
    },
    {
        "pset": [
            "<schema.org/address>",
            "<schema.org/description>",
            "<schema.org/image>",
            "<schema.org/name>",
            "<schema.org/openingHours>",
            "<schema.org/telephone>",
            "<schema.org/url>",
            "isa:<schema.org/MeetingRoom>"
        ],
        "count": 2.0
    },
    {
        "pset": [
            "<schema.org/address>",
            "<schema.org/alternateName>",
            "<schema.org/floorSize>",
            "<schema.org/image>",
            "<schema.org/name>",
            "<schema.org/photo>",
            "<schema.org/telephone>",
            "<schema.org/url>",
            "isa:<schema.org/MeetingRoom>"
        ],
        "count": 2.0
    },
    {
        "pset": [
            "<schema.org/address>",
            "<schema.org/description>",
            "<schema.org/geo>",
            "<schema.org/identifier>",
            "<schema.org/image>",
            "<schema.org/name>",
            "<schema.org/permittedUsage>",
            "<schema.org/url>",
            "isa:<schema.org/MeetingRoom>"
        ],
        "count": 2.0
    },
    {
        "pset": [
            "<schema.org/amenityFeature>",
            "<schema.org/containedInPlace>",
            "<schema.org/description>",
            "<schema.org/floorSize>",
            "<schema.org/maximumAttendeeCapacity>",
            "<schema.org/numberOfRooms>",
            "isa:<schema.org/MeetingRoom>"
        ],
        "count": 2.0
    },
    {
        "pset": [
            "<schema.org/address>",
            "<schema.org/amenityFeature>",
            "<schema.org/description>",
            "<schema.org/floorSize>",
            "<schema.org/geo>",
            "<schema.org/identifier>",
            "<schema.org/image>",
            "<schema.org/maximumAttendeeCapacity>",
            "<schema.org/name>",
            "<schema.org/numberOfRooms>",
            "<schema.org/openingHoursSpecification>",
            "<schema.org/url>",
            "isa:<schema.org/MeetingRoom>"
        ],
        "count": 2.0
    },
    {
        "pset": [
            "<schema.org/address>",
            "<schema.org/description>",
            "<schema.org/floorSize>",
            "<schema.org/geo>",
            "<schema.org/identifier>",
            "<schema.org/image>",
            "<schema.org/maximumAttendeeCapacity>",
            "<schema.org/name>",
            "<schema.org/numberOfRooms>",
            "<schema.org/permittedUsage>",
            "<schema.org/url>",
            "isa:<schema.org/MeetingRoom>"
        ],
        "count": 2.0
    },
    {
        "pset": [
            "<schema.org/address>",
            "<schema.org/amenityFeature>",
            "<schema.org/description>",
            "<schema.org/geo>",
            "<schema.org/hasMap>",
            "<schema.org/image>",
            "<schema.org/logo>",
            "<schema.org/maximumAttendeeCapacity>",
            "<schema.org/name>",
            "<schema.org/telephone>",
            "<schema.org/url>",
            "isa:<schema.org/MeetingRoom>"
        ],
        "count": 2.0
    },
    {
        "pset": [
            "<schema.org/address>",
            "<schema.org/amenityFeature>",
            "<schema.org/description>",
            "<schema.org/maximumAttendeeCapacity>",
            "<schema.org/name>",
            "<schema.org/numberOfRooms>",
            "isa:<schema.org/EventVenue>",
            "isa:<schema.org/MeetingRoom>"
        ],
        "count": 2.0
    },
    {
        "pset": [
            "<schema.org/amenityFeature>",
            "<schema.org/description>",
            "<schema.org/maximumAttendeeCapacity>",
            "<schema.org/name>",
            "<schema.org/numberOfRooms>",
            "<schema.org/potentialAction>",
            "isa:<schema.org/MeetingRoom>"
        ],
        "count": 2.0
    },
    {
        "pset": [
            "<schema.org/amenityFeature>",
            "isa:<schema.org/MeetingRoom>"
        ],
        "count": 2.0
    },
    {
        "pset": [
            "<schema.org/containedInPlace>",
            "isa:<schema.org/MeetingRoom>"
        ],
        "count": 2.0
    },
    {
        "pset": [
            "<schema.org/address>",
            "<schema.org/description>",
            "<schema.org/geo>",
            "<schema.org/hasMap>",
            "<schema.org/image>",
            "<schema.org/logo>",
            "<schema.org/name>",
            "<schema.org/sameAs>",
            "<schema.org/telephone>",
            "<schema.org/url>",
            "isa:<schema.org/MeetingRoom>"
        ],
        "count": 1.0
    },
    {
        "pset": [
            "<schema.org/amenityFeature>",
            "<schema.org/floorSize>",
            "<schema.org/url>",
            "isa:<schema.org/MeetingRoom>"
        ],
        "count": 1.0
    },
    {
        "pset": [
            "<schema.org/containedInPlace>",
            "<schema.org/isAccessibleForFree>",
            "<schema.org/name>",
            "<schema.org/potentialAction>",
            "<schema.org/publicAccess>",
            "<schema.org/smokingAllowed>",
            "<schema.org/telephone>",
            "<schema.org/url>",
            "isa:<schema.org/MeetingRoom>"
        ],
        "count": 1.0
    },
    {
        "pset": [
            "<schema.org/address>",
            "<schema.org/description>",
            "<schema.org/geo>",
            "<schema.org/identifier>",
            "<schema.org/name>",
            "<schema.org/numberOfRooms>",
            "<schema.org/permittedUsage>",
            "<schema.org/url>",
            "isa:<schema.org/MeetingRoom>"
        ],
        "count": 1.0
    },
    {
        "pset": [
            "<schema.org/amenityFeature>",
            "<schema.org/description>",
            "<schema.org/image>",
            "<schema.org/maximumAttendeeCapacity>",
            "<schema.org/name>",
            "<schema.org/numberOfRooms>",
            "<schema.org/potentialAction>",
            "isa:<schema.org/MeetingRoom>"
        ],
        "count": 1.0
    },
    {
        "pset": [
            "<schema.org/address>",
            "<schema.org/amenityFeature>",
            "<schema.org/description>",
            "<schema.org/floorSize>",
            "<schema.org/geo>",
            "<schema.org/identifier>",
            "<schema.org/image>",
            "<schema.org/name>",
            "<schema.org/numberOfRooms>",
            "<schema.org/url>",
            "isa:<schema.org/MeetingRoom>"
        ],
        "count": 1.0
    },
    {
        "pset": [
            "<schema.org/containedInPlace>",
            "<schema.org/description>",
            "<schema.org/maximumAttendeeCapacity>",
            "isa:<schema.org/MeetingRoom>"
        ],
        "count": 1.0
    },
    {
        "pset": [
            "<schema.org/address>",
            "<schema.org/amenityFeature>",
            "<schema.org/maximumAttendeeCapacity>",
            "<schema.org/name>",
            "<schema.org/numberOfRooms>",
            "isa:<schema.org/EventVenue>",
            "isa:<schema.org/MeetingRoom>"
        ],
        "count": 1.0
    },
    {
        "pset": [
            "<schema.org/containedInPlace>",
            "<schema.org/description>",
            "isa:<schema.org/MeetingRoom>"
        ],
        "count": 1.0
    },
    {
        "pset": [
            "<schema.org/address>",
            "<schema.org/amenityFeature>",
            "<schema.org/description>",
            "<schema.org/image>",
            "<schema.org/name>",
            "<schema.org/sameAs>",
            "<schema.org/telephone>",
            "<schema.org/url>",
            "isa:<schema.org/MeetingRoom>"
        ],
        "count": 1.0
    },
    {
        "pset": [
            "<schema.org/containedInPlace>",
            "<schema.org/geo>",
            "<schema.org/isAccessibleForFree>",
            "<schema.org/latitude>",
            "<schema.org/longitude>",
            "<schema.org/name>",
            "<schema.org/permittedUsage>",
            "<schema.org/potentialAction>",
            "<schema.org/publicAccess>",
            "isa:<schema.org/MeetingRoom>"
        ],
        "count": 1.0
    },
    {
        "pset": [
            "<schema.org/address>",
            "<schema.org/amenityFeature>",
            "<schema.org/description>",
            "<schema.org/geo>",
            "<schema.org/identifier>",
            "<schema.org/image>",
            "<schema.org/maximumAttendeeCapacity>",
            "<schema.org/name>",
            "<schema.org/numberOfRooms>",
            "<schema.org/openingHoursSpecification>",
            "<schema.org/url>",
            "isa:<schema.org/MeetingRoom>"
        ],
        "count": 1.0
    },
    {
        "pset": [
            "<schema.org/aggregateRating>",
            "<schema.org/brand>",
            "<schema.org/description>",
            "<schema.org/disambiguatingDescription>",
            "<schema.org/geo>",
            "<schema.org/image>",
            "<schema.org/maximumAttendeeCapacity>",
            "<schema.org/name>",
            "<schema.org/offers>",
            "<schema.org/openingHoursSpecification>",
            "<schema.org/review>",
            "<schema.org/url>",
            "isa:<schema.org/MeetingRoom>",
            "isa:<schema.org/Service>"
        ],
        "count": 1.0
    },
    {
        "pset": [
            "<schema.org/Photo>",
            "<schema.org/amenityFeature>",
            "<schema.org/containedInPlace>",
            "<schema.org/description>",
            "<schema.org/floorSize>",
            "<schema.org/maximumAttendeeCapacity>",
            "<schema.org/name>",
            "<schema.org/url>",
            "isa:<schema.org/MeetingRoom>"
        ],
        "count": 1.0
    },
    {
        "pset": [
            "<schema.org/Photo>",
            "<schema.org/amenityFeature>",
            "<schema.org/containedInPlace>",
            "<schema.org/description>",
            "<schema.org/floorSize>",
            "<schema.org/maximumAttendeeCapacity>",
            "<schema.org/name>",
            "<schema.org/numberOfRooms>",
            "<schema.org/telephone>",
            "<schema.org/url>",
            "isa:<schema.org/MeetingRoom>"
        ],
        "count": 1.0
    },
    {
        "pset": [
            "<schema.org/containedInPlace>",
            "<schema.org/description>",
            "<schema.org/floorSize>",
            "isa:<schema.org/MeetingRoom>"
        ],
        "count": 1.0
    },
    {
        "pset": [
            "<schema.org/address>",
            "<schema.org/description>",
            "<schema.org/image>",
            "<schema.org/logo>",
            "<schema.org/name>",
            "<schema.org/url>",
            "isa:<schema.org/MeetingRoom>"
        ],
        "count": 1.0
    },
    {
        "pset": [
            "<schema.org/address>",
            "<schema.org/amenityFeature>",
            "<schema.org/description>",
            "<schema.org/maximumAttendeeCapacity>",
            "<schema.org/name>",
            "isa:<schema.org/EventVenue>",
            "isa:<schema.org/MeetingRoom>"
        ],
        "count": 1.0
    },
    {
        "pset": [
            "<schema.org/address>",
            "<schema.org/description>",
            "<schema.org/geo>",
            "<schema.org/logo>",
            "<schema.org/name>",
            "<schema.org/telephone>",
            "<schema.org/url>",
            "isa:<schema.org/MeetingRoom>"
        ],
        "count": 1.0
    },
    {
        "pset": [
            "<schema.org/Photo>",
            "<schema.org/amenityFeature>",
            "<schema.org/containedInPlace>",
            "<schema.org/floorSize>",
            "<schema.org/maximumAttendeeCapacity>",
            "<schema.org/numberOfRooms>",
            "isa:<schema.org/MeetingRoom>"
        ],
        "count": 1.0
    },
    {
        "pset": [
            "<schema.org/address>",
            "<schema.org/amenityFeature>",
            "<schema.org/description>",
            "<schema.org/geo>",
            "<schema.org/identifier>",
            "<schema.org/image>",
            "<schema.org/maximumAttendeeCapacity>",
            "<schema.org/name>",
            "<schema.org/numberOfRooms>",
            "<schema.org/permittedUsage>",
            "<schema.org/url>",
            "isa:<schema.org/MeetingRoom>"
        ],
        "count": 1.0
    },
    {
        "pset": [
            "<schema.org/address>",
            "<schema.org/aggregateRating>",
            "<schema.org/currenciesAccepted>",
            "<schema.org/description>",
            "<schema.org/geo>",
            "<schema.org/image>",
            "<schema.org/maximumAttendeeCapacity>",
            "<schema.org/name>",
            "<schema.org/numberOfRooms>",
            "<schema.org/priceRange>",
            "<schema.org/review>",
            "<schema.org/telephone>",
            "<schema.org/url>",
            "isa:<schema.org/LocalBusiness>",
            "isa:<schema.org/LodgingBusiness>",
            "isa:<schema.org/MeetingRoom>"
        ],
        "count": 1.0
    },
    {
        "pset": [
            "<schema.org/amenityFeature>",
            "<schema.org/containedInPlace>",
            "<schema.org/floorSize>",
            "<schema.org/name>",
            "isa:<schema.org/MeetingRoom>"
        ],
        "count": 1.0
    },
    {
        "pset": [
            "<schema.org/address>",
            "<schema.org/containedInPlace>",
            "<schema.org/geo>",
            "<schema.org/hasMap>",
            "<schema.org/image>",
            "<schema.org/latitude>",
            "<schema.org/logo>",
            "<schema.org/longitude>",
            "<schema.org/name>",
            "<schema.org/telephone>",
            "<schema.org/url>",
            "isa:<schema.org/MeetingRoom>"
        ],
        "count": 1.0
    },
    {
        "pset": [
            "<schema.org/address>",
            "<schema.org/description>",
            "<schema.org/geo>",
            "<schema.org/identifier>",
            "<schema.org/image>",
            "<schema.org/name>",
            "<schema.org/url>",
            "isa:<schema.org/MeetingRoom>"
        ],
        "count": 1.0
    },
    {
        "pset": [
            "<schema.org/description>",
            "<schema.org/floorSize>",
            "<schema.org/name>",
            "isa:<schema.org/MeetingRoom>"
        ],
        "count": 1.0
    },
    {
        "pset": [
            "<schema.org/containedInPlace>",
            "<schema.org/description>",
            "<schema.org/floorSize>",
            "<schema.org/maximumAttendeeCapacity>",
            "<schema.org/numberOfRooms>",
            "isa:<schema.org/MeetingRoom>"
        ],
        "count": 1.0
    }
]