[
    {
        "pset": [
            "<schema.org/hasMenuItem>",
            "<schema.org/name>",
            "isa:<schema.org/Menu>"
        ],
        "count": 96164.0
    },
    {
        "pset": [
            "<schema.org/description>",
            "<schema.org/hasMenuSection>",
            "<schema.org/name>",
            "isa:<schema.org/Menu>"
        ],
        "count": 49943.0
    },
    {
        "pset": [
            "<schema.org/hasMenuSection>",
            "<schema.org/name>",
            "isa:<schema.org/Menu>"
        ],
        "count": 41368.0
    },
    {
        "pset": [
            "<schema.org/name>",
            "<schema.org/url>",
            "isa:<schema.org/Menu>"
        ],
        "count": 40892.0
    },
    {
        "pset": [
            "<schema.org/hasMenuSection>",
            "isa:<schema.org/Menu>"
        ],
        "count": 27020.0
    },
    {
        "pset": [
            "<schema.org/hasMenuSection>",
            "<schema.org/inLanguage>",
            "<schema.org/mainEntityOfPage>",
            "<schema.org/name>",
            "<schema.org/url>",
            "isa:<schema.org/Menu>"
        ],
        "count": 16620.0
    },
    {
        "pset": [
            "<schema.org/creator>",
            "<schema.org/description>",
            "<schema.org/hasMenuSection>",
            "<schema.org/name>",
            "isa:<schema.org/Menu>"
        ],
        "count": 9895.0
    },
    {
        "pset": [
            "<schema.org/hasMenuSection>",
            "<schema.org/inLanguage>",
            "<schema.org/mainEntityOfPage>",
            "<schema.org/name>",
            "isa:<schema.org/Menu>"
        ],
        "count": 7892.0
    },
    {
        "pset": [
            "<schema.org/hasMenuSection>",
            "<schema.org/name>",
            "<schema.org/url>",
            "isa:<schema.org/Menu>"
        ],
        "count": 3999.0
    },
    {
        "pset": [
            "<schema.org/creator>",
            "<schema.org/description>",
            "<schema.org/hasMenuSection>",
            "<schema.org/locationCreated>",
            "<schema.org/name>",
            "isa:<schema.org/Menu>"
        ],
        "count": 3611.0
    },
    {
        "pset": [
            "<schema.org/inLanguage>",
            "<schema.org/mainEntityOfPage>",
            "<schema.org/name>",
            "<schema.org/url>",
            "isa:<schema.org/Menu>"
        ],
        "count": 3562.0
    },
    {
        "pset": [
            "<schema.org/image>",
            "<schema.org/name>",
            "<schema.org/offers>",
            "<schema.org/thumbnailUrl>",
            "<schema.org/url>",
            "isa:<schema.org/Menu>"
        ],
        "count": 3431.0
    },
    {
        "pset": [
            "<schema.org/hasMenuSection>",
            "<schema.org/url>",
            "isa:<schema.org/Menu>"
        ],
        "count": 3184.0
    },
    {
        "pset": [
            "<schema.org/hasMenuSection>",
            "<schema.org/inLanguage>",
            "<schema.org/name>",
            "<schema.org/publisher>",
            "isa:<schema.org/Menu>"
        ],
        "count": 2124.0
    },
    {
        "pset": [
            "<schema.org/image>",
            "<schema.org/name>",
            "<schema.org/url>",
            "isa:<schema.org/Menu>"
        ],
        "count": 1861.0
    },
    {
        "pset": [
            "<schema.org/author>",
            "<schema.org/copyrightHolder>",
            "<schema.org/copyrightYear>",
            "<schema.org/creator>",
            "<schema.org/dateModified>",
            "<schema.org/datePublished>",
            "<schema.org/description>",
            "<schema.org/headline>",
            "<schema.org/image>",
            "<schema.org/inLanguage>",
            "<schema.org/mainEntityOfPage>",
            "<schema.org/name>",
            "<schema.org/publisher>",
            "<schema.org/url>",
            "isa:<schema.org/Menu>"
        ],
        "count": 1743.0
    },
    {
        "pset": [
            "<schema.org/aggregateRating>",
            "<schema.org/image>",
            "<schema.org/name>",
            "<schema.org/offers>",
            "<schema.org/thumbnailUrl>",
            "<schema.org/url>",
            "isa:<schema.org/Menu>"
        ],
        "count": 1594.0
    },
    {
        "pset": [
            "<schema.org/description>",
            "<schema.org/name>",
            "isa:<schema.org/Menu>"
        ],
        "count": 1333.0
    },
    {
        "pset": [
            "isa:<schema.org/Menu>"
        ],
        "count": 1231.0
    },
    {
        "pset": [
            "<schema.org/description>",
            "<schema.org/name>",
            "<schema.org/offers>",
            "isa:<schema.org/Menu>"
        ],
        "count": 867.0
    },
    {
        "pset": [
            "<schema.org/hasMenuSection>",
            "<schema.org/inLanguage>",
            "<schema.org/name>",
            "<schema.org/url>",
            "isa:<schema.org/Menu>"
        ],
        "count": 748.0
    },
    {
        "pset": [
            "<schema.org/associatedMedia>",
            "<schema.org/creator>",
            "<schema.org/description>",
            "<schema.org/hasMenuSection>",
            "<schema.org/name>",
            "isa:<schema.org/Menu>"
        ],
        "count": 670.0
    },
    {
        "pset": [
            "<schema.org/creator>",
            "<schema.org/description>",
            "<schema.org/hasMenuSection>",
            "<schema.org/image>",
            "<schema.org/name>",
            "isa:<schema.org/Menu>"
        ],
        "count": 608.0
    },
    {
        "pset": [
            "<schema.org/hasMenuSection>",
            "<schema.org/inLanguage>",
            "isa:<schema.org/Menu>"
        ],
        "count": 572.0
    },
    {
        "pset": [
            "<schema.org/associatedMedia>",
            "<schema.org/creator>",
            "<schema.org/description>",
            "<schema.org/hasMenuSection>",
            "<schema.org/locationCreated>",
            "<schema.org/name>",
            "isa:<schema.org/Menu>"
        ],
        "count": 486.0
    },
    {
        "pset": [
            "<schema.org/name>",
            "isa:<schema.org/Menu>"
        ],
        "count": 440.0
    },
    {
        "pset": [
            "<schema.org/hasMenuItem>",
            "<schema.org/inLanguage>",
            "<schema.org/mainEntityOfPage>",
            "<schema.org/name>",
            "isa:<schema.org/Menu>"
        ],
        "count": 335.0
    },
    {
        "pset": [
            "<schema.org/aggregateRating>",
            "<schema.org/image>",
            "<schema.org/name>",
            "<schema.org/offers>",
            "<schema.org/provider>",
            "<schema.org/review>",
            "<schema.org/thumbnailUrl>",
            "<schema.org/url>",
            "isa:<schema.org/Menu>"
        ],
        "count": 230.0
    },
    {
        "pset": [
            "<schema.org/creator>",
            "<schema.org/description>",
            "<schema.org/hasMenuSection>",
            "<schema.org/image>",
            "<schema.org/locationCreated>",
            "<schema.org/name>",
            "isa:<schema.org/Menu>"
        ],
        "count": 221.0
    },
    {
        "pset": [
            "<schema.org/hasMenuSection>",
            "<schema.org/inLanguage>",
            "<schema.org/mainEntityOfPage>",
            "<schema.org/name>",
            "<schema.org/offers>",
            "<schema.org/url>",
            "isa:<schema.org/Menu>"
        ],
        "count": 217.0
    },
    {
        "pset": [
            "<schema.org/hasMenuSection>",
            "<schema.org/inLanguage>",
            "<schema.org/name>",
            "isa:<schema.org/Menu>"
        ],
        "count": 211.0
    },
    {
        "pset": [
            "<schema.org/hasMenuItem>",
            "isa:<schema.org/Menu>"
        ],
        "count": 195.0
    },
    {
        "pset": [
            "<schema.org/description>",
            "<schema.org/hasMenuSection>",
            "<schema.org/image>",
            "<schema.org/name>",
            "<schema.org/sameAs>",
            "<schema.org/url>",
            "isa:<schema.org/Menu>"
        ],
        "count": 192.0
    },
    {
        "pset": [
            "<schema.org/creator>",
            "<schema.org/description>",
            "<schema.org/name>",
            "isa:<schema.org/Menu>"
        ],
        "count": 131.0
    },
    {
        "pset": [
            "<schema.org/name>",
            "<schema.org/offers>",
            "<schema.org/url>",
            "isa:<schema.org/Menu>"
        ],
        "count": 131.0
    },
    {
        "pset": [
            "<schema.org/inLanguage>",
            "<schema.org/mainEntityOfPage>",
            "<schema.org/name>",
            "isa:<schema.org/Menu>"
        ],
        "count": 125.0
    },
    {
        "pset": [
            "<schema.org/creator>",
            "<schema.org/hasMenuSection>",
            "<schema.org/name>",
            "<schema.org/url>",
            "isa:<schema.org/Menu>"
        ],
        "count": 116.0
    },
    {
        "pset": [
            "<schema.org/image>",
            "<schema.org/name>",
            "<schema.org/offers>",
            "<schema.org/provider>",
            "<schema.org/thumbnailUrl>",
            "<schema.org/url>",
            "isa:<schema.org/Menu>"
        ],
        "count": 103.0
    },
    {
        "pset": [
            "<schema.org/associatedMedia>",
            "<schema.org/creator>",
            "<schema.org/description>",
            "<schema.org/hasMenuSection>",
            "<schema.org/image>",
            "<schema.org/name>",
            "isa:<schema.org/Menu>"
        ],
        "count": 96.0
    },
    {
        "pset": [
            "<schema.org/description>",
            "<schema.org/hasMenuSection>",
            "<schema.org/inLanguage>",
            "<schema.org/mainEntityOfPage>",
            "<schema.org/name>",
            "<schema.org/url>",
            "isa:<schema.org/Menu>"
        ],
        "count": 96.0
    },
    {
        "pset": [
            "<schema.org/inLanguage>",
            "<schema.org/name>",
            "<schema.org/publisher>",
            "isa:<schema.org/Menu>"
        ],
        "count": 55.0
    },
    {
        "pset": [
            "<schema.org/inLanguage>",
            "<schema.org/name>",
            "<schema.org/url>",
            "isa:<schema.org/Menu>"
        ],
        "count": 51.0
    },
    {
        "pset": [
            "<schema.org/associatedMedia>",
            "<schema.org/creator>",
            "<schema.org/description>",
            "<schema.org/name>",
            "isa:<schema.org/Menu>"
        ],
        "count": 44.0
    },
    {
        "pset": [
            "<schema.org/creator>",
            "<schema.org/description>",
            "<schema.org/locationCreated>",
            "<schema.org/name>",
            "isa:<schema.org/Menu>"
        ],
        "count": 40.0
    },
    {
        "pset": [
            "<schema.org/name>",
            "<schema.org/potentialAction>",
            "<schema.org/url>",
            "isa:<schema.org/Menu>"
        ],
        "count": 39.0
    },
    {
        "pset": [
            "<schema.org/description>",
            "<schema.org/image>",
            "<schema.org/name>",
            "isa:<schema.org/Menu>"
        ],
        "count": 39.0
    },
    {
        "pset": [
            "<schema.org/hasMenuSection>",
            "<schema.org/inLanguage>",
            "<schema.org/mainEntity>",
            "<schema.org/name>",
            "<schema.org/url>",
            "isa:<schema.org/Menu>"
        ],
        "count": 38.0
    },
    {
        "pset": [
            "<schema.org/hasMenuItem>",
            "<schema.org/hasMenuSection>",
            "<schema.org/inLanguage>",
            "<schema.org/mainEntityOfPage>",
            "<schema.org/name>",
            "isa:<schema.org/Menu>"
        ],
        "count": 36.0
    },
    {
        "pset": [
            "<schema.org/url>",
            "isa:<schema.org/Menu>"
        ],
        "count": 36.0
    },
    {
        "pset": [
            "<schema.org/brand>",
            "<schema.org/description>",
            "<schema.org/image>",
            "<schema.org/name>",
            "isa:<schema.org/Menu>"
        ],
        "count": 30.0
    },
    {
        "pset": [
            "<schema.org/associatedMedia>",
            "<schema.org/creator>",
            "<schema.org/description>",
            "<schema.org/hasMenuSection>",
            "<schema.org/image>",
            "<schema.org/locationCreated>",
            "<schema.org/name>",
            "isa:<schema.org/Menu>"
        ],
        "count": 30.0
    },
    {
        "pset": [
            "<schema.org/description>",
            "<schema.org/name>",
            "<schema.org/url>",
            "isa:<schema.org/Menu>"
        ],
        "count": 23.0
    },
    {
        "pset": [
            "<schema.org/author>",
            "<schema.org/copyrightHolder>",
            "<schema.org/copyrightYear>",
            "<schema.org/creator>",
            "<schema.org/dateModified>",
            "<schema.org/datePublished>",
            "<schema.org/description>",
            "<schema.org/headline>",
            "<schema.org/inLanguage>",
            "<schema.org/mainEntityOfPage>",
            "<schema.org/name>",
            "<schema.org/publisher>",
            "<schema.org/url>",
            "isa:<schema.org/Menu>"
        ],
        "count": 22.0
    },
    {
        "pset": [
            "<schema.org/dateCreated>",
            "<schema.org/dateModified>",
            "<schema.org/description>",
            "<schema.org/hasMenuSection>",
            "<schema.org/image>",
            "<schema.org/name>",
            "isa:<schema.org/Menu>"
        ],
        "count": 21.0
    },
    {
        "pset": [
            "<schema.org/hasMenuSection>",
            "<schema.org/inLanguage>",
            "<schema.org/mainEntityOfPage>",
            "<schema.org/name>",
            "<schema.org/offers>",
            "isa:<schema.org/Menu>"
        ],
        "count": 20.0
    },
    {
        "pset": [
            "<schema.org/description>",
            "<schema.org/hasMenuSection>",
            "<schema.org/inLanguage>",
            "<schema.org/mainEntityOfPage>",
            "<schema.org/name>",
            "<schema.org/offers>",
            "<schema.org/url>",
            "isa:<schema.org/Menu>"
        ],
        "count": 20.0
    },
    {
        "pset": [
            "<schema.org/hasMenuItem>",
            "<schema.org/hasMenuSection>",
            "<schema.org/inLanguage>",
            "<schema.org/mainEntityOfPage>",
            "<schema.org/name>",
            "<schema.org/url>",
            "isa:<schema.org/Menu>"
        ],
        "count": 20.0
    },
    {
        "pset": [
            "<schema.org/hasMenuSection>",
            "<schema.org/introduction>",
            "<schema.org/mainEntityOfPage>",
            "<schema.org/name>",
            "<schema.org/url>",
            "isa:<schema.org/Menu>"
        ],
        "count": 18.0
    },
    {
        "pset": [
            "<schema.org/associatedMedia>",
            "<schema.org/creator>",
            "<schema.org/description>",
            "<schema.org/locationCreated>",
            "<schema.org/name>",
            "isa:<schema.org/Menu>"
        ],
        "count": 18.0
    },
    {
        "pset": [
            "<schema.org/creator>",
            "<schema.org/description>",
            "<schema.org/image>",
            "<schema.org/name>",
            "isa:<schema.org/Menu>"
        ],
        "count": 17.0
    },
    {
        "pset": [
            "<schema.org/inLanguage>",
            "<schema.org/mainEntityOfPage>",
            "<schema.org/name>",
            "<schema.org/offers>",
            "<schema.org/url>",
            "isa:<schema.org/Menu>"
        ],
        "count": 15.0
    },
    {
        "pset": [
            "<schema.org/description>",
            "<schema.org/hasMenuSection>",
            "<schema.org/inLanguage>",
            "<schema.org/name>",
            "<schema.org/url>",
            "isa:<schema.org/Menu>"
        ],
        "count": 12.0
    },
    {
        "pset": [
            "<schema.org/hasMenuSection>",
            "<schema.org/inLanguage>",
            "<schema.org/mainEntityOfPage>",
            "<schema.org/name>",
            "<schema.org/publisher>",
            "<schema.org/url>",
            "isa:<schema.org/Menu>"
        ],
        "count": 11.0
    },
    {
        "pset": [
            "<schema.org/URL>",
            "<schema.org/description>",
            "<schema.org/hasMenuSection>",
            "<schema.org/name>",
            "isa:<schema.org/Menu>"
        ],
        "count": 10.0
    },
    {
        "pset": [
            "<schema.org/description>",
            "<schema.org/image>",
            "<schema.org/name>",
            "<schema.org/provider>",
            "<schema.org/url>",
            "isa:<schema.org/Menu>"
        ],
        "count": 10.0
    },
    {
        "pset": [
            "<schema.org/description>",
            "<schema.org/hasMenuSection>",
            "<schema.org/inLanguage>",
            "<schema.org/name>",
            "isa:<schema.org/Menu>"
        ],
        "count": 9.0
    },
    {
        "pset": [
            "<schema.org/hasMenuItem>",
            "<schema.org/image>",
            "<schema.org/name>",
            "<schema.org/url>",
            "isa:<schema.org/Menu>"
        ],
        "count": 8.0
    },
    {
        "pset": [
            "<schema.org/description>",
            "<schema.org/hasMenuItem>",
            "<schema.org/image>",
            "<schema.org/name>",
            "<schema.org/url>",
            "isa:<schema.org/Menu>"
        ],
        "count": 7.0
    },
    {
        "pset": [
            "<schema.org/hasMenuSection>",
            "<schema.org/mainEntityOfPage>",
            "<schema.org/name>",
            "<schema.org/url>",
            "isa:<schema.org/Menu>"
        ],
        "count": 6.0
    },
    {
        "pset": [
            "<schema.org/associatedMedia>",
            "<schema.org/creator>",
            "<schema.org/description>",
            "<schema.org/image>",
            "<schema.org/locationCreated>",
            "<schema.org/name>",
            "isa:<schema.org/Menu>"
        ],
        "count": 6.0
    },
    {
        "pset": [
            "<schema.org/inLanguage>",
            "isa:<schema.org/Menu>"
        ],
        "count": 6.0
    },
    {
        "pset": [
            "<schema.org/description>",
            "<schema.org/headline>",
            "<schema.org/image>",
            "<schema.org/keywords>",
            "isa:<schema.org/Menu>"
        ],
        "count": 5.0
    },
    {
        "pset": [
            "<schema.org/hasMenuItem>",
            "<schema.org/name>",
            "<schema.org/url>",
            "isa:<schema.org/Menu>"
        ],
        "count": 5.0
    },
    {
        "pset": [
            "<schema.org/description>",
            "<schema.org/hasMenuSection>",
            "<schema.org/image>",
            "<schema.org/name>",
            "isa:<schema.org/Menu>"
        ],
        "count": 4.0
    },
    {
        "pset": [
            "<schema.org/associatedMedia>",
            "<schema.org/creator>",
            "<schema.org/description>",
            "<schema.org/image>",
            "<schema.org/name>",
            "isa:<schema.org/Menu>"
        ],
        "count": 4.0
    },
    {
        "pset": [
            "<schema.org/description>",
            "<schema.org/inLanguage>",
            "<schema.org/mainEntityOfPage>",
            "<schema.org/name>",
            "<schema.org/offers>",
            "<schema.org/url>",
            "isa:<schema.org/Menu>"
        ],
        "count": 3.0
    },
    {
        "pset": [
            "<schema.org/hasMenuSection>",
            "<schema.org/inLanguage>",
            "<schema.org/mainEntityOfPage>",
            "<schema.org/name>",
            "<schema.org/provider>",
            "<schema.org/url>",
            "isa:<schema.org/Menu>"
        ],
        "count": 3.0
    },
    {
        "pset": [
            "<schema.org/inLanguage>",
            "<schema.org/mainEntityOfPage>",
            "<schema.org/name>",
            "<schema.org/offers>",
            "isa:<schema.org/Menu>"
        ],
        "count": 2.0
    },
    {
        "pset": [
            "<schema.org/name>",
            "<schema.org/position>",
            "<schema.org/url>",
            "isa:<schema.org/Menu>"
        ],
        "count": 2.0
    },
    {
        "pset": [
            "<schema.org/description>",
            "<schema.org/hasMenuItem>",
            "<schema.org/image>",
            "<schema.org/name>",
            "isa:<schema.org/Menu>"
        ],
        "count": 1.0
    },
    {
        "pset": [
            "<schema.org/hasMenuSection>",
            "<schema.org/image>",
            "<schema.org/name>",
            "<schema.org/url>",
            "isa:<schema.org/Menu>"
        ],
        "count": 1.0
    },
    {
        "pset": [
            "<schema.org/hasMenuSection>",
            "<schema.org/inLanguage>",
            "<schema.org/offers>",
            "isa:<schema.org/Menu>"
        ],
        "count": 1.0
    },
    {
        "pset": [
            "<schema.org/description>",
            "<schema.org/hasMenuSection>",
            "<schema.org/mainEntityOfPage>",
            "<schema.org/name>",
            "isa:<schema.org/Menu>"
        ],
        "count": 1.0
    },
    {
        "pset": [
            "<schema.org/creator>",
            "<schema.org/hasMenuSection>",
            "<schema.org/inLanguage>",
            "<schema.org/mainEntityOfPage>",
            "<schema.org/name>",
            "<schema.org/url>",
            "isa:<schema.org/Menu>"
        ],
        "count": 1.0
    },
    {
        "pset": [
            "<schema.org/hasMenuItem>",
            "<schema.org/hasMenuSection>",
            "isa:<schema.org/Menu>"
        ],
        "count": 1.0
    },
    {
        "pset": [
            "<schema.org/aggregateRating>",
            "<schema.org/image>",
            "<schema.org/name>",
            "<schema.org/offers>",
            "<schema.org/provider>",
            "<schema.org/thumbnailUrl>",
            "<schema.org/url>",
            "isa:<schema.org/Menu>"
        ],
        "count": 1.0
    },
    {
        "pset": [
            "<schema.org/about>",
            "<schema.org/alternativeHeadline>",
            "<schema.org/hasMenuItem>",
            "<schema.org/isFamilyFriendly>",
            "<schema.org/name>",
            "isa:<schema.org/Menu>"
        ],
        "count": 1.0
    },
    {
        "pset": [
            "<schema.org/about>",
            "<schema.org/creator>",
            "<schema.org/dateCreated>",
            "<schema.org/description>",
            "<schema.org/identifier>",
            "<schema.org/inLanguage>",
            "<schema.org/isAvailableForFree>",
            "<schema.org/maintainer>",
            "<schema.org/name>",
            "<schema.org/spatialCoverage>",
            "<schema.org/temporal>",
            "<schema.org/thumbnailUrl>",
            "<schema.org/usageInfo>",
            "isa:<schema.org/Menu>"
        ],
        "count": 1.0
    },
    {
        "pset": [
            "<schema.org/creator>",
            "<schema.org/description>",
            "<schema.org/image>",
            "<schema.org/locationCreated>",
            "<schema.org/name>",
            "isa:<schema.org/Menu>"
        ],
        "count": 1.0
    },
    {
        "pset": [
            "<schema.org/hasMenuSection>",
            "<schema.org/image>",
            "<schema.org/inLanguage>",
            "<schema.org/name>",
            "<schema.org/offers>",
            "<schema.org/url>",
            "isa:<schema.org/Menu>"
        ],
        "count": 1.0
    }
]