[
    {
        "pset": [
            "<schema.org/creator>",
            "<schema.org/dateCreated>",
            "<schema.org/description>",
            "<schema.org/identifier>",
            "<schema.org/inLanguage>",
            "<schema.org/isAvailableForFree>",
            "<schema.org/maintainer>",
            "<schema.org/name>",
            "<schema.org/temporal>",
            "<schema.org/thumbnailUrl>",
            "<schema.org/usageInfo>",
            "isa:<schema.org/Message>"
        ],
        "count": 87.0
    },
    {
        "pset": [
            "<schema.org/aggregateRating>",
            "<schema.org/description>",
            "<schema.org/name>",
            "<schema.org/url>",
            "isa:<schema.org/Message>"
        ],
        "count": 39.0
    },
    {
        "pset": [
            "<schema.org/creator>",
            "<schema.org/dateCreated>",
            "<schema.org/description>",
            "<schema.org/identifier>",
            "<schema.org/inLanguage>",
            "<schema.org/isAvailableForFree>",
            "<schema.org/maintainer>",
            "<schema.org/name>",
            "<schema.org/temporal>",
            "<schema.org/thumbnailUrl>",
            "<schema.org/usageInfo>",
            "isa:<schema.org/ItemPage>",
            "isa:<schema.org/Message>"
        ],
        "count": 32.0
    },
    {
        "pset": [
            "<schema.org/about>",
            "<schema.org/creator>",
            "<schema.org/dateCreated>",
            "<schema.org/description>",
            "<schema.org/identifier>",
            "<schema.org/inLanguage>",
            "<schema.org/isAvailableForFree>",
            "<schema.org/maintainer>",
            "<schema.org/name>",
            "<schema.org/temporal>",
            "<schema.org/thumbnailUrl>",
            "<schema.org/usageInfo>",
            "isa:<schema.org/Message>"
        ],
        "count": 31.0
    },
    {
        "pset": [
            "<schema.org/about>",
            "<schema.org/creator>",
            "<schema.org/dateCreated>",
            "<schema.org/description>",
            "<schema.org/identifier>",
            "<schema.org/inLanguage>",
            "<schema.org/isAvailableForFree>",
            "<schema.org/maintainer>",
            "<schema.org/name>",
            "<schema.org/spatialCoverage>",
            "<schema.org/temporal>",
            "<schema.org/thumbnailUrl>",
            "<schema.org/usageInfo>",
            "isa:<schema.org/Message>"
        ],
        "count": 12.0
    },
    {
        "pset": [
            "<schema.org/about>",
            "<schema.org/recipient>",
            "<schema.org/sender>",
            "isa:<schema.org/Message>"
        ],
        "count": 7.0
    },
    {
        "pset": [
            "<schema.org/description>",
            "<schema.org/inLanguage>",
            "<schema.org/isPartOf>",
            "<schema.org/keywords>",
            "<schema.org/mentions>",
            "<schema.org/name>",
            "<schema.org/sameAs>",
            "<schema.org/sender>",
            "<schema.org/url>",
            "isa:<schema.org/Manuscript>",
            "isa:<schema.org/Message>"
        ],
        "count": 6.0
    },
    {
        "pset": [
            "<schema.org/alternativeHeadline>",
            "<schema.org/dateCreated>",
            "<schema.org/inLanguage>",
            "<schema.org/isPartOf>",
            "<schema.org/keywords>",
            "<schema.org/locationCreated>",
            "<schema.org/mentions>",
            "<schema.org/name>",
            "<schema.org/numberOfPages>",
            "<schema.org/recipient>",
            "<schema.org/sameAs>",
            "<schema.org/sku>",
            "<schema.org/spatial>",
            "<schema.org/url>",
            "isa:<schema.org/Manuscript>",
            "isa:<schema.org/Message>"
        ],
        "count": 5.0
    },
    {
        "pset": [
            "<schema.org/contributor>",
            "<schema.org/creator>",
            "<schema.org/dateCreated>",
            "<schema.org/description>",
            "<schema.org/identifier>",
            "<schema.org/inLanguage>",
            "<schema.org/isAvailableForFree>",
            "<schema.org/maintainer>",
            "<schema.org/name>",
            "<schema.org/temporal>",
            "<schema.org/thumbnailUrl>",
            "<schema.org/usageInfo>",
            "isa:<schema.org/Message>"
        ],
        "count": 4.0
    },
    {
        "pset": [
            "<schema.org/alternativeHeadline>",
            "<schema.org/citation>",
            "<schema.org/dateCreated>",
            "<schema.org/isPartOf>",
            "<schema.org/keywords>",
            "<schema.org/locationCreated>",
            "<schema.org/mentions>",
            "<schema.org/name>",
            "<schema.org/recipient>",
            "<schema.org/sameAs>",
            "<schema.org/sender>",
            "<schema.org/sku>",
            "<schema.org/spatial>",
            "<schema.org/url>",
            "isa:<schema.org/Manuscript>",
            "isa:<schema.org/Message>"
        ],
        "count": 4.0
    },
    {
        "pset": [
            "<schema.org/alternativeHeadline>",
            "<schema.org/citation>",
            "<schema.org/dateCreated>",
            "<schema.org/height>",
            "<schema.org/inLanguage>",
            "<schema.org/isPartOf>",
            "<schema.org/keywords>",
            "<schema.org/locationCreated>",
            "<schema.org/mentions>",
            "<schema.org/name>",
            "<schema.org/numberOfPages>",
            "<schema.org/recipient>",
            "<schema.org/sameAs>",
            "<schema.org/sender>",
            "<schema.org/sku>",
            "<schema.org/spatial>",
            "<schema.org/url>",
            "<schema.org/width>",
            "isa:<schema.org/Manuscript>",
            "isa:<schema.org/Message>"
        ],
        "count": 4.0
    },
    {
        "pset": [
            "<schema.org/alternativeHeadline>",
            "<schema.org/citation>",
            "<schema.org/dateCreated>",
            "<schema.org/height>",
            "<schema.org/inLanguage>",
            "<schema.org/isPartOf>",
            "<schema.org/keywords>",
            "<schema.org/mentions>",
            "<schema.org/name>",
            "<schema.org/numberOfPages>",
            "<schema.org/recipient>",
            "<schema.org/sameAs>",
            "<schema.org/sender>",
            "<schema.org/sku>",
            "<schema.org/spatial>",
            "<schema.org/url>",
            "<schema.org/width>",
            "isa:<schema.org/Manuscript>",
            "isa:<schema.org/Message>"
        ],
        "count": 3.0
    },
    {
        "pset": [
            "<schema.org/alternativeHeadline>",
            "<schema.org/dateCreated>",
            "<schema.org/description>",
            "<schema.org/isPartOf>",
            "<schema.org/keywords>",
            "<schema.org/locationCreated>",
            "<schema.org/mentions>",
            "<schema.org/name>",
            "<schema.org/recipient>",
            "<schema.org/sameAs>",
            "<schema.org/sender>",
            "<schema.org/sku>",
            "<schema.org/spatial>",
            "<schema.org/url>",
            "isa:<schema.org/Manuscript>",
            "isa:<schema.org/Message>"
        ],
        "count": 3.0
    },
    {
        "pset": [
            "<schema.org/alternativeHeadline>",
            "<schema.org/citation>",
            "<schema.org/dateCreated>",
            "<schema.org/height>",
            "<schema.org/inLanguage>",
            "<schema.org/isPartOf>",
            "<schema.org/keywords>",
            "<schema.org/locationCreated>",
            "<schema.org/mentions>",
            "<schema.org/name>",
            "<schema.org/recipient>",
            "<schema.org/sameAs>",
            "<schema.org/sender>",
            "<schema.org/sku>",
            "<schema.org/spatial>",
            "<schema.org/url>",
            "<schema.org/width>",
            "isa:<schema.org/Manuscript>",
            "isa:<schema.org/Message>"
        ],
        "count": 3.0
    },
    {
        "pset": [
            "<schema.org/alternativeHeadline>",
            "<schema.org/dateCreated>",
            "<schema.org/description>",
            "<schema.org/inLanguage>",
            "<schema.org/isPartOf>",
            "<schema.org/keywords>",
            "<schema.org/locationCreated>",
            "<schema.org/mentions>",
            "<schema.org/name>",
            "<schema.org/numberOfPages>",
            "<schema.org/recipient>",
            "<schema.org/sameAs>",
            "<schema.org/sender>",
            "<schema.org/url>",
            "isa:<schema.org/Manuscript>",
            "isa:<schema.org/Message>"
        ],
        "count": 3.0
    },
    {
        "pset": [
            "<schema.org/alternativeHeadline>",
            "<schema.org/dateCreated>",
            "<schema.org/inLanguage>",
            "<schema.org/isPartOf>",
            "<schema.org/keywords>",
            "<schema.org/locationCreated>",
            "<schema.org/name>",
            "<schema.org/numberOfPages>",
            "<schema.org/recipient>",
            "<schema.org/sameAs>",
            "<schema.org/sender>",
            "<schema.org/sku>",
            "<schema.org/spatial>",
            "<schema.org/url>",
            "isa:<schema.org/Manuscript>",
            "isa:<schema.org/Message>"
        ],
        "count": 2.0
    },
    {
        "pset": [
            "<schema.org/alternativeHeadline>",
            "<schema.org/citation>",
            "<schema.org/dateCreated>",
            "<schema.org/inLanguage>",
            "<schema.org/isPartOf>",
            "<schema.org/keywords>",
            "<schema.org/locationCreated>",
            "<schema.org/name>",
            "<schema.org/recipient>",
            "<schema.org/sameAs>",
            "<schema.org/sender>",
            "<schema.org/sku>",
            "<schema.org/spatial>",
            "<schema.org/url>",
            "isa:<schema.org/Manuscript>",
            "isa:<schema.org/Message>"
        ],
        "count": 2.0
    },
    {
        "pset": [
            "<schema.org/alternativeHeadline>",
            "<schema.org/citation>",
            "<schema.org/dateCreated>",
            "<schema.org/height>",
            "<schema.org/inLanguage>",
            "<schema.org/isPartOf>",
            "<schema.org/keywords>",
            "<schema.org/mentions>",
            "<schema.org/name>",
            "<schema.org/recipient>",
            "<schema.org/sameAs>",
            "<schema.org/sender>",
            "<schema.org/sku>",
            "<schema.org/spatial>",
            "<schema.org/url>",
            "<schema.org/width>",
            "isa:<schema.org/Manuscript>",
            "isa:<schema.org/Message>"
        ],
        "count": 2.0
    },
    {
        "pset": [
            "<schema.org/alternativeHeadline>",
            "<schema.org/dateCreated>",
            "<schema.org/inLanguage>",
            "<schema.org/keywords>",
            "<schema.org/locationCreated>",
            "<schema.org/name>",
            "<schema.org/numberOfPages>",
            "<schema.org/recipient>",
            "<schema.org/sameAs>",
            "<schema.org/sender>",
            "<schema.org/url>",
            "isa:<schema.org/Manuscript>",
            "isa:<schema.org/Message>"
        ],
        "count": 2.0
    },
    {
        "pset": [
            "<schema.org/alternativeHeadline>",
            "<schema.org/dateCreated>",
            "<schema.org/datePublished>",
            "<schema.org/description>",
            "<schema.org/inLanguage>",
            "<schema.org/isPartOf>",
            "<schema.org/keywords>",
            "<schema.org/name>",
            "<schema.org/recipient>",
            "<schema.org/sameAs>",
            "<schema.org/sender>",
            "<schema.org/url>",
            "isa:<schema.org/Manuscript>",
            "isa:<schema.org/Message>"
        ],
        "count": 2.0
    },
    {
        "pset": [
            "<schema.org/alternativeHeadline>",
            "<schema.org/citation>",
            "<schema.org/dateCreated>",
            "<schema.org/isPartOf>",
            "<schema.org/keywords>",
            "<schema.org/locationCreated>",
            "<schema.org/mentions>",
            "<schema.org/name>",
            "<schema.org/numberOfPages>",
            "<schema.org/recipient>",
            "<schema.org/sameAs>",
            "<schema.org/sender>",
            "<schema.org/sku>",
            "<schema.org/spatial>",
            "<schema.org/url>",
            "isa:<schema.org/Manuscript>",
            "isa:<schema.org/Message>"
        ],
        "count": 2.0
    },
    {
        "pset": [
            "<schema.org/alternativeHeadline>",
            "<schema.org/citation>",
            "<schema.org/dateCreated>",
            "<schema.org/inLanguage>",
            "<schema.org/isPartOf>",
            "<schema.org/keywords>",
            "<schema.org/locationCreated>",
            "<schema.org/name>",
            "<schema.org/numberOfPages>",
            "<schema.org/recipient>",
            "<schema.org/sameAs>",
            "<schema.org/sender>",
            "<schema.org/sku>",
            "<schema.org/spatial>",
            "<schema.org/url>",
            "isa:<schema.org/Manuscript>",
            "isa:<schema.org/Message>"
        ],
        "count": 2.0
    },
    {
        "pset": [
            "<schema.org/description>",
            "<schema.org/inLanguage>",
            "<schema.org/isPartOf>",
            "<schema.org/keywords>",
            "<schema.org/mentions>",
            "<schema.org/name>",
            "<schema.org/sameAs>",
            "<schema.org/url>",
            "isa:<schema.org/Manuscript>",
            "isa:<schema.org/Message>"
        ],
        "count": 1.0
    },
    {
        "pset": [
            "<schema.org/dateCreated>",
            "<schema.org/description>",
            "<schema.org/inLanguage>",
            "<schema.org/isPartOf>",
            "<schema.org/keywords>",
            "<schema.org/locationCreated>",
            "<schema.org/mentions>",
            "<schema.org/name>",
            "<schema.org/recipient>",
            "<schema.org/sameAs>",
            "<schema.org/sender>",
            "<schema.org/url>",
            "isa:<schema.org/Manuscript>",
            "isa:<schema.org/Message>"
        ],
        "count": 1.0
    },
    {
        "pset": [
            "<schema.org/alternativeHeadline>",
            "<schema.org/dateCreated>",
            "<schema.org/height>",
            "<schema.org/inLanguage>",
            "<schema.org/keywords>",
            "<schema.org/locationCreated>",
            "<schema.org/mentions>",
            "<schema.org/name>",
            "<schema.org/numberOfPages>",
            "<schema.org/recipient>",
            "<schema.org/sameAs>",
            "<schema.org/sender>",
            "<schema.org/url>",
            "<schema.org/width>",
            "isa:<schema.org/Manuscript>",
            "isa:<schema.org/Message>"
        ],
        "count": 1.0
    },
    {
        "pset": [
            "<schema.org/alternativeHeadline>",
            "<schema.org/description>",
            "<schema.org/inLanguage>",
            "<schema.org/isPartOf>",
            "<schema.org/keywords>",
            "<schema.org/mentions>",
            "<schema.org/name>",
            "<schema.org/recipient>",
            "<schema.org/sameAs>",
            "<schema.org/sender>",
            "<schema.org/sku>",
            "<schema.org/spatial>",
            "<schema.org/url>",
            "isa:<schema.org/Manuscript>",
            "isa:<schema.org/Message>"
        ],
        "count": 1.0
    },
    {
        "pset": [
            "<schema.org/description>",
            "<schema.org/sameAs>",
            "isa:<schema.org/Message>"
        ],
        "count": 1.0
    },
    {
        "pset": [
            "<schema.org/alternativeHeadline>",
            "<schema.org/citation>",
            "<schema.org/dateCreated>",
            "<schema.org/description>",
            "<schema.org/inLanguage>",
            "<schema.org/isPartOf>",
            "<schema.org/keywords>",
            "<schema.org/locationCreated>",
            "<schema.org/mentions>",
            "<schema.org/name>",
            "<schema.org/recipient>",
            "<schema.org/sameAs>",
            "<schema.org/sender>",
            "<schema.org/url>",
            "isa:<schema.org/Manuscript>",
            "isa:<schema.org/Message>"
        ],
        "count": 1.0
    },
    {
        "pset": [
            "<schema.org/alternativeHeadline>",
            "<schema.org/bookEdition>",
            "<schema.org/dateCreated>",
            "<schema.org/description>",
            "<schema.org/isPartOf>",
            "<schema.org/keywords>",
            "<schema.org/mentions>",
            "<schema.org/name>",
            "<schema.org/recipient>",
            "<schema.org/sameAs>",
            "<schema.org/sender>",
            "<schema.org/sku>",
            "<schema.org/spatial>",
            "<schema.org/url>",
            "isa:<schema.org/Manuscript>",
            "isa:<schema.org/Message>"
        ],
        "count": 1.0
    },
    {
        "pset": [
            "<schema.org/alternativeHeadline>",
            "<schema.org/dateCreated>",
            "<schema.org/description>",
            "<schema.org/inLanguage>",
            "<schema.org/isPartOf>",
            "<schema.org/keywords>",
            "<schema.org/mentions>",
            "<schema.org/name>",
            "<schema.org/recipient>",
            "<schema.org/sameAs>",
            "<schema.org/sender>",
            "<schema.org/sku>",
            "<schema.org/spatial>",
            "<schema.org/url>",
            "isa:<schema.org/Manuscript>",
            "isa:<schema.org/Message>"
        ],
        "count": 1.0
    },
    {
        "pset": [
            "<schema.org/datePublished>",
            "<schema.org/description>",
            "<schema.org/inLanguage>",
            "<schema.org/isPartOf>",
            "<schema.org/keywords>",
            "<schema.org/mentions>",
            "<schema.org/name>",
            "<schema.org/sameAs>",
            "<schema.org/sender>",
            "<schema.org/url>",
            "isa:<schema.org/Manuscript>",
            "isa:<schema.org/Message>"
        ],
        "count": 1.0
    },
    {
        "pset": [
            "<schema.org/alternativeHeadline>",
            "<schema.org/dateCreated>",
            "<schema.org/datePublished>",
            "<schema.org/description>",
            "<schema.org/inLanguage>",
            "<schema.org/isPartOf>",
            "<schema.org/keywords>",
            "<schema.org/mentions>",
            "<schema.org/name>",
            "<schema.org/recipient>",
            "<schema.org/sameAs>",
            "<schema.org/sender>",
            "<schema.org/sku>",
            "<schema.org/spatial>",
            "<schema.org/url>",
            "isa:<schema.org/Manuscript>",
            "isa:<schema.org/Message>"
        ],
        "count": 1.0
    },
    {
        "pset": [
            "<schema.org/creator>",
            "<schema.org/dateCreated>",
            "<schema.org/description>",
            "<schema.org/identifier>",
            "<schema.org/inLanguage>",
            "<schema.org/isAvailableForFree>",
            "<schema.org/maintainer>",
            "<schema.org/name>",
            "<schema.org/spatialCoverage>",
            "<schema.org/temporal>",
            "<schema.org/thumbnailUrl>",
            "<schema.org/usageInfo>",
            "isa:<schema.org/Message>"
        ],
        "count": 1.0
    },
    {
        "pset": [
            "<schema.org/description>",
            "<schema.org/inLanguage>",
            "<schema.org/keywords>",
            "<schema.org/mentions>",
            "<schema.org/name>",
            "<schema.org/sameAs>",
            "<schema.org/sender>",
            "<schema.org/url>",
            "isa:<schema.org/Manuscript>",
            "isa:<schema.org/Message>"
        ],
        "count": 1.0
    },
    {
        "pset": [
            "<schema.org/description>",
            "<schema.org/inLanguage>",
            "<schema.org/isPartOf>",
            "<schema.org/keywords>",
            "<schema.org/mentions>",
            "<schema.org/name>",
            "<schema.org/recipient>",
            "<schema.org/sameAs>",
            "<schema.org/sender>",
            "<schema.org/sku>",
            "<schema.org/spatial>",
            "<schema.org/url>",
            "isa:<schema.org/Manuscript>",
            "isa:<schema.org/Message>"
        ],
        "count": 1.0
    },
    {
        "pset": [
            "<schema.org/alternativeHeadline>",
            "<schema.org/contributor>",
            "<schema.org/dateCreated>",
            "<schema.org/description>",
            "<schema.org/isPartOf>",
            "<schema.org/keywords>",
            "<schema.org/locationCreated>",
            "<schema.org/mentions>",
            "<schema.org/name>",
            "<schema.org/recipient>",
            "<schema.org/sameAs>",
            "<schema.org/sender>",
            "<schema.org/sku>",
            "<schema.org/spatial>",
            "<schema.org/url>",
            "isa:<schema.org/Manuscript>",
            "isa:<schema.org/Message>"
        ],
        "count": 1.0
    },
    {
        "pset": [
            "<schema.org/alternativeHeadline>",
            "<schema.org/citation>",
            "<schema.org/inLanguage>",
            "<schema.org/isPartOf>",
            "<schema.org/keywords>",
            "<schema.org/locationCreated>",
            "<schema.org/name>",
            "<schema.org/numberOfPages>",
            "<schema.org/recipient>",
            "<schema.org/sameAs>",
            "<schema.org/sender>",
            "<schema.org/sku>",
            "<schema.org/spatial>",
            "<schema.org/url>",
            "isa:<schema.org/Manuscript>",
            "isa:<schema.org/Message>"
        ],
        "count": 1.0
    },
    {
        "pset": [
            "<schema.org/alternativeHeadline>",
            "<schema.org/description>",
            "<schema.org/inLanguage>",
            "<schema.org/keywords>",
            "<schema.org/locationCreated>",
            "<schema.org/name>",
            "<schema.org/recipient>",
            "<schema.org/sameAs>",
            "<schema.org/sender>",
            "<schema.org/url>",
            "isa:<schema.org/Manuscript>",
            "isa:<schema.org/Message>"
        ],
        "count": 1.0
    },
    {
        "pset": [
            "<schema.org/alternativeHeadline>",
            "<schema.org/citation>",
            "<schema.org/dateCreated>",
            "<schema.org/datePublished>",
            "<schema.org/inLanguage>",
            "<schema.org/isPartOf>",
            "<schema.org/keywords>",
            "<schema.org/name>",
            "<schema.org/recipient>",
            "<schema.org/sameAs>",
            "<schema.org/sender>",
            "<schema.org/url>",
            "isa:<schema.org/Manuscript>",
            "isa:<schema.org/Message>"
        ],
        "count": 1.0
    },
    {
        "pset": [
            "<schema.org/alternativeHeadline>",
            "<schema.org/inLanguage>",
            "<schema.org/keywords>",
            "<schema.org/locationCreated>",
            "<schema.org/name>",
            "<schema.org/numberOfPages>",
            "<schema.org/recipient>",
            "<schema.org/sameAs>",
            "<schema.org/sender>",
            "<schema.org/url>",
            "isa:<schema.org/Manuscript>",
            "isa:<schema.org/Message>"
        ],
        "count": 1.0
    },
    {
        "pset": [
            "<schema.org/alternativeHeadline>",
            "<schema.org/citation>",
            "<schema.org/dateCreated>",
            "<schema.org/inLanguage>",
            "<schema.org/isPartOf>",
            "<schema.org/keywords>",
            "<schema.org/locationCreated>",
            "<schema.org/mentions>",
            "<schema.org/name>",
            "<schema.org/recipient>",
            "<schema.org/sameAs>",
            "<schema.org/sender>",
            "<schema.org/sku>",
            "<schema.org/spatial>",
            "<schema.org/url>",
            "isa:<schema.org/Manuscript>",
            "isa:<schema.org/Message>"
        ],
        "count": 1.0
    },
    {
        "pset": [
            "<schema.org/alternativeHeadline>",
            "<schema.org/citation>",
            "<schema.org/dateCreated>",
            "<schema.org/inLanguage>",
            "<schema.org/isPartOf>",
            "<schema.org/keywords>",
            "<schema.org/locationCreated>",
            "<schema.org/mentions>",
            "<schema.org/name>",
            "<schema.org/numberOfPages>",
            "<schema.org/recipient>",
            "<schema.org/sameAs>",
            "<schema.org/sender>",
            "<schema.org/sku>",
            "<schema.org/spatial>",
            "<schema.org/url>",
            "isa:<schema.org/Manuscript>",
            "isa:<schema.org/Message>"
        ],
        "count": 1.0
    },
    {
        "pset": [
            "<schema.org/alternativeHeadline>",
            "<schema.org/citation>",
            "<schema.org/inLanguage>",
            "<schema.org/isPartOf>",
            "<schema.org/keywords>",
            "<schema.org/locationCreated>",
            "<schema.org/name>",
            "<schema.org/numberOfPages>",
            "<schema.org/recipient>",
            "<schema.org/sameAs>",
            "<schema.org/sender>",
            "<schema.org/url>",
            "isa:<schema.org/Manuscript>",
            "isa:<schema.org/Message>"
        ],
        "count": 1.0
    },
    {
        "pset": [
            "<schema.org/alternativeHeadline>",
            "<schema.org/citation>",
            "<schema.org/dateCreated>",
            "<schema.org/description>",
            "<schema.org/inLanguage>",
            "<schema.org/isPartOf>",
            "<schema.org/keywords>",
            "<schema.org/locationCreated>",
            "<schema.org/mentions>",
            "<schema.org/name>",
            "<schema.org/numberOfPages>",
            "<schema.org/recipient>",
            "<schema.org/sameAs>",
            "<schema.org/sender>",
            "<schema.org/sku>",
            "<schema.org/spatial>",
            "<schema.org/url>",
            "isa:<schema.org/Manuscript>",
            "isa:<schema.org/Message>"
        ],
        "count": 1.0
    },
    {
        "pset": [
            "<schema.org/alternativeHeadline>",
            "<schema.org/dateCreated>",
            "<schema.org/inLanguage>",
            "<schema.org/isPartOf>",
            "<schema.org/keywords>",
            "<schema.org/name>",
            "<schema.org/recipient>",
            "<schema.org/sameAs>",
            "<schema.org/sender>",
            "<schema.org/sku>",
            "<schema.org/spatial>",
            "<schema.org/url>",
            "isa:<schema.org/Manuscript>",
            "isa:<schema.org/Message>"
        ],
        "count": 1.0
    },
    {
        "pset": [
            "<schema.org/alternativeHeadline>",
            "<schema.org/dateCreated>",
            "<schema.org/inLanguage>",
            "<schema.org/keywords>",
            "<schema.org/locationCreated>",
            "<schema.org/mentions>",
            "<schema.org/name>",
            "<schema.org/numberOfPages>",
            "<schema.org/recipient>",
            "<schema.org/sameAs>",
            "<schema.org/sender>",
            "<schema.org/url>",
            "isa:<schema.org/Manuscript>",
            "isa:<schema.org/Message>"
        ],
        "count": 1.0
    },
    {
        "pset": [
            "<schema.org/alternativeHeadline>",
            "<schema.org/dateCreated>",
            "<schema.org/height>",
            "<schema.org/inLanguage>",
            "<schema.org/isPartOf>",
            "<schema.org/keywords>",
            "<schema.org/locationCreated>",
            "<schema.org/mentions>",
            "<schema.org/name>",
            "<schema.org/numberOfPages>",
            "<schema.org/sameAs>",
            "<schema.org/sender>",
            "<schema.org/sku>",
            "<schema.org/spatial>",
            "<schema.org/url>",
            "<schema.org/width>",
            "isa:<schema.org/Manuscript>",
            "isa:<schema.org/Message>"
        ],
        "count": 1.0
    },
    {
        "pset": [
            "<schema.org/alternativeHeadline>",
            "<schema.org/citation>",
            "<schema.org/dateCreated>",
            "<schema.org/description>",
            "<schema.org/isPartOf>",
            "<schema.org/keywords>",
            "<schema.org/locationCreated>",
            "<schema.org/mentions>",
            "<schema.org/name>",
            "<schema.org/numberOfPages>",
            "<schema.org/recipient>",
            "<schema.org/sameAs>",
            "<schema.org/sender>",
            "<schema.org/sku>",
            "<schema.org/spatial>",
            "<schema.org/url>",
            "isa:<schema.org/Manuscript>",
            "isa:<schema.org/Message>"
        ],
        "count": 1.0
    },
    {
        "pset": [
            "<schema.org/alternativeHeadline>",
            "<schema.org/description>",
            "<schema.org/inLanguage>",
            "<schema.org/isPartOf>",
            "<schema.org/keywords>",
            "<schema.org/locationCreated>",
            "<schema.org/name>",
            "<schema.org/numberOfPages>",
            "<schema.org/recipient>",
            "<schema.org/sameAs>",
            "<schema.org/sender>",
            "<schema.org/url>",
            "isa:<schema.org/Manuscript>",
            "isa:<schema.org/Message>"
        ],
        "count": 1.0
    },
    {
        "pset": [
            "<schema.org/alternativeHeadline>",
            "<schema.org/dateCreated>",
            "<schema.org/inLanguage>",
            "<schema.org/isPartOf>",
            "<schema.org/keywords>",
            "<schema.org/mentions>",
            "<schema.org/name>",
            "<schema.org/numberOfPages>",
            "<schema.org/recipient>",
            "<schema.org/sameAs>",
            "<schema.org/sender>",
            "<schema.org/url>",
            "isa:<schema.org/Manuscript>",
            "isa:<schema.org/Message>"
        ],
        "count": 1.0
    },
    {
        "pset": [
            "<schema.org/alternativeHeadline>",
            "<schema.org/inLanguage>",
            "<schema.org/keywords>",
            "<schema.org/locationCreated>",
            "<schema.org/mentions>",
            "<schema.org/name>",
            "<schema.org/recipient>",
            "<schema.org/sameAs>",
            "<schema.org/sender>",
            "<schema.org/url>",
            "isa:<schema.org/Manuscript>",
            "isa:<schema.org/Message>"
        ],
        "count": 1.0
    },
    {
        "pset": [
            "<schema.org/alternativeHeadline>",
            "<schema.org/inLanguage>",
            "<schema.org/isPartOf>",
            "<schema.org/keywords>",
            "<schema.org/locationCreated>",
            "<schema.org/mentions>",
            "<schema.org/name>",
            "<schema.org/recipient>",
            "<schema.org/sameAs>",
            "<schema.org/sender>",
            "<schema.org/url>",
            "isa:<schema.org/Manuscript>",
            "isa:<schema.org/Message>"
        ],
        "count": 1.0
    },
    {
        "pset": [
            "<schema.org/alternativeHeadline>",
            "<schema.org/dateCreated>",
            "<schema.org/isPartOf>",
            "<schema.org/keywords>",
            "<schema.org/mentions>",
            "<schema.org/name>",
            "<schema.org/recipient>",
            "<schema.org/sameAs>",
            "<schema.org/sender>",
            "<schema.org/sku>",
            "<schema.org/spatial>",
            "<schema.org/url>",
            "isa:<schema.org/Manuscript>",
            "isa:<schema.org/Message>"
        ],
        "count": 1.0
    },
    {
        "pset": [
            "<schema.org/alternativeHeadline>",
            "<schema.org/dateCreated>",
            "<schema.org/description>",
            "<schema.org/isPartOf>",
            "<schema.org/keywords>",
            "<schema.org/locationCreated>",
            "<schema.org/name>",
            "<schema.org/numberOfPages>",
            "<schema.org/recipient>",
            "<schema.org/sameAs>",
            "<schema.org/sender>",
            "<schema.org/url>",
            "isa:<schema.org/Manuscript>",
            "isa:<schema.org/Message>"
        ],
        "count": 1.0
    },
    {
        "pset": [
            "<schema.org/alternativeHeadline>",
            "<schema.org/datePublished>",
            "<schema.org/description>",
            "<schema.org/inLanguage>",
            "<schema.org/isPartOf>",
            "<schema.org/keywords>",
            "<schema.org/mentions>",
            "<schema.org/name>",
            "<schema.org/numberOfPages>",
            "<schema.org/sameAs>",
            "<schema.org/sender>",
            "<schema.org/url>",
            "isa:<schema.org/Manuscript>",
            "isa:<schema.org/Message>"
        ],
        "count": 1.0
    },
    {
        "pset": [
            "<schema.org/description>",
            "<schema.org/inLanguage>",
            "<schema.org/keywords>",
            "<schema.org/mentions>",
            "<schema.org/name>",
            "<schema.org/sameAs>",
            "<schema.org/sender>",
            "<schema.org/sku>",
            "<schema.org/spatial>",
            "<schema.org/url>",
            "isa:<schema.org/Manuscript>",
            "isa:<schema.org/Message>"
        ],
        "count": 1.0
    },
    {
        "pset": [
            "<schema.org/alternativeHeadline>",
            "<schema.org/dateCreated>",
            "<schema.org/inLanguage>",
            "<schema.org/isPartOf>",
            "<schema.org/keywords>",
            "<schema.org/name>",
            "<schema.org/recipient>",
            "<schema.org/sameAs>",
            "<schema.org/sender>",
            "<schema.org/url>",
            "isa:<schema.org/Manuscript>",
            "isa:<schema.org/Message>"
        ],
        "count": 1.0
    },
    {
        "pset": [
            "<schema.org/alternativeHeadline>",
            "<schema.org/citation>",
            "<schema.org/dateCreated>",
            "<schema.org/description>",
            "<schema.org/isPartOf>",
            "<schema.org/keywords>",
            "<schema.org/locationCreated>",
            "<schema.org/name>",
            "<schema.org/numberOfPages>",
            "<schema.org/recipient>",
            "<schema.org/sameAs>",
            "<schema.org/sender>",
            "<schema.org/url>",
            "isa:<schema.org/Manuscript>",
            "isa:<schema.org/Message>"
        ],
        "count": 1.0
    },
    {
        "pset": [
            "<schema.org/alternativeHeadline>",
            "<schema.org/dateCreated>",
            "<schema.org/height>",
            "<schema.org/inLanguage>",
            "<schema.org/isPartOf>",
            "<schema.org/keywords>",
            "<schema.org/locationCreated>",
            "<schema.org/mentions>",
            "<schema.org/name>",
            "<schema.org/numberOfPages>",
            "<schema.org/recipient>",
            "<schema.org/sameAs>",
            "<schema.org/sender>",
            "<schema.org/sku>",
            "<schema.org/spatial>",
            "<schema.org/url>",
            "<schema.org/width>",
            "isa:<schema.org/Manuscript>",
            "isa:<schema.org/Message>"
        ],
        "count": 1.0
    },
    {
        "pset": [
            "<schema.org/alternativeHeadline>",
            "<schema.org/inLanguage>",
            "<schema.org/isPartOf>",
            "<schema.org/keywords>",
            "<schema.org/locationCreated>",
            "<schema.org/name>",
            "<schema.org/numberOfPages>",
            "<schema.org/recipient>",
            "<schema.org/sameAs>",
            "<schema.org/sender>",
            "<schema.org/url>",
            "isa:<schema.org/Manuscript>",
            "isa:<schema.org/Message>"
        ],
        "count": 1.0
    },
    {
        "pset": [
            "<schema.org/alternativeHeadline>",
            "<schema.org/keywords>",
            "<schema.org/name>",
            "<schema.org/numberOfPages>",
            "<schema.org/recipient>",
            "<schema.org/sameAs>",
            "<schema.org/sender>",
            "<schema.org/url>",
            "isa:<schema.org/Manuscript>",
            "isa:<schema.org/Message>"
        ],
        "count": 1.0
    },
    {
        "pset": [
            "<schema.org/alternativeHeadline>",
            "<schema.org/description>",
            "<schema.org/inLanguage>",
            "<schema.org/keywords>",
            "<schema.org/locationCreated>",
            "<schema.org/name>",
            "<schema.org/numberOfPages>",
            "<schema.org/recipient>",
            "<schema.org/sameAs>",
            "<schema.org/sender>",
            "<schema.org/url>",
            "isa:<schema.org/Manuscript>",
            "isa:<schema.org/Message>"
        ],
        "count": 1.0
    },
    {
        "pset": [
            "<schema.org/alternativeHeadline>",
            "<schema.org/dateCreated>",
            "<schema.org/description>",
            "<schema.org/isPartOf>",
            "<schema.org/keywords>",
            "<schema.org/locationCreated>",
            "<schema.org/mentions>",
            "<schema.org/name>",
            "<schema.org/numberOfPages>",
            "<schema.org/recipient>",
            "<schema.org/sameAs>",
            "<schema.org/sender>",
            "<schema.org/url>",
            "isa:<schema.org/Manuscript>",
            "isa:<schema.org/Message>"
        ],
        "count": 1.0
    },
    {
        "pset": [
            "<schema.org/alternativeHeadline>",
            "<schema.org/dateCreated>",
            "<schema.org/description>",
            "<schema.org/inLanguage>",
            "<schema.org/isPartOf>",
            "<schema.org/keywords>",
            "<schema.org/mentions>",
            "<schema.org/name>",
            "<schema.org/numberOfPages>",
            "<schema.org/recipient>",
            "<schema.org/sameAs>",
            "<schema.org/sender>",
            "<schema.org/sku>",
            "<schema.org/spatial>",
            "<schema.org/url>",
            "isa:<schema.org/Manuscript>",
            "isa:<schema.org/Message>"
        ],
        "count": 1.0
    },
    {
        "pset": [
            "<schema.org/name>",
            "isa:<schema.org/Message>"
        ],
        "count": 1.0
    }
]