[
    {
        "pset": [
            "<schema.org/funder>",
            "<schema.org/name>",
            "<schema.org/sameAs>",
            "<schema.org/sponsor>",
            "<schema.org/url>",
            "isa:<schema.org/MonetaryGrant>"
        ],
        "count": 970.0
    },
    {
        "pset": [
            "<schema.org/fundedItem>",
            "<schema.org/funder>",
            "<schema.org/identifier>",
            "<schema.org/name>",
            "<schema.org/sameAs>",
            "<schema.org/url>",
            "isa:<schema.org/MonetaryGrant>"
        ],
        "count": 266.0
    },
    {
        "pset": [
            "<schema.org/fundedItem>",
            "<schema.org/funder>",
            "isa:<schema.org/MonetaryGrant>"
        ],
        "count": 261.0
    },
    {
        "pset": [
            "<schema.org/fundedItem>",
            "isa:<schema.org/MonetaryGrant>"
        ],
        "count": 239.0
    },
    {
        "pset": [
            "<schema.org/amount>",
            "<schema.org/dateModified>",
            "<schema.org/funder>",
            "<schema.org/name>",
            "isa:<schema.org/MonetaryGrant>"
        ],
        "count": 186.0
    },
    {
        "pset": [
            "<schema.org/funder>",
            "<schema.org/name>",
            "<schema.org/url>",
            "isa:<schema.org/MonetaryGrant>"
        ],
        "count": 89.0
    },
    {
        "pset": [
            "<schema.org/description>",
            "<schema.org/funder>",
            "<schema.org/identifier>",
            "<schema.org/name>",
            "<schema.org/startDate>",
            "<schema.org/url>",
            "isa:<schema.org/MonetaryGrant>"
        ],
        "count": 40.0
    },
    {
        "pset": [
            "<schema.org/funder>",
            "<schema.org/name>",
            "<schema.org/sameAs>",
            "<schema.org/url>",
            "isa:<schema.org/MonetaryGrant>"
        ],
        "count": 24.0
    },
    {
        "pset": [
            "<schema.org/fundedItem>",
            "<schema.org/funder>",
            "<schema.org/identifier>",
            "<schema.org/name>",
            "<schema.org/url>",
            "isa:<schema.org/MonetaryGrant>"
        ],
        "count": 22.0
    },
    {
        "pset": [
            "<schema.org/funder>",
            "<schema.org/identifier>",
            "<schema.org/name>",
            "<schema.org/sameAs>",
            "<schema.org/url>",
            "isa:<schema.org/MonetaryGrant>"
        ],
        "count": 21.0
    },
    {
        "pset": [
            "<schema.org/amount>",
            "<schema.org/description>",
            "<schema.org/funder>",
            "<schema.org/image>",
            "<schema.org/name>",
            "<schema.org/url>",
            "isa:<schema.org/MonetaryGrant>"
        ],
        "count": 8.0
    },
    {
        "pset": [
            "<schema.org/funder>",
            "<schema.org/name>",
            "<schema.org/sponsor>",
            "<schema.org/url>",
            "isa:<schema.org/MonetaryGrant>"
        ],
        "count": 6.0
    },
    {
        "pset": [
            "<schema.org/alternateName>",
            "<schema.org/description>",
            "<schema.org/funder>",
            "<schema.org/identifier>",
            "<schema.org/name>",
            "<schema.org/sponsor>",
            "<schema.org/startDate>",
            "<schema.org/url>",
            "isa:<schema.org/MonetaryGrant>"
        ],
        "count": 3.0
    },
    {
        "pset": [
            "<schema.org/funder>",
            "<schema.org/identifier>",
            "<schema.org/name>",
            "<schema.org/url>",
            "isa:<schema.org/MonetaryGrant>"
        ],
        "count": 2.0
    },
    {
        "pset": [
            "<schema.org/amount>",
            "<schema.org/funder>",
            "<schema.org/name>",
            "<schema.org/url>",
            "isa:<schema.org/MonetaryGrant>"
        ],
        "count": 1.0
    }
]