[
    {
        "pset": [
            "<schema.org/aggregateRating>",
            "<schema.org/description>",
            "<schema.org/image>",
            "<schema.org/name>",
            "isa:<schema.org/MusicPlaylist>"
        ],
        "count": 8053.0
    },
    {
        "pset": [
            "<schema.org/description>",
            "<schema.org/image>",
            "<schema.org/name>",
            "<schema.org/numtracks>",
            "<schema.org/url>",
            "isa:<schema.org/MusicPlaylist>"
        ],
        "count": 3346.0
    },
    {
        "pset": [
            "<schema.org/name>",
            "<schema.org/numTracks>",
            "<schema.org/tracks>",
            "isa:<schema.org/MusicPlaylist>"
        ],
        "count": 2976.0
    },
    {
        "pset": [
            "<schema.org/copyrightHolder>",
            "<schema.org/creator>",
            "<schema.org/datePublished>",
            "<schema.org/description>",
            "<schema.org/genre>",
            "<schema.org/image>",
            "<schema.org/name>",
            "<schema.org/thumbnailUrl>",
            "<schema.org/url>",
            "isa:<schema.org/MusicPlaylist>"
        ],
        "count": 2250.0
    },
    {
        "pset": [
            "<schema.org/name>",
            "<schema.org/numTracks>",
            "<schema.org/track>",
            "isa:<schema.org/MusicPlaylist>"
        ],
        "count": 2242.0
    },
    {
        "pset": [
            "<schema.org/aggregateRating>",
            "<schema.org/byArtist>",
            "<schema.org/datePublished>",
            "<schema.org/description>",
            "<schema.org/genre>",
            "<schema.org/gtin13>",
            "<schema.org/image>",
            "<schema.org/inLanguage>",
            "<schema.org/keywords>",
            "<schema.org/name>",
            "<schema.org/numberOfPages>",
            "<schema.org/offers>",
            "<schema.org/thumbnailUrl>",
            "<schema.org/url>",
            "<schema.org/workExample>",
            "isa:<schema.org/MusicPlaylist>"
        ],
        "count": 2201.0
    },
    {
        "pset": [
            "<schema.org/aggregateRating>",
            "<schema.org/description>",
            "<schema.org/image>",
            "<schema.org/name>",
            "<schema.org/url>",
            "isa:<schema.org/MusicPlaylist>"
        ],
        "count": 2030.0
    },
    {
        "pset": [
            "<schema.org/name>",
            "<schema.org/track>",
            "isa:<schema.org/MusicPlaylist>"
        ],
        "count": 1998.0
    },
    {
        "pset": [
            "<schema.org/about>",
            "<schema.org/description>",
            "<schema.org/keywords>",
            "<schema.org/name>",
            "<schema.org/potentialAction>",
            "<schema.org/url>",
            "isa:<schema.org/MusicPlaylist>"
        ],
        "count": 1662.0
    },
    {
        "pset": [
            "isa:<schema.org/MusicPlaylist>"
        ],
        "count": 1330.0
    },
    {
        "pset": [
            "<schema.org/headline>",
            "<schema.org/image>",
            "isa:<schema.org/MusicPlaylist>"
        ],
        "count": 1196.0
    },
    {
        "pset": [
            "<schema.org/author>",
            "<schema.org/description>",
            "<schema.org/name>",
            "<schema.org/numTracks>",
            "<schema.org/offers>",
            "<schema.org/track>",
            "isa:<schema.org/MusicPlaylist>"
        ],
        "count": 1052.0
    },
    {
        "pset": [
            "<schema.org/audio>",
            "<schema.org/author>",
            "<schema.org/dateModified>",
            "<schema.org/description>",
            "<schema.org/interactionStatistic>",
            "<schema.org/keywords>",
            "<schema.org/name>",
            "<schema.org/provider>",
            "<schema.org/thumbnailUrl>",
            "<schema.org/track>",
            "<schema.org/url>",
            "isa:<schema.org/MusicPlaylist>"
        ],
        "count": 986.0
    },
    {
        "pset": [
            "<schema.org/name>",
            "<schema.org/numTracks>",
            "<schema.org/track>",
            "<schema.org/url>",
            "isa:<schema.org/MusicPlaylist>"
        ],
        "count": 860.0
    },
    {
        "pset": [
            "<schema.org/aggregateRating>",
            "<schema.org/datePublished>",
            "<schema.org/description>",
            "<schema.org/genre>",
            "<schema.org/gtin13>",
            "<schema.org/image>",
            "<schema.org/inLanguage>",
            "<schema.org/keywords>",
            "<schema.org/name>",
            "<schema.org/numberOfPages>",
            "<schema.org/offers>",
            "<schema.org/thumbnailUrl>",
            "<schema.org/url>",
            "<schema.org/workExample>",
            "isa:<schema.org/MusicPlaylist>"
        ],
        "count": 727.0
    },
    {
        "pset": [
            "<schema.org/name>",
            "<schema.org/numTracks>",
            "isa:<schema.org/MusicPlaylist>"
        ],
        "count": 456.0
    },
    {
        "pset": [
            "<schema.org/image>",
            "<schema.org/name>",
            "<schema.org/url>",
            "isa:<schema.org/MusicPlaylist>"
        ],
        "count": 417.0
    },
    {
        "pset": [
            "<schema.org/creator>",
            "<schema.org/description>",
            "<schema.org/keywords>",
            "<schema.org/name>",
            "<schema.org/potentialAction>",
            "<schema.org/url>",
            "isa:<schema.org/MusicPlaylist>"
        ],
        "count": 327.0
    },
    {
        "pset": [
            "<schema.org/image>",
            "<schema.org/url>",
            "isa:<schema.org/MusicPlaylist>"
        ],
        "count": 299.0
    },
    {
        "pset": [
            "<schema.org/creator>",
            "<schema.org/description>",
            "<schema.org/inLanguage>",
            "<schema.org/keywords>",
            "<schema.org/name>",
            "<schema.org/potentialAction>",
            "<schema.org/url>",
            "isa:<schema.org/MusicPlaylist>"
        ],
        "count": 264.0
    },
    {
        "pset": [
            "<schema.org/aggregateRating>",
            "<schema.org/copyrightHolder>",
            "<schema.org/creator>",
            "<schema.org/datePublished>",
            "<schema.org/description>",
            "<schema.org/genre>",
            "<schema.org/image>",
            "<schema.org/name>",
            "<schema.org/review>",
            "<schema.org/thumbnailUrl>",
            "<schema.org/url>",
            "isa:<schema.org/MusicPlaylist>"
        ],
        "count": 226.0
    },
    {
        "pset": [
            "<schema.org/image>",
            "<schema.org/name>",
            "<schema.org/numTracks>",
            "<schema.org/track>",
            "<schema.org/url>",
            "isa:<schema.org/MusicPlaylist>"
        ],
        "count": 219.0
    },
    {
        "pset": [
            "<schema.org/description>",
            "<schema.org/name>",
            "<schema.org/numTracks>",
            "<schema.org/track>",
            "isa:<schema.org/MusicPlaylist>"
        ],
        "count": 195.0
    },
    {
        "pset": [
            "<schema.org/image>",
            "isa:<schema.org/MusicPlaylist>"
        ],
        "count": 184.0
    },
    {
        "pset": [
            "<schema.org/description>",
            "<schema.org/image>",
            "<schema.org/name>",
            "<schema.org/url>",
            "isa:<schema.org/MusicPlaylist>"
        ],
        "count": 178.0
    },
    {
        "pset": [
            "<schema.org/byArtist>",
            "<schema.org/description>",
            "<schema.org/genre>",
            "<schema.org/image>",
            "<schema.org/name>",
            "<schema.org/numTracks>",
            "<schema.org/provider>",
            "<schema.org/track>",
            "<schema.org/url>",
            "isa:<schema.org/MusicPlaylist>"
        ],
        "count": 150.0
    },
    {
        "pset": [
            "<schema.org/creator>",
            "<schema.org/image>",
            "<schema.org/name>",
            "<schema.org/numTracks>",
            "<schema.org/track>",
            "<schema.org/url>",
            "isa:<schema.org/MusicPlaylist>"
        ],
        "count": 118.0
    },
    {
        "pset": [
            "<schema.org/name>",
            "isa:<schema.org/MusicPlaylist>"
        ],
        "count": 99.0
    },
    {
        "pset": [
            "<schema.org/albumRelease>",
            "<schema.org/byArtist>",
            "<schema.org/description>",
            "<schema.org/genre>",
            "<schema.org/image>",
            "<schema.org/name>",
            "<schema.org/numTracks>",
            "<schema.org/thumbnailUrl>",
            "<schema.org/track>",
            "<schema.org/url>",
            "isa:<schema.org/MusicPlaylist>"
        ],
        "count": 95.0
    },
    {
        "pset": [
            "<schema.org/author>",
            "<schema.org/description>",
            "<schema.org/image>",
            "<schema.org/name>",
            "<schema.org/numTracks>",
            "<schema.org/offers>",
            "<schema.org/track>",
            "<schema.org/url>",
            "isa:<schema.org/MusicPlaylist>"
        ],
        "count": 85.0
    },
    {
        "pset": [
            "<schema.org/creator>",
            "<schema.org/description>",
            "<schema.org/name>",
            "<schema.org/numTracks>",
            "<schema.org/url>",
            "isa:<schema.org/MusicPlaylist>"
        ],
        "count": 83.0
    },
    {
        "pset": [
            "<schema.org/image>",
            "<schema.org/name>",
            "<schema.org/numtracks>",
            "<schema.org/track>",
            "<schema.org/url>",
            "isa:<schema.org/MusicPlaylist>"
        ],
        "count": 69.0
    },
    {
        "pset": [
            "<schema.org/name>",
            "<schema.org/url>",
            "isa:<schema.org/MusicPlaylist>"
        ],
        "count": 60.0
    },
    {
        "pset": [
            "<schema.org/dateModified>",
            "<schema.org/description>",
            "<schema.org/genre>",
            "<schema.org/inLanguage>",
            "<schema.org/isPartOf>",
            "<schema.org/name>",
            "<schema.org/numTracks>",
            "<schema.org/potentialAction>",
            "<schema.org/primaryImageOfPage>",
            "<schema.org/track>",
            "<schema.org/url>",
            "isa:<schema.org/MusicPlaylist>",
            "isa:<schema.org/WebPage>"
        ],
        "count": 59.0
    },
    {
        "pset": [
            "<schema.org/creator>",
            "<schema.org/description>",
            "<schema.org/name>",
            "<schema.org/numTracks>",
            "<schema.org/potentialAction>",
            "<schema.org/url>",
            "isa:<schema.org/MusicPlaylist>"
        ],
        "count": 54.0
    },
    {
        "pset": [
            "<schema.org/creator>",
            "<schema.org/dateCreated>",
            "<schema.org/dateModified>",
            "<schema.org/genre>",
            "<schema.org/image>",
            "<schema.org/inLanguage>",
            "<schema.org/name>",
            "<schema.org/numTracks>",
            "<schema.org/track>",
            "<schema.org/url>",
            "isa:<schema.org/MusicPlaylist>"
        ],
        "count": 48.0
    },
    {
        "pset": [
            "<schema.org/name>",
            "<schema.org/numtracks>",
            "<schema.org/track>",
            "isa:<schema.org/MusicPlaylist>"
        ],
        "count": 42.0
    },
    {
        "pset": [
            "<schema.org/creator>",
            "<schema.org/name>",
            "<schema.org/url>",
            "isa:<schema.org/MusicPlaylist>"
        ],
        "count": 38.0
    },
    {
        "pset": [
            "<schema.org/numTracks>",
            "<schema.org/track>",
            "<schema.org/url>",
            "isa:<schema.org/MusicPlaylist>"
        ],
        "count": 37.0
    },
    {
        "pset": [
            "<schema.org/creator>",
            "<schema.org/datePublished>",
            "<schema.org/headline>",
            "<schema.org/image>",
            "<schema.org/publisher>",
            "isa:<schema.org/MusicPlaylist>"
        ],
        "count": 36.0
    },
    {
        "pset": [
            "<schema.org/image>",
            "<schema.org/name>",
            "<schema.org/numTracks>",
            "<schema.org/tracks>",
            "isa:<schema.org/MusicPlaylist>"
        ],
        "count": 34.0
    },
    {
        "pset": [
            "<schema.org/description>",
            "<schema.org/name>",
            "<schema.org/url>",
            "isa:<schema.org/MusicPlaylist>"
        ],
        "count": 30.0
    },
    {
        "pset": [
            "<schema.org/dateCreated>",
            "<schema.org/dateModified>",
            "<schema.org/name>",
            "<schema.org/numTracks>",
            "<schema.org/track>",
            "isa:<schema.org/MusicPlaylist>"
        ],
        "count": 29.0
    },
    {
        "pset": [
            "<schema.org/genre>",
            "<schema.org/image>",
            "<schema.org/name>",
            "<schema.org/numTracks>",
            "<schema.org/track>",
            "isa:<schema.org/MusicPlaylist>"
        ],
        "count": 25.0
    },
    {
        "pset": [
            "<schema.org/aggregateRating>",
            "<schema.org/author>",
            "<schema.org/description>",
            "<schema.org/headline>",
            "<schema.org/image>",
            "<schema.org/mainEntityOfPage>",
            "<schema.org/name>",
            "<schema.org/offers>",
            "isa:<schema.org/MusicPlaylist>"
        ],
        "count": 20.0
    },
    {
        "pset": [
            "<schema.org/creator>",
            "<schema.org/description>",
            "<schema.org/image>",
            "<schema.org/name>",
            "<schema.org/potentialAction>",
            "<schema.org/track>",
            "<schema.org/url>",
            "isa:<schema.org/MusicPlaylist>"
        ],
        "count": 20.0
    },
    {
        "pset": [
            "<schema.org/copyrightHolder>",
            "<schema.org/creator>",
            "<schema.org/datePublished>",
            "<schema.org/description>",
            "<schema.org/image>",
            "<schema.org/name>",
            "<schema.org/thumbnailUrl>",
            "<schema.org/url>",
            "isa:<schema.org/MusicPlaylist>"
        ],
        "count": 18.0
    },
    {
        "pset": [
            "<schema.org/creator>",
            "<schema.org/description>",
            "<schema.org/name>",
            "<schema.org/numTracks>",
            "<schema.org/potentialAction>",
            "<schema.org/track>",
            "<schema.org/url>",
            "isa:<schema.org/MusicPlaylist>"
        ],
        "count": 17.0
    },
    {
        "pset": [
            "<schema.org/dateCreated>",
            "<schema.org/dateModified>",
            "<schema.org/description>",
            "<schema.org/image>",
            "<schema.org/keywords>",
            "<schema.org/name>",
            "<schema.org/numTracks>",
            "<schema.org/url>",
            "isa:<schema.org/MusicPlaylist>"
        ],
        "count": 15.0
    },
    {
        "pset": [
            "<schema.org/author>",
            "<schema.org/image>",
            "<schema.org/name>",
            "isa:<schema.org/MusicPlaylist>"
        ],
        "count": 13.0
    },
    {
        "pset": [
            "<schema.org/description>",
            "<schema.org/image>",
            "<schema.org/name>",
            "<schema.org/potentialAction>",
            "<schema.org/url>",
            "isa:<schema.org/MusicPlaylist>"
        ],
        "count": 12.0
    },
    {
        "pset": [
            "<schema.org/numTracks>",
            "<schema.org/track>",
            "isa:<schema.org/MusicPlaylist>"
        ],
        "count": 12.0
    },
    {
        "pset": [
            "<schema.org/description>",
            "<schema.org/genre>",
            "<schema.org/image>",
            "<schema.org/name>",
            "<schema.org/numTracks>",
            "<schema.org/thumbnailUrl>",
            "<schema.org/track>",
            "<schema.org/url>",
            "isa:<schema.org/MusicPlaylist>"
        ],
        "count": 9.0
    },
    {
        "pset": [
            "<schema.org/genre>",
            "<schema.org/image>",
            "<schema.org/name>",
            "<schema.org/numtracks>",
            "<schema.org/track>",
            "isa:<schema.org/MusicPlaylist>"
        ],
        "count": 9.0
    },
    {
        "pset": [
            "<schema.org/name>",
            "<schema.org/numTracks>",
            "<schema.org/url>",
            "isa:<schema.org/MusicPlaylist>"
        ],
        "count": 9.0
    },
    {
        "pset": [
            "<schema.org/aggregateRating>",
            "<schema.org/image>",
            "<schema.org/name>",
            "<schema.org/numTracks>",
            "<schema.org/track>",
            "isa:<schema.org/MusicPlaylist>"
        ],
        "count": 9.0
    },
    {
        "pset": [
            "<schema.org/author>",
            "<schema.org/publisher>",
            "<schema.org/track>",
            "isa:<schema.org/MusicPlaylist>"
        ],
        "count": 8.0
    },
    {
        "pset": [
            "<schema.org/albumRelease>",
            "<schema.org/description>",
            "<schema.org/genre>",
            "<schema.org/image>",
            "<schema.org/name>",
            "<schema.org/numTracks>",
            "<schema.org/thumbnailUrl>",
            "<schema.org/track>",
            "<schema.org/url>",
            "isa:<schema.org/MusicPlaylist>"
        ],
        "count": 8.0
    },
    {
        "pset": [
            "<schema.org/image>",
            "<schema.org/name>",
            "<schema.org/numTracks>",
            "<schema.org/track>",
            "isa:<schema.org/MusicPlaylist>"
        ],
        "count": 8.0
    },
    {
        "pset": [
            "<schema.org/genre>",
            "<schema.org/image>",
            "<schema.org/name>",
            "<schema.org/url>",
            "isa:<schema.org/MusicPlaylist>"
        ],
        "count": 8.0
    },
    {
        "pset": [
            "<schema.org/Review>",
            "<schema.org/description>",
            "<schema.org/image>",
            "<schema.org/name>",
            "isa:<schema.org/MusicPlaylist>"
        ],
        "count": 8.0
    },
    {
        "pset": [
            "<schema.org/author>",
            "<schema.org/description>",
            "<schema.org/image>",
            "<schema.org/name>",
            "<schema.org/numTracks>",
            "<schema.org/offers>",
            "<schema.org/url>",
            "isa:<schema.org/MusicPlaylist>"
        ],
        "count": 6.0
    },
    {
        "pset": [
            "<schema.org/aggregateRating>",
            "<schema.org/author>",
            "<schema.org/description>",
            "<schema.org/headline>",
            "<schema.org/image>",
            "<schema.org/name>",
            "<schema.org/publisher>",
            "isa:<schema.org/MusicPlaylist>"
        ],
        "count": 6.0
    },
    {
        "pset": [
            "<schema.org/author>",
            "<schema.org/name>",
            "isa:<schema.org/MusicPlaylist>"
        ],
        "count": 6.0
    },
    {
        "pset": [
            "<schema.org/isPartOf>",
            "<schema.org/name>",
            "<schema.org/numTracks>",
            "<schema.org/track>",
            "<schema.org/url>",
            "isa:<schema.org/MusicPlaylist>"
        ],
        "count": 5.0
    },
    {
        "pset": [
            "<schema.org/description>",
            "<schema.org/image>",
            "<schema.org/name>",
            "<schema.org/numtracks>",
            "<schema.org/potentialAction>",
            "<schema.org/track>",
            "<schema.org/url>",
            "isa:<schema.org/MusicPlaylist>"
        ],
        "count": 5.0
    },
    {
        "pset": [
            "<schema.org/image>",
            "<schema.org/name>",
            "<schema.org/numTracks>",
            "<schema.org/url>",
            "isa:<schema.org/MusicPlaylist>"
        ],
        "count": 5.0
    },
    {
        "pset": [
            "<schema.org/name>",
            "<schema.org/review>",
            "isa:<schema.org/MusicPlaylist>"
        ],
        "count": 4.0
    },
    {
        "pset": [
            "<schema.org/description>",
            "<schema.org/image>",
            "<schema.org/name>",
            "isa:<schema.org/MusicPlaylist>"
        ],
        "count": 3.0
    },
    {
        "pset": [
            "<schema.org/image>",
            "<schema.org/name>",
            "<schema.org/numTracks>",
            "<schema.org/thumbnailUrl>",
            "<schema.org/track>",
            "<schema.org/url>",
            "isa:<schema.org/MusicPlaylist>"
        ],
        "count": 2.0
    },
    {
        "pset": [
            "<schema.org/author>",
            "<schema.org/dateModified>",
            "<schema.org/datePublished>",
            "<schema.org/description>",
            "<schema.org/name>",
            "<schema.org/numTracks>",
            "<schema.org/offers>",
            "<schema.org/track>",
            "isa:<schema.org/MusicPlaylist>"
        ],
        "count": 2.0
    },
    {
        "pset": [
            "<schema.org/byArtist>",
            "<schema.org/description>",
            "<schema.org/genre>",
            "<schema.org/image>",
            "<schema.org/name>",
            "<schema.org/numTracks>",
            "<schema.org/provider>",
            "<schema.org/url>",
            "isa:<schema.org/MusicPlaylist>"
        ],
        "count": 2.0
    },
    {
        "pset": [
            "<schema.org/aggregateRating>",
            "<schema.org/datePublished>",
            "<schema.org/description>",
            "<schema.org/genre>",
            "<schema.org/gtin13>",
            "<schema.org/image>",
            "<schema.org/inLanguage>",
            "<schema.org/keywords>",
            "<schema.org/name>",
            "<schema.org/numberOfPages>",
            "<schema.org/offers>",
            "<schema.org/publisher>",
            "<schema.org/thumbnailUrl>",
            "<schema.org/url>",
            "<schema.org/workExample>",
            "isa:<schema.org/MusicPlaylist>"
        ],
        "count": 1.0
    },
    {
        "pset": [
            "<schema.org/author>",
            "<schema.org/copyrightHolder>",
            "<schema.org/copyrightYear>",
            "<schema.org/dateCreated>",
            "<schema.org/dateModified>",
            "<schema.org/datePublished>",
            "<schema.org/description>",
            "<schema.org/headline>",
            "<schema.org/image>",
            "<schema.org/inLanguage>",
            "<schema.org/keywords>",
            "<schema.org/mainEntityOfPage>",
            "<schema.org/name>",
            "<schema.org/publisher>",
            "<schema.org/url>",
            "isa:<schema.org/MusicPlaylist>"
        ],
        "count": 1.0
    },
    {
        "pset": [
            "<schema.org/description>",
            "<schema.org/genre>",
            "<schema.org/image>",
            "<schema.org/name>",
            "<schema.org/numTracks>",
            "<schema.org/track>",
            "<schema.org/url>",
            "isa:<schema.org/MusicPlaylist>"
        ],
        "count": 1.0
    },
    {
        "pset": [
            "<schema.org/aggregateRating>",
            "<schema.org/byArtist>",
            "<schema.org/datePublished>",
            "<schema.org/description>",
            "<schema.org/genre>",
            "<schema.org/gtin13>",
            "<schema.org/image>",
            "<schema.org/inLanguage>",
            "<schema.org/keywords>",
            "<schema.org/name>",
            "<schema.org/numberOfPages>",
            "<schema.org/offers>",
            "<schema.org/publisher>",
            "<schema.org/thumbnailUrl>",
            "<schema.org/url>",
            "<schema.org/workExample>",
            "isa:<schema.org/MusicPlaylist>"
        ],
        "count": 1.0
    },
    {
        "pset": [
            "<schema.org/genre>",
            "<schema.org/image>",
            "<schema.org/name>",
            "<schema.org/numtracks>",
            "<schema.org/track>",
            "<schema.org/url>",
            "isa:<schema.org/MusicPlaylist>"
        ],
        "count": 1.0
    },
    {
        "pset": [
            "<schema.org/author>",
            "<schema.org/copyrightHolder>",
            "<schema.org/copyrightYear>",
            "<schema.org/creator>",
            "<schema.org/dateModified>",
            "<schema.org/datePublished>",
            "<schema.org/description>",
            "<schema.org/headline>",
            "<schema.org/image>",
            "<schema.org/inLanguage>",
            "<schema.org/mainEntityOfPage>",
            "<schema.org/name>",
            "<schema.org/publisher>",
            "<schema.org/url>",
            "isa:<schema.org/MusicPlaylist>"
        ],
        "count": 1.0
    },
    {
        "pset": [
            "<schema.org/dateModified>",
            "<schema.org/description>",
            "<schema.org/genre>",
            "<schema.org/inLanguage>",
            "<schema.org/isPartOf>",
            "<schema.org/name>",
            "<schema.org/numTracks>",
            "<schema.org/potentialAction>",
            "<schema.org/primaryImageOfPage>",
            "<schema.org/url>",
            "isa:<schema.org/MusicPlaylist>",
            "isa:<schema.org/WebPage>"
        ],
        "count": 1.0
    },
    {
        "pset": [
            "<schema.org/image>",
            "<schema.org/name>",
            "<schema.org/numtracks>",
            "<schema.org/track>",
            "isa:<schema.org/MusicPlaylist>"
        ],
        "count": 1.0
    },
    {
        "pset": [
            "<schema.org/description>",
            "<schema.org/image>",
            "<schema.org/inLanguage>",
            "<schema.org/name>",
            "<schema.org/thumbnailUrl>",
            "<schema.org/url>",
            "isa:<schema.org/MusicPlaylist>"
        ],
        "count": 1.0
    },
    {
        "pset": [
            "<schema.org/aggregateRating>",
            "<schema.org/copyrightHolder>",
            "<schema.org/creator>",
            "<schema.org/datePublished>",
            "<schema.org/description>",
            "<schema.org/image>",
            "<schema.org/name>",
            "<schema.org/review>",
            "<schema.org/thumbnailUrl>",
            "<schema.org/url>",
            "isa:<schema.org/MusicPlaylist>"
        ],
        "count": 1.0
    },
    {
        "pset": [
            "<schema.org/numTracks>",
            "isa:<schema.org/MusicPlaylist>"
        ],
        "count": 1.0
    },
    {
        "pset": [
            "<schema.org/url>",
            "isa:<schema.org/MusicPlaylist>"
        ],
        "count": 1.0
    },
    {
        "pset": [
            "<schema.org/description>",
            "<schema.org/image>",
            "<schema.org/name>",
            "<schema.org/offers>",
            "<schema.org/review>",
            "isa:<schema.org/MusicPlaylist>"
        ],
        "count": 1.0
    },
    {
        "pset": [
            "<schema.org/author>",
            "<schema.org/copyrightYear>",
            "<schema.org/dateCreated>",
            "<schema.org/dateModified>",
            "<schema.org/datePublished>",
            "<schema.org/description>",
            "<schema.org/headline>",
            "<schema.org/image>",
            "<schema.org/inLanguage>",
            "<schema.org/mainEntityOfPage>",
            "<schema.org/name>",
            "<schema.org/publisher>",
            "<schema.org/sameAs>",
            "<schema.org/thumbnailUrl>",
            "<schema.org/url>",
            "isa:<schema.org/MusicPlaylist>"
        ],
        "count": 1.0
    },
    {
        "pset": [
            "<schema.org/description>",
            "<schema.org/image>",
            "<schema.org/name>",
            "<schema.org/numTracks>",
            "<schema.org/track>",
            "<schema.org/url>",
            "isa:<schema.org/MusicPlaylist>"
        ],
        "count": 1.0
    },
    {
        "pset": [
            "<schema.org/creator>",
            "<schema.org/image>",
            "<schema.org/name>",
            "<schema.org/numTracks>",
            "<schema.org/url>",
            "isa:<schema.org/MusicPlaylist>"
        ],
        "count": 1.0
    },
    {
        "pset": [
            "<schema.org/aggregateRating>",
            "<schema.org/description>",
            "<schema.org/name>",
            "<schema.org/numTracks>",
            "<schema.org/track>",
            "isa:<schema.org/MusicPlaylist>"
        ],
        "count": 1.0
    },
    {
        "pset": [
            "<schema.org/aggregateRating>",
            "<schema.org/name>",
            "<schema.org/numTracks>",
            "isa:<schema.org/MusicPlaylist>"
        ],
        "count": 1.0
    }
]