[
    {
        "pset": [
            "<schema.org/description>",
            "<schema.org/educationRequirements>",
            "<schema.org/estimatedSalary>",
            "<schema.org/mainEntityOfPage>",
            "<schema.org/name>",
            "<schema.org/occupationLocation>",
            "isa:<schema.org/Occupation>"
        ],
        "count": 18675.0
    },
    {
        "pset": [
            "<schema.org/description>",
            "<schema.org/estimatedSalary>",
            "<schema.org/mainEntityOfPage>",
            "<schema.org/name>",
            "<schema.org/occupationLocation>",
            "isa:<schema.org/Occupation>"
        ],
        "count": 9020.0
    },
    {
        "pset": [
            "<schema.org/estimatedSalary>",
            "<schema.org/mainEntityOfPage>",
            "<schema.org/name>",
            "<schema.org/occupationLocation>",
            "<schema.org/sampleSize>",
            "isa:<schema.org/Occupation>"
        ],
        "count": 6403.0
    },
    {
        "pset": [
            "<schema.org/estimatedSalary>",
            "<schema.org/name>",
            "<schema.org/occupationLocation>",
            "<schema.org/occupationalCategory>",
            "isa:<schema.org/Occupation>"
        ],
        "count": 5299.0
    },
    {
        "pset": [
            "<schema.org/estimatedSalary>",
            "<schema.org/name>",
            "<schema.org/occupationLocation>",
            "isa:<schema.org/Occupation>"
        ],
        "count": 3584.0
    },
    {
        "pset": [
            "<schema.org/name>",
            "isa:<schema.org/Occupation>"
        ],
        "count": 3016.0
    },
    {
        "pset": [
            "<schema.org/name>",
            "<schema.org/occupationLocation>",
            "<schema.org/occupationalCategory>",
            "isa:<schema.org/Occupation>"
        ],
        "count": 2419.0
    },
    {
        "pset": [
            "<schema.org/name>",
            "<schema.org/occupationLocation>",
            "isa:<schema.org/Occupation>"
        ],
        "count": 2397.0
    },
    {
        "pset": [
            "<schema.org/hiringOrganization>",
            "<schema.org/name>",
            "isa:<schema.org/Occupation>"
        ],
        "count": 1885.0
    },
    {
        "pset": [
            "<schema.org/description>",
            "<schema.org/name>",
            "<schema.org/occupationLocation>",
            "isa:<schema.org/Occupation>"
        ],
        "count": 1656.0
    },
    {
        "pset": [
            "<schema.org/alternateName>",
            "<schema.org/name>",
            "isa:<schema.org/Occupation>"
        ],
        "count": 1573.0
    },
    {
        "pset": [
            "<schema.org/description>",
            "<schema.org/estimatedSalary>",
            "<schema.org/experienceRequirements>",
            "<schema.org/mainEntityOfPage>",
            "<schema.org/name>",
            "<schema.org/occupationLocation>",
            "isa:<schema.org/Occupation>"
        ],
        "count": 1511.0
    },
    {
        "pset": [
            "<schema.org/description>",
            "<schema.org/educationRequirements>",
            "<schema.org/estimatedSalary>",
            "<schema.org/mainEntityOfPage>",
            "<schema.org/name>",
            "<schema.org/occupationLocation>",
            "<schema.org/qualifications>",
            "isa:<schema.org/Occupation>"
        ],
        "count": 1483.0
    },
    {
        "pset": [
            "<schema.org/estimatedSalary>",
            "<schema.org/mainEntityOfPage>",
            "<schema.org/name>",
            "<schema.org/occupationLocation>",
            "isa:<schema.org/Occupation>"
        ],
        "count": 1427.0
    },
    {
        "pset": [
            "<schema.org/alternateName>",
            "<schema.org/description>",
            "<schema.org/educationRequirements>",
            "<schema.org/estimatedSalary>",
            "<schema.org/image>",
            "<schema.org/mainEntityOfPage>",
            "<schema.org/name>",
            "<schema.org/occupationLocation>",
            "<schema.org/qualifications>",
            "<schema.org/skills>",
            "isa:<schema.org/Occupation>"
        ],
        "count": 1366.0
    },
    {
        "pset": [
            "<schema.org/description>",
            "<schema.org/educationRequirements>",
            "<schema.org/estimatedSalary>",
            "<schema.org/name>",
            "<schema.org/occupationLocation>",
            "<schema.org/occupationalCategory>",
            "<schema.org/qualifications>",
            "<schema.org/responsibilities>",
            "<schema.org/skills>",
            "isa:<schema.org/Occupation>"
        ],
        "count": 1147.0
    },
    {
        "pset": [
            "<schema.org/description>",
            "<schema.org/estimatedSalary>",
            "<schema.org/itemListElement>",
            "<schema.org/mainEntityOfPage>",
            "<schema.org/name>",
            "<schema.org/occupationLocation>",
            "<schema.org/url>",
            "isa:<schema.org/Occupation>"
        ],
        "count": 991.0
    },
    {
        "pset": [
            "<schema.org/description>",
            "<schema.org/estimatedSalary>",
            "<schema.org/mainEntityOfPage>",
            "<schema.org/name>",
            "isa:<schema.org/Occupation>"
        ],
        "count": 689.0
    },
    {
        "pset": [
            "isa:<schema.org/Occupation>"
        ],
        "count": 620.0
    },
    {
        "pset": [
            "<schema.org/estimatedSalary>",
            "<schema.org/mainEntityOfPage>",
            "<schema.org/name>",
            "<schema.org/occupationLocation>",
            "<schema.org/url>",
            "isa:<schema.org/Occupation>"
        ],
        "count": 520.0
    },
    {
        "pset": [
            "<schema.org/estimatedSalary>",
            "<schema.org/name>",
            "<schema.org/occupationLocation>",
            "<schema.org/qualifications>",
            "isa:<schema.org/Occupation>"
        ],
        "count": 486.0
    },
    {
        "pset": [
            "<schema.org/description>",
            "<schema.org/estimatedSalary>",
            "<schema.org/mainEntityOfPage>",
            "<schema.org/name>",
            "<schema.org/occupationLocation>",
            "<schema.org/responsibilities>",
            "isa:<schema.org/Occupation>"
        ],
        "count": 430.0
    },
    {
        "pset": [
            "<schema.org/description>",
            "<schema.org/educationRequirements>",
            "<schema.org/estimatedSalary>",
            "<schema.org/image>",
            "<schema.org/mainEntityOfPage>",
            "<schema.org/name>",
            "<schema.org/occupationLocation>",
            "<schema.org/qualifications>",
            "<schema.org/skills>",
            "isa:<schema.org/Occupation>"
        ],
        "count": 412.0
    },
    {
        "pset": [
            "<schema.org/description>",
            "<schema.org/educationRequirements>",
            "<schema.org/experienceRequirements>",
            "<schema.org/mainEntityOfPage>",
            "<schema.org/name>",
            "<schema.org/occupationLocation>",
            "<schema.org/occupationalCategory>",
            "<schema.org/qualifications>",
            "isa:<schema.org/Occupation>"
        ],
        "count": 378.0
    },
    {
        "pset": [
            "<schema.org/educationRequirements>",
            "<schema.org/mainEntityOfPage>",
            "<schema.org/name>",
            "<schema.org/occupationLocation>",
            "isa:<schema.org/Occupation>"
        ],
        "count": 325.0
    },
    {
        "pset": [
            "<schema.org/name>",
            "<schema.org/url>",
            "isa:<schema.org/Occupation>"
        ],
        "count": 275.0
    },
    {
        "pset": [
            "<schema.org/description>",
            "<schema.org/educationRequirements>",
            "<schema.org/estimatedSalary>",
            "<schema.org/experienceRequirements>",
            "<schema.org/mainEntityOfPage>",
            "<schema.org/name>",
            "<schema.org/occupationLocation>",
            "<schema.org/occupationalCategory>",
            "<schema.org/qualifications>",
            "<schema.org/responsibilities>",
            "<schema.org/skills>",
            "isa:<schema.org/Occupation>"
        ],
        "count": 270.0
    },
    {
        "pset": [
            "<schema.org/description>",
            "<schema.org/estimatedSalary>",
            "<schema.org/mainEntityOfPage>",
            "<schema.org/name>",
            "<schema.org/occupationLocation>",
            "<schema.org/skills>",
            "isa:<schema.org/Occupation>"
        ],
        "count": 252.0
    },
    {
        "pset": [
            "<schema.org/description>",
            "<schema.org/educationRequirements>",
            "<schema.org/estimatedSalary>",
            "<schema.org/mainEntityOfPage>",
            "<schema.org/name>",
            "<schema.org/occupationLocation>",
            "<schema.org/skills>",
            "isa:<schema.org/Occupation>"
        ],
        "count": 174.0
    },
    {
        "pset": [
            "<schema.org/estimatedSalary>",
            "<schema.org/mainEntityOfPage>",
            "<schema.org/name>",
            "<schema.org/occupationLocation>",
            "<schema.org/occupationalCategory>",
            "<schema.org/url>",
            "isa:<schema.org/Occupation>"
        ],
        "count": 157.0
    },
    {
        "pset": [
            "<schema.org/description>",
            "<schema.org/estimatedSalary>",
            "<schema.org/name>",
            "<schema.org/occupationLocation>",
            "isa:<schema.org/Occupation>"
        ],
        "count": 128.0
    },
    {
        "pset": [
            "<schema.org/alternateName>",
            "<schema.org/description>",
            "<schema.org/educationRequirements>",
            "<schema.org/estimatedSalary>",
            "<schema.org/experienceRequirements>",
            "<schema.org/mainEntityOfPage>",
            "<schema.org/name>",
            "<schema.org/occupationLocation>",
            "<schema.org/occupationalCategory>",
            "<schema.org/qualifications>",
            "<schema.org/responsibilities>",
            "<schema.org/skills>",
            "isa:<schema.org/Occupation>"
        ],
        "count": 121.0
    },
    {
        "pset": [
            "<schema.org/description>",
            "<schema.org/educationRequirements>",
            "<schema.org/estimatedSalary>",
            "<schema.org/name>",
            "<schema.org/occupationLocation>",
            "<schema.org/occupationalCategory>",
            "<schema.org/qualifications>",
            "isa:<schema.org/Occupation>"
        ],
        "count": 106.0
    },
    {
        "pset": [
            "<schema.org/description>",
            "<schema.org/educationRequirements>",
            "<schema.org/estimatedSalary>",
            "<schema.org/mainEntityOfPage>",
            "<schema.org/name>",
            "<schema.org/occupationLocation>",
            "<schema.org/occupationalCategory>",
            "isa:<schema.org/Occupation>"
        ],
        "count": 92.0
    },
    {
        "pset": [
            "<schema.org/educationRequirements>",
            "<schema.org/name>",
            "isa:<schema.org/Occupation>"
        ],
        "count": 74.0
    },
    {
        "pset": [
            "<schema.org/applicationContact>",
            "<schema.org/educationRequirements>",
            "<schema.org/employerOverview>",
            "<schema.org/incentiveCompensation>",
            "<schema.org/name>",
            "<schema.org/occupationLocation>",
            "isa:<schema.org/Occupation>"
        ],
        "count": 61.0
    },
    {
        "pset": [
            "<schema.org/description>",
            "<schema.org/estimatedSalary>",
            "<schema.org/experienceRequirements>",
            "<schema.org/mainEntityOfPage>",
            "<schema.org/name>",
            "<schema.org/occupationLocation>",
            "<schema.org/occupationalCategory>",
            "<schema.org/responsibilities>",
            "<schema.org/skills>",
            "isa:<schema.org/Occupation>"
        ],
        "count": 50.0
    },
    {
        "pset": [
            "<schema.org/description>",
            "<schema.org/estimatedSalary>",
            "<schema.org/mainEntityOfPage>",
            "<schema.org/name>",
            "<schema.org/occupationLocation>",
            "<schema.org/occupationalCategory>",
            "<schema.org/qualifications>",
            "<schema.org/responsibilities>",
            "<schema.org/skills>",
            "isa:<schema.org/Occupation>"
        ],
        "count": 47.0
    },
    {
        "pset": [
            "<schema.org/url>",
            "isa:<schema.org/Occupation>"
        ],
        "count": 45.0
    },
    {
        "pset": [
            "<schema.org/description>",
            "<schema.org/image>",
            "<schema.org/name>",
            "<schema.org/skills>",
            "isa:<schema.org/Occupation>"
        ],
        "count": 45.0
    },
    {
        "pset": [
            "<schema.org/description>",
            "<schema.org/mainEntityOfPage>",
            "<schema.org/name>",
            "<schema.org/occupationLocation>",
            "<schema.org/qualifications>",
            "<schema.org/skills>",
            "isa:<schema.org/Occupation>"
        ],
        "count": 35.0
    },
    {
        "pset": [
            "<schema.org/description>",
            "<schema.org/name>",
            "isa:<schema.org/Occupation>"
        ],
        "count": 32.0
    },
    {
        "pset": [
            "<schema.org/alternateName>",
            "<schema.org/name>",
            "<schema.org/responsibilities>",
            "isa:<schema.org/Occupation>"
        ],
        "count": 28.0
    },
    {
        "pset": [
            "<schema.org/description>",
            "<schema.org/estimatedSalary>",
            "<schema.org/mainEntityOfPage>",
            "<schema.org/name>",
            "<schema.org/occupationLocation>",
            "<schema.org/occupationalCategory>",
            "isa:<schema.org/Occupation>"
        ],
        "count": 25.0
    },
    {
        "pset": [
            "<schema.org/name>",
            "<schema.org/occupationalCategory>",
            "<schema.org/sameAs>",
            "isa:<schema.org/Occupation>"
        ],
        "count": 24.0
    },
    {
        "pset": [
            "<schema.org/educationRequirements>",
            "<schema.org/estimatedSalary>",
            "<schema.org/experienceRequirements>",
            "<schema.org/mainEntityOfPage>",
            "<schema.org/name>",
            "<schema.org/occupationLocation>",
            "<schema.org/occupationalCategory>",
            "<schema.org/qualifications>",
            "<schema.org/responsibilities>",
            "<schema.org/skills>",
            "isa:<schema.org/Occupation>"
        ],
        "count": 19.0
    },
    {
        "pset": [
            "<schema.org/name>",
            "<schema.org/qualifications>",
            "isa:<schema.org/Occupation>"
        ],
        "count": 19.0
    },
    {
        "pset": [
            "<schema.org/name>",
            "<schema.org/occupationalCategory>",
            "isa:<schema.org/Occupation>"
        ],
        "count": 15.0
    },
    {
        "pset": [
            "<schema.org/description>",
            "<schema.org/estimatedSalary>",
            "<schema.org/mainEntityOfPage>",
            "<schema.org/name>",
            "<schema.org/occupationLocation>",
            "<schema.org/occupationalCategory>",
            "<schema.org/url>",
            "isa:<schema.org/Occupation>"
        ],
        "count": 10.0
    },
    {
        "pset": [
            "<schema.org/description>",
            "<schema.org/estimatedSalary>",
            "<schema.org/industry>",
            "<schema.org/mainEntityOfPage>",
            "<schema.org/name>",
            "<schema.org/occupationLocation>",
            "<schema.org/sampleSize>",
            "isa:<schema.org/Occupation>"
        ],
        "count": 9.0
    },
    {
        "pset": [
            "<schema.org/name>",
            "<schema.org/occupationLocation>",
            "<schema.org/occupationalCategory>",
            "<schema.org/sameAs>",
            "isa:<schema.org/Occupation>"
        ],
        "count": 9.0
    },
    {
        "pset": [
            "<schema.org/FAQPage>",
            "<schema.org/description>",
            "<schema.org/estimatedSalary>",
            "<schema.org/name>",
            "<schema.org/occupationLocation>",
            "isa:<schema.org/Occupation>"
        ],
        "count": 7.0
    },
    {
        "pset": [
            "<schema.org/description>",
            "<schema.org/estimatedSalary>",
            "<schema.org/name>",
            "<schema.org/occupationLocation>",
            "<schema.org/sampleSize>",
            "isa:<schema.org/Occupation>"
        ],
        "count": 6.0
    },
    {
        "pset": [
            "<schema.org/alternateName>",
            "<schema.org/description>",
            "<schema.org/educationRequirements>",
            "<schema.org/estimatedSalary>",
            "<schema.org/experienceRequirements>",
            "<schema.org/mainEntityOfPage>",
            "<schema.org/name>",
            "<schema.org/occupationalCategory>",
            "<schema.org/qualifications>",
            "<schema.org/responsibilities>",
            "<schema.org/skills>",
            "isa:<schema.org/Occupation>"
        ],
        "count": 6.0
    },
    {
        "pset": [
            "<schema.org/educationRequirements>",
            "<schema.org/estimatedSalary>",
            "<schema.org/name>",
            "<schema.org/occupationLocation>",
            "isa:<schema.org/Occupation>"
        ],
        "count": 6.0
    },
    {
        "pset": [
            "<schema.org/alternateName>",
            "<schema.org/description>",
            "<schema.org/image>",
            "<schema.org/mainEntityOfPage>",
            "<schema.org/name>",
            "<schema.org/sameAs>",
            "<schema.org/url>",
            "isa:<schema.org/Occupation>",
            "isa:<schema.org/Thing>"
        ],
        "count": 5.0
    },
    {
        "pset": [
            "<schema.org/alternateName>",
            "<schema.org/description>",
            "<schema.org/educationRequirements>",
            "<schema.org/estimatedSalary>",
            "<schema.org/image>",
            "<schema.org/mainEntityOfPage>",
            "<schema.org/name>",
            "<schema.org/occupationLocation>",
            "<schema.org/occupationalCategory>",
            "<schema.org/qualifications>",
            "<schema.org/responsibilities>",
            "<schema.org/sameAs>",
            "<schema.org/skills>",
            "<schema.org/url>",
            "isa:<schema.org/Occupation>",
            "isa:<schema.org/Thing>"
        ],
        "count": 4.0
    },
    {
        "pset": [
            "<schema.org/name>",
            "<schema.org/occupationLocation>",
            "<schema.org/skills>",
            "isa:<schema.org/Occupation>"
        ],
        "count": 4.0
    },
    {
        "pset": [
            "<schema.org/description>",
            "isa:<schema.org/Occupation>"
        ],
        "count": 3.0
    },
    {
        "pset": [
            "<schema.org/description>",
            "<schema.org/educationRequirements>",
            "<schema.org/estimatedSalary>",
            "<schema.org/mainEntityOfPage>",
            "<schema.org/name>",
            "<schema.org/occupationLocation>",
            "<schema.org/qualifications>",
            "<schema.org/responsibilities>",
            "<schema.org/skills>",
            "isa:<schema.org/Occupation>"
        ],
        "count": 3.0
    },
    {
        "pset": [
            "<schema.org/estimatedSalary>",
            "<schema.org/itemListElement>",
            "<schema.org/mainEntityOfPage>",
            "<schema.org/name>",
            "<schema.org/occupationLocation>",
            "<schema.org/url>",
            "isa:<schema.org/Occupation>"
        ],
        "count": 3.0
    },
    {
        "pset": [
            "<schema.org/alternateName>",
            "<schema.org/description>",
            "<schema.org/educationRequirements>",
            "<schema.org/estimatedSalary>",
            "<schema.org/image>",
            "<schema.org/mainEntityOfPage>",
            "<schema.org/name>",
            "<schema.org/occupationLocation>",
            "<schema.org/occupationalCategory>",
            "<schema.org/qualifications>",
            "<schema.org/responsibilities>",
            "<schema.org/skills>",
            "<schema.org/url>",
            "isa:<schema.org/Occupation>",
            "isa:<schema.org/Thing>"
        ],
        "count": 3.0
    },
    {
        "pset": [
            "<schema.org/name>",
            "<schema.org/subjectOf>",
            "<schema.org/url>",
            "isa:<schema.org/Occupation>"
        ],
        "count": 2.0
    },
    {
        "pset": [
            "<schema.org/description>",
            "<schema.org/educationRequirements>",
            "<schema.org/estimatedSalary>",
            "<schema.org/experienceRequirements>",
            "<schema.org/name>",
            "<schema.org/occupationLocation>",
            "<schema.org/occupationalCategory>",
            "<schema.org/qualifications>",
            "<schema.org/responsibilities>",
            "<schema.org/skills>",
            "isa:<schema.org/Occupation>"
        ],
        "count": 2.0
    },
    {
        "pset": [
            "<schema.org/skills>",
            "isa:<schema.org/Occupation>"
        ],
        "count": 2.0
    },
    {
        "pset": [
            "<schema.org/experienceRequirements>",
            "<schema.org/name>",
            "isa:<schema.org/Occupation>"
        ],
        "count": 2.0
    },
    {
        "pset": [
            "<schema.org/name>",
            "<schema.org/skills>",
            "isa:<schema.org/Occupation>"
        ],
        "count": 2.0
    },
    {
        "pset": [
            "<schema.org/alternateName>",
            "<schema.org/mainEntityOfPage>",
            "<schema.org/name>",
            "<schema.org/occupationLocation>",
            "<schema.org/occupationalCategory>",
            "<schema.org/qualifications>",
            "<schema.org/responsibilities>",
            "<schema.org/skills>",
            "isa:<schema.org/Occupation>"
        ],
        "count": 2.0
    },
    {
        "pset": [
            "<schema.org/datePosted>",
            "<schema.org/description>",
            "<schema.org/estimatedSalary>",
            "<schema.org/hiringOrganization>",
            "<schema.org/jobLocation>",
            "<schema.org/mainEntityOfPage>",
            "<schema.org/title>",
            "<schema.org/url>",
            "isa:<schema.org/Occupation>"
        ],
        "count": 1.0
    },
    {
        "pset": [
            "<schema.org/alternateName>",
            "<schema.org/name>",
            "<schema.org/occupationLocation>",
            "<schema.org/qualifications>",
            "<schema.org/responsibilities>",
            "isa:<schema.org/Occupation>"
        ],
        "count": 1.0
    },
    {
        "pset": [
            "<schema.org/description>",
            "<schema.org/image>",
            "<schema.org/mainEntityOfPage>",
            "<schema.org/name>",
            "<schema.org/url>",
            "isa:<schema.org/Occupation>"
        ],
        "count": 1.0
    },
    {
        "pset": [
            "<schema.org/description>",
            "<schema.org/educationRequirements>",
            "<schema.org/image>",
            "<schema.org/mainEntityOfPage>",
            "<schema.org/name>",
            "<schema.org/occupationalCategory>",
            "<schema.org/qualifications>",
            "<schema.org/responsibilities>",
            "<schema.org/sameAs>",
            "<schema.org/skills>",
            "<schema.org/url>",
            "isa:<schema.org/Occupation>"
        ],
        "count": 1.0
    },
    {
        "pset": [
            "<schema.org/description>",
            "<schema.org/educationRequirements>",
            "<schema.org/estimatedSalary>",
            "<schema.org/name>",
            "<schema.org/occupationLocation>",
            "<schema.org/sameAs>",
            "isa:<schema.org/Occupation>"
        ],
        "count": 1.0
    },
    {
        "pset": [
            "<schema.org/alternateName>",
            "<schema.org/description>",
            "<schema.org/educationRequirements>",
            "<schema.org/estimatedSalary>",
            "<schema.org/mainEntityOfPage>",
            "<schema.org/name>",
            "<schema.org/occupationLocation>",
            "<schema.org/qualifications>",
            "<schema.org/url>",
            "isa:<schema.org/Occupation>"
        ],
        "count": 1.0
    },
    {
        "pset": [
            "<schema.org/description>",
            "<schema.org/educationRequirements>",
            "<schema.org/estimatedSalary>",
            "<schema.org/image>",
            "<schema.org/mainEntityOfPage>",
            "<schema.org/name>",
            "<schema.org/occupationLocation>",
            "<schema.org/occupationalCategory>",
            "<schema.org/qualifications>",
            "<schema.org/responsibilities>",
            "<schema.org/skills>",
            "<schema.org/url>",
            "isa:<schema.org/Occupation>"
        ],
        "count": 1.0
    },
    {
        "pset": [
            "<schema.org/description>",
            "<schema.org/estimatedSalary>",
            "<schema.org/name>",
            "isa:<schema.org/Occupation>"
        ],
        "count": 1.0
    },
    {
        "pset": [
            "<schema.org/estimatedSalary>",
            "<schema.org/name>",
            "<schema.org/occupationLocation>",
            "<schema.org/occupationalCategory>",
            "<schema.org/sameAs>",
            "<schema.org/skills>",
            "isa:<schema.org/Occupation>"
        ],
        "count": 1.0
    },
    {
        "pset": [
            "<schema.org/description>",
            "<schema.org/educationRequirements>",
            "<schema.org/estimatedSalary>",
            "<schema.org/mainEntityOfPage>",
            "<schema.org/name>",
            "<schema.org/occupationLocation>",
            "<schema.org/occupationalCategory>",
            "<schema.org/qualifications>",
            "<schema.org/responsibilities>",
            "<schema.org/skills>",
            "isa:<schema.org/Occupation>"
        ],
        "count": 1.0
    },
    {
        "pset": [
            "<schema.org/name>",
            "<schema.org/occupationLocation>",
            "<schema.org/occupationalCategory>",
            "<schema.org/sameAs>",
            "<schema.org/skills>",
            "isa:<schema.org/Occupation>"
        ],
        "count": 1.0
    },
    {
        "pset": [
            "<schema.org/estimatedSalary>",
            "<schema.org/occupationLocation>",
            "<schema.org/occupationalCategory>",
            "isa:<schema.org/Occupation>"
        ],
        "count": 1.0
    },
    {
        "pset": [
            "<schema.org/description>",
            "<schema.org/estimatedSalary>",
            "<schema.org/mainEntityOfPage>",
            "<schema.org/name>",
            "<schema.org/occupationLocation>",
            "<schema.org/occupationalCategory>",
            "<schema.org/skills>",
            "isa:<schema.org/Occupation>"
        ],
        "count": 1.0
    },
    {
        "pset": [
            "<schema.org/description>",
            "<schema.org/estimatedSalary>",
            "<schema.org/mainEntityOfPage>",
            "<schema.org/name>",
            "<schema.org/occupationLocation>",
            "<schema.org/sameAs>",
            "<schema.org/skills>",
            "isa:<schema.org/Occupation>"
        ],
        "count": 1.0
    },
    {
        "pset": [
            "<schema.org/description>",
            "<schema.org/educationRequirements>",
            "<schema.org/estimatedSalary>",
            "<schema.org/image>",
            "<schema.org/mainEntityOfPage>",
            "<schema.org/name>",
            "<schema.org/occupationLocation>",
            "<schema.org/occupationalCategory>",
            "<schema.org/qualifications>",
            "<schema.org/responsibilities>",
            "<schema.org/sameAs>",
            "<schema.org/skills>",
            "<schema.org/url>",
            "isa:<schema.org/Occupation>"
        ],
        "count": 1.0
    },
    {
        "pset": [
            "<schema.org/alternateName>",
            "<schema.org/description>",
            "<schema.org/educationRequirements>",
            "<schema.org/estimatedSalary>",
            "<schema.org/mainEntityOfPage>",
            "<schema.org/name>",
            "<schema.org/occupationLocation>",
            "<schema.org/occupationalCategory>",
            "<schema.org/sameAs>",
            "isa:<schema.org/Occupation>"
        ],
        "count": 1.0
    },
    {
        "pset": [
            "<schema.org/estimatedSalary>",
            "<schema.org/occupationLocation>",
            "isa:<schema.org/Occupation>"
        ],
        "count": 1.0
    },
    {
        "pset": [
            "<schema.org/estimatedSalary>",
            "<schema.org/name>",
            "<schema.org/occupationLocation>",
            "<schema.org/qualifications>",
            "<schema.org/responsibilities>",
            "<schema.org/skills>",
            "<schema.org/url>",
            "isa:<schema.org/Occupation>"
        ],
        "count": 1.0
    },
    {
        "pset": [
            "<schema.org/alternateName>",
            "<schema.org/name>",
            "<schema.org/skills>",
            "isa:<schema.org/Occupation>"
        ],
        "count": 1.0
    },
    {
        "pset": [
            "<schema.org/description>",
            "<schema.org/mainEntityOfPage>",
            "<schema.org/name>",
            "<schema.org/occupationLocation>",
            "isa:<schema.org/Occupation>"
        ],
        "count": 1.0
    },
    {
        "pset": [
            "<schema.org/description>",
            "<schema.org/image>",
            "<schema.org/mainEntityOfPage>",
            "<schema.org/name>",
            "<schema.org/sameAs>",
            "<schema.org/url>",
            "isa:<schema.org/Occupation>"
        ],
        "count": 1.0
    },
    {
        "pset": [
            "<schema.org/description>",
            "<schema.org/mainEntityOfPage>",
            "<schema.org/name>",
            "<schema.org/occupationLocation>",
            "<schema.org/responsibilities>",
            "<schema.org/sameAs>",
            "<schema.org/skills>",
            "<schema.org/url>",
            "isa:<schema.org/Occupation>"
        ],
        "count": 1.0
    }
]