[
    {
        "pset": [
            "<schema.org/availability>",
            "<schema.org/price>",
            "<schema.org/priceCurrency>",
            "isa:<schema.org/OfferForPurchase>"
        ],
        "count": 392400.0
    },
    {
        "pset": [
            "<schema.org/address>",
            "<schema.org/availability>",
            "<schema.org/description>",
            "<schema.org/floorSize>",
            "<schema.org/geo>",
            "<schema.org/image>",
            "<schema.org/name>",
            "<schema.org/numberOfBathroomsTotal>",
            "<schema.org/numberOfRooms>",
            "<schema.org/price>",
            "<schema.org/priceCurrency>",
            "<schema.org/url>",
            "isa:<schema.org/House>",
            "isa:<schema.org/OfferForPurchase>",
            "isa:<schema.org/RealEstateListing>"
        ],
        "count": 1402.0
    },
    {
        "pset": [
            "<schema.org/availability>",
            "<schema.org/category>",
            "<schema.org/deliveryLeadTime>",
            "<schema.org/description>",
            "<schema.org/image>",
            "<schema.org/itemCondition>",
            "<schema.org/name>",
            "<schema.org/price>",
            "<schema.org/priceCurrency>",
            "<schema.org/url>",
            "<schema.org/warranty>",
            "isa:<schema.org/OfferForPurchase>"
        ],
        "count": 819.0
    },
    {
        "pset": [
            "<schema.org/availability>",
            "<schema.org/category>",
            "<schema.org/name>",
            "<schema.org/price>",
            "<schema.org/priceCurrency>",
            "isa:<schema.org/OfferForPurchase>"
        ],
        "count": 300.0
    },
    {
        "pset": [
            "<schema.org/availability>",
            "<schema.org/price>",
            "<schema.org/priceCurrency>",
            "<schema.org/url>",
            "isa:<schema.org/OfferForPurchase>"
        ],
        "count": 295.0
    },
    {
        "pset": [
            "<schema.org/availability>",
            "<schema.org/itemCondition>",
            "<schema.org/price>",
            "<schema.org/priceCurrency>",
            "<schema.org/url>",
            "isa:<schema.org/OfferForPurchase>"
        ],
        "count": 269.0
    },
    {
        "pset": [
            "<schema.org/description>",
            "<schema.org/itemOffered>",
            "<schema.org/price>",
            "<schema.org/priceCurrency>",
            "isa:<schema.org/OfferForPurchase>"
        ],
        "count": 192.0
    },
    {
        "pset": [
            "<schema.org/seller>",
            "isa:<schema.org/OfferForPurchase>"
        ],
        "count": 155.0
    },
    {
        "pset": [
            "<schema.org/category>",
            "<schema.org/description>",
            "<schema.org/image>",
            "<schema.org/name>",
            "<schema.org/price>",
            "<schema.org/priceCurrency>",
            "<schema.org/serialNumber>",
            "<schema.org/url>",
            "isa:<schema.org/OfferForPurchase>"
        ],
        "count": 154.0
    },
    {
        "pset": [
            "<schema.org/description>",
            "<schema.org/price>",
            "<schema.org/priceCurrency>",
            "isa:<schema.org/OfferForPurchase>"
        ],
        "count": 154.0
    },
    {
        "pset": [
            "<schema.org/availability>",
            "<schema.org/itemCondition>",
            "<schema.org/name>",
            "<schema.org/price>",
            "<schema.org/priceCurrency>",
            "<schema.org/url>",
            "isa:<schema.org/OfferForPurchase>"
        ],
        "count": 146.0
    },
    {
        "pset": [
            "<schema.org/availability>",
            "<schema.org/price>",
            "<schema.org/priceCurrency>",
            "<schema.org/seller>",
            "<schema.org/url>",
            "isa:<schema.org/OfferForPurchase>"
        ],
        "count": 93.0
    },
    {
        "pset": [
            "<schema.org/businessFunction>",
            "isa:<schema.org/OfferForPurchase>"
        ],
        "count": 48.0
    },
    {
        "pset": [
            "<schema.org/availability>",
            "<schema.org/description>",
            "<schema.org/image>",
            "<schema.org/leaseLength>",
            "<schema.org/name>",
            "<schema.org/price>",
            "<schema.org/priceCurrency>",
            "<schema.org/priceSpecification>",
            "<schema.org/url>",
            "isa:<schema.org/OfferForPurchase>"
        ],
        "count": 43.0
    },
    {
        "pset": [
            "<schema.org/availability>",
            "<schema.org/category>",
            "<schema.org/itemCondition>",
            "<schema.org/price>",
            "<schema.org/priceCurrency>",
            "isa:<schema.org/OfferForPurchase>"
        ],
        "count": 38.0
    },
    {
        "pset": [
            "<schema.org/availability>",
            "<schema.org/eligibleRegion>",
            "<schema.org/itemCondition>",
            "<schema.org/price>",
            "<schema.org/priceCurrency>",
            "<schema.org/url>",
            "isa:<schema.org/OfferForPurchase>"
        ],
        "count": 37.0
    },
    {
        "pset": [
            "<schema.org/price>",
            "<schema.org/priceCurrency>",
            "<schema.org/validFrom>",
            "<schema.org/validThrough>",
            "isa:<schema.org/OfferForPurchase>"
        ],
        "count": 26.0
    },
    {
        "pset": [
            "<schema.org/price>",
            "isa:<schema.org/OfferForPurchase>"
        ],
        "count": 16.0
    },
    {
        "pset": [
            "<schema.org/description>",
            "<schema.org/name>",
            "<schema.org/priceCurrency>",
            "<schema.org/url>",
            "isa:<schema.org/OfferForPurchase>"
        ],
        "count": 15.0
    },
    {
        "pset": [
            "<schema.org/category>",
            "<schema.org/description>",
            "<schema.org/image>",
            "<schema.org/name>",
            "<schema.org/offeredBy>",
            "<schema.org/price>",
            "<schema.org/priceCurrency>",
            "<schema.org/serialNumber>",
            "isa:<schema.org/OfferForPurchase>"
        ],
        "count": 13.0
    },
    {
        "pset": [
            "<schema.org/description>",
            "<schema.org/price>",
            "<schema.org/priceCurrency>",
            "<schema.org/priceSpecification>",
            "isa:<schema.org/OfferForPurchase>"
        ],
        "count": 12.0
    },
    {
        "pset": [
            "<schema.org/availability>",
            "<schema.org/itemCondition>",
            "<schema.org/price>",
            "<schema.org/priceCurrency>",
            "<schema.org/priceValidUntil>",
            "<schema.org/seller>",
            "isa:<schema.org/OfferForPurchase>"
        ],
        "count": 11.0
    },
    {
        "pset": [
            "<schema.org/price>",
            "<schema.org/priceCurrency>",
            "<schema.org/validFrom>",
            "isa:<schema.org/OfferForPurchase>"
        ],
        "count": 10.0
    },
    {
        "pset": [
            "<schema.org/availability>",
            "<schema.org/eligibleRegion>",
            "<schema.org/itemCondition>",
            "<schema.org/priceCurrency>",
            "<schema.org/url>",
            "isa:<schema.org/OfferForPurchase>"
        ],
        "count": 8.0
    },
    {
        "pset": [
            "<schema.org/availability>",
            "<schema.org/availabilityStarts>",
            "<schema.org/eligibleRegion>",
            "<schema.org/itemCondition>",
            "<schema.org/offerCount>",
            "<schema.org/price>",
            "<schema.org/priceCurrency>",
            "<schema.org/url>",
            "isa:<schema.org/OfferForPurchase>"
        ],
        "count": 6.0
    },
    {
        "pset": [
            "<schema.org/availability>",
            "<schema.org/offeredBy>",
            "<schema.org/price>",
            "<schema.org/priceCurrency>",
            "<schema.org/url>",
            "<schema.org/validFrom>",
            "isa:<schema.org/OfferForPurchase>"
        ],
        "count": 6.0
    },
    {
        "pset": [
            "<schema.org/address>",
            "<schema.org/availability>",
            "<schema.org/description>",
            "<schema.org/floorSize>",
            "<schema.org/geo>",
            "<schema.org/image>",
            "<schema.org/name>",
            "<schema.org/numberOfBathroomsTotal>",
            "<schema.org/numberOfRooms>",
            "<schema.org/priceCurrency>",
            "<schema.org/url>",
            "isa:<schema.org/House>",
            "isa:<schema.org/OfferForPurchase>",
            "isa:<schema.org/RealEstateListing>"
        ],
        "count": 6.0
    },
    {
        "pset": [
            "<schema.org/description>",
            "<schema.org/image>",
            "<schema.org/name>",
            "<schema.org/url>",
            "isa:<schema.org/OfferForPurchase>"
        ],
        "count": 5.0
    },
    {
        "pset": [
            "<schema.org/itemCondition>",
            "<schema.org/offerCount>",
            "<schema.org/price>",
            "<schema.org/priceCurrency>",
            "isa:<schema.org/OfferForPurchase>"
        ],
        "count": 5.0
    },
    {
        "pset": [
            "<schema.org/address>",
            "<schema.org/availability>",
            "<schema.org/floorSize>",
            "<schema.org/geo>",
            "<schema.org/image>",
            "<schema.org/name>",
            "<schema.org/numberOfBathroomsTotal>",
            "<schema.org/numberOfRooms>",
            "<schema.org/price>",
            "<schema.org/priceCurrency>",
            "<schema.org/url>",
            "isa:<schema.org/House>",
            "isa:<schema.org/OfferForPurchase>",
            "isa:<schema.org/RealEstateListing>"
        ],
        "count": 4.0
    },
    {
        "pset": [
            "<schema.org/name>",
            "<schema.org/price>",
            "<schema.org/priceCurrency>",
            "isa:<schema.org/OfferForPurchase>"
        ],
        "count": 3.0
    },
    {
        "pset": [
            "<schema.org/availability>",
            "<schema.org/eligibleRegion>",
            "<schema.org/priceCurrency>",
            "isa:<schema.org/OfferForPurchase>"
        ],
        "count": 2.0
    },
    {
        "pset": [
            "<schema.org/availability>",
            "<schema.org/businessFunction>",
            "<schema.org/offeredBy>",
            "<schema.org/price>",
            "<schema.org/priceCurrency>",
            "isa:<schema.org/OfferForPurchase>"
        ],
        "count": 2.0
    },
    {
        "pset": [
            "<schema.org/category>",
            "<schema.org/description>",
            "<schema.org/name>",
            "<schema.org/offeredBy>",
            "<schema.org/price>",
            "<schema.org/priceCurrency>",
            "<schema.org/serialNumber>",
            "isa:<schema.org/OfferForPurchase>"
        ],
        "count": 1.0
    },
    {
        "pset": [
            "<schema.org/price>",
            "<schema.org/priceCurrency>",
            "isa:<schema.org/OfferForPurchase>"
        ],
        "count": 1.0
    },
    {
        "pset": [
            "<schema.org/description>",
            "<schema.org/image>",
            "<schema.org/mainEntityOfPage>",
            "<schema.org/name>",
            "<schema.org/url>",
            "isa:<schema.org/OfferForPurchase>"
        ],
        "count": 1.0
    },
    {
        "pset": [
            "<schema.org/availability>",
            "<schema.org/availabilityStarts>",
            "<schema.org/price>",
            "<schema.org/priceCurrency>",
            "<schema.org/priceSpecification>",
            "<schema.org/url>",
            "<schema.org/validFrom>",
            "isa:<schema.org/OfferForPurchase>"
        ],
        "count": 1.0
    },
    {
        "pset": [
            "<schema.org/description>",
            "<schema.org/image>",
            "<schema.org/mainEntityOfPage>",
            "<schema.org/name>",
            "<schema.org/potentialAction>",
            "<schema.org/url>",
            "isa:<schema.org/OfferForPurchase>"
        ],
        "count": 1.0
    }
]