[
    {
        "pset": [
            "<schema.org/closes>",
            "<schema.org/dayOfWeek>",
            "<schema.org/opens>",
            "isa:<schema.org/OpeningHoursSpecification>"
        ],
        "count": 39534487.0
    },
    {
        "pset": [
            "<schema.org/dayOfWeek>",
            "isa:<schema.org/OpeningHoursSpecification>"
        ],
        "count": 544133.0
    },
    {
        "pset": [
            "<schema.org/closes>",
            "<schema.org/opens>",
            "isa:<schema.org/OpeningHoursSpecification>"
        ],
        "count": 184903.0
    },
    {
        "pset": [
            "<schema.org/closes>",
            "<schema.org/dayOfWeek>",
            "<schema.org/name>",
            "<schema.org/opens>",
            "isa:<schema.org/OpeningHoursSpecification>"
        ],
        "count": 142854.0
    },
    {
        "pset": [
            "<schema.org/closes>",
            "<schema.org/opens>",
            "<schema.org/validFrom>",
            "<schema.org/validThrough>",
            "isa:<schema.org/OpeningHoursSpecification>"
        ],
        "count": 119586.0
    },
    {
        "pset": [
            "<schema.org/validFrom>",
            "<schema.org/validThrough>",
            "isa:<schema.org/OpeningHoursSpecification>"
        ],
        "count": 93660.0
    },
    {
        "pset": [
            "<schema.org/dayOfWeek>",
            "<schema.org/opens>",
            "isa:<schema.org/OpeningHoursSpecification>"
        ],
        "count": 84255.0
    },
    {
        "pset": [
            "<schema.org/closes>",
            "<schema.org/dayOfWeek>",
            "<schema.org/opens>",
            "<schema.org/validFrom>",
            "<schema.org/validThrough>",
            "isa:<schema.org/OpeningHoursSpecification>"
        ],
        "count": 81949.0
    },
    {
        "pset": [
            "<schema.org/name>",
            "isa:<schema.org/OpeningHoursSpecification>"
        ],
        "count": 60727.0
    },
    {
        "pset": [
            "<schema.org/closes>",
            "<schema.org/dayofWeek>",
            "<schema.org/opens>",
            "isa:<schema.org/OpeningHoursSpecification>"
        ],
        "count": 42765.0
    },
    {
        "pset": [
            "<schema.org/DayOfWeek>",
            "<schema.org/closes>",
            "<schema.org/opens>",
            "isa:<schema.org/OpeningHoursSpecification>"
        ],
        "count": 33734.0
    },
    {
        "pset": [
            "<schema.org/dayOfWeek>",
            "<schema.org/description>",
            "isa:<schema.org/OpeningHoursSpecification>"
        ],
        "count": 25871.0
    },
    {
        "pset": [
            "<schema.org/Closes>",
            "<schema.org/DayOfWeek>",
            "<schema.org/Opens>",
            "isa:<schema.org/OpeningHoursSpecification>"
        ],
        "count": 20095.0
    },
    {
        "pset": [
            "<schema.org/closes>",
            "<schema.org/dayOfWeek>",
            "isa:<schema.org/OpeningHoursSpecification>"
        ],
        "count": 13594.0
    },
    {
        "pset": [
            "<schema.org/opens>",
            "isa:<schema.org/OpeningHoursSpecification>"
        ],
        "count": 12154.0
    },
    {
        "pset": [
            "<schema.org/dayOfWeek>",
            "<schema.org/validFrom>",
            "<schema.org/validThrough>",
            "isa:<schema.org/OpeningHoursSpecification>"
        ],
        "count": 10337.0
    },
    {
        "pset": [
            "<schema.org/dayOfWeek>",
            "<schema.org/openingHours>",
            "<schema.org/url>",
            "isa:<schema.org/OpeningHoursSpecification>"
        ],
        "count": 8301.0
    },
    {
        "pset": [
            "<schema.org/closes>",
            "<schema.org/dayofweek>",
            "<schema.org/opens>",
            "isa:<schema.org/OpeningHoursSpecification>"
        ],
        "count": 6381.0
    },
    {
        "pset": [
            "<schema.org/closes>",
            "<schema.org/dayOfWeek>",
            "<schema.org/description>",
            "<schema.org/opens>",
            "isa:<schema.org/OpeningHoursSpecification>"
        ],
        "count": 5484.0
    },
    {
        "pset": [
            "isa:<schema.org/OpeningHoursSpecification>"
        ],
        "count": 4721.0
    },
    {
        "pset": [
            "<schema.org/closes>",
            "<schema.org/description>",
            "<schema.org/opens>",
            "<schema.org/validFrom>",
            "<schema.org/validThrough>",
            "isa:<schema.org/OpeningHoursSpecification>"
        ],
        "count": 3201.0
    },
    {
        "pset": [
            "<schema.org/closes>",
            "<schema.org/dayOfWeek>",
            "<schema.org/opens>",
            "<schema.org/validFrom>",
            "isa:<schema.org/OpeningHoursSpecification>"
        ],
        "count": 2588.0
    },
    {
        "pset": [
            "<schema.org/closes>",
            "isa:<schema.org/OpeningHoursSpecification>"
        ],
        "count": 2302.0
    },
    {
        "pset": [
            "<schema.org/closes>",
            "<schema.org/dayOfWeek>",
            "<schema.org/description>",
            "<schema.org/opens>",
            "<schema.org/validFrom>",
            "<schema.org/validThrough>",
            "isa:<schema.org/OpeningHoursSpecification>"
        ],
        "count": 2045.0
    },
    {
        "pset": [
            "<schema.org/Closes>",
            "<schema.org/Opens>",
            "isa:<schema.org/OpeningHoursSpecification>"
        ],
        "count": 1882.0
    },
    {
        "pset": [
            "<schema.org/description>",
            "isa:<schema.org/OpeningHoursSpecification>"
        ],
        "count": 1360.0
    },
    {
        "pset": [
            "<schema.org/DayOfWeek>",
            "isa:<schema.org/OpeningHoursSpecification>"
        ],
        "count": 1271.0
    },
    {
        "pset": [
            "<schema.org/Closes>",
            "<schema.org/dayOfWeek>",
            "<schema.org/opens>",
            "isa:<schema.org/OpeningHoursSpecification>"
        ],
        "count": 796.0
    },
    {
        "pset": [
            "<schema.org/closes>",
            "<schema.org/description>",
            "<schema.org/opens>",
            "isa:<schema.org/OpeningHoursSpecification>"
        ],
        "count": 730.0
    },
    {
        "pset": [
            "<schema.org/Opens>",
            "<schema.org/closes>",
            "<schema.org/dayOfWeek>",
            "isa:<schema.org/OpeningHoursSpecification>"
        ],
        "count": 657.0
    },
    {
        "pset": [
            "<schema.org/closes>",
            "<schema.org/dayOfWeek>",
            "<schema.org/opens>",
            "<schema.org/validThrough>",
            "isa:<schema.org/OpeningHoursSpecification>"
        ],
        "count": 536.0
    },
    {
        "pset": [
            "<schema.org/closes>",
            "<schema.org/name>",
            "<schema.org/opens>",
            "<schema.org/validFrom>",
            "<schema.org/validThrough>",
            "isa:<schema.org/OpeningHoursSpecification>"
        ],
        "count": 508.0
    },
    {
        "pset": [
            "<schema.org/name>",
            "<schema.org/validFrom>",
            "<schema.org/validThrough>",
            "isa:<schema.org/OpeningHoursSpecification>"
        ],
        "count": 393.0
    },
    {
        "pset": [
            "<schema.org/hoursAvailable>",
            "isa:<schema.org/OpeningHoursSpecification>"
        ],
        "count": 374.0
    },
    {
        "pset": [
            "<schema.org/dayOfWeek>",
            "<schema.org/url>",
            "isa:<schema.org/OpeningHoursSpecification>"
        ],
        "count": 350.0
    },
    {
        "pset": [
            "<schema.org/dayOfWeek>",
            "<schema.org/opens>",
            "<schema.org/validFrom>",
            "<schema.org/validThrough>",
            "isa:<schema.org/OpeningHoursSpecification>"
        ],
        "count": 336.0
    },
    {
        "pset": [
            "<schema.org/alternateName>",
            "<schema.org/closes>",
            "<schema.org/dayOfWeek>",
            "<schema.org/description>",
            "<schema.org/disambiguatingDescription>",
            "<schema.org/mainEntityOfPage>",
            "<schema.org/name>",
            "<schema.org/opens>",
            "<schema.org/sameAs>",
            "<schema.org/url>",
            "isa:<schema.org/OpeningHoursSpecification>"
        ],
        "count": 315.0
    },
    {
        "pset": [
            "<schema.org/closes>",
            "<schema.org/description>",
            "<schema.org/endDate>",
            "<schema.org/location>",
            "<schema.org/name>",
            "<schema.org/opens>",
            "<schema.org/startDate>",
            "<schema.org/validFrom>",
            "<schema.org/validThrough>",
            "isa:<schema.org/FoodEvent>",
            "isa:<schema.org/OpeningHoursSpecification>"
        ],
        "count": 296.0
    },
    {
        "pset": [
            "<schema.org/areaServed>",
            "<schema.org/availableLanguage>",
            "<schema.org/contactType>",
            "<schema.org/dayOfWeek>",
            "<schema.org/opens>",
            "isa:<schema.org/OpeningHoursSpecification>"
        ],
        "count": 264.0
    },
    {
        "pset": [
            "<schema.org/closes>",
            "<schema.org/dayOfWeek>",
            "<schema.org/opens>",
            "<schema.org/sameAs>",
            "isa:<schema.org/OpeningHoursSpecification>"
        ],
        "count": 254.0
    },
    {
        "pset": [
            "<schema.org/closes>",
            "<schema.org/dayOfWeek>",
            "<schema.org/open>",
            "isa:<schema.org/OpeningHoursSpecification>"
        ],
        "count": 192.0
    },
    {
        "pset": [
            "<schema.org/alternateName>",
            "<schema.org/closes>",
            "<schema.org/dayOfWeek>",
            "<schema.org/opens>",
            "<schema.org/sameAs>",
            "isa:<schema.org/OpeningHoursSpecification>"
        ],
        "count": 190.0
    },
    {
        "pset": [
            "<schema.org/validFrom>",
            "isa:<schema.org/OpeningHoursSpecification>"
        ],
        "count": 166.0
    },
    {
        "pset": [
            "<schema.org/dayOfWeek>",
            "<schema.org/description>",
            "<schema.org/name>",
            "<schema.org/validFrom>",
            "<schema.org/validThrough>",
            "isa:<schema.org/OpeningHoursSpecification>"
        ],
        "count": 156.0
    },
    {
        "pset": [
            "<schema.org/dayOfWeek>",
            "<schema.org/office>",
            "isa:<schema.org/OpeningHoursSpecification>"
        ],
        "count": 156.0
    },
    {
        "pset": [
            "<schema.org/description>",
            "<schema.org/validFrom>",
            "<schema.org/validThrough>",
            "isa:<schema.org/OpeningHoursSpecification>"
        ],
        "count": 146.0
    },
    {
        "pset": [
            "<schema.org/opens>",
            "<schema.org/url>",
            "isa:<schema.org/OpeningHoursSpecification>"
        ],
        "count": 132.0
    },
    {
        "pset": [
            "<schema.org/dayOfweek>",
            "isa:<schema.org/OpeningHoursSpecification>"
        ],
        "count": 125.0
    },
    {
        "pset": [
            "<schema.org/cutOffTime>",
            "<schema.org/dayOfWeek>",
            "<schema.org/handlingTime>",
            "<schema.org/transitTime>",
            "isa:<schema.org/OpeningHoursSpecification>"
        ],
        "count": 122.0
    },
    {
        "pset": [
            "<schema.org/Geschlossen>",
            "<schema.org/closes>",
            "<schema.org/opens>",
            "isa:<schema.org/OpeningHoursSpecification>"
        ],
        "count": 115.0
    },
    {
        "pset": [
            "<schema.org/dayOfWeek>",
            "<schema.org/ends>",
            "<schema.org/opens>",
            "isa:<schema.org/OpeningHoursSpecification>"
        ],
        "count": 111.0
    },
    {
        "pset": [
            "<schema.org/openingHours>",
            "isa:<schema.org/OpeningHoursSpecification>"
        ],
        "count": 106.0
    },
    {
        "pset": [
            "<schema.org/closes>",
            "<schema.org/dayOfWeek>",
            "<schema.org/opens>",
            "<schema.org/text>",
            "isa:<schema.org/OpeningHoursSpecification>"
        ],
        "count": 99.0
    },
    {
        "pset": [
            "<schema.org/closes>",
            "<schema.org/dayOfWeek>",
            "<schema.org/opens>",
            "<schema.org/validFrom>",
            "<schema.org/validTrough>",
            "isa:<schema.org/OpeningHoursSpecification>"
        ],
        "count": 90.0
    },
    {
        "pset": [
            "<schema.org/closes>",
            "<schema.org/dayOfWeek>",
            "<schema.org/description>",
            "<schema.org/name>",
            "<schema.org/opens>",
            "isa:<schema.org/OpeningHoursSpecification>"
        ],
        "count": 88.0
    },
    {
        "pset": [
            "<schema.org/0>",
            "<schema.org/1>",
            "<schema.org/closes>",
            "<schema.org/dayOfWeek>",
            "<schema.org/opens>",
            "isa:<schema.org/OpeningHoursSpecification>"
        ],
        "count": 86.0
    },
    {
        "pset": [
            "<schema.org/dayOfWeek>",
            "<schema.org/name>",
            "isa:<schema.org/OpeningHoursSpecification>"
        ],
        "count": 84.0
    },
    {
        "pset": [
            "<schema.datacycle.at/multilingual>",
            "<schema.datacycle.at/translation>",
            "<schema.org/description>",
            "isa:<data.flachau.com/schema/\\u00D6ffnungszeit%20-%20Beschreibung>",
            "isa:<schema.org/OpeningHoursSpecification>"
        ],
        "count": 82.0
    },
    {
        "pset": [
            "<schema.org/dayOfWeek>",
            "<schema.org/name>",
            "<schema.org/validFrom>",
            "<schema.org/validThrough>",
            "isa:<schema.org/OpeningHoursSpecification>"
        ],
        "count": 72.0
    },
    {
        "pset": [
            "<schema.org/closes>",
            "<schema.org/dayOfWeek>",
            "<schema.org/geo>",
            "<schema.org/opens>",
            "isa:<schema.org/OpeningHoursSpecification>"
        ],
        "count": 68.0
    },
    {
        "pset": [
            "<schema.org/closes>",
            "<schema.org/dayOfWeek>",
            "<schema.org/opens>",
            "<schema.org/priceRange>",
            "isa:<schema.org/OpeningHoursSpecification>"
        ],
        "count": 68.0
    },
    {
        "pset": [
            "<schema.datacycle.at/ical>",
            "<schema.org/closes>",
            "<schema.org/dayOfWeek>",
            "<schema.org/opens>",
            "<schema.org/validFrom>",
            "<schema.org/validThrough>",
            "isa:<schema.org/OpeningHoursSpecification>"
        ],
        "count": 65.0
    },
    {
        "pset": [
            "<schema.org/dayOfWeek>",
            "<schema.org/validFrom>",
            "isa:<schema.org/OpeningHoursSpecification>"
        ],
        "count": 64.0
    },
    {
        "pset": [
            "<schema.org/closes>",
            "<schema.org/name>",
            "<schema.org/opens>",
            "isa:<schema.org/OpeningHoursSpecification>"
        ],
        "count": 53.0
    },
    {
        "pset": [
            "<schema.org/description>",
            "<schema.org/image>",
            "<schema.org/mainEntityOfPage>",
            "<schema.org/name>",
            "<schema.org/sameAs>",
            "<schema.org/url>",
            "<schema.org/validThrough>",
            "isa:<schema.org/OpeningHoursSpecification>"
        ],
        "count": 52.0
    },
    {
        "pset": [
            "<schema.org/additionalProperty>",
            "<schema.org/closes>",
            "<schema.org/dayOfWeek>",
            "<schema.org/opens>",
            "isa:<schema.org/OpeningHoursSpecification>"
        ],
        "count": 41.0
    },
    {
        "pset": [
            "<schema.org/dayOfWeek>",
            "<schema.org/openingHours>",
            "isa:<schema.org/OpeningHoursSpecification>"
        ],
        "count": 41.0
    },
    {
        "pset": [
            "<schema.org/closes>",
            "<schema.org/dayOfWeek>",
            "<schema.org/disambiguatingDescription>",
            "<schema.org/opens>",
            "isa:<schema.org/OpeningHoursSpecification>"
        ],
        "count": 34.0
    },
    {
        "pset": [
            "<schema.org/closes>",
            "<schema.org/dayOfWeek>",
            "<schema.org/email>",
            "<schema.org/hasMap>",
            "<schema.org/opens>",
            "isa:<schema.org/OpeningHoursSpecification>"
        ],
        "count": 33.0
    },
    {
        "pset": [
            "<schema.org/closes>",
            "<schema.org/opens>",
            "<schema.org/validFrom>",
            "isa:<schema.org/OpeningHoursSpecification>"
        ],
        "count": 30.0
    },
    {
        "pset": [
            "<schema.org/closes>",
            "<schema.org/opens>",
            "<schema.org/validFrom>",
            "<schema.org/validTo>",
            "isa:<schema.org/OpeningHoursSpecification>"
        ],
        "count": 30.0
    },
    {
        "pset": [
            "<schema.org/dayOfWeek>",
            "<schema.org/openingHoursSpecification>",
            "isa:<schema.org/OpeningHoursSpecification>"
        ],
        "count": 29.0
    },
    {
        "pset": [
            "<schema.org/closes>",
            "<schema.org/description>",
            "<schema.org/endDate>",
            "<schema.org/location>",
            "<schema.org/name>",
            "<schema.org/offers>",
            "<schema.org/opens>",
            "<schema.org/startDate>",
            "<schema.org/validFrom>",
            "<schema.org/validThrough>",
            "isa:<schema.org/FoodEvent>",
            "isa:<schema.org/OpeningHoursSpecification>"
        ],
        "count": 27.0
    },
    {
        "pset": [
            "<schema.org/closes>",
            "<schema.org/dayOfWeek>",
            "<schema.org/description>",
            "<schema.org/opens>",
            "<schema.org/validFrom>",
            "isa:<schema.org/OpeningHoursSpecification>"
        ],
        "count": 26.0
    },
    {
        "pset": [
            "<schema.org/closes>",
            "<schema.org/dayOfWeek>",
            "<schema.org/description>",
            "<schema.org/disambiguatingDescription>",
            "<schema.org/opens>",
            "isa:<schema.org/OpeningHoursSpecification>"
        ],
        "count": 25.0
    },
    {
        "pset": [
            "<schema.org/closes>",
            "<schema.org/dayOfWeek>",
            "<schema.org/description>",
            "<schema.org/image>",
            "<schema.org/name>",
            "<schema.org/opens>",
            "<schema.org/subjectOf>",
            "<schema.org/url>",
            "isa:<schema.org/OpeningHoursSpecification>"
        ],
        "count": 22.0
    },
    {
        "pset": [
            "<schema.org/closes>",
            "<schema.org/dayOfWeek>",
            "<schema.org/name>",
            "<schema.org/opens>",
            "<schema.org/validFrom>",
            "<schema.org/validThrough>",
            "isa:<schema.org/OpeningHoursSpecification>"
        ],
        "count": 22.0
    },
    {
        "pset": [
            "<schema.org/address>",
            "<schema.org/addressCountry>",
            "<schema.org/addressLocality>",
            "<schema.org/closes>",
            "<schema.org/dayOfWeek>",
            "<schema.org/description>",
            "<schema.org/geo>",
            "<schema.org/image>",
            "<schema.org/latitude>",
            "<schema.org/longitude>",
            "<schema.org/name>",
            "<schema.org/openingHoursSpecification>",
            "<schema.org/opens>",
            "<schema.org/postalCode>",
            "<schema.org/sameAs>",
            "<schema.org/streetAddress>",
            "<schema.org/telephone>",
            "<schema.org/url>",
            "isa:<schema.org/GeoCoordinates>",
            "isa:<schema.org/LocalBusiness>",
            "isa:<schema.org/OpeningHoursSpecification>",
            "isa:<schema.org/PostalAddress>"
        ],
        "count": 22.0
    },
    {
        "pset": [
            "<schema.org/opens>",
            "<schema.org/validFrom>",
            "isa:<schema.org/OpeningHoursSpecification>"
        ],
        "count": 19.0
    },
    {
        "pset": [
            "<schema.org/closes>",
            "<schema.org/dayOfWeek>",
            "<schema.org/opens>",
            "<schema.org/validFrom>",
            "<schema.org/validTo>",
            "isa:<schema.org/OpeningHoursSpecification>"
        ],
        "count": 12.0
    },
    {
        "pset": [
            "<schema.org/Hours>",
            "<schema.org/dayOfWeek>",
            "isa:<schema.org/OpeningHoursSpecification>"
        ],
        "count": 12.0
    },
    {
        "pset": [
            "<schema.org/closes>",
            "<schema.org/description>",
            "<schema.org/image>",
            "<schema.org/name>",
            "<schema.org/opens>",
            "<schema.org/subjectOf>",
            "<schema.org/url>",
            "isa:<schema.org/OpeningHoursSpecification>"
        ],
        "count": 12.0
    },
    {
        "pset": [
            "<schema.org/validFrom>",
            "<schema.org/validTo>",
            "isa:<schema.org/OpeningHoursSpecification>"
        ],
        "count": 11.0
    },
    {
        "pset": [
            "<schema.org/\\u5173\\u95EDs>",
            "<schema.org/dayOfWeek>",
            "<schema.org/opens>",
            "isa:<schema.org/OpeningHoursSpecification>"
        ],
        "count": 10.0
    },
    {
        "pset": [
            "<schema.org/address>",
            "<schema.org/addressCountry>",
            "<schema.org/addressLocality>",
            "<schema.org/alternateName>",
            "<schema.org/availableLanguage>",
            "<schema.org/closes>",
            "<schema.org/contactPoint>",
            "<schema.org/dayOfWeek>",
            "<schema.org/email>",
            "<schema.org/faxNumber>",
            "<schema.org/headline>",
            "<schema.org/image>",
            "<schema.org/inLanguage>",
            "<schema.org/itemListElement>",
            "<schema.org/logo>",
            "<schema.org/name>",
            "<schema.org/numberOfItems>",
            "<schema.org/openingHoursSpecification>",
            "<schema.org/opens>",
            "<schema.org/postalCode>",
            "<schema.org/potentialAction>",
            "<schema.org/priceRange>",
            "<schema.org/sameAs>",
            "<schema.org/streetAddress>",
            "<schema.org/telephone>",
            "<schema.org/url>",
            "<schema.org/vatID>",
            "isa:<schema.org/BreadcrumbList>",
            "isa:<schema.org/Language>",
            "isa:<schema.org/OpeningHoursSpecification>",
            "isa:<schema.org/Organization>",
            "isa:<schema.org/PostalAddress>",
            "isa:<schema.org/Store>",
            "isa:<schema.org/WebPage>",
            "isa:<schema.org/WebSite>"
        ],
        "count": 9.0
    },
    {
        "pset": [
            "<schema.org/closes>",
            "<schema.org/dayOfWeek>",
            "<schema.org/description>",
            "<schema.org/name>",
            "<schema.org/opens>",
            "<schema.org/url>",
            "isa:<schema.org/OpeningHoursSpecification>"
        ],
        "count": 9.0
    },
    {
        "pset": [
            "<schema.org/Closes>",
            "<schema.org/Opens>",
            "<schema.org/dayOfWeek>",
            "isa:<schema.org/OpeningHoursSpecification>"
        ],
        "count": 9.0
    },
    {
        "pset": [
            "<schema.org/closes>",
            "<schema.org/dayOfWeek>",
            "<schema.org/is_open>",
            "<schema.org/opens>",
            "isa:<schema.org/OpeningHoursSpecification>"
        ],
        "count": 8.0
    },
    {
        "pset": [
            "<schema.org/closes>",
            "<schema.org/name>",
            "<schema.org/opens>",
            "isa:<schema.org/DayOfWeek>",
            "isa:<schema.org/OpeningHoursSpecification>"
        ],
        "count": 7.0
    },
    {
        "pset": [
            "<schema.org/closes>",
            "<schema.org/dayOfWeek>",
            "<schema.org/name>",
            "<schema.org/opens>",
            "<schema.org/url>",
            "isa:<schema.org/OpeningHoursSpecification>"
        ],
        "count": 7.0
    },
    {
        "pset": [
            "<schema.org/closed>",
            "<schema.org/dayOfWeek>",
            "<schema.org/opens>",
            "isa:<schema.org/OpeningHoursSpecification>"
        ],
        "count": 7.0
    },
    {
        "pset": [
            "<schema.org/closes>",
            "<schema.org/description>",
            "<schema.org/mainEntityOfPage>",
            "<schema.org/opens>",
            "isa:<schema.org/OpeningHoursSpecification>"
        ],
        "count": 7.0
    },
    {
        "pset": [
            "<schema.org/dayOfWeek>",
            "<schema.org/opens>",
            "<schema.org/validFrom>",
            "isa:<schema.org/OpeningHoursSpecification>"
        ],
        "count": 6.0
    },
    {
        "pset": [
            "<schema.org/Friday>",
            "<schema.org/closes>",
            "<schema.org/dayOfWeek>",
            "<schema.org/opens>",
            "isa:<schema.org/OpeningHoursSpecification>"
        ],
        "count": 6.0
    },
    {
        "pset": [
            "<schema.org/dayOfWeek>",
            "<schema.org/name>",
            "<schema.org/opens>",
            "isa:<schema.org/OpeningHoursSpecification>"
        ],
        "count": 6.0
    },
    {
        "pset": [
            "<schema.org/close>",
            "<schema.org/dayOfWeek>",
            "<schema.org/opens>",
            "isa:<schema.org/OpeningHoursSpecification>"
        ],
        "count": 5.0
    },
    {
        "pset": [
            "<schema.org/1>",
            "<schema.org/closes>",
            "<schema.org/dayOfWeek>",
            "<schema.org/opens>",
            "isa:<schema.org/OpeningHoursSpecification>"
        ],
        "count": 5.0
    },
    {
        "pset": [
            "<schema.org/alternateName>",
            "<schema.org/closes>",
            "<schema.org/dayOfWeek>",
            "<schema.org/description>",
            "<schema.org/image>",
            "<schema.org/name>",
            "<schema.org/opens>",
            "<schema.org/potentialAction>",
            "<schema.org/sameAs>",
            "<schema.org/url>",
            "isa:<schema.org/OpeningHoursSpecification>"
        ],
        "count": 4.0
    },
    {
        "pset": [
            "<schema.org/closes>",
            "<schema.org/dayOfWeek>",
            "<schema.org/description>",
            "<schema.org/image>",
            "<schema.org/name>",
            "<schema.org/opens>",
            "<schema.org/url>",
            "isa:<schema.org/OpeningHoursSpecification>"
        ],
        "count": 4.0
    },
    {
        "pset": [
            "<schema.datacycle.at/multilingual>",
            "<schema.datacycle.at/translation>",
            "<schema.org/description>",
            "<schema.org/validFrom>",
            "<schema.org/validThrough>",
            "isa:<example.org/schema/\\u00D6ffnungszeit%20-%20Beschreibung>",
            "isa:<schema.org/OpeningHoursSpecification>"
        ],
        "count": 4.0
    },
    {
        "pset": [
            "<schema.org/additionalType>",
            "<schema.org/closes>",
            "<schema.org/dayOfWeek>",
            "<schema.org/opens>",
            "<schema.org/sameAs>",
            "isa:<schema.org/OpeningHoursSpecification>"
        ],
        "count": 4.0
    },
    {
        "pset": [
            "<schema.org/closes>",
            "<schema.org/mainEntityOfPage>",
            "<schema.org/name>",
            "<schema.org/opens>",
            "<schema.org/validThrough>",
            "isa:<schema.org/OpeningHoursSpecification>"
        ],
        "count": 4.0
    },
    {
        "pset": [
            "<schema.org/alternateName>",
            "<schema.org/closes>",
            "<schema.org/dayOfWeek>",
            "<schema.org/description>",
            "<schema.org/image>",
            "<schema.org/name>",
            "<schema.org/opens>",
            "<schema.org/sameAs>",
            "<schema.org/url>",
            "isa:<schema.org/OpeningHoursSpecification>"
        ],
        "count": 4.0
    },
    {
        "pset": [
            "<schema.org/closes>",
            "<schema.org/dayOfWeek>",
            "<schema.org/name>",
            "<schema.org/opens>",
            "<schema.org/validFrom>",
            "isa:<schema.org/OpeningHoursSpecification>"
        ],
        "count": 3.0
    },
    {
        "pset": [
            "<schema.org/closes>",
            "<schema.org/dayOfWeek>",
            "<schema.org/name>",
            "<schema.org/opens>",
            "<schema.org/potentialAction>",
            "isa:<schema.org/OpeningHoursSpecification>"
        ],
        "count": 3.0
    },
    {
        "pset": [
            "<schema.org/address>",
            "<schema.org/addressCountry>",
            "<schema.org/addressLocality>",
            "<schema.org/alternateName>",
            "<schema.org/availableLanguage>",
            "<schema.org/closes>",
            "<schema.org/contactPoint>",
            "<schema.org/dayOfWeek>",
            "<schema.org/email>",
            "<schema.org/faxNumber>",
            "<schema.org/headline>",
            "<schema.org/image>",
            "<schema.org/inLanguage>",
            "<schema.org/itemListElement>",
            "<schema.org/logo>",
            "<schema.org/name>",
            "<schema.org/numberOfItems>",
            "<schema.org/openingHoursSpecification>",
            "<schema.org/opens>",
            "<schema.org/postalCode>",
            "<schema.org/priceRange>",
            "<schema.org/sameAs>",
            "<schema.org/streetAddress>",
            "<schema.org/telephone>",
            "<schema.org/url>",
            "<schema.org/vatID>",
            "isa:<schema.org/BreadcrumbList>",
            "isa:<schema.org/Language>",
            "isa:<schema.org/OpeningHoursSpecification>",
            "isa:<schema.org/Organization>",
            "isa:<schema.org/PostalAddress>",
            "isa:<schema.org/Store>",
            "isa:<schema.org/WebPage>",
            "isa:<schema.org/WebSite>"
        ],
        "count": 3.0
    },
    {
        "pset": [
            "<schema.org/address>",
            "<schema.org/addressCountry>",
            "<schema.org/addressLocality>",
            "<schema.org/alternateName>",
            "<schema.org/availableLanguage>",
            "<schema.org/closes>",
            "<schema.org/contactPoint>",
            "<schema.org/dayOfWeek>",
            "<schema.org/email>",
            "<schema.org/faxNumber>",
            "<schema.org/headline>",
            "<schema.org/image>",
            "<schema.org/inLanguage>",
            "<schema.org/itemListElement>",
            "<schema.org/logo>",
            "<schema.org/name>",
            "<schema.org/numberOfItems>",
            "<schema.org/openingHoursSpecification>",
            "<schema.org/opens>",
            "<schema.org/postalCode>",
            "<schema.org/potentialAction>",
            "<schema.org/priceRange>",
            "<schema.org/sameAs>",
            "<schema.org/streetAddress>",
            "<schema.org/telephone>",
            "<schema.org/url>",
            "<schema.org/vatID>",
            "isa:<schema.org/BreadcrumbList>",
            "isa:<schema.org/Language>",
            "isa:<schema.org/OpeningHoursSpecification>",
            "isa:<schema.org/Organization>",
            "isa:<schema.org/PostalAddress>",
            "isa:<schema.org/Store>",
            "isa:<schema.org/WebSite>"
        ],
        "count": 2.0
    },
    {
        "pset": [
            "<schema.org/closes>",
            "<schema.org/dayOfWeek>",
            "<schema.org/name>",
            "<schema.org/opens>",
            "<schema.org/url>",
            "<schema.org/validFrom>",
            "<schema.org/validThrough>",
            "isa:<schema.org/OpeningHoursSpecification>"
        ],
        "count": 2.0
    },
    {
        "pset": [
            "<schema.datacycle.at/multilingual>",
            "<schema.datacycle.at/translation>",
            "<schema.org/description>",
            "isa:<example.org/schema/\\u00D6ffnungszeit%20-%20Beschreibung>",
            "isa:<schema.org/OpeningHoursSpecification>"
        ],
        "count": 2.0
    },
    {
        "pset": [
            "<schema.org/additionalProperty>",
            "<schema.org/additionalType>",
            "<schema.org/address>",
            "<schema.org/brand>",
            "<schema.org/contactPoint>",
            "<schema.org/description>",
            "<schema.org/geo>",
            "<schema.org/image>",
            "<schema.org/logo>",
            "<schema.org/name>",
            "<schema.org/openingHoursSpecification>",
            "<schema.org/photo>",
            "<schema.org/potentialAction>",
            "<schema.org/priceRange>",
            "<schema.org/publicAccess>",
            "<schema.org/sameAs>",
            "<schema.org/telephone>",
            "<schema.org/url>",
            "isa:<schema.org/Action>",
            "isa:<schema.org/LocalBusiness>",
            "isa:<schema.org/OpeningHoursSpecification>"
        ],
        "count": 2.0
    },
    {
        "pset": [
            "<schema.org/dayOfWeek>",
            "<schema.org/description>",
            "<schema.org/validFrom>",
            "<schema.org/validThrough>",
            "isa:<schema.org/OpeningHoursSpecification>"
        ],
        "count": 2.0
    },
    {
        "pset": [
            "<schema.org/address>",
            "<schema.org/addressCountry>",
            "<schema.org/areaServed>",
            "<schema.org/availableLanguage>",
            "<schema.org/closes>",
            "<schema.org/contactType>",
            "<schema.org/dayOfWeek>",
            "<schema.org/email>",
            "<schema.org/hoursAvailable>",
            "<schema.org/latitude>",
            "<schema.org/longitude>",
            "<schema.org/name>",
            "<schema.org/opens>",
            "<schema.org/telephone>",
            "<schema.org/url>",
            "isa:<schema.org/ContactPoint>",
            "isa:<schema.org/GeoCoordinates>",
            "isa:<schema.org/OpeningHoursSpecification>"
        ],
        "count": 2.0
    },
    {
        "pset": [
            "<schema.org/closes>",
            "<schema.org/dayOfWeek>",
            "<schema.org/description>",
            "<schema.org/image>",
            "<schema.org/name>",
            "<schema.org/opens>",
            "<schema.org/potentialAction>",
            "<schema.org/url>",
            "isa:<schema.org/OpeningHoursSpecification>"
        ],
        "count": 2.0
    },
    {
        "pset": [
            "<schema.org/areaServed>",
            "<schema.org/availableLanguage>",
            "<schema.org/closes>",
            "<schema.org/contactOption>",
            "<schema.org/contactType>",
            "<schema.org/dayOfWeek>",
            "<schema.org/name>",
            "<schema.org/opens>",
            "<schema.org/telephone>",
            "<schema.org/url>",
            "isa:<schema.org/ContactPoint>",
            "isa:<schema.org/OpeningHoursSpecification>"
        ],
        "count": 2.0
    },
    {
        "pset": [
            "<schema.org/closes>",
            "<schema.org/dayOfWeek>",
            "<schema.org/hasMap>",
            "<schema.org/opens>",
            "isa:<schema.org/OpeningHoursSpecification>"
        ],
        "count": 2.0
    },
    {
        "pset": [
            "<schema.org/closes>",
            "<schema.org/dayOfWeek>",
            "<schema.org/description>",
            "<schema.org/opens>",
            "<schema.org/sameAs>",
            "isa:<schema.org/OpeningHoursSpecification>"
        ],
        "count": 2.0
    },
    {
        "pset": [
            "<schema.org/closes>",
            "<schema.org/dayOfWeek>",
            "<schema.org/offers>",
            "<schema.org/opens>",
            "<schema.org/potentialAction>",
            "isa:<schema.org/OpeningHoursSpecification>"
        ],
        "count": 2.0
    },
    {
        "pset": [
            "<schema.org/about>",
            "<schema.org/additionalType>",
            "<schema.org/address>",
            "<schema.org/addressCountry>",
            "<schema.org/areaServed>",
            "<schema.org/availableLanguage>",
            "<schema.org/closes>",
            "<schema.org/contactType>",
            "<schema.org/dayOfWeek>",
            "<schema.org/description>",
            "<schema.org/hoursAvailable>",
            "<schema.org/keywords>",
            "<schema.org/latitude>",
            "<schema.org/longitude>",
            "<schema.org/name>",
            "<schema.org/opens>",
            "<schema.org/primaryImageOfPage>",
            "<schema.org/relatedLink>",
            "<schema.org/sameAs>",
            "<schema.org/specialty>",
            "<schema.org/telephone>",
            "<schema.org/url>",
            "isa:<schema.org/ContactPage>",
            "isa:<schema.org/ContactPoint>",
            "isa:<schema.org/GeoCoordinates>",
            "isa:<schema.org/OpeningHoursSpecification>"
        ],
        "count": 2.0
    },
    {
        "pset": [
            "<schema.org/closes>",
            "<schema.org/dayOfWeek>",
            "<schema.org/disambiguatingDescription>",
            "<schema.org/name>",
            "<schema.org/opens>",
            "isa:<schema.org/OpeningHoursSpecification>"
        ],
        "count": 2.0
    },
    {
        "pset": [
            "<schema.org/@type%20(copy)>",
            "<schema.org/closes%20(copy)>",
            "<schema.org/closes>",
            "<schema.org/dayOfWeek>",
            "<schema.org/opens%20(copy)>",
            "<schema.org/opens>",
            "isa:<schema.org/OpeningHoursSpecification>"
        ],
        "count": 2.0
    },
    {
        "pset": [
            "<schema.org/dayOfWeek>",
            "<schema.org/priceRange>",
            "isa:<schema.org/OpeningHoursSpecification>"
        ],
        "count": 1.0
    },
    {
        "pset": [
            "<schema.org/address>",
            "<schema.org/addressCountry>",
            "<schema.org/addressLocality>",
            "<schema.org/alternateName>",
            "<schema.org/availableLanguage>",
            "<schema.org/closes>",
            "<schema.org/contactPoint>",
            "<schema.org/dayOfWeek>",
            "<schema.org/email>",
            "<schema.org/faxNumber>",
            "<schema.org/headline>",
            "<schema.org/image>",
            "<schema.org/inLanguage>",
            "<schema.org/itemListElement>",
            "<schema.org/logo>",
            "<schema.org/name>",
            "<schema.org/numberOfItems>",
            "<schema.org/openingHoursSpecification>",
            "<schema.org/opens>",
            "<schema.org/postalCode>",
            "<schema.org/potentialAction>",
            "<schema.org/sameAs>",
            "<schema.org/streetAddress>",
            "<schema.org/telephone>",
            "<schema.org/url>",
            "isa:<schema.org/BreadcrumbList>",
            "isa:<schema.org/Language>",
            "isa:<schema.org/OpeningHoursSpecification>",
            "isa:<schema.org/Organization>",
            "isa:<schema.org/PostalAddress>",
            "isa:<schema.org/Store>",
            "isa:<schema.org/WebPage>",
            "isa:<schema.org/WebSite>"
        ],
        "count": 1.0
    },
    {
        "pset": [
            "<schema.org/closes>",
            "<schema.org/dayOfWeek>",
            "<schema.org/name>",
            "isa:<schema.org/OpeningHoursSpecification>"
        ],
        "count": 1.0
    },
    {
        "pset": [
            "<schema.org/closes>",
            "<schema.org/dayOfWeek>",
            "<schema.org/description>",
            "<schema.org/image>",
            "<schema.org/name>",
            "<schema.org/opens>",
            "<schema.org/potentialAction>",
            "<schema.org/sameAs>",
            "<schema.org/url>",
            "isa:<schema.org/OpeningHoursSpecification>"
        ],
        "count": 1.0
    },
    {
        "pset": [
            "<schema.org/closes>",
            "<schema.org/dayOfWeek>",
            "<schema.org/latitude>",
            "<schema.org/longitude>",
            "<schema.org/name>",
            "<schema.org/opens>",
            "isa:<schema.org/GeoCoordinates>",
            "isa:<schema.org/OpeningHoursSpecification>"
        ],
        "count": 1.0
    },
    {
        "pset": [
            "<schema.org/address>",
            "<schema.org/addressCountry>",
            "<schema.org/addressLocality>",
            "<schema.org/alternateName>",
            "<schema.org/availableLanguage>",
            "<schema.org/closes>",
            "<schema.org/contactPoint>",
            "<schema.org/currenciesAccepted>",
            "<schema.org/dayOfWeek>",
            "<schema.org/email>",
            "<schema.org/faxNumber>",
            "<schema.org/headline>",
            "<schema.org/image>",
            "<schema.org/inLanguage>",
            "<schema.org/itemListElement>",
            "<schema.org/logo>",
            "<schema.org/name>",
            "<schema.org/numberOfItems>",
            "<schema.org/openingHoursSpecification>",
            "<schema.org/opens>",
            "<schema.org/postalCode>",
            "<schema.org/potentialAction>",
            "<schema.org/priceRange>",
            "<schema.org/sameAs>",
            "<schema.org/streetAddress>",
            "<schema.org/telephone>",
            "<schema.org/url>",
            "<schema.org/vatID>",
            "isa:<schema.org/BreadcrumbList>",
            "isa:<schema.org/Language>",
            "isa:<schema.org/OpeningHoursSpecification>",
            "isa:<schema.org/Organization>",
            "isa:<schema.org/PostalAddress>",
            "isa:<schema.org/Store>",
            "isa:<schema.org/WebPage>",
            "isa:<schema.org/WebSite>"
        ],
        "count": 1.0
    },
    {
        "pset": [
            "<schema.org/about>",
            "<schema.org/availableLanguage>",
            "<schema.org/closes>",
            "<schema.org/contactType>",
            "<schema.org/dayOfWeek>",
            "<schema.org/description>",
            "<schema.org/email>",
            "<schema.org/hoursAvailable>",
            "<schema.org/image>",
            "<schema.org/name>",
            "<schema.org/opens>",
            "<schema.org/publisher>",
            "<schema.org/telephone>",
            "<schema.org/url>",
            "isa:<schema.org/ContactPage>",
            "isa:<schema.org/ContactPoint>",
            "isa:<schema.org/OpeningHoursSpecification>"
        ],
        "count": 1.0
    },
    {
        "pset": [
            "<schema.org/additionalType>",
            "<schema.org/address>",
            "<schema.org/addressCountry>",
            "<schema.org/areaServed>",
            "<schema.org/availableLanguage>",
            "<schema.org/closes>",
            "<schema.org/contactPoint>",
            "<schema.org/contactType>",
            "<schema.org/currenciesAccepted>",
            "<schema.org/dayOfWeek>",
            "<schema.org/description>",
            "<schema.org/email>",
            "<schema.org/founder>",
            "<schema.org/foundingLocation>",
            "<schema.org/geo>",
            "<schema.org/hasMap>",
            "<schema.org/hoursAvailable>",
            "<schema.org/image>",
            "<schema.org/latitude>",
            "<schema.org/logo>",
            "<schema.org/longitude>",
            "<schema.org/name>",
            "<schema.org/openingHours>",
            "<schema.org/opens>",
            "<schema.org/paymentAccepted>",
            "<schema.org/photo>",
            "<schema.org/priceRange>",
            "<schema.org/sameAs>",
            "<schema.org/smokingAllowed>",
            "<schema.org/telephone>",
            "<schema.org/url>",
            "isa:<schema.org/ContactPoint>",
            "isa:<schema.org/GeoCoordinates>",
            "isa:<schema.org/OpeningHoursSpecification>",
            "isa:<schema.org/ProfessionalService>"
        ],
        "count": 1.0
    },
    {
        "pset": [
            "<schema.org/address>",
            "<schema.org/addressCountry>",
            "<schema.org/addressLocality>",
            "<schema.org/alternateName>",
            "<schema.org/availableLanguage>",
            "<schema.org/closes>",
            "<schema.org/contactPoint>",
            "<schema.org/dayOfWeek>",
            "<schema.org/email>",
            "<schema.org/faxNumber>",
            "<schema.org/headline>",
            "<schema.org/image>",
            "<schema.org/inLanguage>",
            "<schema.org/itemListElement>",
            "<schema.org/logo>",
            "<schema.org/name>",
            "<schema.org/numberOfItems>",
            "<schema.org/openingHoursSpecification>",
            "<schema.org/opens>",
            "<schema.org/postalCode>",
            "<schema.org/potentialAction>",
            "<schema.org/priceRange>",
            "<schema.org/streetAddress>",
            "<schema.org/telephone>",
            "<schema.org/url>",
            "isa:<schema.org/BreadcrumbList>",
            "isa:<schema.org/Language>",
            "isa:<schema.org/OpeningHoursSpecification>",
            "isa:<schema.org/Organization>",
            "isa:<schema.org/PostalAddress>",
            "isa:<schema.org/Store>",
            "isa:<schema.org/WebSite>"
        ],
        "count": 1.0
    },
    {
        "pset": [
            "<schema.org/address>",
            "<schema.org/addressCountry>",
            "<schema.org/addressLocality>",
            "<schema.org/alternateName>",
            "<schema.org/availableLanguage>",
            "<schema.org/closes>",
            "<schema.org/dayOfWeek>",
            "<schema.org/email>",
            "<schema.org/faxNumber>",
            "<schema.org/geo>",
            "<schema.org/headline>",
            "<schema.org/image>",
            "<schema.org/inLanguage>",
            "<schema.org/itemListElement>",
            "<schema.org/latitude>",
            "<schema.org/longitude>",
            "<schema.org/name>",
            "<schema.org/numberOfItems>",
            "<schema.org/openingHoursSpecification>",
            "<schema.org/opens>",
            "<schema.org/postalCode>",
            "<schema.org/priceRange>",
            "<schema.org/streetAddress>",
            "<schema.org/telephone>",
            "<schema.org/url>",
            "<schema.org/vatID>",
            "isa:<schema.org/BreadcrumbList>",
            "isa:<schema.org/GeoCoordinates>",
            "isa:<schema.org/Language>",
            "isa:<schema.org/OpeningHoursSpecification>",
            "isa:<schema.org/Organization>",
            "isa:<schema.org/PostalAddress>",
            "isa:<schema.org/Store>",
            "isa:<schema.org/WebSite>"
        ],
        "count": 1.0
    },
    {
        "pset": [
            "<schema.org/DayOfWeek>",
            "<schema.org/\\u0437\\u0430\\u043A\\u0440\\u044B\\u0432\\u0430\\u0435\\u0442\\u0441\\u044F>",
            "<schema.org/opens>",
            "isa:<schema.org/OpeningHoursSpecification>"
        ],
        "count": 1.0
    },
    {
        "pset": [
            "<schema.org/closes>",
            "<schema.org/dayOfWeek>",
            "<schema.org/description>",
            "<schema.org/mainEntityOfPage>",
            "<schema.org/name>",
            "<schema.org/opens>",
            "<schema.org/validFrom>",
            "<schema.org/validThrough>",
            "isa:<schema.org/OpeningHoursSpecification>"
        ],
        "count": 1.0
    },
    {
        "pset": [
            "<schema.org/alternateName>",
            "<schema.org/closes>",
            "<schema.org/dayOfWeek>",
            "<schema.org/description>",
            "<schema.org/image>",
            "<schema.org/name>",
            "<schema.org/opens>",
            "isa:<schema.org/OpeningHoursSpecification>"
        ],
        "count": 1.0
    },
    {
        "pset": [
            "<schema.org/closes>",
            "<schema.org/name>",
            "isa:<schema.org/OpeningHoursSpecification>"
        ],
        "count": 1.0
    },
    {
        "pset": [
            "<schema.org/address>",
            "<schema.org/alumniOf>",
            "<schema.org/areaServed>",
            "<schema.org/brand>",
            "<schema.org/closes>",
            "<schema.org/contactPoint>",
            "<schema.org/dayOfWeek>",
            "<schema.org/description>",
            "<schema.org/email>",
            "<schema.org/employee>",
            "<schema.org/faxNumber>",
            "<schema.org/founder>",
            "<schema.org/gender>",
            "<schema.org/geo>",
            "<schema.org/image>",
            "<schema.org/jobTitle>",
            "<schema.org/latitude>",
            "<schema.org/logo>",
            "<schema.org/longitude>",
            "<schema.org/naics>",
            "<schema.org/name>",
            "<schema.org/openingHoursSpecification>",
            "<schema.org/opens>",
            "<schema.org/paymentAccepted>",
            "<schema.org/sameAs>",
            "<schema.org/telephone>",
            "<schema.org/url>",
            "isa:<schema.org/GeoCoordinates>",
            "isa:<schema.org/LegalService>",
            "isa:<schema.org/LocalBusiness>",
            "isa:<schema.org/OpeningHoursSpecification>",
            "isa:<schema.org/Person>",
            "isa:<schema.org/State>"
        ],
        "count": 1.0
    },
    {
        "pset": [
            "<schema.org/closes>",
            "<schema.org/dayOfWeek>",
            "<schema.org/name>",
            "<schema.org/opens>",
            "<schema.org/url>",
            "<schema.org/validFrom>",
            "isa:<schema.org/OpeningHoursSpecification>"
        ],
        "count": 1.0
    },
    {
        "pset": [
            "<schema.org/areaServed>",
            "<schema.org/availableLanguage>",
            "<schema.org/closes>",
            "<schema.org/contactOption>",
            "<schema.org/contactType>",
            "<schema.org/dayOfWeek>",
            "<schema.org/email>",
            "<schema.org/hoursAvailable>",
            "<schema.org/name>",
            "<schema.org/opens>",
            "<schema.org/telephone>",
            "isa:<schema.org/OpeningHoursSpecification>"
        ],
        "count": 1.0
    },
    {
        "pset": [
            "<schema.org/closes>",
            "<schema.org/dayOfWeek>",
            "<schema.org/name>",
            "<schema.org/opens>",
            "<schema.org/validFrom>",
            "<schema.org/validThrough>",
            "isa:<schema.org/DayOfWeek>",
            "isa:<schema.org/OpeningHoursSpecification>"
        ],
        "count": 1.0
    },
    {
        "pset": [
            "<schema.org/closes>",
            "<schema.org/dayOfWeek>",
            "<schema.org/description>",
            "<schema.org/name>",
            "<schema.org/opens>",
            "<schema.org/validFrom>",
            "isa:<schema.org/OpeningHoursSpecification>"
        ],
        "count": 1.0
    },
    {
        "pset": [
            "<schema.org/url>",
            "isa:<schema.org/OpeningHoursSpecification>"
        ],
        "count": 1.0
    },
    {
        "pset": [
            "<schema.org/address>",
            "<schema.org/addressCountry>",
            "<schema.org/addressLocality>",
            "<schema.org/alternateName>",
            "<schema.org/availableLanguage>",
            "<schema.org/closes>",
            "<schema.org/dayOfWeek>",
            "<schema.org/email>",
            "<schema.org/faxNumber>",
            "<schema.org/headline>",
            "<schema.org/image>",
            "<schema.org/inLanguage>",
            "<schema.org/itemListElement>",
            "<schema.org/name>",
            "<schema.org/numberOfItems>",
            "<schema.org/openingHoursSpecification>",
            "<schema.org/opens>",
            "<schema.org/postalCode>",
            "<schema.org/potentialAction>",
            "<schema.org/streetAddress>",
            "<schema.org/telephone>",
            "<schema.org/url>",
            "isa:<schema.org/BreadcrumbList>",
            "isa:<schema.org/Language>",
            "isa:<schema.org/OpeningHoursSpecification>",
            "isa:<schema.org/PostalAddress>",
            "isa:<schema.org/Store>",
            "isa:<schema.org/WebPage>",
            "isa:<schema.org/WebSite>"
        ],
        "count": 1.0
    },
    {
        "pset": [
            "<schema.org/aggregateRating>",
            "<schema.org/alternateName>",
            "<schema.org/closes>",
            "<schema.org/dayOfWeek>",
            "<schema.org/description>",
            "<schema.org/email>",
            "<schema.org/foundingDate>",
            "<schema.org/geo>",
            "<schema.org/image>",
            "<schema.org/name>",
            "<schema.org/openingHoursSpecification>",
            "<schema.org/opens>",
            "<schema.org/url>",
            "isa:<schema.org/LocalBusiness>",
            "isa:<schema.org/OpeningHoursSpecification>"
        ],
        "count": 1.0
    },
    {
        "pset": [
            "<schema.org/additionalType>",
            "<schema.org/closes>",
            "<schema.org/dayOfWeek>",
            "<schema.org/image>",
            "<schema.org/name>",
            "<schema.org/opens>",
            "<schema.org/url>",
            "isa:<schema.org/OpeningHoursSpecification>"
        ],
        "count": 1.0
    },
    {
        "pset": [
            "<schema.org/dayOfWeek>",
            "<schema.org/description>",
            "<schema.org/opens>",
            "isa:<schema.org/OpeningHoursSpecification>"
        ],
        "count": 1.0
    },
    {
        "pset": [
            "<schema.org/address>",
            "<schema.org/addressCountry>",
            "<schema.org/addressLocality>",
            "<schema.org/alternateName>",
            "<schema.org/availableLanguage>",
            "<schema.org/closes>",
            "<schema.org/contactPoint>",
            "<schema.org/currenciesAccepted>",
            "<schema.org/dayOfWeek>",
            "<schema.org/email>",
            "<schema.org/faxNumber>",
            "<schema.org/geo>",
            "<schema.org/headline>",
            "<schema.org/image>",
            "<schema.org/inLanguage>",
            "<schema.org/itemListElement>",
            "<schema.org/latitude>",
            "<schema.org/logo>",
            "<schema.org/longitude>",
            "<schema.org/name>",
            "<schema.org/numberOfItems>",
            "<schema.org/openingHoursSpecification>",
            "<schema.org/opens>",
            "<schema.org/postalCode>",
            "<schema.org/priceRange>",
            "<schema.org/sameAs>",
            "<schema.org/streetAddress>",
            "<schema.org/telephone>",
            "<schema.org/url>",
            "<schema.org/vatID>",
            "isa:<schema.org/BreadcrumbList>",
            "isa:<schema.org/GeoCoordinates>",
            "isa:<schema.org/Language>",
            "isa:<schema.org/OpeningHoursSpecification>",
            "isa:<schema.org/Organization>",
            "isa:<schema.org/PostalAddress>",
            "isa:<schema.org/Store>",
            "isa:<schema.org/WebSite>"
        ],
        "count": 1.0
    },
    {
        "pset": [
            "<schema.org/address>",
            "<schema.org/addressCountry>",
            "<schema.org/addressLocality>",
            "<schema.org/alternateName>",
            "<schema.org/availableLanguage>",
            "<schema.org/closes>",
            "<schema.org/dayOfWeek>",
            "<schema.org/email>",
            "<schema.org/faxNumber>",
            "<schema.org/headline>",
            "<schema.org/image>",
            "<schema.org/inLanguage>",
            "<schema.org/itemListElement>",
            "<schema.org/name>",
            "<schema.org/numberOfItems>",
            "<schema.org/openingHoursSpecification>",
            "<schema.org/opens>",
            "<schema.org/postalCode>",
            "<schema.org/priceRange>",
            "<schema.org/streetAddress>",
            "<schema.org/telephone>",
            "<schema.org/url>",
            "isa:<schema.org/BreadcrumbList>",
            "isa:<schema.org/Language>",
            "isa:<schema.org/OpeningHoursSpecification>",
            "isa:<schema.org/Organization>",
            "isa:<schema.org/PostalAddress>",
            "isa:<schema.org/Store>",
            "isa:<schema.org/WebPage>",
            "isa:<schema.org/WebSite>"
        ],
        "count": 1.0
    },
    {
        "pset": [
            "<schema.org/>",
            "<schema.org/closes>",
            "<schema.org/dayOfWeek>",
            "<schema.org/opens>",
            "isa:<schema.org/OpeningHoursSpecification>"
        ],
        "count": 1.0
    },
    {
        "pset": [
            "<schema.org/closes>",
            "<schema.org/dayOfWeek>",
            "<schema.org/endTime>",
            "<schema.org/opens>",
            "<schema.org/startTime>",
            "isa:<schema.org/OpeningHoursSpecification>"
        ],
        "count": 1.0
    },
    {
        "pset": [
            "<schema.org/closes>",
            "<schema.org/dayOfWeek>",
            "<schema.org/description>",
            "<schema.org/name>",
            "<schema.org/opens>",
            "<schema.org/validFrom>",
            "<schema.org/validThrough>",
            "isa:<schema.org/OpeningHoursSpecification>"
        ],
        "count": 1.0
    },
    {
        "pset": [
            "<schema.org/areaServed>",
            "<schema.org/availableLanguage>",
            "<schema.org/closes>",
            "<schema.org/contactOption>",
            "<schema.org/contactType>",
            "<schema.org/dayOfWeek>",
            "<schema.org/image>",
            "<schema.org/name>",
            "<schema.org/opens>",
            "<schema.org/telephone>",
            "<schema.org/url>",
            "isa:<schema.org/ContactPoint>",
            "isa:<schema.org/OpeningHoursSpecification>"
        ],
        "count": 1.0
    },
    {
        "pset": [
            "<schema.org/areaServed>",
            "<schema.org/closes>",
            "<schema.org/contactType>",
            "<schema.org/dayOfWeek>",
            "<schema.org/description>",
            "<schema.org/email>",
            "<schema.org/hoursAvailable>",
            "<schema.org/image>",
            "<schema.org/name>",
            "<schema.org/opens>",
            "<schema.org/url>",
            "isa:<schema.org/ContactPoint>",
            "isa:<schema.org/OpeningHoursSpecification>"
        ],
        "count": 1.0
    },
    {
        "pset": [
            "<schema.org/address>",
            "<schema.org/addressCountry>",
            "<schema.org/areaServed>",
            "<schema.org/availableLanguage>",
            "<schema.org/closes>",
            "<schema.org/contactType>",
            "<schema.org/dayOfWeek>",
            "<schema.org/hoursAvailable>",
            "<schema.org/latitude>",
            "<schema.org/longitude>",
            "<schema.org/name>",
            "<schema.org/opens>",
            "<schema.org/telephone>",
            "<schema.org/url>",
            "isa:<schema.org/ContactPoint>",
            "isa:<schema.org/GeoCoordinates>",
            "isa:<schema.org/OpeningHoursSpecification>"
        ],
        "count": 1.0
    },
    {
        "pset": [
            "<schema.org/name>",
            "<schema.org/opens>",
            "isa:<schema.org/OpeningHoursSpecification>"
        ],
        "count": 1.0
    },
    {
        "pset": [
            "<schema.org/closes>",
            "<schema.org/dayOfweek>",
            "<schema.org/opens>",
            "isa:<schema.org/OpeningHoursSpecification>"
        ],
        "count": 1.0
    },
    {
        "pset": [
            "<schema.org/areaServed>",
            "<schema.org/availableLanguage>",
            "<schema.org/closes>",
            "<schema.org/contactOption>",
            "<schema.org/contactType>",
            "<schema.org/dayOfWeek>",
            "<schema.org/email>",
            "<schema.org/image>",
            "<schema.org/name>",
            "<schema.org/opens>",
            "<schema.org/telephone>",
            "<schema.org/url>",
            "isa:<schema.org/ContactPoint>",
            "isa:<schema.org/OpeningHoursSpecification>"
        ],
        "count": 1.0
    },
    {
        "pset": [
            "<schema.org/closes>",
            "<schema.org/dayOfWeek>",
            "<schema.org/image>",
            "<schema.org/name>",
            "<schema.org/opens>",
            "<schema.org/telephone>",
            "<schema.org/url>",
            "isa:<schema.org/OpeningHoursSpecification>"
        ],
        "count": 1.0
    },
    {
        "pset": [
            "<schema.org/address>",
            "<schema.org/addressCountry>",
            "<schema.org/addressLocality>",
            "<schema.org/alternateName>",
            "<schema.org/availableLanguage>",
            "<schema.org/closes>",
            "<schema.org/dayOfWeek>",
            "<schema.org/email>",
            "<schema.org/faxNumber>",
            "<schema.org/geo>",
            "<schema.org/headline>",
            "<schema.org/image>",
            "<schema.org/inLanguage>",
            "<schema.org/itemListElement>",
            "<schema.org/latitude>",
            "<schema.org/longitude>",
            "<schema.org/name>",
            "<schema.org/numberOfItems>",
            "<schema.org/openingHoursSpecification>",
            "<schema.org/opens>",
            "<schema.org/postalCode>",
            "<schema.org/priceRange>",
            "<schema.org/streetAddress>",
            "<schema.org/telephone>",
            "<schema.org/url>",
            "isa:<schema.org/BreadcrumbList>",
            "isa:<schema.org/GeoCoordinates>",
            "isa:<schema.org/Language>",
            "isa:<schema.org/OpeningHoursSpecification>",
            "isa:<schema.org/Organization>",
            "isa:<schema.org/PostalAddress>",
            "isa:<schema.org/Store>",
            "isa:<schema.org/WebPage>",
            "isa:<schema.org/WebSite>"
        ],
        "count": 1.0
    },
    {
        "pset": [
            "<schema.org/address>",
            "<schema.org/addressCountry>",
            "<schema.org/areaServed>",
            "<schema.org/availableLanguage>",
            "<schema.org/closes>",
            "<schema.org/contactType>",
            "<schema.org/dayOfWeek>",
            "<schema.org/description>",
            "<schema.org/hoursAvailable>",
            "<schema.org/latitude>",
            "<schema.org/longitude>",
            "<schema.org/name>",
            "<schema.org/opens>",
            "<schema.org/telephone>",
            "<schema.org/url>",
            "isa:<schema.org/ContactPoint>",
            "isa:<schema.org/GeoCoordinates>",
            "isa:<schema.org/OpeningHoursSpecification>"
        ],
        "count": 1.0
    },
    {
        "pset": [
            "<schema.org/name>",
            "<schema.org/opens>",
            "<schema.org/url>",
            "isa:<schema.org/OpeningHoursSpecification>"
        ],
        "count": 1.0
    },
    {
        "pset": [
            "<schema.org/address>",
            "<schema.org/addressCountry>",
            "<schema.org/addressLocality>",
            "<schema.org/alternateName>",
            "<schema.org/availableLanguage>",
            "<schema.org/closes>",
            "<schema.org/contactPoint>",
            "<schema.org/dayOfWeek>",
            "<schema.org/email>",
            "<schema.org/faxNumber>",
            "<schema.org/headline>",
            "<schema.org/image>",
            "<schema.org/inLanguage>",
            "<schema.org/itemListElement>",
            "<schema.org/logo>",
            "<schema.org/name>",
            "<schema.org/numberOfItems>",
            "<schema.org/openingHoursSpecification>",
            "<schema.org/opens>",
            "<schema.org/postalCode>",
            "<schema.org/priceRange>",
            "<schema.org/sameAs>",
            "<schema.org/streetAddress>",
            "<schema.org/telephone>",
            "<schema.org/url>",
            "isa:<schema.org/BreadcrumbList>",
            "isa:<schema.org/Language>",
            "isa:<schema.org/OpeningHoursSpecification>",
            "isa:<schema.org/Organization>",
            "isa:<schema.org/PostalAddress>",
            "isa:<schema.org/Store>",
            "isa:<schema.org/WebSite>"
        ],
        "count": 1.0
    },
    {
        "pset": [
            "<schema.org/closes>",
            "<schema.org/dayOfWeek>",
            "<schema.org/description>",
            "<schema.org/disambiguatingDescription>",
            "<schema.org/name>",
            "<schema.org/opens>",
            "isa:<schema.org/OpeningHoursSpecification>"
        ],
        "count": 1.0
    },
    {
        "pset": [
            "<schema.org/alternateName>",
            "<schema.org/closes>",
            "<schema.org/dayOfWeek>",
            "<schema.org/description>",
            "<schema.org/name>",
            "<schema.org/opens>",
            "isa:<schema.org/OpeningHoursSpecification>"
        ],
        "count": 1.0
    },
    {
        "pset": [
            "<schema.org/address>",
            "<schema.org/addressCountry>",
            "<schema.org/addressLocality>",
            "<schema.org/alternateName>",
            "<schema.org/availableLanguage>",
            "<schema.org/closes>",
            "<schema.org/contactPoint>",
            "<schema.org/dayOfWeek>",
            "<schema.org/email>",
            "<schema.org/faxNumber>",
            "<schema.org/headline>",
            "<schema.org/image>",
            "<schema.org/inLanguage>",
            "<schema.org/itemListElement>",
            "<schema.org/logo>",
            "<schema.org/name>",
            "<schema.org/numberOfItems>",
            "<schema.org/openingHoursSpecification>",
            "<schema.org/opens>",
            "<schema.org/postalCode>",
            "<schema.org/potentialAction>",
            "<schema.org/priceRange>",
            "<schema.org/sameAs>",
            "<schema.org/streetAddress>",
            "<schema.org/telephone>",
            "<schema.org/url>",
            "isa:<schema.org/BreadcrumbList>",
            "isa:<schema.org/Language>",
            "isa:<schema.org/OpeningHoursSpecification>",
            "isa:<schema.org/Organization>",
            "isa:<schema.org/PostalAddress>",
            "isa:<schema.org/Store>",
            "isa:<schema.org/WebPage>",
            "isa:<schema.org/WebSite>"
        ],
        "count": 1.0
    },
    {
        "pset": [
            "<schema.org/alternateName>",
            "<schema.org/closes>",
            "<schema.org/dayOfWeek>",
            "<schema.org/description>",
            "<schema.org/name>",
            "<schema.org/opens>",
            "<schema.org/url>",
            "isa:<schema.org/OpeningHoursSpecification>"
        ],
        "count": 1.0
    },
    {
        "pset": [
            "<schema.org/addressCountry>",
            "<schema.org/areaServed>",
            "<schema.org/availableLanguage>",
            "<schema.org/closes>",
            "<schema.org/contactType>",
            "<schema.org/dayOfWeek>",
            "<schema.org/email>",
            "<schema.org/latitude>",
            "<schema.org/longitude>",
            "<schema.org/name>",
            "<schema.org/opens>",
            "<schema.org/telephone>",
            "<schema.org/url>",
            "isa:<schema.org/ContactPoint>",
            "isa:<schema.org/GeoCoordinates>",
            "isa:<schema.org/OpeningHoursSpecification>"
        ],
        "count": 1.0
    },
    {
        "pset": [
            "<schema.org/areaServed>",
            "<schema.org/availableLanguage>",
            "<schema.org/closes>",
            "<schema.org/contactType>",
            "<schema.org/dayOfWeek>",
            "<schema.org/hoursAvailable>",
            "<schema.org/name>",
            "<schema.org/opens>",
            "<schema.org/telephone>",
            "<schema.org/url>",
            "isa:<schema.org/ContactPoint>",
            "isa:<schema.org/OpeningHoursSpecification>"
        ],
        "count": 1.0
    },
    {
        "pset": [
            "<schema.org/alternateName>",
            "<schema.org/closes>",
            "<schema.org/dayOfWeek>",
            "<schema.org/image>",
            "<schema.org/name>",
            "<schema.org/opens>",
            "<schema.org/url>",
            "isa:<schema.org/OpeningHoursSpecification>"
        ],
        "count": 1.0
    }
]