[
    {
        "pset": [
            "<schema.org/address>",
            "<schema.org/contactPoint>",
            "<schema.org/description>",
            "<schema.org/geo>",
            "<schema.org/image>",
            "<schema.org/logo>",
            "<schema.org/name>",
            "<schema.org/openingHours>",
            "<schema.org/url>",
            "isa:<schema.org/OutletStore>"
        ],
        "count": 1672.0
    },
    {
        "pset": [
            "<schema.org/address>",
            "<schema.org/contactPoint>",
            "<schema.org/currenciesAccepted>",
            "<schema.org/description>",
            "<schema.org/foundingDate>",
            "<schema.org/image>",
            "<schema.org/logo>",
            "<schema.org/name>",
            "<schema.org/openingHours>",
            "<schema.org/openingHoursSpecification>",
            "<schema.org/paymentAccepted>",
            "<schema.org/potentialAction>",
            "<schema.org/priceRange>",
            "<schema.org/telephone>",
            "<schema.org/url>",
            "isa:<schema.org/OutletStore>"
        ],
        "count": 1299.0
    },
    {
        "pset": [
            "<schema.org/address>",
            "<schema.org/image>",
            "<schema.org/name>",
            "<schema.org/openingHoursSpecification>",
            "<schema.org/telephone>",
            "<schema.org/url>",
            "isa:<schema.org/OutletStore>"
        ],
        "count": 890.0
    },
    {
        "pset": [
            "<schema.org/address>",
            "<schema.org/contactPoint>",
            "<schema.org/email>",
            "<schema.org/image>",
            "<schema.org/location>",
            "<schema.org/name>",
            "<schema.org/openingHoursSpecification>",
            "<schema.org/potentialAction>",
            "<schema.org/priceRange>",
            "<schema.org/sameAs>",
            "<schema.org/telephone>",
            "<schema.org/url>",
            "isa:<schema.org/OutletStore>"
        ],
        "count": 872.0
    },
    {
        "pset": [
            "<schema.org/address>",
            "<schema.org/description>",
            "<schema.org/email>",
            "<schema.org/image>",
            "<schema.org/name>",
            "<schema.org/priceRange>",
            "<schema.org/sameAs>",
            "<schema.org/telephone>",
            "<schema.org/url>",
            "isa:<schema.org/OutletStore>"
        ],
        "count": 544.0
    },
    {
        "pset": [
            "<schema.org/address>",
            "<schema.org/geo>",
            "<schema.org/hasMap>",
            "<schema.org/image>",
            "<schema.org/name>",
            "<schema.org/openingHoursSpecification>",
            "<schema.org/priceRange>",
            "<schema.org/telephone>",
            "isa:<schema.org/OutletStore>"
        ],
        "count": 290.0
    },
    {
        "pset": [
            "<schema.org/address>",
            "<schema.org/email>",
            "<schema.org/faxNumber>",
            "<schema.org/geo>",
            "<schema.org/image>",
            "<schema.org/name>",
            "<schema.org/openingHours>",
            "<schema.org/paymentAccepted>",
            "<schema.org/priceRange>",
            "<schema.org/telePhone>",
            "<schema.org/url>",
            "isa:<schema.org/OutletStore>"
        ],
        "count": 241.0
    },
    {
        "pset": [
            "<schema.org/address>",
            "<schema.org/email>",
            "<schema.org/geo>",
            "<schema.org/image>",
            "<schema.org/logo>",
            "<schema.org/name>",
            "<schema.org/openingHours>",
            "<schema.org/sameAs>",
            "<schema.org/telePhone>",
            "<schema.org/url>",
            "isa:<schema.org/OutletStore>"
        ],
        "count": 235.0
    },
    {
        "pset": [
            "<schema.org/address>",
            "<schema.org/aggregateRating>",
            "<schema.org/contactPoint>",
            "<schema.org/description>",
            "<schema.org/email>",
            "<schema.org/image>",
            "<schema.org/logo>",
            "<schema.org/name>",
            "<schema.org/pricerange>",
            "<schema.org/telephone>",
            "<schema.org/url>",
            "isa:<schema.org/OutletStore>"
        ],
        "count": 211.0
    },
    {
        "pset": [
            "<schema.org/address>",
            "<schema.org/alternateName>",
            "<schema.org/email>",
            "<schema.org/geo>",
            "<schema.org/image>",
            "<schema.org/name>",
            "<schema.org/openingHours>",
            "<schema.org/paymentAccepted>",
            "<schema.org/priceRange>",
            "<schema.org/sameAs>",
            "<schema.org/telePhone>",
            "<schema.org/url>",
            "isa:<schema.org/OutletStore>"
        ],
        "count": 184.0
    },
    {
        "pset": [
            "<schema.org/address>",
            "<schema.org/geo>",
            "<schema.org/image>",
            "<schema.org/name>",
            "<schema.org/openingHoursSpecification>",
            "<schema.org/priceRange>",
            "<schema.org/sameAs>",
            "<schema.org/telephone>",
            "<schema.org/url>",
            "isa:<schema.org/OutletStore>"
        ],
        "count": 144.0
    },
    {
        "pset": [
            "<schema.org/contactPoint>",
            "<schema.org/email>",
            "<schema.org/image>",
            "<schema.org/logo>",
            "<schema.org/name>",
            "<schema.org/potentialAction>",
            "<schema.org/priceRange>",
            "<schema.org/sameAs>",
            "<schema.org/telephone>",
            "<schema.org/url>",
            "isa:<schema.org/OutletStore>"
        ],
        "count": 136.0
    },
    {
        "pset": [
            "<schema.org/address>",
            "<schema.org/description>",
            "<schema.org/image>",
            "<schema.org/logo>",
            "<schema.org/name>",
            "<schema.org/sameAs>",
            "<schema.org/telephone>",
            "<schema.org/url>",
            "isa:<schema.org/OutletStore>"
        ],
        "count": 136.0
    },
    {
        "pset": [
            "<schema.org/address>",
            "<schema.org/contactPoint>",
            "<schema.org/description>",
            "<schema.org/image>",
            "<schema.org/name>",
            "<schema.org/priceRange>",
            "<schema.org/telephone>",
            "<schema.org/url>",
            "isa:<schema.org/OutletStore>"
        ],
        "count": 117.0
    },
    {
        "pset": [
            "<schema.org/address>",
            "<schema.org/email>",
            "<schema.org/image>",
            "<schema.org/name>",
            "<schema.org/priceRange>",
            "<schema.org/sameAs>",
            "<schema.org/telephone>",
            "<schema.org/url>",
            "isa:<schema.org/OutletStore>"
        ],
        "count": 103.0
    },
    {
        "pset": [
            "<schema.org/address>",
            "<schema.org/geo>",
            "<schema.org/image>",
            "<schema.org/name>",
            "<schema.org/openingHoursSpecification>",
            "<schema.org/sameAs>",
            "<schema.org/telephone>",
            "<schema.org/url>",
            "isa:<schema.org/OutletStore>"
        ],
        "count": 94.0
    },
    {
        "pset": [
            "<schema.org/address>",
            "<schema.org/contactPoint>",
            "<schema.org/email>",
            "<schema.org/image>",
            "<schema.org/location>",
            "<schema.org/logo>",
            "<schema.org/name>",
            "<schema.org/openingHoursSpecification>",
            "<schema.org/potentialAction>",
            "<schema.org/priceRange>",
            "<schema.org/sameAs>",
            "<schema.org/telephone>",
            "<schema.org/url>",
            "isa:<schema.org/OutletStore>"
        ],
        "count": 92.0
    },
    {
        "pset": [
            "<schema.org/contactPoint>",
            "<schema.org/email>",
            "<schema.org/image>",
            "<schema.org/name>",
            "<schema.org/openingHoursSpecification>",
            "<schema.org/potentialAction>",
            "<schema.org/priceRange>",
            "<schema.org/sameAs>",
            "<schema.org/telephone>",
            "<schema.org/url>",
            "isa:<schema.org/OutletStore>"
        ],
        "count": 82.0
    },
    {
        "pset": [
            "<schema.org/contactPoint>",
            "<schema.org/description>",
            "<schema.org/image>",
            "<schema.org/name>",
            "<schema.org/openingHours>",
            "<schema.org/priceRange>",
            "<schema.org/telephone>",
            "<schema.org/url>",
            "isa:<schema.org/OutletStore>"
        ],
        "count": 67.0
    },
    {
        "pset": [
            "<schema.org/address>",
            "<schema.org/contactPoint>",
            "<schema.org/description>",
            "<schema.org/geo>",
            "<schema.org/image>",
            "<schema.org/name>",
            "<schema.org/openingHours>",
            "<schema.org/priceRange>",
            "<schema.org/telephone>",
            "<schema.org/url>",
            "isa:<schema.org/OutletStore>"
        ],
        "count": 59.0
    },
    {
        "pset": [
            "<schema.org/Description>",
            "<schema.org/address>",
            "<schema.org/aggregateRating>",
            "<schema.org/email>",
            "<schema.org/geo>",
            "<schema.org/hasMap>",
            "<schema.org/image>",
            "<schema.org/name>",
            "<schema.org/openingHours>",
            "<schema.org/priceRange>",
            "<schema.org/sameAs>",
            "<schema.org/telephone>",
            "<schema.org/url>",
            "isa:<schema.org/OutletStore>"
        ],
        "count": 40.0
    },
    {
        "pset": [
            "<schema.org/address>",
            "<schema.org/contactPoint>",
            "<schema.org/image>",
            "<schema.org/location>",
            "<schema.org/logo>",
            "<schema.org/name>",
            "<schema.org/openingHoursSpecification>",
            "<schema.org/potentialAction>",
            "<schema.org/priceRange>",
            "<schema.org/sameAs>",
            "<schema.org/telephone>",
            "<schema.org/url>",
            "isa:<schema.org/OutletStore>"
        ],
        "count": 38.0
    },
    {
        "pset": [
            "<schema.org/address>",
            "<schema.org/description>",
            "<schema.org/email>",
            "<schema.org/image>",
            "<schema.org/name>",
            "<schema.org/sameAs>",
            "<schema.org/telephone>",
            "<schema.org/url>",
            "isa:<schema.org/OutletStore>"
        ],
        "count": 36.0
    },
    {
        "pset": [
            "<schema.org/address>",
            "<schema.org/contactPoint>",
            "<schema.org/email>",
            "<schema.org/geo>",
            "<schema.org/image>",
            "<schema.org/logo>",
            "<schema.org/name>",
            "<schema.org/openingHours>",
            "<schema.org/priceRange>",
            "<schema.org/sameAs>",
            "<schema.org/telePhone>",
            "<schema.org/url>",
            "isa:<schema.org/OutletStore>"
        ],
        "count": 29.0
    },
    {
        "pset": [
            "<schema.org/address>",
            "<schema.org/contactPoint>",
            "<schema.org/description>",
            "<schema.org/geo>",
            "<schema.org/hasMap>",
            "<schema.org/image>",
            "<schema.org/logo>",
            "<schema.org/name>",
            "<schema.org/openingHours>",
            "<schema.org/sameAs>",
            "<schema.org/url>",
            "isa:<schema.org/OutletStore>"
        ],
        "count": 26.0
    },
    {
        "pset": [
            "<schema.org/address>",
            "<schema.org/description>",
            "<schema.org/geo>",
            "<schema.org/image>",
            "<schema.org/name>",
            "<schema.org/telephone>",
            "<schema.org/url>",
            "isa:<schema.org/OutletStore>"
        ],
        "count": 23.0
    },
    {
        "pset": [
            "<schema.org/description>",
            "<schema.org/eventStatus>",
            "<schema.org/identifier>",
            "<schema.org/image>",
            "<schema.org/location>",
            "<schema.org/name>",
            "<schema.org/url>",
            "isa:<schema.org/OutletStore>"
        ],
        "count": 22.0
    },
    {
        "pset": [
            "<schema.org/address>",
            "<schema.org/email>",
            "<schema.org/geo>",
            "<schema.org/image>",
            "<schema.org/name>",
            "<schema.org/openingHours>",
            "<schema.org/openingHoursSpecification>",
            "<schema.org/paymentAccepted>",
            "<schema.org/priceRange>",
            "<schema.org/telePhone>",
            "<schema.org/url>",
            "isa:<schema.org/OutletStore>"
        ],
        "count": 18.0
    },
    {
        "pset": [
            "<schema.org/address>",
            "<schema.org/geo>",
            "<schema.org/image>",
            "<schema.org/name>",
            "<schema.org/openingHoursSpecification>",
            "<schema.org/priceRange>",
            "<schema.org/telephone>",
            "<schema.org/url>",
            "isa:<schema.org/OutletStore>"
        ],
        "count": 15.0
    },
    {
        "pset": [
            "<schema.org/brand>",
            "<schema.org/description>",
            "<schema.org/name>",
            "<schema.org/url>",
            "isa:<schema.org/OutletStore>"
        ],
        "count": 14.0
    },
    {
        "pset": [
            "<schema.org/address>",
            "<schema.org/description>",
            "<schema.org/email>",
            "<schema.org/name>",
            "<schema.org/telephone>",
            "<schema.org/url>",
            "isa:<schema.org/OutletStore>"
        ],
        "count": 12.0
    },
    {
        "pset": [
            "<schema.org/address>",
            "<schema.org/geo>",
            "<schema.org/image>",
            "<schema.org/name>",
            "<schema.org/sameAs>",
            "<schema.org/telephone>",
            "isa:<schema.org/OutletStore>"
        ],
        "count": 11.0
    },
    {
        "pset": [
            "<schema.org/address>",
            "<schema.org/author>",
            "<schema.org/dateModified>",
            "<schema.org/datePublished>",
            "<schema.org/description>",
            "<schema.org/headline>",
            "<schema.org/image>",
            "<schema.org/mainEntityOfPage>",
            "<schema.org/name>",
            "<schema.org/openingHoursSpecification>",
            "<schema.org/publisher>",
            "<schema.org/telephone>",
            "<schema.org/url>",
            "isa:<schema.org/BlogPosting>",
            "isa:<schema.org/OutletStore>"
        ],
        "count": 6.0
    },
    {
        "pset": [
            "<schema.org/address>",
            "<schema.org/description>",
            "<schema.org/email>",
            "<schema.org/faxNumber>",
            "<schema.org/image>",
            "<schema.org/name>",
            "<schema.org/priceRange>",
            "<schema.org/telephone>",
            "<schema.org/url>",
            "isa:<schema.org/OutletStore>"
        ],
        "count": 5.0
    },
    {
        "pset": [
            "<schema.org/address>",
            "<schema.org/description>",
            "<schema.org/geo>",
            "<schema.org/hasMap>",
            "<schema.org/image>",
            "<schema.org/logo>",
            "<schema.org/name>",
            "<schema.org/openingHours>",
            "<schema.org/priceRange>",
            "<schema.org/sameAs>",
            "<schema.org/telephone>",
            "<schema.org/url>",
            "isa:<schema.org/OutletStore>"
        ],
        "count": 5.0
    },
    {
        "pset": [
            "<schema.org/address>",
            "<schema.org/contactPoint>",
            "<schema.org/description>",
            "<schema.org/geo>",
            "<schema.org/image>",
            "<schema.org/logo>",
            "<schema.org/name>",
            "<schema.org/priceRange>",
            "<schema.org/telephone>",
            "<schema.org/url>",
            "isa:<schema.org/OutletStore>"
        ],
        "count": 4.0
    },
    {
        "pset": [
            "<schema.org/address>",
            "<schema.org/aggregateRating>",
            "<schema.org/description>",
            "<schema.org/geo>",
            "<schema.org/image>",
            "<schema.org/name>",
            "<schema.org/review>",
            "<schema.org/telephone>",
            "<schema.org/url>",
            "isa:<schema.org/OutletStore>"
        ],
        "count": 4.0
    },
    {
        "pset": [
            "<schema.org/address>",
            "<schema.org/email>",
            "<schema.org/geo>",
            "<schema.org/image>",
            "<schema.org/logo>",
            "<schema.org/mainEntityOfPage>",
            "<schema.org/name>",
            "<schema.org/openingHoursSpecification>",
            "<schema.org/parentOrganization>",
            "<schema.org/priceRange>",
            "<schema.org/telephone>",
            "<schema.org/url>",
            "isa:<schema.org/Organization>",
            "isa:<schema.org/OutletStore>",
            "isa:<schema.org/Place>"
        ],
        "count": 4.0
    },
    {
        "pset": [
            "<schema.org/address>",
            "<schema.org/geo>",
            "<schema.org/image>",
            "<schema.org/name>",
            "<schema.org/openingHoursSpecification>",
            "<schema.org/parentOrganization>",
            "<schema.org/priceRange>",
            "isa:<schema.org/OutletStore>"
        ],
        "count": 3.0
    },
    {
        "pset": [
            "<schema.org/address>",
            "<schema.org/email>",
            "<schema.org/geo>",
            "<schema.org/image>",
            "<schema.org/logo>",
            "<schema.org/mainEntityOfPage>",
            "<schema.org/name>",
            "<schema.org/openingHoursSpecification>",
            "<schema.org/parentOrganization>",
            "<schema.org/telephone>",
            "<schema.org/url>",
            "isa:<schema.org/Organization>",
            "isa:<schema.org/OutletStore>",
            "isa:<schema.org/Place>"
        ],
        "count": 3.0
    },
    {
        "pset": [
            "<schema.org/image>",
            "<schema.org/logo>",
            "<schema.org/name>",
            "<schema.org/openingHours>",
            "<schema.org/url>",
            "isa:<schema.org/Organization>",
            "isa:<schema.org/OutletStore>"
        ],
        "count": 3.0
    },
    {
        "pset": [
            "<schema.org/address>",
            "<schema.org/email>",
            "<schema.org/geo>",
            "<schema.org/hasMap>",
            "<schema.org/image>",
            "<schema.org/name>",
            "<schema.org/openingHoursSpecification>",
            "<schema.org/parentOrganization>",
            "<schema.org/priceRange>",
            "<schema.org/telephone>",
            "isa:<schema.org/OutletStore>"
        ],
        "count": 3.0
    },
    {
        "pset": [
            "<schema.org/address>",
            "<schema.org/image>",
            "<schema.org/name>",
            "<schema.org/openingHoursSpecification>",
            "<schema.org/priceRange>",
            "<schema.org/sameAs>",
            "<schema.org/telephone>",
            "<schema.org/url>",
            "isa:<schema.org/OutletStore>"
        ],
        "count": 3.0
    },
    {
        "pset": [
            "<schema.org/address>",
            "<schema.org/description>",
            "<schema.org/geo>",
            "<schema.org/image>",
            "<schema.org/name>",
            "<schema.org/url>",
            "isa:<schema.org/OutletStore>"
        ],
        "count": 3.0
    },
    {
        "pset": [
            "<schema.org/address>",
            "<schema.org/description>",
            "<schema.org/foundingDate>",
            "<schema.org/geo>",
            "<schema.org/hasMap>",
            "<schema.org/image>",
            "<schema.org/logo>",
            "<schema.org/name>",
            "<schema.org/openingHours>",
            "<schema.org/paymentAccepted>",
            "<schema.org/sameAs>",
            "<schema.org/telephone>",
            "<schema.org/url>",
            "isa:<schema.org/OutletStore>"
        ],
        "count": 3.0
    },
    {
        "pset": [
            "<schema.org/address>",
            "<schema.org/brand>",
            "<schema.org/contactPoint>",
            "<schema.org/description>",
            "<schema.org/email>",
            "<schema.org/geo>",
            "<schema.org/image>",
            "<schema.org/logo>",
            "<schema.org/name>",
            "<schema.org/openingHoursSpecification>",
            "<schema.org/priceRange>",
            "<schema.org/sameAs>",
            "<schema.org/telephone>",
            "<schema.org/url>",
            "isa:<schema.org/OutletStore>"
        ],
        "count": 2.0
    },
    {
        "pset": [
            "<schema.org/address>",
            "<schema.org/description>",
            "<schema.org/geo>",
            "<schema.org/image>",
            "<schema.org/logo>",
            "<schema.org/name>",
            "<schema.org/telephone>",
            "<schema.org/url>",
            "isa:<schema.org/OutletStore>"
        ],
        "count": 2.0
    },
    {
        "pset": [
            "<schema.org/address>",
            "<schema.org/geo>",
            "<schema.org/image>",
            "<schema.org/name>",
            "<schema.org/priceRange>",
            "<schema.org/telephone>",
            "isa:<schema.org/OutletStore>"
        ],
        "count": 2.0
    },
    {
        "pset": [
            "<schema.org/address>",
            "<schema.org/areaServed>",
            "<schema.org/contactPoint>",
            "<schema.org/email>",
            "<schema.org/image>",
            "<schema.org/location>",
            "<schema.org/logo>",
            "<schema.org/name>",
            "<schema.org/priceRange>",
            "<schema.org/sameAs>",
            "<schema.org/telephone>",
            "<schema.org/url>",
            "isa:<schema.org/Organization>",
            "isa:<schema.org/OutletStore>",
            "isa:<schema.org/Place>"
        ],
        "count": 2.0
    },
    {
        "pset": [
            "<schema.org/address>",
            "<schema.org/areaServed>",
            "<schema.org/currenciesAccepted>",
            "<schema.org/email>",
            "<schema.org/image>",
            "<schema.org/location>",
            "<schema.org/logo>",
            "<schema.org/name>",
            "<schema.org/paymentAccepted>",
            "<schema.org/priceRange>",
            "<schema.org/sameAs>",
            "<schema.org/telephone>",
            "<schema.org/url>",
            "isa:<schema.org/Organization>",
            "isa:<schema.org/OutletStore>",
            "isa:<schema.org/Place>"
        ],
        "count": 2.0
    },
    {
        "pset": [
            "<schema.org/address>",
            "<schema.org/currenciesAccepted>",
            "<schema.org/image>",
            "<schema.org/location>",
            "<schema.org/logo>",
            "<schema.org/name>",
            "<schema.org/priceRange>",
            "<schema.org/sameAs>",
            "<schema.org/url>",
            "isa:<schema.org/Organization>",
            "isa:<schema.org/OutletStore>",
            "isa:<schema.org/Place>"
        ],
        "count": 1.0
    },
    {
        "pset": [
            "<schema.org/description>",
            "<schema.org/image>",
            "<schema.org/mainEntityOfPage>",
            "<schema.org/name>",
            "<schema.org/url>",
            "isa:<schema.org/OutletStore>"
        ],
        "count": 1.0
    },
    {
        "pset": [
            "<schema.org/address>",
            "<schema.org/department>",
            "<schema.org/geo>",
            "<schema.org/hasMap>",
            "<schema.org/image>",
            "<schema.org/name>",
            "<schema.org/openingHoursSpecification>",
            "<schema.org/priceRange>",
            "<schema.org/review>",
            "<schema.org/sameAs>",
            "<schema.org/telephone>",
            "<schema.org/url>",
            "isa:<schema.org/OutletStore>"
        ],
        "count": 1.0
    },
    {
        "pset": [
            "<schema.org/additionalType>",
            "<schema.org/address>",
            "<schema.org/geo>",
            "<schema.org/image>",
            "<schema.org/name>",
            "<schema.org/openingHoursSpecification>",
            "<schema.org/sameAs>",
            "<schema.org/telephone>",
            "<schema.org/url>",
            "isa:<schema.org/OutletStore>"
        ],
        "count": 1.0
    },
    {
        "pset": [
            "<schema.org/address>",
            "<schema.org/email>",
            "<schema.org/image>",
            "<schema.org/location>",
            "<schema.org/logo>",
            "<schema.org/name>",
            "<schema.org/openingHours>",
            "<schema.org/priceRange>",
            "<schema.org/telephone>",
            "<schema.org/url>",
            "isa:<schema.org/Organization>",
            "isa:<schema.org/OutletStore>"
        ],
        "count": 1.0
    },
    {
        "pset": [
            "<schema.org/additionalType>",
            "<schema.org/address>",
            "<schema.org/contactPoint>",
            "<schema.org/description>",
            "<schema.org/geo>",
            "<schema.org/image>",
            "<schema.org/logo>",
            "<schema.org/name>",
            "<schema.org/openingHours>",
            "<schema.org/priceRange>",
            "<schema.org/telephone>",
            "<schema.org/url>",
            "isa:<schema.org/OutletStore>"
        ],
        "count": 1.0
    },
    {
        "pset": [
            "<schema.org/email>",
            "<schema.org/image>",
            "<schema.org/logo>",
            "<schema.org/name>",
            "<schema.org/openingHours>",
            "<schema.org/url>",
            "isa:<schema.org/Organization>",
            "isa:<schema.org/OutletStore>"
        ],
        "count": 1.0
    },
    {
        "pset": [
            "<schema.org/address>",
            "<schema.org/description>",
            "<schema.org/image>",
            "<schema.org/location>",
            "<schema.org/logo>",
            "<schema.org/name>",
            "<schema.org/openingHours>",
            "<schema.org/paymentAccepted>",
            "<schema.org/priceRange>",
            "<schema.org/sameAs>",
            "<schema.org/slogan>",
            "<schema.org/url>",
            "isa:<schema.org/OutletStore>"
        ],
        "count": 1.0
    },
    {
        "pset": [
            "<schema.org/address>",
            "<schema.org/geo>",
            "<schema.org/hasMap>",
            "<schema.org/image>",
            "<schema.org/name>",
            "<schema.org/openingHoursSpecification>",
            "<schema.org/priceRange>",
            "<schema.org/telephone>",
            "<schema.org/url>",
            "isa:<schema.org/OutletStore>"
        ],
        "count": 1.0
    },
    {
        "pset": [
            "<schema.org/address>",
            "<schema.org/email>",
            "<schema.org/faxNumber>",
            "<schema.org/image>",
            "<schema.org/location>",
            "<schema.org/logo>",
            "<schema.org/name>",
            "<schema.org/paymentAccepted>",
            "<schema.org/priceRange>",
            "<schema.org/sameAs>",
            "<schema.org/telephone>",
            "<schema.org/url>",
            "isa:<schema.org/Organization>",
            "isa:<schema.org/OutletStore>",
            "isa:<schema.org/Place>"
        ],
        "count": 1.0
    },
    {
        "pset": [
            "<schema.org/address>",
            "<schema.org/geo>",
            "<schema.org/image>",
            "<schema.org/name>",
            "<schema.org/telephone>",
            "<schema.org/url>",
            "isa:<schema.org/OutletStore>"
        ],
        "count": 1.0
    },
    {
        "pset": [
            "<schema.org/address>",
            "<schema.org/email>",
            "<schema.org/location>",
            "<schema.org/name>",
            "<schema.org/openingHours>",
            "<schema.org/priceRange>",
            "<schema.org/telephone>",
            "<schema.org/url>",
            "isa:<schema.org/Organization>",
            "isa:<schema.org/OutletStore>"
        ],
        "count": 1.0
    },
    {
        "pset": [
            "<schema.org/address>",
            "<schema.org/description>",
            "<schema.org/geo>",
            "<schema.org/hasMap>",
            "<schema.org/image>",
            "<schema.org/logo>",
            "<schema.org/name>",
            "<schema.org/priceRange>",
            "<schema.org/telephone>",
            "<schema.org/url>",
            "isa:<schema.org/OutletStore>"
        ],
        "count": 1.0
    },
    {
        "pset": [
            "<schema.org/address>",
            "<schema.org/areaServed>",
            "<schema.org/email>",
            "<schema.org/image>",
            "<schema.org/location>",
            "<schema.org/logo>",
            "<schema.org/name>",
            "<schema.org/priceRange>",
            "<schema.org/sameAs>",
            "<schema.org/telephone>",
            "<schema.org/url>",
            "isa:<schema.org/Organization>",
            "isa:<schema.org/OutletStore>",
            "isa:<schema.org/Place>"
        ],
        "count": 1.0
    },
    {
        "pset": [
            "<schema.org/additionalType>",
            "<schema.org/address>",
            "<schema.org/aggregateRating>",
            "<schema.org/currenciesAccepted>",
            "<schema.org/description>",
            "<schema.org/geo>",
            "<schema.org/image>",
            "<schema.org/name>",
            "<schema.org/openingHoursSpecification>",
            "<schema.org/paymentAccepted>",
            "<schema.org/priceRange>",
            "<schema.org/telephone>",
            "<schema.org/url>",
            "isa:<schema.org/LocalBusiness>",
            "isa:<schema.org/OutletStore>"
        ],
        "count": 1.0
    },
    {
        "pset": [
            "<schema.org/address>",
            "<schema.org/description>",
            "<schema.org/email>",
            "<schema.org/geo>",
            "<schema.org/hasMap>",
            "<schema.org/image>",
            "<schema.org/logo>",
            "<schema.org/name>",
            "<schema.org/openingHoursSpecification>",
            "<schema.org/priceRange>",
            "<schema.org/sameAs>",
            "<schema.org/telephone>",
            "<schema.org/url>",
            "isa:<schema.org/OutletStore>"
        ],
        "count": 1.0
    },
    {
        "pset": [
            "<schema.org/address>",
            "<schema.org/image>",
            "<schema.org/location>",
            "<schema.org/logo>",
            "<schema.org/name>",
            "<schema.org/telephone>",
            "<schema.org/url>",
            "isa:<schema.org/Organization>",
            "isa:<schema.org/OutletStore>",
            "isa:<schema.org/Place>"
        ],
        "count": 1.0
    },
    {
        "pset": [
            "<schema.org/address>",
            "<schema.org/areaServed>",
            "<schema.org/contactPoint>",
            "<schema.org/email>",
            "<schema.org/image>",
            "<schema.org/location>",
            "<schema.org/logo>",
            "<schema.org/name>",
            "<schema.org/openingHours>",
            "<schema.org/openingHoursSpecification>",
            "<schema.org/priceRange>",
            "<schema.org/sameAs>",
            "<schema.org/telephone>",
            "<schema.org/url>",
            "isa:<schema.org/ElectronicsStore>",
            "isa:<schema.org/MedicalBusiness>",
            "isa:<schema.org/NewsMediaOrganization>",
            "isa:<schema.org/Organization>",
            "isa:<schema.org/OutletStore>",
            "isa:<schema.org/Place>"
        ],
        "count": 1.0
    },
    {
        "pset": [
            "<schema.org/address>",
            "<schema.org/department>",
            "<schema.org/geo>",
            "<schema.org/hasMap>",
            "<schema.org/image>",
            "<schema.org/name>",
            "<schema.org/openingHoursSpecification>",
            "<schema.org/potentialAction>",
            "<schema.org/priceRange>",
            "<schema.org/review>",
            "<schema.org/sameAs>",
            "<schema.org/telephone>",
            "<schema.org/url>",
            "isa:<schema.org/OutletStore>",
            "isa:<schema.org/WebSite>"
        ],
        "count": 1.0
    },
    {
        "pset": [
            "<schema.org/address>",
            "<schema.org/currenciesAccepted>",
            "<schema.org/email>",
            "<schema.org/image>",
            "<schema.org/location>",
            "<schema.org/logo>",
            "<schema.org/name>",
            "<schema.org/paymentAccepted>",
            "<schema.org/priceRange>",
            "<schema.org/sameAs>",
            "<schema.org/taxID>",
            "<schema.org/telephone>",
            "<schema.org/url>",
            "isa:<schema.org/Organization>",
            "isa:<schema.org/OutletStore>",
            "isa:<schema.org/Place>"
        ],
        "count": 1.0
    },
    {
        "pset": [
            "<schema.org/image>",
            "<schema.org/logo>",
            "<schema.org/name>",
            "<schema.org/url>",
            "isa:<schema.org/Organization>",
            "isa:<schema.org/OutletStore>"
        ],
        "count": 1.0
    },
    {
        "pset": [
            "<schema.org/address>",
            "<schema.org/geo>",
            "<schema.org/image>",
            "<schema.org/name>",
            "<schema.org/openingHoursSpecification>",
            "<schema.org/priceRange>",
            "isa:<schema.org/OutletStore>"
        ],
        "count": 1.0
    },
    {
        "pset": [
            "<schema.org/address>",
            "<schema.org/areaServed>",
            "<schema.org/email>",
            "<schema.org/image>",
            "<schema.org/location>",
            "<schema.org/logo>",
            "<schema.org/name>",
            "<schema.org/paymentAccepted>",
            "<schema.org/telephone>",
            "<schema.org/url>",
            "isa:<schema.org/Organization>",
            "isa:<schema.org/OutletStore>",
            "isa:<schema.org/Place>"
        ],
        "count": 1.0
    },
    {
        "pset": [
            "<schema.org/name>",
            "<schema.org/openingHours>",
            "<schema.org/url>",
            "isa:<schema.org/OutletStore>"
        ],
        "count": 1.0
    },
    {
        "pset": [
            "<schema.org/address>",
            "<schema.org/brand>",
            "<schema.org/contactPoint>",
            "<schema.org/description>",
            "<schema.org/email>",
            "<schema.org/geo>",
            "<schema.org/image>",
            "<schema.org/logo>",
            "<schema.org/name>",
            "<schema.org/priceRange>",
            "<schema.org/sameAs>",
            "<schema.org/telephone>",
            "<schema.org/url>",
            "isa:<schema.org/OutletStore>"
        ],
        "count": 1.0
    },
    {
        "pset": [
            "<schema.org/address>",
            "<schema.org/image>",
            "<schema.org/name>",
            "<schema.org/priceRange>",
            "<schema.org/telephone>",
            "<schema.org/url>",
            "isa:<schema.org/OutletStore>"
        ],
        "count": 1.0
    },
    {
        "pset": [
            "<schema.org/address>",
            "<schema.org/geo>",
            "<schema.org/image>",
            "<schema.org/name>",
            "<schema.org/priceRange>",
            "<schema.org/sameAs>",
            "<schema.org/telephone>",
            "<schema.org/url>",
            "isa:<schema.org/OutletStore>"
        ],
        "count": 1.0
    },
    {
        "pset": [
            "<schema.org/address>",
            "<schema.org/contactPoint>",
            "<schema.org/description>",
            "<schema.org/geo>",
            "<schema.org/image>",
            "<schema.org/logo>",
            "<schema.org/name>",
            "<schema.org/telephone>",
            "<schema.org/url>",
            "isa:<schema.org/OutletStore>"
        ],
        "count": 1.0
    },
    {
        "pset": [
            "<schema.org/address>",
            "<schema.org/contactPoint>",
            "<schema.org/description>",
            "<schema.org/logo>",
            "<schema.org/name>",
            "<schema.org/openingHours>",
            "<schema.org/url>",
            "isa:<schema.org/OutletStore>"
        ],
        "count": 1.0
    },
    {
        "pset": [
            "<schema.org/address>",
            "<schema.org/areaServed>",
            "<schema.org/description>",
            "<schema.org/email>",
            "<schema.org/geo>",
            "<schema.org/hasMap>",
            "<schema.org/image>",
            "<schema.org/logo>",
            "<schema.org/name>",
            "<schema.org/priceRange>",
            "<schema.org/sameAs>",
            "<schema.org/telephone>",
            "<schema.org/url>",
            "isa:<schema.org/OutletStore>"
        ],
        "count": 1.0
    },
    {
        "pset": [
            "<schema.org/address>",
            "<schema.org/email>",
            "<schema.org/geo>",
            "<schema.org/hasMap>",
            "<schema.org/image>",
            "<schema.org/name>",
            "<schema.org/openingHours>",
            "<schema.org/priceRange>",
            "<schema.org/telephone>",
            "<schema.org/url>",
            "isa:<schema.org/OutletStore>"
        ],
        "count": 1.0
    },
    {
        "pset": [
            "<schema.org/address>",
            "<schema.org/name>",
            "<schema.org/openingHours>",
            "<schema.org/telephone>",
            "<schema.org/url>",
            "isa:<schema.org/Organization>",
            "isa:<schema.org/OutletStore>"
        ],
        "count": 1.0
    },
    {
        "pset": [
            "<schema.org/address>",
            "<schema.org/image>",
            "<schema.org/location>",
            "<schema.org/logo>",
            "<schema.org/name>",
            "<schema.org/openingHours>",
            "<schema.org/url>",
            "isa:<schema.org/Organization>",
            "isa:<schema.org/OutletStore>"
        ],
        "count": 1.0
    }
]