[
    {
        "pset": [
            "<schema.org/creator>",
            "<schema.org/image>",
            "<schema.org/name>",
            "isa:<schema.org/Painting>"
        ],
        "count": 11462.0
    },
    {
        "pset": [
            "<schema.org/creator>",
            "<schema.org/description>",
            "<schema.org/image>",
            "<schema.org/name>",
            "<schema.org/url>",
            "isa:<schema.org/Painting>"
        ],
        "count": 6509.0
    },
    {
        "pset": [
            "<schema.org/accountablePerson>",
            "<schema.org/creator>",
            "<schema.org/description>",
            "<schema.org/genre>",
            "<schema.org/image>",
            "<schema.org/locationCreated>",
            "<schema.org/mainEntityOfPage>",
            "<schema.org/name>",
            "<schema.org/url>",
            "isa:<schema.org/Painting>"
        ],
        "count": 4344.0
    },
    {
        "pset": [
            "<schema.org/comment>",
            "<schema.org/creator>",
            "<schema.org/description>",
            "<schema.org/image>",
            "<schema.org/keywords>",
            "<schema.org/name>",
            "<schema.org/offers>",
            "<schema.org/url>",
            "isa:<schema.org/Painting>"
        ],
        "count": 3188.0
    },
    {
        "pset": [
            "<schema.org/description>",
            "<schema.org/image>",
            "<schema.org/name>",
            "<schema.org/offers>",
            "<schema.org/provider>",
            "<schema.org/url>",
            "isa:<schema.org/Painting>"
        ],
        "count": 2664.0
    },
    {
        "pset": [
            "<schema.org/aggregateRating>",
            "<schema.org/creator>",
            "<schema.org/genre>",
            "<schema.org/isFamilyFriendly>",
            "<schema.org/name>",
            "<schema.org/offers>",
            "<schema.org/provider>",
            "isa:<schema.org/Painting>"
        ],
        "count": 2475.0
    },
    {
        "pset": [
            "<schema.org/creator>",
            "<schema.org/description>",
            "<schema.org/image>",
            "<schema.org/keywords>",
            "<schema.org/name>",
            "<schema.org/offers>",
            "<schema.org/url>",
            "isa:<schema.org/Painting>"
        ],
        "count": 2035.0
    },
    {
        "pset": [
            "<schema.org/about>",
            "<schema.org/accountablePerson>",
            "<schema.org/creator>",
            "<schema.org/description>",
            "<schema.org/genre>",
            "<schema.org/image>",
            "<schema.org/keywords>",
            "<schema.org/locationCreated>",
            "<schema.org/name>",
            "<schema.org/offers>",
            "<schema.org/url>",
            "isa:<schema.org/Painting>"
        ],
        "count": 1645.0
    },
    {
        "pset": [
            "<schema.org/creator>",
            "<schema.org/description>",
            "<schema.org/image>",
            "<schema.org/name>",
            "<schema.org/offers>",
            "<schema.org/provider>",
            "<schema.org/url>",
            "isa:<schema.org/Painting>"
        ],
        "count": 876.0
    },
    {
        "pset": [
            "<schema.org/creator>",
            "<schema.org/description>",
            "<schema.org/image>",
            "<schema.org/keywords>",
            "<schema.org/name>",
            "<schema.org/url>",
            "isa:<schema.org/Painting>"
        ],
        "count": 850.0
    },
    {
        "pset": [
            "<schema.org/author>",
            "<schema.org/copyrightHolder>",
            "<schema.org/copyrightYear>",
            "<schema.org/creator>",
            "<schema.org/dateModified>",
            "<schema.org/datePublished>",
            "<schema.org/description>",
            "<schema.org/headline>",
            "<schema.org/image>",
            "<schema.org/inLanguage>",
            "<schema.org/mainEntityOfPage>",
            "<schema.org/name>",
            "<schema.org/publisher>",
            "<schema.org/url>",
            "isa:<schema.org/Painting>"
        ],
        "count": 800.0
    },
    {
        "pset": [
            "<schema.org/creator>",
            "<schema.org/headline>",
            "<schema.org/image>",
            "<schema.org/thumbnailUrl>",
            "<schema.org/url>",
            "isa:<schema.org/Painting>"
        ],
        "count": 800.0
    },
    {
        "pset": [
            "<schema.org/creator>",
            "<schema.org/dateCreated>",
            "<schema.org/image>",
            "<schema.org/name>",
            "isa:<schema.org/Painting>"
        ],
        "count": 721.0
    },
    {
        "pset": [
            "<schema.org/creator>",
            "<schema.org/image>",
            "<schema.org/name>",
            "<schema.org/url>",
            "isa:<schema.org/Painting>"
        ],
        "count": 633.0
    },
    {
        "pset": [
            "<schema.org/creator>",
            "<schema.org/description>",
            "<schema.org/image>",
            "<schema.org/name>",
            "isa:<schema.org/Painting>"
        ],
        "count": 537.0
    },
    {
        "pset": [
            "<schema.org/headline>",
            "<schema.org/image>",
            "<schema.org/thumbnailUrl>",
            "<schema.org/url>",
            "isa:<schema.org/Painting>"
        ],
        "count": 510.0
    },
    {
        "pset": [
            "<schema.org/author>",
            "<schema.org/creator>",
            "<schema.org/dateCreated>",
            "<schema.org/image>",
            "<schema.org/name>",
            "<schema.org/text>",
            "isa:<schema.org/Painting>"
        ],
        "count": 476.0
    },
    {
        "pset": [
            "<schema.org/comment>",
            "<schema.org/creator>",
            "<schema.org/description>",
            "<schema.org/image>",
            "<schema.org/keywords>",
            "<schema.org/name>",
            "<schema.org/url>",
            "isa:<schema.org/Painting>"
        ],
        "count": 443.0
    },
    {
        "pset": [
            "<schema.org/creator>",
            "<schema.org/isFamilyFriendly>",
            "<schema.org/name>",
            "<schema.org/offers>",
            "<schema.org/provider>",
            "isa:<schema.org/Painting>"
        ],
        "count": 437.0
    },
    {
        "pset": [
            "<schema.org/author>",
            "<schema.org/name>",
            "isa:<schema.org/Painting>"
        ],
        "count": 402.0
    },
    {
        "pset": [
            "<schema.org/accountablePerson>",
            "<schema.org/creator>",
            "<schema.org/description>",
            "<schema.org/image>",
            "<schema.org/locationCreated>",
            "<schema.org/name>",
            "<schema.org/offers>",
            "<schema.org/thumbnailUrl>",
            "<schema.org/url>",
            "isa:<schema.org/Painting>"
        ],
        "count": 338.0
    },
    {
        "pset": [
            "<schema.org/author>",
            "<schema.org/description>",
            "<schema.org/image>",
            "<schema.org/name>",
            "<schema.org/sameAs>",
            "<schema.org/url>",
            "isa:<schema.org/Painting>"
        ],
        "count": 335.0
    },
    {
        "pset": [
            "<schema.org/genre>",
            "<schema.org/name>",
            "isa:<schema.org/Painting>"
        ],
        "count": 306.0
    },
    {
        "pset": [
            "<schema.org/author>",
            "<schema.org/description>",
            "<schema.org/image>",
            "<schema.org/isPartOf>",
            "<schema.org/name>",
            "<schema.org/sameAs>",
            "<schema.org/text>",
            "<schema.org/url>",
            "isa:<schema.org/Painting>"
        ],
        "count": 291.0
    },
    {
        "pset": [
            "<schema.org/accountablePerson>",
            "<schema.org/creator>",
            "<schema.org/image>",
            "<schema.org/locationCreated>",
            "<schema.org/name>",
            "<schema.org/offers>",
            "<schema.org/thumbnailUrl>",
            "<schema.org/url>",
            "isa:<schema.org/Painting>"
        ],
        "count": 273.0
    },
    {
        "pset": [
            "<schema.org/creator>",
            "<schema.org/description>",
            "<schema.org/image>",
            "<schema.org/name>",
            "<schema.org/thumbnailUrl>",
            "<schema.org/url>",
            "isa:<schema.org/Painting>"
        ],
        "count": 240.0
    },
    {
        "pset": [
            "<schema.org/creator>",
            "<schema.org/image>",
            "<schema.org/material>",
            "<schema.org/name>",
            "<schema.org/size>",
            "<schema.org/thumbnailUrl>",
            "<schema.org/url>",
            "isa:<schema.org/Painting>"
        ],
        "count": 195.0
    },
    {
        "pset": [
            "<schema.org/author>",
            "<schema.org/description>",
            "<schema.org/image>",
            "<schema.org/name>",
            "<schema.org/url>",
            "isa:<schema.org/Painting>"
        ],
        "count": 180.0
    },
    {
        "pset": [
            "<schema.org/name>",
            "<schema.org/sameAs>",
            "<schema.org/url>",
            "isa:<schema.org/Painting>"
        ],
        "count": 137.0
    },
    {
        "pset": [
            "<schema.org/image>",
            "<schema.org/name>",
            "<schema.org/offers>",
            "<schema.org/provider>",
            "<schema.org/url>",
            "isa:<schema.org/Painting>"
        ],
        "count": 129.0
    },
    {
        "pset": [
            "<schema.org/alternateName>",
            "<schema.org/creator>",
            "<schema.org/description>",
            "<schema.org/image>",
            "<schema.org/name>",
            "isa:<schema.org/Painting>"
        ],
        "count": 100.0
    },
    {
        "pset": [
            "<schema.org/description>",
            "<schema.org/image>",
            "<schema.org/name>",
            "isa:<schema.org/Painting>"
        ],
        "count": 87.0
    },
    {
        "pset": [
            "<schema.org/creator>",
            "<schema.org/description>",
            "<schema.org/identifier>",
            "<schema.org/image>",
            "<schema.org/name>",
            "<schema.org/offers>",
            "isa:<schema.org/Painting>"
        ],
        "count": 81.0
    },
    {
        "pset": [
            "<schema.org/contentLocation>",
            "<schema.org/creator>",
            "<schema.org/description>",
            "<schema.org/image>",
            "<schema.org/name>",
            "isa:<schema.org/Painting>"
        ],
        "count": 66.0
    },
    {
        "pset": [
            "<schema.org/creator>",
            "<schema.org/dateModified>",
            "<schema.org/datePublished>",
            "<schema.org/headline>",
            "<schema.org/image>",
            "<schema.org/url>",
            "isa:<schema.org/Painting>"
        ],
        "count": 54.0
    },
    {
        "pset": [
            "<schema.org/creator>",
            "<schema.org/genre>",
            "<schema.org/image>",
            "<schema.org/name>",
            "isa:<schema.org/Painting>"
        ],
        "count": 52.0
    },
    {
        "pset": [
            "<schema.org/contentLocation>",
            "<schema.org/creator>",
            "<schema.org/image>",
            "<schema.org/name>",
            "<schema.org/sameAs>",
            "isa:<schema.org/Painting>"
        ],
        "count": 49.0
    },
    {
        "pset": [
            "<schema.org/description>",
            "<schema.org/image>",
            "<schema.org/name>",
            "<schema.org/url>",
            "isa:<schema.org/Painting>"
        ],
        "count": 49.0
    },
    {
        "pset": [
            "<schema.org/creator>",
            "<schema.org/dateCreated>",
            "<schema.org/description>",
            "<schema.org/image>",
            "<schema.org/name>",
            "isa:<schema.org/Painting>"
        ],
        "count": 34.0
    },
    {
        "pset": [
            "<schema.org/headline>",
            "<schema.org/url>",
            "isa:<schema.org/Painting>"
        ],
        "count": 34.0
    },
    {
        "pset": [
            "isa:<schema.org/Painting>"
        ],
        "count": 32.0
    },
    {
        "pset": [
            "<schema.org/creator>",
            "<schema.org/name>",
            "isa:<schema.org/Painting>"
        ],
        "count": 30.0
    },
    {
        "pset": [
            "<schema.org/author>",
            "<schema.org/description>",
            "<schema.org/headline>",
            "<schema.org/image>",
            "<schema.org/mainEntityOfPage>",
            "<schema.org/publisher>",
            "isa:<schema.org/Painting>"
        ],
        "count": 28.0
    },
    {
        "pset": [
            "<schema.org/accountablePerson>",
            "<schema.org/creator>",
            "<schema.org/genre>",
            "<schema.org/image>",
            "<schema.org/locationCreated>",
            "<schema.org/mainEntityOfPage>",
            "<schema.org/name>",
            "<schema.org/url>",
            "isa:<schema.org/Painting>"
        ],
        "count": 28.0
    },
    {
        "pset": [
            "<schema.org/dateCreated>",
            "<schema.org/description>",
            "<schema.org/image>",
            "<schema.org/name>",
            "<schema.org/url>",
            "isa:<schema.org/Painting>"
        ],
        "count": 23.0
    },
    {
        "pset": [
            "<schema.org/awards>",
            "<schema.org/contentLocation>",
            "<schema.org/creator>",
            "<schema.org/datePublished>",
            "<schema.org/headline>",
            "<schema.org/image>",
            "<schema.org/keywords>",
            "<schema.org/material>",
            "<schema.org/name>",
            "<schema.org/size>",
            "<schema.org/text>",
            "isa:<schema.org/Painting>"
        ],
        "count": 23.0
    },
    {
        "pset": [
            "<schema.org/about>",
            "<schema.org/author>",
            "<schema.org/creator>",
            "<schema.org/datePublished>",
            "<schema.org/description>",
            "<schema.org/keywords>",
            "<schema.org/material>",
            "<schema.org/name>",
            "isa:<schema.org/Painting>"
        ],
        "count": 20.0
    },
    {
        "pset": [
            "<schema.org/creator>",
            "<schema.org/description>",
            "<schema.org/name>",
            "isa:<schema.org/Painting>"
        ],
        "count": 20.0
    },
    {
        "pset": [
            "<schema.org/author>",
            "<schema.org/award>",
            "<schema.org/keywords>",
            "<schema.org/offers>",
            "<schema.org/sameAs>",
            "<schema.org/url>",
            "isa:<schema.org/Painting>"
        ],
        "count": 17.0
    },
    {
        "pset": [
            "<schema.org/creator>",
            "<schema.org/description>",
            "<schema.org/image>",
            "<schema.org/name>",
            "<schema.org/position>",
            "<schema.org/url>",
            "isa:<schema.org/Painting>"
        ],
        "count": 12.0
    },
    {
        "pset": [
            "<schema.org/creator>",
            "<schema.org/description>",
            "<schema.org/image>",
            "<schema.org/name>",
            "<schema.org/sameAs>",
            "isa:<schema.org/Painting>"
        ],
        "count": 9.0
    },
    {
        "pset": [
            "<schema.org/creator>",
            "<schema.org/image>",
            "<schema.org/name>",
            "<schema.org/offers>",
            "<schema.org/provider>",
            "<schema.org/url>",
            "isa:<schema.org/Painting>"
        ],
        "count": 8.0
    },
    {
        "pset": [
            "<schema.org/contentLocation>",
            "<schema.org/creator>",
            "<schema.org/image>",
            "<schema.org/locationCreated>",
            "<schema.org/name>",
            "<schema.org/sameAs>",
            "isa:<schema.org/Painting>"
        ],
        "count": 7.0
    },
    {
        "pset": [
            "<schema.org/address>",
            "<schema.org/areaServed>",
            "<schema.org/contactPoint>",
            "<schema.org/description>",
            "<schema.org/email>",
            "<schema.org/faxNumber>",
            "<schema.org/image>",
            "<schema.org/logo>",
            "<schema.org/name>",
            "<schema.org/openingHoursSpecification>",
            "<schema.org/paymentAccepted>",
            "<schema.org/url>",
            "isa:<schema.org/Painting>"
        ],
        "count": 7.0
    },
    {
        "pset": [
            "<schema.org/author>",
            "<schema.org/copyrightHolder>",
            "<schema.org/copyrightYear>",
            "<schema.org/dateCreated>",
            "<schema.org/dateModified>",
            "<schema.org/datePublished>",
            "<schema.org/description>",
            "<schema.org/headline>",
            "<schema.org/image>",
            "<schema.org/inLanguage>",
            "<schema.org/keywords>",
            "<schema.org/mainEntityOfPage>",
            "<schema.org/name>",
            "<schema.org/publisher>",
            "<schema.org/url>",
            "isa:<schema.org/Painting>"
        ],
        "count": 7.0
    },
    {
        "pset": [
            "<schema.org/image>",
            "<schema.org/name>",
            "isa:<schema.org/Painting>",
            "isa:<schema.org/TouristAttraction>"
        ],
        "count": 6.0
    },
    {
        "pset": [
            "<schema.org/creator>",
            "<schema.org/headline>",
            "<schema.org/url>",
            "isa:<schema.org/Painting>"
        ],
        "count": 6.0
    },
    {
        "pset": [
            "<schema.org/name>",
            "<schema.org/url>",
            "isa:<schema.org/Painting>"
        ],
        "count": 6.0
    },
    {
        "pset": [
            "<schema.org/artist>",
            "<schema.org/dateCreated>",
            "<schema.org/datePublished>",
            "<schema.org/description>",
            "<schema.org/inLanguage>",
            "<schema.org/keywords>",
            "<schema.org/name>",
            "<schema.org/sameAs>",
            "<schema.org/url>",
            "isa:<schema.org/Painting>"
        ],
        "count": 5.0
    },
    {
        "pset": [
            "<schema.org/creator>",
            "<schema.org/dateCreated>",
            "<schema.org/name>",
            "isa:<schema.org/Painting>"
        ],
        "count": 4.0
    },
    {
        "pset": [
            "<schema.org/aggregateRating>",
            "<schema.org/description>",
            "<schema.org/image>",
            "<schema.org/name>",
            "<schema.org/sameAs>",
            "<schema.org/url>",
            "isa:<schema.org/CreativeWork>",
            "isa:<schema.org/Painting>"
        ],
        "count": 3.0
    },
    {
        "pset": [
            "<schema.org/artist>",
            "<schema.org/citation>",
            "<schema.org/dateCreated>",
            "<schema.org/datePublished>",
            "<schema.org/description>",
            "<schema.org/inLanguage>",
            "<schema.org/keywords>",
            "<schema.org/name>",
            "<schema.org/sameAs>",
            "<schema.org/url>",
            "isa:<schema.org/Painting>"
        ],
        "count": 3.0
    },
    {
        "pset": [
            "<schema.org/aggregateRating>",
            "<schema.org/genre>",
            "<schema.org/isFamilyFriendly>",
            "<schema.org/name>",
            "<schema.org/offers>",
            "<schema.org/provider>",
            "isa:<schema.org/Painting>"
        ],
        "count": 3.0
    },
    {
        "pset": [
            "<schema.org/artist>",
            "<schema.org/description>",
            "<schema.org/inLanguage>",
            "<schema.org/keywords>",
            "<schema.org/name>",
            "<schema.org/sameAs>",
            "<schema.org/url>",
            "isa:<schema.org/Painting>"
        ],
        "count": 2.0
    },
    {
        "pset": [
            "<schema.org/author>",
            "<schema.org/copyrightYear>",
            "<schema.org/dateCreated>",
            "<schema.org/dateModified>",
            "<schema.org/datePublished>",
            "<schema.org/description>",
            "<schema.org/headline>",
            "<schema.org/image>",
            "<schema.org/inLanguage>",
            "<schema.org/mainEntityOfPage>",
            "<schema.org/name>",
            "<schema.org/sameAs>",
            "<schema.org/thumbnailUrl>",
            "<schema.org/url>",
            "isa:<schema.org/Painting>"
        ],
        "count": 1.0
    },
    {
        "pset": [
            "<schema.org/accessMode>",
            "<schema.org/creator>",
            "<schema.org/dateCreated>",
            "<schema.org/description>",
            "<schema.org/image>",
            "<schema.org/name>",
            "<schema.org/sameAs>",
            "isa:<schema.org/Painting>"
        ],
        "count": 1.0
    },
    {
        "pset": [
            "<schema.org/artist>",
            "<schema.org/dateCreated>",
            "<schema.org/datePublished>",
            "<schema.org/description>",
            "<schema.org/inLanguage>",
            "<schema.org/isPartOf>",
            "<schema.org/keywords>",
            "<schema.org/name>",
            "<schema.org/sameAs>",
            "<schema.org/url>",
            "isa:<schema.org/Painting>"
        ],
        "count": 1.0
    },
    {
        "pset": [
            "<schema.org/alternativeHeadline>",
            "<schema.org/artist>",
            "<schema.org/citation>",
            "<schema.org/description>",
            "<schema.org/height>",
            "<schema.org/isPartOf>",
            "<schema.org/keywords>",
            "<schema.org/name>",
            "<schema.org/sameAs>",
            "<schema.org/sku>",
            "<schema.org/spatial>",
            "<schema.org/url>",
            "<schema.org/width>",
            "isa:<schema.org/Painting>"
        ],
        "count": 1.0
    },
    {
        "pset": [
            "<schema.org/artist>",
            "<schema.org/description>",
            "<schema.org/height>",
            "<schema.org/inLanguage>",
            "<schema.org/keywords>",
            "<schema.org/name>",
            "<schema.org/sameAs>",
            "<schema.org/url>",
            "<schema.org/width>",
            "isa:<schema.org/Painting>"
        ],
        "count": 1.0
    },
    {
        "pset": [
            "<schema.org/genre>",
            "<schema.org/isFamilyFriendly>",
            "<schema.org/name>",
            "<schema.org/offers>",
            "<schema.org/provider>",
            "isa:<schema.org/Painting>"
        ],
        "count": 1.0
    },
    {
        "pset": [
            "<schema.org/artist>",
            "<schema.org/description>",
            "<schema.org/inLanguage>",
            "<schema.org/isPartOf>",
            "<schema.org/keywords>",
            "<schema.org/name>",
            "<schema.org/sameAs>",
            "<schema.org/url>",
            "isa:<schema.org/Painting>"
        ],
        "count": 1.0
    },
    {
        "pset": [
            "<schema.org/artist>",
            "<schema.org/citation>",
            "<schema.org/dateCreated>",
            "<schema.org/datePublished>",
            "<schema.org/description>",
            "<schema.org/inLanguage>",
            "<schema.org/keywords>",
            "<schema.org/name>",
            "<schema.org/sameAs>",
            "<schema.org/sku>",
            "<schema.org/spatial>",
            "<schema.org/url>",
            "isa:<schema.org/Painting>"
        ],
        "count": 1.0
    },
    {
        "pset": [
            "<schema.org/artist>",
            "<schema.org/citation>",
            "<schema.org/dateCreated>",
            "<schema.org/description>",
            "<schema.org/height>",
            "<schema.org/inLanguage>",
            "<schema.org/isPartOf>",
            "<schema.org/keywords>",
            "<schema.org/name>",
            "<schema.org/sameAs>",
            "<schema.org/url>",
            "<schema.org/width>",
            "isa:<schema.org/Painting>"
        ],
        "count": 1.0
    },
    {
        "pset": [
            "<schema.org/copyrightYear>",
            "<schema.org/creator>",
            "<schema.org/image>",
            "<schema.org/name>",
            "isa:<schema.org/Painting>"
        ],
        "count": 1.0
    },
    {
        "pset": [
            "<schema.org/image>",
            "isa:<schema.org/Painting>"
        ],
        "count": 1.0
    },
    {
        "pset": [
            "<schema.org/alternativeHeadline>",
            "<schema.org/description>",
            "<schema.org/inLanguage>",
            "<schema.org/isPartOf>",
            "<schema.org/keywords>",
            "<schema.org/locationCreated>",
            "<schema.org/name>",
            "<schema.org/sameAs>",
            "<schema.org/url>",
            "isa:<schema.org/Painting>"
        ],
        "count": 1.0
    },
    {
        "pset": [
            "<schema.org/alternativeHeadline>",
            "<schema.org/citation>",
            "<schema.org/description>",
            "<schema.org/inLanguage>",
            "<schema.org/isPartOf>",
            "<schema.org/keywords>",
            "<schema.org/locationCreated>",
            "<schema.org/name>",
            "<schema.org/sameAs>",
            "<schema.org/url>",
            "isa:<schema.org/Painting>"
        ],
        "count": 1.0
    },
    {
        "pset": [
            "<schema.org/aggregateRating>",
            "<schema.org/description>",
            "<schema.org/image>",
            "<schema.org/name>",
            "<schema.org/offers>",
            "<schema.org/review>",
            "isa:<schema.org/Painting>"
        ],
        "count": 1.0
    },
    {
        "pset": [
            "<schema.org/artist>",
            "<schema.org/citation>",
            "<schema.org/dateCreated>",
            "<schema.org/datePublished>",
            "<schema.org/description>",
            "<schema.org/inLanguage>",
            "<schema.org/isPartOf>",
            "<schema.org/keywords>",
            "<schema.org/name>",
            "<schema.org/sameAs>",
            "<schema.org/url>",
            "isa:<schema.org/Painting>"
        ],
        "count": 1.0
    },
    {
        "pset": [
            "<schema.org/creator>",
            "<schema.org/material>",
            "<schema.org/name>",
            "<schema.org/size>",
            "<schema.org/url>",
            "isa:<schema.org/Painting>"
        ],
        "count": 1.0
    },
    {
        "pset": [
            "<schema.org/creator>",
            "<schema.org/dateCreated>",
            "<schema.org/description>",
            "<schema.org/name>",
            "isa:<schema.org/Painting>"
        ],
        "count": 1.0
    },
    {
        "pset": [
            "<schema.org/artist>",
            "<schema.org/citation>",
            "<schema.org/dateCreated>",
            "<schema.org/description>",
            "<schema.org/height>",
            "<schema.org/isPartOf>",
            "<schema.org/keywords>",
            "<schema.org/name>",
            "<schema.org/sameAs>",
            "<schema.org/url>",
            "<schema.org/width>",
            "isa:<schema.org/Painting>"
        ],
        "count": 1.0
    },
    {
        "pset": [
            "<schema.org/artist>",
            "<schema.org/citation>",
            "<schema.org/description>",
            "<schema.org/height>",
            "<schema.org/inLanguage>",
            "<schema.org/isPartOf>",
            "<schema.org/keywords>",
            "<schema.org/name>",
            "<schema.org/sameAs>",
            "<schema.org/sku>",
            "<schema.org/spatial>",
            "<schema.org/url>",
            "<schema.org/width>",
            "isa:<schema.org/Painting>"
        ],
        "count": 1.0
    },
    {
        "pset": [
            "<schema.org/about>",
            "<schema.org/image>",
            "<schema.org/name>",
            "<schema.org/url>",
            "isa:<schema.org/Painting>"
        ],
        "count": 1.0
    },
    {
        "pset": [
            "<schema.org/alternativeHeadline>",
            "<schema.org/author>",
            "<schema.org/citation>",
            "<schema.org/description>",
            "<schema.org/inLanguage>",
            "<schema.org/isPartOf>",
            "<schema.org/keywords>",
            "<schema.org/locationCreated>",
            "<schema.org/name>",
            "<schema.org/sameAs>",
            "<schema.org/url>",
            "isa:<schema.org/Painting>"
        ],
        "count": 1.0
    },
    {
        "pset": [
            "<schema.org/about>",
            "<schema.org/copyrightYear>",
            "<schema.org/creator>",
            "<schema.org/dateCreated>",
            "<schema.org/description>",
            "<schema.org/genre>",
            "<schema.org/image>",
            "<schema.org/isFamilyFriendly>",
            "<schema.org/material>",
            "<schema.org/name>",
            "<schema.org/thumbnailUrl>",
            "<schema.org/url>",
            "isa:<schema.org/Painting>"
        ],
        "count": 1.0
    },
    {
        "pset": [
            "<schema.org/artist>",
            "<schema.org/citation>",
            "<schema.org/dateCreated>",
            "<schema.org/description>",
            "<schema.org/height>",
            "<schema.org/isPartOf>",
            "<schema.org/keywords>",
            "<schema.org/mentions>",
            "<schema.org/name>",
            "<schema.org/sameAs>",
            "<schema.org/sku>",
            "<schema.org/spatial>",
            "<schema.org/url>",
            "<schema.org/width>",
            "isa:<schema.org/Painting>"
        ],
        "count": 1.0
    }
]