[
    {
        "pset": [
            "<schema.org/suggestedGender>",
            "isa:<schema.org/PeopleAudience>"
        ],
        "count": 441975.0
    },
    {
        "pset": [
            "<schema.org/requiredMinAge>",
            "isa:<schema.org/PeopleAudience>"
        ],
        "count": 36096.0
    },
    {
        "pset": [
            "isa:<schema.org/PeopleAudience>"
        ],
        "count": 34485.0
    },
    {
        "pset": [
            "<schema.org/suggestedMaxAge>",
            "<schema.org/suggestedMinAge>",
            "isa:<schema.org/PeopleAudience>"
        ],
        "count": 10115.0
    },
    {
        "pset": [
            "<schema.org/suggestedGender>",
            "<schema.org/suggestedMinAge>",
            "isa:<schema.org/PeopleAudience>"
        ],
        "count": 7757.0
    },
    {
        "pset": [
            "<schema.org/suggestedMinAge>",
            "isa:<schema.org/PeopleAudience>"
        ],
        "count": 3568.0
    },
    {
        "pset": [
            "<schema.org/audienceType>",
            "isa:<schema.org/PeopleAudience>"
        ],
        "count": 3416.0
    },
    {
        "pset": [
            "<schema.org/suggestedGender>",
            "<schema.org/suggestedMaxAge>",
            "<schema.org/suggestedMinAge>",
            "isa:<schema.org/PeopleAudience>"
        ],
        "count": 1310.0
    },
    {
        "pset": [
            "<schema.org/alternateName>",
            "<schema.org/audienceType>",
            "<schema.org/description>",
            "<schema.org/disambiguatingDescription>",
            "<schema.org/image>",
            "<schema.org/mainEntityOfPage>",
            "<schema.org/name>",
            "<schema.org/sameAs>",
            "<schema.org/url>",
            "isa:<schema.org/PeopleAudience>"
        ],
        "count": 1082.0
    },
    {
        "pset": [
            "<schema.org/audienceType>",
            "<schema.org/requiredMinAge>",
            "<schema.org/suggestedGender>",
            "isa:<schema.org/PeopleAudience>"
        ],
        "count": 809.0
    },
    {
        "pset": [
            "<schema.org/requiredMinAge>",
            "<schema.org/suggestedGender>",
            "<schema.org/suggestedMinAge>",
            "isa:<schema.org/PeopleAudience>"
        ],
        "count": 788.0
    },
    {
        "pset": [
            "<schema.org/audienceType>",
            "<schema.org/suggestedGender>",
            "<schema.org/suggestedMinAge>",
            "isa:<schema.org/PeopleAudience>"
        ],
        "count": 784.0
    },
    {
        "pset": [
            "<schema.org/audienceType>",
            "<schema.org/geographicArea>",
            "isa:<schema.org/PeopleAudience>"
        ],
        "count": 597.0
    },
    {
        "pset": [
            "<schema.org/description>",
            "<schema.org/name>",
            "isa:<schema.org/PeopleAudience>"
        ],
        "count": 506.0
    },
    {
        "pset": [
            "<schema.org/audienceType>",
            "<schema.org/sameAs>",
            "isa:<schema.org/PeopleAudience>"
        ],
        "count": 435.0
    },
    {
        "pset": [
            "<schema.org/name>",
            "isa:<schema.org/PeopleAudience>"
        ],
        "count": 373.0
    },
    {
        "pset": [
            "<schema.org/suggestedMaxAge>",
            "isa:<schema.org/PeopleAudience>"
        ],
        "count": 318.0
    },
    {
        "pset": [
            "<schema.org/requiredGender>",
            "isa:<schema.org/PeopleAudience>"
        ],
        "count": 274.0
    },
    {
        "pset": [
            "<schema.org/name>",
            "<schema.org/sameas>",
            "isa:<schema.org/PeopleAudience>"
        ],
        "count": 96.0
    },
    {
        "pset": [
            "<schema.org/healthCondition>",
            "<schema.org/requiredMinAge>",
            "isa:<schema.org/PeopleAudience>"
        ],
        "count": 86.0
    },
    {
        "pset": [
            "<schema.org/audienceType>",
            "<schema.org/geographicArea>",
            "<schema.org/healthCondition>",
            "<schema.org/suggestedMaxAge>",
            "<schema.org/suggestedMinAge>",
            "isa:<schema.org/PeopleAudience>"
        ],
        "count": 51.0
    },
    {
        "pset": [
            "<schema.org/audienceType>",
            "<schema.org/name>",
            "<schema.org/requiredMinAge>",
            "isa:<schema.org/PeopleAudience>"
        ],
        "count": 47.0
    },
    {
        "pset": [
            "<schema.org/audienceType>",
            "<schema.org/suggestedGender>",
            "isa:<schema.org/PeopleAudience>"
        ],
        "count": 44.0
    },
    {
        "pset": [
            "<schema.org/geographicArea>",
            "isa:<schema.org/PeopleAudience>"
        ],
        "count": 36.0
    },
    {
        "pset": [
            "<schema.org/audienceType>",
            "<schema.org/sameAs>",
            "<schema.org/url>",
            "isa:<schema.org/PeopleAudience>"
        ],
        "count": 31.0
    },
    {
        "pset": [
            "<schema.org/audienceType>",
            "<schema.org/geographicArea>",
            "<schema.org/suggestedMinAge>",
            "isa:<schema.org/PeopleAudience>"
        ],
        "count": 28.0
    },
    {
        "pset": [
            "<schema.org/audienceType>",
            "<schema.org/description>",
            "<schema.org/sameAs>",
            "isa:<schema.org/PeopleAudience>"
        ],
        "count": 27.0
    },
    {
        "pset": [
            "<schema.org/audienceType>",
            "<schema.org/healthCondition>",
            "<schema.org/suggestedMaxAge>",
            "<schema.org/suggestedMinAge>",
            "isa:<schema.org/PeopleAudience>"
        ],
        "count": 18.0
    },
    {
        "pset": [
            "<schema.org/%20suggestedMaxAge>",
            "<schema.org/suggestedGender>",
            "<schema.org/suggestedMinAge>",
            "isa:<schema.org/PeopleAudience>"
        ],
        "count": 16.0
    },
    {
        "pset": [
            "<schema.org/additionalType>",
            "<schema.org/audienceType>",
            "<schema.org/sameAs>",
            "isa:<schema.org/PeopleAudience>"
        ],
        "count": 11.0
    },
    {
        "pset": [
            "<schema.org/healthCondition>",
            "isa:<schema.org/PeopleAudience>"
        ],
        "count": 10.0
    },
    {
        "pset": [
            "<schema.org/audienceType>",
            "<schema.org/geographicArea>",
            "<schema.org/name>",
            "<schema.org/sameAs>",
            "<schema.org/suggestedMaxAge>",
            "<schema.org/suggestedMinAge>",
            "<schema.org/url>",
            "isa:<schema.org/PeopleAudience>",
            "isa:<schema.org/Specialty>"
        ],
        "count": 5.0
    },
    {
        "pset": [
            "<schema.org/healthCondition>",
            "isa:<schema.org/EducationalAudience>",
            "isa:<schema.org/MedicalAudience>",
            "isa:<schema.org/Patient>",
            "isa:<schema.org/PeopleAudience>"
        ],
        "count": 5.0
    },
    {
        "pset": [
            "<schema.org/audienceType>",
            "<schema.org/suggestedMaxAge>",
            "<schema.org/suggestedMinAge>",
            "isa:<schema.org/PeopleAudience>"
        ],
        "count": 4.0
    },
    {
        "pset": [
            "<schema.org/audienceType>",
            "<schema.org/suggestedMinAge>",
            "isa:<schema.org/PeopleAudience>"
        ],
        "count": 4.0
    },
    {
        "pset": [
            "<schema.org/additionalType>",
            "<schema.org/audienceType>",
            "isa:<schema.org/PeopleAudience>"
        ],
        "count": 4.0
    },
    {
        "pset": [
            "<schema.org/additionalType>",
            "<schema.org/audienceType>",
            "<schema.org/description>",
            "<schema.org/name>",
            "<schema.org/requiredGender>",
            "<schema.org/sameAs>",
            "<schema.org/suggestedGender>",
            "isa:<schema.org/PeopleAudience>"
        ],
        "count": 3.0
    },
    {
        "pset": [
            "<schema.org/audienceType>",
            "<schema.org/geographicArea>",
            "<schema.org/suggestedMaxAge>",
            "<schema.org/suggestedMinAge>",
            "isa:<schema.org/PeopleAudience>"
        ],
        "count": 3.0
    },
    {
        "pset": [
            "<schema.org/geographicArea>",
            "<schema.org/sameAs>",
            "<schema.org/suggestedMaxAge>",
            "<schema.org/suggestedMinAge>",
            "<schema.org/url>",
            "isa:<schema.org/PeopleAudience>",
            "isa:<schema.org/Specialty>",
            "isa:<schema.org/Thing>"
        ],
        "count": 2.0
    },
    {
        "pset": [
            "<schema.org/alternateName>",
            "<schema.org/audienceType>",
            "<schema.org/description>",
            "<schema.org/disambiguatingDescription>",
            "<schema.org/image>",
            "<schema.org/mainEntityOfPage>",
            "<schema.org/name>",
            "<schema.org/sameAs>",
            "isa:<schema.org/PeopleAudience>"
        ],
        "count": 2.0
    },
    {
        "pset": [
            "<schema.org/description>",
            "<schema.org/name>",
            "<schema.org/suggestedGender>",
            "isa:<schema.org/PeopleAudience>"
        ],
        "count": 2.0
    },
    {
        "pset": [
            "<schema.org/additionalType>",
            "<schema.org/audienceType>",
            "<schema.org/geographicArea>",
            "isa:<schema.org/PeopleAudience>"
        ],
        "count": 1.0
    },
    {
        "pset": [
            "<schema.org/requiredMinAge>",
            "<schema.org/suggestedMinAge>",
            "isa:<schema.org/PeopleAudience>"
        ],
        "count": 1.0
    },
    {
        "pset": [
            "<schema.org/name>",
            "<schema.org/suggestedMinAge>",
            "isa:<schema.org/Audience>",
            "isa:<schema.org/PeopleAudience>"
        ],
        "count": 1.0
    },
    {
        "pset": [
            "<schema.org/description>",
            "<schema.org/name>",
            "<schema.org/suggestedMaxAge>",
            "<schema.org/suggestedMinAge>",
            "isa:<schema.org/PeopleAudience>",
            "isa:<w3.org/2002/07/owl#DatatypeProperty>"
        ],
        "count": 1.0
    },
    {
        "pset": [
            "<schema.org/audienceType>",
            "<schema.org/requiredMinAge>",
            "isa:<schema.org/PeopleAudience>"
        ],
        "count": 1.0
    },
    {
        "pset": [
            "<schema.org/audienceType>",
            "<schema.org/healthCondition>",
            "isa:<schema.org/PeopleAudience>"
        ],
        "count": 1.0
    },
    {
        "pset": [
            "<schema.org/geographicArea>",
            "<schema.org/name>",
            "<schema.org/requiredMinAge>",
            "<schema.org/suggestedGender>",
            "isa:<schema.org/PeopleAudience>"
        ],
        "count": 1.0
    },
    {
        "pset": [
            "<schema.org/alternateName>",
            "<schema.org/audienceType>",
            "<schema.org/description>",
            "<schema.org/disambiguatingDescription>",
            "<schema.org/image>",
            "<schema.org/mainEntityOfPage>",
            "<schema.org/sameAs>",
            "<schema.org/url>",
            "isa:<schema.org/PeopleAudience>"
        ],
        "count": 1.0
    },
    {
        "pset": [
            "<schema.org/audienceType>",
            "<schema.org/description>",
            "<schema.org/url>",
            "isa:<schema.org/PeopleAudience>"
        ],
        "count": 1.0
    }
]