[
    {
        "pset": [
            "<schema.org/url>",
            "isa:<schema.org/Photograph>"
        ],
        "count": 37180.0
    },
    {
        "pset": [
            "<schema.org/contentLocation>",
            "<schema.org/headline>",
            "<schema.org/name>",
            "<schema.org/publisher>",
            "<schema.org/sameAs>",
            "<schema.org/url>",
            "isa:<schema.org/Photograph>"
        ],
        "count": 33640.0
    },
    {
        "pset": [
            "<schema.org/image>",
            "isa:<schema.org/Photograph>"
        ],
        "count": 30525.0
    },
    {
        "pset": [
            "<schema.org/Image>",
            "<schema.org/author>",
            "<schema.org/copyrightHolder>",
            "<schema.org/dateCreated>",
            "<schema.org/genre>",
            "<schema.org/name>",
            "<schema.org/thumbnailUrl>",
            "<schema.org/url>",
            "isa:<schema.org/Photograph>"
        ],
        "count": 20476.0
    },
    {
        "pset": [
            "<schema.org/creator>",
            "<schema.org/datePublished>",
            "<schema.org/description>",
            "<schema.org/fileFormat>",
            "<schema.org/genre>",
            "<schema.org/image>",
            "<schema.org/isFamilyFriendly>",
            "<schema.org/name>",
            "<schema.org/thumbnailUrl>",
            "<schema.org/url>",
            "isa:<schema.org/Photograph>"
        ],
        "count": 18899.0
    },
    {
        "pset": [
            "<schema.org/about>",
            "<schema.org/creator>",
            "<schema.org/dateCreated>",
            "<schema.org/headline>",
            "<schema.org/locationCreated>",
            "<schema.org/mainEntityOfPage>",
            "<schema.org/thumbnailUrl>",
            "isa:<schema.org/Photograph>"
        ],
        "count": 17100.0
    },
    {
        "pset": [
            "<schema.org/creator>",
            "<schema.org/description>",
            "<schema.org/image>",
            "<schema.org/keywords>",
            "<schema.org/name>",
            "<schema.org/offers>",
            "<schema.org/url>",
            "isa:<schema.org/Photograph>"
        ],
        "count": 14206.0
    },
    {
        "pset": [
            "<schema.org/thumbnailUrl>",
            "isa:<schema.org/Photograph>"
        ],
        "count": 12244.0
    },
    {
        "pset": [
            "<schema.org/mainEntityOfPage>",
            "<schema.org/name>",
            "<schema.org/url>",
            "isa:<schema.org/Photograph>"
        ],
        "count": 7442.0
    },
    {
        "pset": [
            "<schema.org/author>",
            "<schema.org/datePublished>",
            "<schema.org/description>",
            "<schema.org/headline>",
            "<schema.org/image>",
            "<schema.org/interactionStatistic>",
            "<schema.org/name>",
            "<schema.org/publisher>",
            "<schema.org/recipeIngredient>",
            "<schema.org/url>",
            "isa:<schema.org/Photograph>"
        ],
        "count": 7277.0
    },
    {
        "pset": [
            "<schema.org/author>",
            "<schema.org/copyrightHolder>",
            "<schema.org/description>",
            "<schema.org/keywords>",
            "<schema.org/thumbnailUrl>",
            "<schema.org/url>",
            "isa:<schema.org/Photograph>"
        ],
        "count": 6756.0
    },
    {
        "pset": [
            "<schema.org/associatedMedia>",
            "isa:<schema.org/Photograph>"
        ],
        "count": 5650.0
    },
    {
        "pset": [
            "<schema.org/accessMode>",
            "<schema.org/associatedMedia>",
            "<schema.org/author>",
            "<schema.org/description>",
            "<schema.org/encodingFormat>",
            "<schema.org/keywords>",
            "<schema.org/mainEntityOfPage>",
            "<schema.org/provider>",
            "<schema.org/publisher>",
            "<schema.org/sourceOrganization>",
            "<schema.org/thumbnailUrl>",
            "<schema.org/url>",
            "isa:<schema.org/Photograph>"
        ],
        "count": 4656.0
    },
    {
        "pset": [
            "<schema.org/contentLocation>",
            "<schema.org/headline>",
            "<schema.org/name>",
            "<schema.org/sameAs>",
            "<schema.org/url>",
            "isa:<schema.org/Photograph>"
        ],
        "count": 4442.0
    },
    {
        "pset": [
            "<schema.org/author>",
            "<schema.org/commentCount>",
            "<schema.org/datePublished>",
            "<schema.org/description>",
            "<schema.org/image>",
            "<schema.org/name>",
            "<schema.org/url>",
            "isa:<schema.org/Photograph>"
        ],
        "count": 3017.0
    },
    {
        "pset": [
            "<schema.org/comment>",
            "<schema.org/creator>",
            "<schema.org/description>",
            "<schema.org/image>",
            "<schema.org/keywords>",
            "<schema.org/name>",
            "<schema.org/offers>",
            "<schema.org/url>",
            "isa:<schema.org/Photograph>"
        ],
        "count": 2474.0
    },
    {
        "pset": [
            "<schema.org/description>",
            "<schema.org/url>",
            "isa:<schema.org/Photograph>"
        ],
        "count": 2375.0
    },
    {
        "pset": [
            "isa:<schema.org/Photograph>"
        ],
        "count": 2359.0
    },
    {
        "pset": [
            "<schema.org/aggregateRating>",
            "<schema.org/name>",
            "isa:<schema.org/Photograph>"
        ],
        "count": 1949.0
    },
    {
        "pset": [
            "<schema.org/about>",
            "<schema.org/creator>",
            "<schema.org/dateCreated>",
            "<schema.org/description>",
            "<schema.org/identifier>",
            "<schema.org/isAvailableForFree>",
            "<schema.org/maintainer>",
            "<schema.org/name>",
            "<schema.org/temporal>",
            "<schema.org/thumbnailUrl>",
            "<schema.org/usageInfo>",
            "isa:<schema.org/Photograph>"
        ],
        "count": 1693.0
    },
    {
        "pset": [
            "<schema.org/about>",
            "isa:<schema.org/Photograph>"
        ],
        "count": 1639.0
    },
    {
        "pset": [
            "<schema.org/name>",
            "isa:<schema.org/Photograph>"
        ],
        "count": 1366.0
    },
    {
        "pset": [
            "<schema.org/author>",
            "<schema.org/contentLocation>",
            "<schema.org/dateModified>",
            "<schema.org/datePublished>",
            "<schema.org/description>",
            "<schema.org/headline>",
            "<schema.org/image>",
            "<schema.org/keywords>",
            "<schema.org/name>",
            "<schema.org/publisher>",
            "<schema.org/thumbnailUrl>",
            "<schema.org/url>",
            "isa:<schema.org/Photograph>"
        ],
        "count": 1224.0
    },
    {
        "pset": [
            "<schema.org/about>",
            "<schema.org/dateCreated>",
            "<schema.org/description>",
            "<schema.org/identifier>",
            "<schema.org/isAvailableForFree>",
            "<schema.org/maintainer>",
            "<schema.org/name>",
            "<schema.org/temporal>",
            "<schema.org/thumbnailUrl>",
            "<schema.org/usageInfo>",
            "isa:<schema.org/Photograph>"
        ],
        "count": 1183.0
    },
    {
        "pset": [
            "<schema.org/author>",
            "<schema.org/copyrightHolder>",
            "<schema.org/copyrightYear>",
            "<schema.org/creator>",
            "<schema.org/dateModified>",
            "<schema.org/datePublished>",
            "<schema.org/description>",
            "<schema.org/headline>",
            "<schema.org/image>",
            "<schema.org/inLanguage>",
            "<schema.org/mainEntityOfPage>",
            "<schema.org/name>",
            "<schema.org/potentialAction>",
            "<schema.org/publisher>",
            "<schema.org/url>",
            "isa:<schema.org/Photograph>"
        ],
        "count": 1025.0
    },
    {
        "pset": [
            "<schema.org/datePublished>",
            "<schema.org/description>",
            "<schema.org/image>",
            "isa:<schema.org/Photograph>"
        ],
        "count": 933.0
    },
    {
        "pset": [
            "<schema.org/author>",
            "<schema.org/contentLocation>",
            "<schema.org/description>",
            "<schema.org/image>",
            "<schema.org/keywords>",
            "<schema.org/mainEntityOfPage>",
            "<schema.org/name>",
            "<schema.org/temporalCoverage>",
            "<schema.org/thumbnailUrl>",
            "<schema.org/url>",
            "isa:<schema.org/Photograph>"
        ],
        "count": 790.0
    },
    {
        "pset": [
            "<schema.org/about>",
            "<schema.org/dateCreated>",
            "<schema.org/description>",
            "<schema.org/identifier>",
            "<schema.org/isAvailableForFree>",
            "<schema.org/maintainer>",
            "<schema.org/name>",
            "<schema.org/spatialCoverage>",
            "<schema.org/temporal>",
            "<schema.org/thumbnailUrl>",
            "<schema.org/usageInfo>",
            "isa:<schema.org/Photograph>"
        ],
        "count": 758.0
    },
    {
        "pset": [
            "<schema.org/about>",
            "<schema.org/creator>",
            "<schema.org/dateCreated>",
            "<schema.org/headline>",
            "<schema.org/mainEntityOfPage>",
            "<schema.org/thumbnailUrl>",
            "isa:<schema.org/Photograph>"
        ],
        "count": 747.0
    },
    {
        "pset": [
            "<schema.org/creator>",
            "<schema.org/description>",
            "<schema.org/image>",
            "<schema.org/name>",
            "<schema.org/url>",
            "isa:<schema.org/Photograph>"
        ],
        "count": 717.0
    },
    {
        "pset": [
            "<schema.org/accountablePerson>",
            "<schema.org/creator>",
            "<schema.org/description>",
            "<schema.org/genre>",
            "<schema.org/image>",
            "<schema.org/locationCreated>",
            "<schema.org/mainEntityOfPage>",
            "<schema.org/name>",
            "<schema.org/url>",
            "isa:<schema.org/Photograph>"
        ],
        "count": 711.0
    },
    {
        "pset": [
            "<schema.org/copyrightHolder>",
            "<schema.org/creator>",
            "<schema.org/headline>",
            "<schema.org/image>",
            "<schema.org/keywords>",
            "<schema.org/name>",
            "<schema.org/thumbnailUrl>",
            "<schema.org/url>",
            "isa:<schema.org/Photograph>"
        ],
        "count": 631.0
    },
    {
        "pset": [
            "<schema.org/accountablePerson>",
            "<schema.org/author>",
            "<schema.org/copyrightYear>",
            "<schema.org/datePublished>",
            "<schema.org/description>",
            "<schema.org/headline>",
            "<schema.org/image>",
            "<schema.org/name>",
            "<schema.org/publisher>",
            "<schema.org/thumbnailUrl>",
            "<schema.org/url>",
            "isa:<schema.org/Photograph>"
        ],
        "count": 607.0
    },
    {
        "pset": [
            "<schema.org/creator>",
            "<schema.org/dateCreated>",
            "<schema.org/description>",
            "<schema.org/identifier>",
            "<schema.org/isAvailableForFree>",
            "<schema.org/maintainer>",
            "<schema.org/name>",
            "<schema.org/temporal>",
            "<schema.org/thumbnailUrl>",
            "<schema.org/usageInfo>",
            "isa:<schema.org/Photograph>"
        ],
        "count": 598.0
    },
    {
        "pset": [
            "<schema.org/creator>",
            "<schema.org/image>",
            "<schema.org/license>",
            "<schema.org/locationCreated>",
            "<schema.org/name>",
            "<schema.org/publisher>",
            "<schema.org/url>",
            "isa:<schema.org/Photograph>"
        ],
        "count": 597.0
    },
    {
        "pset": [
            "<schema.org/contentLocation>",
            "<schema.org/copyrightHolder>",
            "<schema.org/creator>",
            "<schema.org/description>",
            "<schema.org/image>",
            "<schema.org/name>",
            "<schema.org/url>",
            "isa:<schema.org/Photograph>"
        ],
        "count": 528.0
    },
    {
        "pset": [
            "<schema.org/name>",
            "<schema.org/url>",
            "isa:<schema.org/Photograph>"
        ],
        "count": 523.0
    },
    {
        "pset": [
            "<schema.org/about>",
            "<schema.org/dateCreated>",
            "<schema.org/datePublished>",
            "<schema.org/image>",
            "<schema.org/keywords>",
            "<schema.org/publisher>",
            "<schema.org/url>",
            "isa:<schema.org/Photograph>"
        ],
        "count": 505.0
    },
    {
        "pset": [
            "<schema.org/about>",
            "<schema.org/creator>",
            "<schema.org/description>",
            "<schema.org/identifier>",
            "<schema.org/isAvailableForFree>",
            "<schema.org/maintainer>",
            "<schema.org/name>",
            "<schema.org/temporal>",
            "<schema.org/thumbnailUrl>",
            "<schema.org/usageInfo>",
            "isa:<schema.org/Photograph>"
        ],
        "count": 448.0
    },
    {
        "pset": [
            "<schema.org/headline>",
            "<schema.org/name>",
            "<schema.org/url>",
            "isa:<schema.org/Photograph>"
        ],
        "count": 415.0
    },
    {
        "pset": [
            "<schema.org/author>",
            "<schema.org/dateCreated>",
            "<schema.org/description>",
            "<schema.org/locationCreated>",
            "<schema.org/name>",
            "<schema.org/thumbnailUrl>",
            "<schema.org/url>",
            "isa:<schema.org/Photograph>"
        ],
        "count": 354.0
    },
    {
        "pset": [
            "<schema.org/creator>",
            "<schema.org/description>",
            "<schema.org/identifier>",
            "<schema.org/isAvailableForFree>",
            "<schema.org/maintainer>",
            "<schema.org/name>",
            "<schema.org/temporal>",
            "<schema.org/thumbnailUrl>",
            "<schema.org/usageInfo>",
            "isa:<schema.org/Photograph>"
        ],
        "count": 351.0
    },
    {
        "pset": [
            "<schema.org/author>",
            "<schema.org/description>",
            "<schema.org/headline>",
            "<schema.org/image>",
            "<schema.org/mainEntityOfPage>",
            "<schema.org/publisher>",
            "isa:<schema.org/Photograph>"
        ],
        "count": 313.0
    },
    {
        "pset": [
            "<schema.org/hasPart>",
            "<schema.org/name>",
            "<schema.org/url>",
            "isa:<schema.org/Photograph>"
        ],
        "count": 295.0
    },
    {
        "pset": [
            "<schema.org/description>",
            "<schema.org/name>",
            "<schema.org/provider>",
            "isa:<schema.org/Photograph>"
        ],
        "count": 294.0
    },
    {
        "pset": [
            "<schema.org/author>",
            "<schema.org/datePublished>",
            "<schema.org/image>",
            "<schema.org/name>",
            "<schema.org/publisher>",
            "isa:<schema.org/Photograph>"
        ],
        "count": 266.0
    },
    {
        "pset": [
            "<schema.org/creator>",
            "<schema.org/description>",
            "<schema.org/image>",
            "<schema.org/keywords>",
            "<schema.org/name>",
            "<schema.org/url>",
            "isa:<schema.org/Photograph>"
        ],
        "count": 254.0
    },
    {
        "pset": [
            "<schema.org/about>",
            "<schema.org/creator>",
            "<schema.org/dateCreated>",
            "<schema.org/description>",
            "<schema.org/identifier>",
            "<schema.org/inLanguage>",
            "<schema.org/isAvailableForFree>",
            "<schema.org/maintainer>",
            "<schema.org/name>",
            "<schema.org/spatialCoverage>",
            "<schema.org/temporal>",
            "<schema.org/thumbnailUrl>",
            "<schema.org/usageInfo>",
            "isa:<schema.org/ItemPage>",
            "isa:<schema.org/Photograph>"
        ],
        "count": 243.0
    },
    {
        "pset": [
            "<schema.org/author>",
            "<schema.org/dateModified>",
            "<schema.org/datePublished>",
            "<schema.org/description>",
            "<schema.org/headline>",
            "<schema.org/image>",
            "<schema.org/keywords>",
            "<schema.org/name>",
            "<schema.org/publisher>",
            "<schema.org/thumbnailUrl>",
            "<schema.org/url>",
            "isa:<schema.org/Photograph>"
        ],
        "count": 240.0
    },
    {
        "pset": [
            "<schema.org/potentialAction>",
            "<schema.org/url>",
            "isa:<schema.org/Photograph>"
        ],
        "count": 239.0
    },
    {
        "pset": [
            "<schema.org/alternateName>",
            "<schema.org/author>",
            "<schema.org/contentLocation>",
            "<schema.org/copyrightHolder>",
            "<schema.org/dateCreated>",
            "<schema.org/dateModified>",
            "<schema.org/datePublished>",
            "<schema.org/description>",
            "<schema.org/discussionUrl>",
            "<schema.org/fileFormat>",
            "<schema.org/image>",
            "<schema.org/keywords>",
            "<schema.org/license>",
            "<schema.org/locationCreated>",
            "<schema.org/mainEntityOfPage>",
            "<schema.org/name>",
            "<schema.org/thumbnailUrl>",
            "<schema.org/url>",
            "isa:<schema.org/Photograph>"
        ],
        "count": 237.0
    },
    {
        "pset": [
            "<schema.org/creator>",
            "<schema.org/dateCreated>",
            "<schema.org/image>",
            "<schema.org/name>",
            "<schema.org/text>",
            "isa:<schema.org/Photograph>"
        ],
        "count": 230.0
    },
    {
        "pset": [
            "<schema.org/copyrightHolder>",
            "<schema.org/image>",
            "isa:<schema.org/Photograph>"
        ],
        "count": 205.0
    },
    {
        "pset": [
            "<schema.org/author>",
            "<schema.org/name>",
            "<schema.org/url>",
            "isa:<schema.org/Photograph>"
        ],
        "count": 193.0
    },
    {
        "pset": [
            "<schema.org/aggregateRating>",
            "<schema.org/creator>",
            "<schema.org/genre>",
            "<schema.org/isFamilyFriendly>",
            "<schema.org/name>",
            "<schema.org/offers>",
            "<schema.org/provider>",
            "isa:<schema.org/Photograph>"
        ],
        "count": 189.0
    },
    {
        "pset": [
            "<schema.org/contentLocation>",
            "<schema.org/creator>",
            "<schema.org/image>",
            "<schema.org/locationCreated>",
            "<schema.org/name>",
            "<schema.org/sameAs>",
            "isa:<schema.org/Photograph>"
        ],
        "count": 174.0
    },
    {
        "pset": [
            "<schema.org/author>",
            "<schema.org/copyrightHolder>",
            "<schema.org/copyrightYear>",
            "<schema.org/creator>",
            "<schema.org/dateModified>",
            "<schema.org/datePublished>",
            "<schema.org/description>",
            "<schema.org/headline>",
            "<schema.org/image>",
            "<schema.org/inLanguage>",
            "<schema.org/mainEntityOfPage>",
            "<schema.org/name>",
            "<schema.org/publisher>",
            "<schema.org/url>",
            "isa:<schema.org/Photograph>"
        ],
        "count": 169.0
    },
    {
        "pset": [
            "<schema.org/mainEntityOfPage>",
            "<schema.org/name>",
            "isa:<schema.org/Photograph>"
        ],
        "count": 162.0
    },
    {
        "pset": [
            "<schema.org/name>",
            "<schema.org/sameAs>",
            "<schema.org/url>",
            "isa:<schema.org/Photograph>"
        ],
        "count": 152.0
    },
    {
        "pset": [
            "<schema.org/about>",
            "<schema.org/creator>",
            "<schema.org/dateCreated>",
            "<schema.org/description>",
            "<schema.org/identifier>",
            "<schema.org/isAvailableForFree>",
            "<schema.org/maintainer>",
            "<schema.org/name>",
            "<schema.org/spatialCoverage>",
            "<schema.org/temporal>",
            "<schema.org/thumbnailUrl>",
            "<schema.org/usageInfo>",
            "isa:<schema.org/Photograph>"
        ],
        "count": 140.0
    },
    {
        "pset": [
            "<schema.org/author>",
            "<schema.org/dateCreated>",
            "<schema.org/datePublished>",
            "<schema.org/description>",
            "<schema.org/image>",
            "<schema.org/mainEntityOfPage>",
            "<schema.org/name>",
            "<schema.org/url>",
            "isa:<schema.org/Photograph>"
        ],
        "count": 133.0
    },
    {
        "pset": [
            "<schema.org/description>",
            "<schema.org/image>",
            "<schema.org/name>",
            "<schema.org/offers>",
            "<schema.org/provider>",
            "<schema.org/url>",
            "isa:<schema.org/Photograph>"
        ],
        "count": 132.0
    },
    {
        "pset": [
            "<schema.org/author>",
            "<schema.org/dateModified>",
            "<schema.org/datePublished>",
            "<schema.org/description>",
            "<schema.org/editor>",
            "<schema.org/headline>",
            "<schema.org/image>",
            "<schema.org/inLanguage>",
            "<schema.org/keywords>",
            "<schema.org/mainEntityOfPage>",
            "<schema.org/publisher>",
            "<schema.org/url>",
            "isa:<schema.org/Photograph>"
        ],
        "count": 126.0
    },
    {
        "pset": [
            "<schema.org/address>",
            "<schema.org/contactPoint>",
            "<schema.org/description>",
            "<schema.org/geo>",
            "<schema.org/hasMap>",
            "<schema.org/logo>",
            "<schema.org/name>",
            "<schema.org/openingHours>",
            "<schema.org/telephone>",
            "<schema.org/url>",
            "isa:<schema.org/Photograph>"
        ],
        "count": 117.0
    },
    {
        "pset": [
            "<schema.org/author>",
            "<schema.org/contentLocation>",
            "<schema.org/dateModified>",
            "<schema.org/datePublished>",
            "<schema.org/description>",
            "<schema.org/headline>",
            "<schema.org/image>",
            "<schema.org/name>",
            "<schema.org/publisher>",
            "<schema.org/thumbnailUrl>",
            "<schema.org/url>",
            "isa:<schema.org/Photograph>"
        ],
        "count": 108.0
    },
    {
        "pset": [
            "<schema.org/author>",
            "<schema.org/dateModified>",
            "<schema.org/datePublished>",
            "<schema.org/description>",
            "<schema.org/headline>",
            "<schema.org/image>",
            "<schema.org/name>",
            "<schema.org/publisher>",
            "<schema.org/thumbnailUrl>",
            "<schema.org/url>",
            "isa:<schema.org/Photograph>"
        ],
        "count": 101.0
    },
    {
        "pset": [
            "<schema.org/author>",
            "<schema.org/copyrightHolder>",
            "<schema.org/copyrightYear>",
            "<schema.org/dateCreated>",
            "<schema.org/dateModified>",
            "<schema.org/datePublished>",
            "<schema.org/description>",
            "<schema.org/headline>",
            "<schema.org/inLanguage>",
            "<schema.org/keywords>",
            "<schema.org/mainEntityOfPage>",
            "<schema.org/name>",
            "<schema.org/publisher>",
            "<schema.org/url>",
            "isa:<schema.org/Photograph>"
        ],
        "count": 99.0
    },
    {
        "pset": [
            "<schema.org/author>",
            "<schema.org/isPartOf>",
            "<schema.org/name>",
            "isa:<schema.org/Photograph>"
        ],
        "count": 94.0
    },
    {
        "pset": [
            "<schema.org/about>",
            "<schema.org/caption>",
            "<schema.org/contentUrl>",
            "<schema.org/url>",
            "isa:<schema.org/Photograph>"
        ],
        "count": 93.0
    },
    {
        "pset": [
            "<schema.org/accessMode>",
            "<schema.org/accessModeSufficient>",
            "<schema.org/author>",
            "<schema.org/dateModified>",
            "<schema.org/datePublished>",
            "<schema.org/publisher>",
            "isa:<schema.org/Photograph>"
        ],
        "count": 85.0
    },
    {
        "pset": [
            "<schema.org/about>",
            "<schema.org/caption>",
            "<schema.org/contentUrl>",
            "<schema.org/creditText>",
            "<schema.org/datePublished>",
            "<schema.org/url>",
            "isa:<schema.org/Photograph>"
        ],
        "count": 80.0
    },
    {
        "pset": [
            "<schema.org/creator>",
            "<schema.org/datePublished>",
            "<schema.org/description>",
            "<schema.org/fileFormat>",
            "<schema.org/image>",
            "<schema.org/isFamilyFriendly>",
            "<schema.org/name>",
            "<schema.org/thumbnailUrl>",
            "<schema.org/url>",
            "isa:<schema.org/Photograph>"
        ],
        "count": 74.0
    },
    {
        "pset": [
            "<schema.org/creator>",
            "<schema.org/image>",
            "<schema.org/name>",
            "<schema.org/thumbnailUrl>",
            "isa:<schema.org/Photograph>"
        ],
        "count": 72.0
    },
    {
        "pset": [
            "<schema.org/creator>",
            "<schema.org/isFamilyFriendly>",
            "<schema.org/name>",
            "<schema.org/offers>",
            "<schema.org/provider>",
            "isa:<schema.org/Photograph>"
        ],
        "count": 70.0
    },
    {
        "pset": [
            "<schema.org/author>",
            "<schema.org/dateModified>",
            "<schema.org/datePublished>",
            "<schema.org/image>",
            "<schema.org/keywords>",
            "<schema.org/license>",
            "<schema.org/name>",
            "<schema.org/thumbnailUrl>",
            "isa:<schema.org/Photograph>"
        ],
        "count": 66.0
    },
    {
        "pset": [
            "<schema.org/comment>",
            "<schema.org/creator>",
            "<schema.org/description>",
            "<schema.org/image>",
            "<schema.org/keywords>",
            "<schema.org/name>",
            "<schema.org/url>",
            "isa:<schema.org/Photograph>"
        ],
        "count": 66.0
    },
    {
        "pset": [
            "<schema.org/logo>",
            "<schema.org/url>",
            "isa:<schema.org/Photograph>"
        ],
        "count": 63.0
    },
    {
        "pset": [
            "<schema.org/creator>",
            "<schema.org/description>",
            "<schema.org/image>",
            "<schema.org/name>",
            "<schema.org/thumbnailUrl>",
            "<schema.org/url>",
            "isa:<schema.org/Photograph>"
        ],
        "count": 63.0
    },
    {
        "pset": [
            "<schema.org/about>",
            "<schema.org/caption>",
            "<schema.org/contentUrl>",
            "<schema.org/creator>",
            "<schema.org/creditText>",
            "<schema.org/datePublished>",
            "<schema.org/url>",
            "isa:<schema.org/Photograph>"
        ],
        "count": 56.0
    },
    {
        "pset": [
            "<schema.org/image>",
            "<schema.org/thumbnailUrl>",
            "isa:<schema.org/Photograph>"
        ],
        "count": 56.0
    },
    {
        "pset": [
            "<schema.org/author>",
            "<schema.org/commentCount>",
            "<schema.org/dateCreated>",
            "<schema.org/image>",
            "<schema.org/locationCreated>",
            "<schema.org/name>",
            "<schema.org/text>",
            "<schema.org/thumbnailUrl>",
            "<schema.org/url>",
            "isa:<schema.org/Photograph>"
        ],
        "count": 51.0
    },
    {
        "pset": [
            "<schema.org/about>",
            "<schema.org/creator>",
            "<schema.org/dateCreated>",
            "<schema.org/description>",
            "<schema.org/identifier>",
            "<schema.org/inLanguage>",
            "<schema.org/isAvailableForFree>",
            "<schema.org/maintainer>",
            "<schema.org/name>",
            "<schema.org/spatialCoverage>",
            "<schema.org/temporal>",
            "<schema.org/thumbnailUrl>",
            "<schema.org/usageInfo>",
            "isa:<schema.org/Photograph>"
        ],
        "count": 51.0
    },
    {
        "pset": [
            "<schema.org/description>",
            "<schema.org/image>",
            "<schema.org/name>",
            "<schema.org/url>",
            "isa:<schema.org/Photograph>"
        ],
        "count": 49.0
    },
    {
        "pset": [
            "<schema.org/itemListElement>",
            "<schema.org/name>",
            "<schema.org/numberOfItems>",
            "<schema.org/thumbnailUrl>",
            "<schema.org/url>",
            "isa:<schema.org/ItemList>",
            "isa:<schema.org/Photograph>"
        ],
        "count": 46.0
    },
    {
        "pset": [
            "<schema.org/about>",
            "<schema.org/caption>",
            "<schema.org/contentUrl>",
            "<schema.org/creditText>",
            "<schema.org/url>",
            "isa:<schema.org/Photograph>"
        ],
        "count": 43.0
    },
    {
        "pset": [
            "<schema.org/image>",
            "<schema.org/name>",
            "isa:<schema.org/Photograph>"
        ],
        "count": 43.0
    },
    {
        "pset": [
            "<schema.org/about>",
            "<schema.org/creator>",
            "<schema.org/dateCreated>",
            "<schema.org/description>",
            "<schema.org/identifier>",
            "<schema.org/isAvailableForFree>",
            "<schema.org/maintainer>",
            "<schema.org/name>",
            "<schema.org/publisher>",
            "<schema.org/temporal>",
            "<schema.org/thumbnailUrl>",
            "<schema.org/usageInfo>",
            "isa:<schema.org/ItemPage>",
            "isa:<schema.org/Photograph>"
        ],
        "count": 43.0
    },
    {
        "pset": [
            "<schema.org/copyrightHolder>",
            "<schema.org/image>",
            "<schema.org/license>",
            "isa:<schema.org/Photograph>"
        ],
        "count": 39.0
    },
    {
        "pset": [
            "<schema.org/author>",
            "<schema.org/copyrightHolder>",
            "<schema.org/copyrightYear>",
            "<schema.org/dateCreated>",
            "<schema.org/dateModified>",
            "<schema.org/datePublished>",
            "<schema.org/description>",
            "<schema.org/headline>",
            "<schema.org/image>",
            "<schema.org/inLanguage>",
            "<schema.org/keywords>",
            "<schema.org/mainEntityOfPage>",
            "<schema.org/name>",
            "<schema.org/publisher>",
            "<schema.org/url>",
            "isa:<schema.org/Photograph>"
        ],
        "count": 34.0
    },
    {
        "pset": [
            "<schema.org/keywords>",
            "<schema.org/url>",
            "isa:<schema.org/Photograph>"
        ],
        "count": 34.0
    },
    {
        "pset": [
            "<schema.org/author>",
            "<schema.org/dateModified>",
            "<schema.org/datePublished>",
            "<schema.org/image>",
            "<schema.org/keywords>",
            "<schema.org/license>",
            "<schema.org/locationCreated>",
            "<schema.org/name>",
            "<schema.org/thumbnailUrl>",
            "isa:<schema.org/Photograph>"
        ],
        "count": 32.0
    },
    {
        "pset": [
            "<schema.org/about>",
            "<schema.org/dateCreated>",
            "<schema.org/description>",
            "<schema.org/identifier>",
            "<schema.org/isAvailableForFree>",
            "<schema.org/maintainer>",
            "<schema.org/name>",
            "<schema.org/spatialCoverage>",
            "<schema.org/temporal>",
            "<schema.org/thumbnailUrl>",
            "<schema.org/usageInfo>",
            "isa:<schema.org/ItemPage>",
            "isa:<schema.org/Photograph>"
        ],
        "count": 29.0
    },
    {
        "pset": [
            "<schema.org/about>",
            "<schema.org/accessMode>",
            "<schema.org/accessModeSufficient>",
            "<schema.org/author>",
            "<schema.org/dateModified>",
            "<schema.org/datePublished>",
            "<schema.org/publisher>",
            "isa:<schema.org/Photograph>"
        ],
        "count": 28.0
    },
    {
        "pset": [
            "<schema.org/author>",
            "<schema.org/commentCount>",
            "<schema.org/datePublished>",
            "<schema.org/description>",
            "<schema.org/name>",
            "<schema.org/url>",
            "isa:<schema.org/Photograph>"
        ],
        "count": 28.0
    },
    {
        "pset": [
            "<schema.org/about>",
            "<schema.org/creator>",
            "<schema.org/dateCreated>",
            "<schema.org/description>",
            "<schema.org/identifier>",
            "<schema.org/inLanguage>",
            "<schema.org/isAvailableForFree>",
            "<schema.org/maintainer>",
            "<schema.org/name>",
            "<schema.org/temporal>",
            "<schema.org/thumbnailUrl>",
            "<schema.org/usageInfo>",
            "isa:<schema.org/Photograph>"
        ],
        "count": 28.0
    },
    {
        "pset": [
            "<schema.org/about>",
            "<schema.org/creator>",
            "<schema.org/dateCreated>",
            "<schema.org/locationCreated>",
            "<schema.org/mainEntityOfPage>",
            "<schema.org/thumbnailUrl>",
            "isa:<schema.org/Photograph>"
        ],
        "count": 25.0
    },
    {
        "pset": [
            "<schema.org/copyrightHolder>",
            "<schema.org/creator>",
            "<schema.org/image>",
            "<schema.org/keywords>",
            "<schema.org/thumbnailUrl>",
            "<schema.org/url>",
            "isa:<schema.org/Photograph>"
        ],
        "count": 24.0
    },
    {
        "pset": [
            "<schema.org/address>",
            "<schema.org/description>",
            "<schema.org/logo>",
            "<schema.org/name>",
            "<schema.org/url>",
            "isa:<schema.org/Photograph>"
        ],
        "count": 23.0
    },
    {
        "pset": [
            "<schema.org/about>",
            "<schema.org/dateCreated>",
            "<schema.org/description>",
            "<schema.org/identifier>",
            "<schema.org/inLanguage>",
            "<schema.org/isAvailableForFree>",
            "<schema.org/maintainer>",
            "<schema.org/name>",
            "<schema.org/spatialCoverage>",
            "<schema.org/temporal>",
            "<schema.org/thumbnailUrl>",
            "<schema.org/usageInfo>",
            "isa:<schema.org/ItemPage>",
            "isa:<schema.org/Photograph>"
        ],
        "count": 22.0
    },
    {
        "pset": [
            "<schema.org/author>",
            "<schema.org/copyrightHolder>",
            "<schema.org/copyrightYear>",
            "<schema.org/keywords>",
            "<schema.org/name>",
            "<schema.org/sameAs>",
            "<schema.org/url>",
            "isa:<schema.org/Photograph>",
            "isa:<schema.org/WebSite>"
        ],
        "count": 21.0
    },
    {
        "pset": [
            "<schema.org/description>",
            "<schema.org/image>",
            "<schema.org/mainEntityOfPage>",
            "<schema.org/name>",
            "<schema.org/sameAs>",
            "<schema.org/subjectOf>",
            "<schema.org/url>",
            "isa:<schema.org/Photograph>"
        ],
        "count": 18.0
    },
    {
        "pset": [
            "<schema.org/alternateName>",
            "<schema.org/description>",
            "<schema.org/image>",
            "<schema.org/mainEntityOfPage>",
            "<schema.org/name>",
            "<schema.org/review>",
            "<schema.org/url>",
            "isa:<schema.org/Photograph>"
        ],
        "count": 18.0
    },
    {
        "pset": [
            "<schema.org/author>",
            "<schema.org/commentCount>",
            "<schema.org/dateCreated>",
            "<schema.org/description>",
            "<schema.org/discussionUrl>",
            "<schema.org/fileFormat>",
            "<schema.org/image>",
            "<schema.org/interactionStatistic>",
            "<schema.org/name>",
            "<schema.org/thumbnailUrl>",
            "<schema.org/url>",
            "isa:<schema.org/Photograph>"
        ],
        "count": 16.0
    },
    {
        "pset": [
            "<schema.org/creator>",
            "<schema.org/dateCreated>",
            "<schema.org/image>",
            "<schema.org/material>",
            "<schema.org/name>",
            "<schema.org/thumbnailUrl>",
            "<schema.org/url>",
            "isa:<schema.org/Photograph>"
        ],
        "count": 16.0
    },
    {
        "pset": [
            "<schema.org/author>",
            "<schema.org/commentCount>",
            "<schema.org/dateCreated>",
            "<schema.org/discussionUrl>",
            "<schema.org/fileFormat>",
            "<schema.org/image>",
            "<schema.org/interactionStatistic>",
            "<schema.org/name>",
            "<schema.org/thumbnailUrl>",
            "<schema.org/url>",
            "isa:<schema.org/Photograph>"
        ],
        "count": 16.0
    },
    {
        "pset": [
            "<schema.org/author>",
            "<schema.org/headline>",
            "<schema.org/image>",
            "isa:<schema.org/Photograph>"
        ],
        "count": 15.0
    },
    {
        "pset": [
            "<schema.org/about>",
            "<schema.org/dateCreated>",
            "<schema.org/description>",
            "<schema.org/identifier>",
            "<schema.org/inLanguage>",
            "<schema.org/isAvailableForFree>",
            "<schema.org/maintainer>",
            "<schema.org/name>",
            "<schema.org/temporal>",
            "<schema.org/thumbnailUrl>",
            "<schema.org/usageInfo>",
            "isa:<schema.org/ItemPage>",
            "isa:<schema.org/Photograph>"
        ],
        "count": 14.0
    },
    {
        "pset": [
            "<schema.org/author>",
            "<schema.org/dateModified>",
            "<schema.org/datePublished>",
            "<schema.org/headline>",
            "<schema.org/image>",
            "<schema.org/mainEntityOfPage>",
            "<schema.org/publisher>",
            "isa:<schema.org/Photograph>"
        ],
        "count": 13.0
    },
    {
        "pset": [
            "<schema.org/author>",
            "<schema.org/datePublished>",
            "<schema.org/description>",
            "<schema.org/image>",
            "<schema.org/name>",
            "isa:<schema.org/Photograph>"
        ],
        "count": 12.0
    },
    {
        "pset": [
            "<schema.org/about>",
            "<schema.org/dateCreated>",
            "<schema.org/description>",
            "<schema.org/identifier>",
            "<schema.org/isAvailableForFree>",
            "<schema.org/maintainer>",
            "<schema.org/name>",
            "<schema.org/temporal>",
            "<schema.org/thumbnailUrl>",
            "<schema.org/usageInfo>",
            "isa:<schema.org/ItemPage>",
            "isa:<schema.org/Photograph>"
        ],
        "count": 12.0
    },
    {
        "pset": [
            "<schema.org/about>",
            "<schema.org/author>",
            "<schema.org/url>",
            "isa:<schema.org/Photograph>"
        ],
        "count": 12.0
    },
    {
        "pset": [
            "<schema.org/about>",
            "<schema.org/creator>",
            "<schema.org/dateCreated>",
            "<schema.org/description>",
            "<schema.org/identifier>",
            "<schema.org/isAvailableForFree>",
            "<schema.org/maintainer>",
            "<schema.org/name>",
            "<schema.org/spatialCoverage>",
            "<schema.org/temporal>",
            "<schema.org/thumbnailUrl>",
            "<schema.org/usageInfo>",
            "isa:<schema.org/ItemPage>",
            "isa:<schema.org/Photograph>"
        ],
        "count": 11.0
    },
    {
        "pset": [
            "<schema.org/about>",
            "<schema.org/caption>",
            "<schema.org/contentUrl>",
            "<schema.org/creator>",
            "<schema.org/creditText>",
            "<schema.org/url>",
            "isa:<schema.org/Photograph>"
        ],
        "count": 11.0
    },
    {
        "pset": [
            "<schema.org/author>",
            "<schema.org/dateCreated>",
            "<schema.org/datePublished>",
            "<schema.org/description>",
            "<schema.org/inLanguage>",
            "<schema.org/keywords>",
            "<schema.org/mentions>",
            "<schema.org/name>",
            "<schema.org/sameAs>",
            "<schema.org/url>",
            "isa:<schema.org/Photograph>"
        ],
        "count": 11.0
    },
    {
        "pset": [
            "<schema.org/about>",
            "<schema.org/author>",
            "<schema.org/copyrightHolder>",
            "<schema.org/copyrightYear>",
            "<schema.org/url>",
            "isa:<schema.org/Photograph>"
        ],
        "count": 10.0
    },
    {
        "pset": [
            "<schema.org/address>",
            "<schema.org/description>",
            "<schema.org/image>",
            "<schema.org/logo>",
            "<schema.org/name>",
            "<schema.org/telephone>",
            "<schema.org/url>",
            "isa:<schema.org/Photograph>"
        ],
        "count": 10.0
    },
    {
        "pset": [
            "<schema.org/author>",
            "<schema.org/creator>",
            "<schema.org/dateCreated>",
            "<schema.org/dateModified>",
            "<schema.org/datePublished>",
            "<schema.org/description>",
            "<schema.org/headline>",
            "<schema.org/image>",
            "<schema.org/mainEntityOfPage>",
            "<schema.org/publisher>",
            "<schema.org/url>",
            "isa:<schema.org/Photograph>"
        ],
        "count": 10.0
    },
    {
        "pset": [
            "<schema.org/author>",
            "<schema.org/comment>",
            "<schema.org/dateModified>",
            "<schema.org/datePublished>",
            "<schema.org/description>",
            "<schema.org/editor>",
            "<schema.org/headline>",
            "<schema.org/image>",
            "<schema.org/inLanguage>",
            "<schema.org/keywords>",
            "<schema.org/mainEntityOfPage>",
            "<schema.org/publisher>",
            "<schema.org/url>",
            "isa:<schema.org/Photograph>"
        ],
        "count": 9.0
    },
    {
        "pset": [
            "<schema.org/aggregateRating>",
            "<schema.org/character>",
            "<schema.org/description>",
            "<schema.org/identifier>",
            "<schema.org/image>",
            "<schema.org/keywords>",
            "<schema.org/name>",
            "<schema.org/offers>",
            "<schema.org/publisher>",
            "isa:<schema.org/Photograph>"
        ],
        "count": 8.0
    },
    {
        "pset": [
            "<schema.org/about>",
            "<schema.org/description>",
            "<schema.org/identifier>",
            "<schema.org/inLanguage>",
            "<schema.org/isAvailableForFree>",
            "<schema.org/maintainer>",
            "<schema.org/name>",
            "<schema.org/spatialCoverage>",
            "<schema.org/temporal>",
            "<schema.org/thumbnailUrl>",
            "<schema.org/usageInfo>",
            "isa:<schema.org/ItemPage>",
            "isa:<schema.org/Photograph>"
        ],
        "count": 8.0
    },
    {
        "pset": [
            "<schema.org/creator>",
            "<schema.org/dateCreated>",
            "<schema.org/description>",
            "<schema.org/identifier>",
            "<schema.org/isAvailableForFree>",
            "<schema.org/maintainer>",
            "<schema.org/name>",
            "<schema.org/spatialCoverage>",
            "<schema.org/temporal>",
            "<schema.org/thumbnailUrl>",
            "<schema.org/usageInfo>",
            "isa:<schema.org/Photograph>"
        ],
        "count": 7.0
    },
    {
        "pset": [
            "<schema.org/dateCreated>",
            "<schema.org/description>",
            "<schema.org/identifier>",
            "<schema.org/isAvailableForFree>",
            "<schema.org/maintainer>",
            "<schema.org/name>",
            "<schema.org/spatialCoverage>",
            "<schema.org/temporal>",
            "<schema.org/thumbnailUrl>",
            "<schema.org/usageInfo>",
            "isa:<schema.org/Photograph>"
        ],
        "count": 7.0
    },
    {
        "pset": [
            "<schema.org/author>",
            "<schema.org/dateModified>",
            "<schema.org/datePublished>",
            "<schema.org/description>",
            "<schema.org/headline>",
            "<schema.org/image>",
            "<schema.org/inLanguage>",
            "<schema.org/publisher>",
            "<schema.org/url>",
            "isa:<schema.org/Photograph>"
        ],
        "count": 7.0
    },
    {
        "pset": [
            "<schema.org/dateCreated>",
            "<schema.org/description>",
            "<schema.org/image>",
            "<schema.org/material>",
            "<schema.org/name>",
            "<schema.org/thumbnailUrl>",
            "<schema.org/url>",
            "isa:<schema.org/Photograph>"
        ],
        "count": 7.0
    },
    {
        "pset": [
            "<schema.org/author>",
            "<schema.org/citation>",
            "<schema.org/dateCreated>",
            "<schema.org/datePublished>",
            "<schema.org/description>",
            "<schema.org/inLanguage>",
            "<schema.org/isPartOf>",
            "<schema.org/keywords>",
            "<schema.org/mentions>",
            "<schema.org/name>",
            "<schema.org/sameAs>",
            "<schema.org/url>",
            "isa:<schema.org/Photograph>"
        ],
        "count": 7.0
    },
    {
        "pset": [
            "<schema.org/dateCreated>",
            "<schema.org/image>",
            "<schema.org/material>",
            "<schema.org/name>",
            "<schema.org/thumbnailUrl>",
            "<schema.org/url>",
            "isa:<schema.org/Photograph>"
        ],
        "count": 6.0
    },
    {
        "pset": [
            "<schema.org/description>",
            "<schema.org/headline>",
            "<schema.org/image>",
            "<schema.org/mainEntityOfPage>",
            "<schema.org/publisher>",
            "isa:<schema.org/Photograph>"
        ],
        "count": 6.0
    },
    {
        "pset": [
            "<schema.org/dateCreated>",
            "<schema.org/description>",
            "<schema.org/identifier>",
            "<schema.org/isAvailableForFree>",
            "<schema.org/maintainer>",
            "<schema.org/name>",
            "<schema.org/temporal>",
            "<schema.org/thumbnailUrl>",
            "<schema.org/usageInfo>",
            "isa:<schema.org/ItemPage>",
            "isa:<schema.org/Photograph>"
        ],
        "count": 5.0
    },
    {
        "pset": [
            "<schema.org/contentLocation>",
            "<schema.org/datePublished>",
            "<schema.org/description>",
            "<schema.org/name>",
            "<schema.org/url>",
            "isa:<schema.org/Photograph>"
        ],
        "count": 4.0
    },
    {
        "pset": [
            "<schema.org/about>",
            "<schema.org/contributor>",
            "<schema.org/creator>",
            "<schema.org/dateCreated>",
            "<schema.org/description>",
            "<schema.org/identifier>",
            "<schema.org/inLanguage>",
            "<schema.org/isAvailableForFree>",
            "<schema.org/maintainer>",
            "<schema.org/name>",
            "<schema.org/spatialCoverage>",
            "<schema.org/temporal>",
            "<schema.org/thumbnailUrl>",
            "<schema.org/usageInfo>",
            "isa:<schema.org/Photograph>"
        ],
        "count": 4.0
    },
    {
        "pset": [
            "<schema.org/description>",
            "<schema.org/image>",
            "<schema.org/name>",
            "isa:<schema.org/Photograph>"
        ],
        "count": 4.0
    },
    {
        "pset": [
            "<schema.org/author>",
            "<schema.org/dateCreated>",
            "<schema.org/datePublished>",
            "<schema.org/description>",
            "<schema.org/inLanguage>",
            "<schema.org/isPartOf>",
            "<schema.org/keywords>",
            "<schema.org/mentions>",
            "<schema.org/name>",
            "<schema.org/sameAs>",
            "<schema.org/url>",
            "isa:<schema.org/Photograph>"
        ],
        "count": 4.0
    },
    {
        "pset": [
            "<schema.org/contributor>",
            "<schema.org/creator>",
            "<schema.org/dateCreated>",
            "<schema.org/description>",
            "<schema.org/identifier>",
            "<schema.org/inLanguage>",
            "<schema.org/isAvailableForFree>",
            "<schema.org/maintainer>",
            "<schema.org/name>",
            "<schema.org/temporal>",
            "<schema.org/thumbnailUrl>",
            "<schema.org/usageInfo>",
            "isa:<schema.org/Photograph>"
        ],
        "count": 3.0
    },
    {
        "pset": [
            "<schema.org/alternativeHeadline>",
            "<schema.org/author>",
            "<schema.org/citation>",
            "<schema.org/dateCreated>",
            "<schema.org/description>",
            "<schema.org/height>",
            "<schema.org/inLanguage>",
            "<schema.org/isPartOf>",
            "<schema.org/keywords>",
            "<schema.org/mentions>",
            "<schema.org/name>",
            "<schema.org/sameAs>",
            "<schema.org/sku>",
            "<schema.org/spatial>",
            "<schema.org/url>",
            "<schema.org/width>",
            "isa:<schema.org/Photograph>"
        ],
        "count": 3.0
    },
    {
        "pset": [
            "<schema.org/alternativeHeadline>",
            "<schema.org/author>",
            "<schema.org/citation>",
            "<schema.org/dateCreated>",
            "<schema.org/datePublished>",
            "<schema.org/description>",
            "<schema.org/height>",
            "<schema.org/inLanguage>",
            "<schema.org/keywords>",
            "<schema.org/mentions>",
            "<schema.org/name>",
            "<schema.org/sameAs>",
            "<schema.org/sku>",
            "<schema.org/spatial>",
            "<schema.org/url>",
            "<schema.org/width>",
            "isa:<schema.org/Photograph>"
        ],
        "count": 3.0
    },
    {
        "pset": [
            "<schema.org/address>",
            "<schema.org/contactPoint>",
            "<schema.org/description>",
            "<schema.org/geo>",
            "<schema.org/hasMap>",
            "<schema.org/logo>",
            "<schema.org/name>",
            "<schema.org/openingHours>",
            "<schema.org/review>",
            "<schema.org/telephone>",
            "<schema.org/url>",
            "isa:<schema.org/Photograph>"
        ],
        "count": 3.0
    },
    {
        "pset": [
            "<schema.org/author>",
            "<schema.org/dateCreated>",
            "<schema.org/datePublished>",
            "<schema.org/inLanguage>",
            "<schema.org/isPartOf>",
            "<schema.org/keywords>",
            "<schema.org/mentions>",
            "<schema.org/name>",
            "<schema.org/sameAs>",
            "<schema.org/url>",
            "isa:<schema.org/Photograph>"
        ],
        "count": 3.0
    },
    {
        "pset": [
            "<schema.org/caption>",
            "<schema.org/contentUrl>",
            "<schema.org/creator>",
            "<schema.org/creditText>",
            "<schema.org/url>",
            "isa:<schema.org/Photograph>"
        ],
        "count": 2.0
    },
    {
        "pset": [
            "<schema.org/creator>",
            "<schema.org/datePublished>",
            "<schema.org/description>",
            "<schema.org/identifier>",
            "<schema.org/keywords>",
            "<schema.org/license>",
            "<schema.org/name>",
            "<schema.org/url>",
            "<schema.org/version>",
            "isa:<schema.org/Photograph>"
        ],
        "count": 2.0
    },
    {
        "pset": [
            "<schema.org/description>",
            "<schema.org/identifier>",
            "<schema.org/isAvailableForFree>",
            "<schema.org/maintainer>",
            "<schema.org/name>",
            "<schema.org/spatialCoverage>",
            "<schema.org/temporal>",
            "<schema.org/thumbnailUrl>",
            "<schema.org/usageInfo>",
            "isa:<schema.org/Photograph>"
        ],
        "count": 2.0
    },
    {
        "pset": [
            "<schema.org/author>",
            "<schema.org/citation>",
            "<schema.org/dateCreated>",
            "<schema.org/datePublished>",
            "<schema.org/description>",
            "<schema.org/inLanguage>",
            "<schema.org/keywords>",
            "<schema.org/name>",
            "<schema.org/sameAs>",
            "<schema.org/url>",
            "isa:<schema.org/Photograph>"
        ],
        "count": 2.0
    },
    {
        "pset": [
            "<schema.org/commentCount>",
            "<schema.org/copyrightYear>",
            "<schema.org/dateCreated>",
            "<schema.org/datePublished>",
            "<schema.org/description>",
            "<schema.org/discussionUrl>",
            "<schema.org/fileFormat>",
            "<schema.org/headline>",
            "<schema.org/isAccessibleForFree>",
            "<schema.org/license>",
            "<schema.org/mainEntityOfPage>",
            "<schema.org/thumbnailUrl>",
            "isa:<schema.org/Photograph>"
        ],
        "count": 2.0
    },
    {
        "pset": [
            "<schema.org/caption>",
            "<schema.org/contentUrl>",
            "<schema.org/url>",
            "isa:<schema.org/Photograph>"
        ],
        "count": 2.0
    },
    {
        "pset": [
            "<schema.org/author>",
            "<schema.org/citation>",
            "<schema.org/dateCreated>",
            "<schema.org/datePublished>",
            "<schema.org/description>",
            "<schema.org/inLanguage>",
            "<schema.org/keywords>",
            "<schema.org/mentions>",
            "<schema.org/name>",
            "<schema.org/sameAs>",
            "<schema.org/url>",
            "isa:<schema.org/Photograph>"
        ],
        "count": 2.0
    },
    {
        "pset": [
            "<schema.org/creator>",
            "<schema.org/dateCreated>",
            "<schema.org/description>",
            "<schema.org/image>",
            "<schema.org/material>",
            "<schema.org/name>",
            "<schema.org/thumbnailUrl>",
            "<schema.org/url>",
            "isa:<schema.org/Photograph>"
        ],
        "count": 2.0
    },
    {
        "pset": [
            "<schema.org/additionalType>",
            "<schema.org/image>",
            "<schema.org/name>",
            "<schema.org/subjectOf>",
            "<schema.org/url>",
            "isa:<schema.org/Photograph>"
        ],
        "count": 2.0
    },
    {
        "pset": [
            "<schema.org/additionalType>",
            "<schema.org/alternateName>",
            "<schema.org/description>",
            "<schema.org/image>",
            "<schema.org/name>",
            "<schema.org/potentialAction>",
            "<schema.org/url>",
            "isa:<schema.org/Photograph>"
        ],
        "count": 2.0
    },
    {
        "pset": [
            "<schema.org/alternativeHeadline>",
            "<schema.org/author>",
            "<schema.org/dateCreated>",
            "<schema.org/inLanguage>",
            "<schema.org/isPartOf>",
            "<schema.org/keywords>",
            "<schema.org/mentions>",
            "<schema.org/name>",
            "<schema.org/sameAs>",
            "<schema.org/url>",
            "isa:<schema.org/Photograph>"
        ],
        "count": 2.0
    },
    {
        "pset": [
            "<schema.org/dateCreated>",
            "<schema.org/description>",
            "<schema.org/identifier>",
            "<schema.org/isAvailableForFree>",
            "<schema.org/maintainer>",
            "<schema.org/name>",
            "<schema.org/temporal>",
            "<schema.org/thumbnailUrl>",
            "<schema.org/usageInfo>",
            "isa:<schema.org/Photograph>"
        ],
        "count": 2.0
    },
    {
        "pset": [
            "<schema.org/author>",
            "<schema.org/inLanguage>",
            "<schema.org/keywords>",
            "<schema.org/mentions>",
            "<schema.org/name>",
            "<schema.org/sameAs>",
            "<schema.org/url>",
            "isa:<schema.org/Photograph>"
        ],
        "count": 2.0
    },
    {
        "pset": [
            "<schema.org/name>",
            "<schema.org/provider>",
            "isa:<schema.org/Photograph>"
        ],
        "count": 2.0
    },
    {
        "pset": [
            "<schema.org/contentUrl>",
            "<schema.org/url>",
            "isa:<schema.org/Photograph>"
        ],
        "count": 2.0
    },
    {
        "pset": [
            "<schema.org/creator>",
            "<schema.org/description>",
            "<schema.org/image>",
            "<schema.org/name>",
            "<schema.org/offers>",
            "<schema.org/provider>",
            "<schema.org/url>",
            "isa:<schema.org/Photograph>"
        ],
        "count": 2.0
    },
    {
        "pset": [
            "<schema.org/author>",
            "<schema.org/citation>",
            "<schema.org/contributor>",
            "<schema.org/dateCreated>",
            "<schema.org/datePublished>",
            "<schema.org/description>",
            "<schema.org/illustrator>",
            "<schema.org/inLanguage>",
            "<schema.org/isPartOf>",
            "<schema.org/keywords>",
            "<schema.org/mentions>",
            "<schema.org/name>",
            "<schema.org/sameAs>",
            "<schema.org/sku>",
            "<schema.org/spatial>",
            "<schema.org/url>",
            "isa:<schema.org/Photograph>"
        ],
        "count": 1.0
    },
    {
        "pset": [
            "<schema.org/author>",
            "<schema.org/citation>",
            "<schema.org/dateCreated>",
            "<schema.org/description>",
            "<schema.org/height>",
            "<schema.org/inLanguage>",
            "<schema.org/isPartOf>",
            "<schema.org/keywords>",
            "<schema.org/mentions>",
            "<schema.org/name>",
            "<schema.org/sameAs>",
            "<schema.org/url>",
            "<schema.org/width>",
            "isa:<schema.org/Photograph>"
        ],
        "count": 1.0
    },
    {
        "pset": [
            "<schema.org/creator>",
            "<schema.org/dateCreated>",
            "<schema.org/description>",
            "<schema.org/identifier>",
            "<schema.org/inLanguage>",
            "<schema.org/isAvailableForFree>",
            "<schema.org/maintainer>",
            "<schema.org/name>",
            "<schema.org/spatialCoverage>",
            "<schema.org/temporal>",
            "<schema.org/thumbnailUrl>",
            "<schema.org/usageInfo>",
            "isa:<schema.org/ItemPage>",
            "isa:<schema.org/Photograph>"
        ],
        "count": 1.0
    },
    {
        "pset": [
            "<schema.org/dateCreated>",
            "<schema.org/description>",
            "<schema.org/identifier>",
            "<schema.org/isAvailableForFree>",
            "<schema.org/maintainer>",
            "<schema.org/name>",
            "<schema.org/spatialCoverage>",
            "<schema.org/temporal>",
            "<schema.org/thumbnailUrl>",
            "<schema.org/usageInfo>",
            "isa:<schema.org/ItemPage>",
            "isa:<schema.org/Photograph>"
        ],
        "count": 1.0
    },
    {
        "pset": [
            "<schema.org/author>",
            "<schema.org/description>",
            "<schema.org/inLanguage>",
            "<schema.org/isPartOf>",
            "<schema.org/keywords>",
            "<schema.org/mentions>",
            "<schema.org/name>",
            "<schema.org/sameAs>",
            "<schema.org/sku>",
            "<schema.org/spatial>",
            "<schema.org/url>",
            "isa:<schema.org/Photograph>"
        ],
        "count": 1.0
    },
    {
        "pset": [
            "<schema.org/author>",
            "<schema.org/citation>",
            "<schema.org/dateCreated>",
            "<schema.org/description>",
            "<schema.org/inLanguage>",
            "<schema.org/isPartOf>",
            "<schema.org/keywords>",
            "<schema.org/locationCreated>",
            "<schema.org/mentions>",
            "<schema.org/name>",
            "<schema.org/sameAs>",
            "<schema.org/url>",
            "isa:<schema.org/Photograph>"
        ],
        "count": 1.0
    },
    {
        "pset": [
            "<schema.org/author>",
            "<schema.org/dateCreated>",
            "<schema.org/inLanguage>",
            "<schema.org/isPartOf>",
            "<schema.org/keywords>",
            "<schema.org/mentions>",
            "<schema.org/name>",
            "<schema.org/sameAs>",
            "<schema.org/url>",
            "isa:<schema.org/Photograph>"
        ],
        "count": 1.0
    },
    {
        "pset": [
            "<schema.org/author>",
            "<schema.org/dateModified>",
            "<schema.org/datePublished>",
            "<schema.org/description>",
            "<schema.org/headline>",
            "<schema.org/image>",
            "<schema.org/inLanguage>",
            "<schema.org/url>",
            "isa:<schema.org/Photograph>"
        ],
        "count": 1.0
    },
    {
        "pset": [
            "<schema.org/creator>",
            "<schema.org/datePublished>",
            "<schema.org/description>",
            "<schema.org/identifier>",
            "<schema.org/keywords>",
            "<schema.org/license>",
            "<schema.org/name>",
            "<schema.org/url>",
            "isa:<schema.org/Photograph>"
        ],
        "count": 1.0
    },
    {
        "pset": [
            "<schema.org/accountablePerson>",
            "<schema.org/description>",
            "<schema.org/keywords>",
            "isa:<schema.org/Photograph>"
        ],
        "count": 1.0
    },
    {
        "pset": [
            "<schema.org/description>",
            "<schema.org/keywords>",
            "<schema.org/url>",
            "isa:<schema.org/Photograph>"
        ],
        "count": 1.0
    },
    {
        "pset": [
            "<schema.org/author>",
            "<schema.org/copyrightHolder>",
            "<schema.org/description>",
            "<schema.org/headline>",
            "<schema.org/image>",
            "<schema.org/inLanguage>",
            "<schema.org/keywords>",
            "<schema.org/mainEntityOfPage>",
            "<schema.org/name>",
            "<schema.org/publisher>",
            "<schema.org/url>",
            "isa:<schema.org/Photograph>"
        ],
        "count": 1.0
    },
    {
        "pset": [
            "<schema.org/address>",
            "<schema.org/aggregateRating>",
            "<schema.org/description>",
            "<schema.org/geo>",
            "<schema.org/image>",
            "<schema.org/name>",
            "<schema.org/review>",
            "isa:<schema.org/Photograph>"
        ],
        "count": 1.0
    },
    {
        "pset": [
            "<schema.org/author>",
            "<schema.org/description>",
            "<schema.org/image>",
            "<schema.org/name>",
            "<schema.org/sameAs>",
            "isa:<schema.org/Photograph>"
        ],
        "count": 1.0
    },
    {
        "pset": [
            "<schema.org/description>",
            "<schema.org/height>",
            "<schema.org/inLanguage>",
            "<schema.org/isPartOf>",
            "<schema.org/keywords>",
            "<schema.org/mentions>",
            "<schema.org/name>",
            "<schema.org/sameAs>",
            "<schema.org/url>",
            "<schema.org/width>",
            "isa:<schema.org/Photograph>"
        ],
        "count": 1.0
    },
    {
        "pset": [
            "<schema.org/caption>",
            "<schema.org/contentUrl>",
            "<schema.org/creditText>",
            "<schema.org/datePublished>",
            "<schema.org/url>",
            "isa:<schema.org/Photograph>"
        ],
        "count": 1.0
    },
    {
        "pset": [
            "<schema.org/dateCreated>",
            "<schema.org/description>",
            "<schema.org/identifier>",
            "<schema.org/inLanguage>",
            "<schema.org/isAvailableForFree>",
            "<schema.org/maintainer>",
            "<schema.org/name>",
            "<schema.org/spatialCoverage>",
            "<schema.org/temporal>",
            "<schema.org/thumbnailUrl>",
            "<schema.org/usageInfo>",
            "isa:<schema.org/Photograph>"
        ],
        "count": 1.0
    },
    {
        "pset": [
            "<schema.org/author>",
            "<schema.org/description>",
            "<schema.org/height>",
            "<schema.org/inLanguage>",
            "<schema.org/isPartOf>",
            "<schema.org/keywords>",
            "<schema.org/mentions>",
            "<schema.org/name>",
            "<schema.org/sameAs>",
            "<schema.org/url>",
            "<schema.org/width>",
            "isa:<schema.org/Photograph>"
        ],
        "count": 1.0
    },
    {
        "pset": [
            "<schema.org/additionalType>",
            "<schema.org/creator>",
            "<schema.org/description>",
            "<schema.org/image>",
            "<schema.org/name>",
            "<schema.org/offers>",
            "<schema.org/url>",
            "isa:<schema.org/Photograph>"
        ],
        "count": 1.0
    },
    {
        "pset": [
            "<schema.org/about>",
            "<schema.org/dateModified>",
            "<schema.org/datePublished>",
            "<schema.org/description>",
            "<schema.org/image>",
            "<schema.org/inLanguage>",
            "<schema.org/isPartOf>",
            "<schema.org/name>",
            "<schema.org/sameAs>",
            "<schema.org/url>",
            "isa:<schema.org/Person>",
            "isa:<schema.org/Photograph>",
            "isa:<schema.org/WebPage>"
        ],
        "count": 1.0
    },
    {
        "pset": [
            "<schema.org/author>",
            "<schema.org/dateCreated>",
            "<schema.org/datePublished>",
            "<schema.org/description>",
            "<schema.org/inLanguage>",
            "<schema.org/isPartOf>",
            "<schema.org/keywords>",
            "<schema.org/mentions>",
            "<schema.org/name>",
            "<schema.org/sameAs>",
            "<schema.org/sku>",
            "<schema.org/spatial>",
            "<schema.org/url>",
            "isa:<schema.org/Photograph>"
        ],
        "count": 1.0
    },
    {
        "pset": [
            "<schema.org/author>",
            "<schema.org/dateCreated>",
            "<schema.org/datePublished>",
            "<schema.org/inLanguage>",
            "<schema.org/keywords>",
            "<schema.org/mentions>",
            "<schema.org/name>",
            "<schema.org/sameAs>",
            "<schema.org/url>",
            "isa:<schema.org/Photograph>"
        ],
        "count": 1.0
    },
    {
        "pset": [
            "<schema.org/author>",
            "<schema.org/citation>",
            "<schema.org/dateCreated>",
            "<schema.org/datePublished>",
            "<schema.org/description>",
            "<schema.org/height>",
            "<schema.org/inLanguage>",
            "<schema.org/isPartOf>",
            "<schema.org/keywords>",
            "<schema.org/mentions>",
            "<schema.org/name>",
            "<schema.org/sameAs>",
            "<schema.org/sku>",
            "<schema.org/spatial>",
            "<schema.org/url>",
            "<schema.org/width>",
            "isa:<schema.org/Photograph>"
        ],
        "count": 1.0
    },
    {
        "pset": [
            "<schema.org/description>",
            "<schema.org/image>",
            "<schema.org/isFamilyFriendly>",
            "<schema.org/name>",
            "<schema.org/potentialAction>",
            "<schema.org/url>",
            "isa:<schema.org/Photograph>"
        ],
        "count": 1.0
    },
    {
        "pset": [
            "<schema.org/abstract>",
            "<schema.org/description>",
            "<schema.org/image>",
            "<schema.org/name>",
            "<schema.org/url>",
            "isa:<schema.org/Photograph>"
        ],
        "count": 1.0
    },
    {
        "pset": [
            "<schema.org/about>",
            "<schema.org/creator>",
            "<schema.org/dateCreated>",
            "<schema.org/description>",
            "<schema.org/identifier>",
            "<schema.org/inLanguage>",
            "<schema.org/isAvailableForFree>",
            "<schema.org/maintainer>",
            "<schema.org/name>",
            "<schema.org/publisher>",
            "<schema.org/spatialCoverage>",
            "<schema.org/temporal>",
            "<schema.org/thumbnailUrl>",
            "<schema.org/usageInfo>",
            "isa:<schema.org/ItemPage>",
            "isa:<schema.org/Photograph>"
        ],
        "count": 1.0
    },
    {
        "pset": [
            "<schema.org/address>",
            "<schema.org/contactPoint>",
            "<schema.org/description>",
            "<schema.org/geo>",
            "<schema.org/hasMap>",
            "<schema.org/logo>",
            "<schema.org/name>",
            "<schema.org/telephone>",
            "<schema.org/url>",
            "isa:<schema.org/Photograph>"
        ],
        "count": 1.0
    },
    {
        "pset": [
            "<schema.org/about>",
            "<schema.org/audience>",
            "<schema.org/image>",
            "isa:<schema.org/Photograph>"
        ],
        "count": 1.0
    },
    {
        "pset": [
            "<schema.org/author>",
            "<schema.org/copyrightHolder>",
            "<schema.org/creator>",
            "<schema.org/description>",
            "<schema.org/image>",
            "<schema.org/mainEntityOfPage>",
            "<schema.org/name>",
            "<schema.org/url>",
            "isa:<schema.org/Photograph>"
        ],
        "count": 1.0
    },
    {
        "pset": [
            "<schema.org/author>",
            "<schema.org/citation>",
            "<schema.org/dateCreated>",
            "<schema.org/datePublished>",
            "<schema.org/description>",
            "<schema.org/inLanguage>",
            "<schema.org/isPartOf>",
            "<schema.org/keywords>",
            "<schema.org/locationCreated>",
            "<schema.org/name>",
            "<schema.org/sameAs>",
            "<schema.org/sku>",
            "<schema.org/spatial>",
            "<schema.org/url>",
            "isa:<schema.org/Photograph>"
        ],
        "count": 1.0
    },
    {
        "pset": [
            "<schema.org/name>",
            "isa:<schema.org/Person>",
            "isa:<schema.org/Photograph>"
        ],
        "count": 1.0
    },
    {
        "pset": [
            "<schema.org/author>",
            "<schema.org/dateCreated>",
            "<schema.org/description>",
            "<schema.org/height>",
            "<schema.org/inLanguage>",
            "<schema.org/isPartOf>",
            "<schema.org/keywords>",
            "<schema.org/mentions>",
            "<schema.org/name>",
            "<schema.org/sameAs>",
            "<schema.org/url>",
            "<schema.org/width>",
            "isa:<schema.org/Photograph>"
        ],
        "count": 1.0
    },
    {
        "pset": [
            "<schema.org/alternativeHeadline>",
            "<schema.org/author>",
            "<schema.org/dateCreated>",
            "<schema.org/datePublished>",
            "<schema.org/inLanguage>",
            "<schema.org/isPartOf>",
            "<schema.org/keywords>",
            "<schema.org/mentions>",
            "<schema.org/name>",
            "<schema.org/sameAs>",
            "<schema.org/url>",
            "isa:<schema.org/Photograph>"
        ],
        "count": 1.0
    },
    {
        "pset": [
            "<schema.org/alternateName>",
            "<schema.org/image>",
            "<schema.org/inLanguage>",
            "<schema.org/name>",
            "<schema.org/sameAs>",
            "<schema.org/url>",
            "isa:<schema.org/Photograph>"
        ],
        "count": 1.0
    },
    {
        "pset": [
            "<schema.org/about>",
            "<schema.org/description>",
            "<schema.org/identifier>",
            "<schema.org/inLanguage>",
            "<schema.org/isAvailableForFree>",
            "<schema.org/maintainer>",
            "<schema.org/name>",
            "<schema.org/temporal>",
            "<schema.org/thumbnailUrl>",
            "<schema.org/usageInfo>",
            "isa:<schema.org/ItemPage>",
            "isa:<schema.org/Photograph>"
        ],
        "count": 1.0
    },
    {
        "pset": [
            "<schema.org/caption>",
            "<schema.org/contentUrl>",
            "<schema.org/creditText>",
            "<schema.org/url>",
            "isa:<schema.org/Photograph>"
        ],
        "count": 1.0
    },
    {
        "pset": [
            "<schema.org/address>",
            "<schema.org/aggregateRating>",
            "<schema.org/description>",
            "<schema.org/image>",
            "<schema.org/name>",
            "<schema.org/priceRange>",
            "<schema.org/telephone>",
            "<schema.org/url>",
            "isa:<schema.org/BeautySalon>",
            "isa:<schema.org/Campground>",
            "isa:<schema.org/Dentist>",
            "isa:<schema.org/FinancialService>",
            "isa:<schema.org/HomeAndConstructionBusiness>",
            "isa:<schema.org/HousePainter>",
            "isa:<schema.org/LegalService>",
            "isa:<schema.org/LocalBusiness>",
            "isa:<schema.org/MovingCompany>",
            "isa:<schema.org/Photograph>",
            "isa:<schema.org/Plumber>",
            "isa:<schema.org/RealEstateAgent>",
            "isa:<schema.org/SportsClub>",
            "isa:<schema.org/TravelAgency>"
        ],
        "count": 1.0
    },
    {
        "pset": [
            "<schema.org/author>",
            "<schema.org/creator>",
            "<schema.org/description>",
            "<schema.org/headline>",
            "<schema.org/image>",
            "<schema.org/mainEntityOfPage>",
            "<schema.org/publisher>",
            "<schema.org/url>",
            "isa:<schema.org/Photograph>"
        ],
        "count": 1.0
    },
    {
        "pset": [
            "<schema.org/about>",
            "<schema.org/author>",
            "<schema.org/genre>",
            "<schema.org/image>",
            "<schema.org/keyword>",
            "<schema.org/name>",
            "<schema.org/review>",
            "isa:<schema.org/Photograph>"
        ],
        "count": 1.0
    },
    {
        "pset": [
            "<schema.org/author>",
            "<schema.org/description>",
            "<schema.org/inLanguage>",
            "<schema.org/isPartOf>",
            "<schema.org/keywords>",
            "<schema.org/mentions>",
            "<schema.org/name>",
            "<schema.org/sameAs>",
            "<schema.org/url>",
            "isa:<schema.org/Photograph>"
        ],
        "count": 1.0
    },
    {
        "pset": [
            "<schema.org/author>",
            "<schema.org/dateCreated>",
            "<schema.org/datePublished>",
            "<schema.org/description>",
            "<schema.org/inLanguage>",
            "<schema.org/keywords>",
            "<schema.org/name>",
            "<schema.org/sameAs>",
            "<schema.org/url>",
            "isa:<schema.org/Photograph>"
        ],
        "count": 1.0
    },
    {
        "pset": [
            "<schema.org/author>",
            "<schema.org/copyrightYear>",
            "<schema.org/dateCreated>",
            "<schema.org/dateModified>",
            "<schema.org/datePublished>",
            "<schema.org/description>",
            "<schema.org/headline>",
            "<schema.org/image>",
            "<schema.org/inLanguage>",
            "<schema.org/mainEntityOfPage>",
            "<schema.org/name>",
            "<schema.org/sameAs>",
            "<schema.org/thumbnailUrl>",
            "<schema.org/url>",
            "isa:<schema.org/Photograph>"
        ],
        "count": 1.0
    },
    {
        "pset": [
            "<schema.org/author>",
            "<schema.org/citation>",
            "<schema.org/dateCreated>",
            "<schema.org/datePublished>",
            "<schema.org/description>",
            "<schema.org/inLanguage>",
            "<schema.org/isPartOf>",
            "<schema.org/keywords>",
            "<schema.org/mentions>",
            "<schema.org/name>",
            "<schema.org/sameAs>",
            "<schema.org/sku>",
            "<schema.org/spatial>",
            "<schema.org/url>",
            "isa:<schema.org/Photograph>"
        ],
        "count": 1.0
    },
    {
        "pset": [
            "<schema.org/author>",
            "<schema.org/citation>",
            "<schema.org/dateCreated>",
            "<schema.org/datePublished>",
            "<schema.org/description>",
            "<schema.org/inLanguage>",
            "<schema.org/keywords>",
            "<schema.org/mentions>",
            "<schema.org/name>",
            "<schema.org/sameAs>",
            "<schema.org/sku>",
            "<schema.org/spatial>",
            "<schema.org/url>",
            "isa:<schema.org/Photograph>"
        ],
        "count": 1.0
    },
    {
        "pset": [
            "<schema.org/about>",
            "<schema.org/creator>",
            "<schema.org/description>",
            "<schema.org/identifier>",
            "<schema.org/inLanguage>",
            "<schema.org/isAvailableForFree>",
            "<schema.org/maintainer>",
            "<schema.org/name>",
            "<schema.org/spatialCoverage>",
            "<schema.org/temporal>",
            "<schema.org/thumbnailUrl>",
            "<schema.org/usageInfo>",
            "isa:<schema.org/ItemPage>",
            "isa:<schema.org/Photograph>"
        ],
        "count": 1.0
    },
    {
        "pset": [
            "<schema.org/author>",
            "<schema.org/description>",
            "<schema.org/height>",
            "<schema.org/inLanguage>",
            "<schema.org/isPartOf>",
            "<schema.org/keywords>",
            "<schema.org/mentions>",
            "<schema.org/name>",
            "<schema.org/sameAs>",
            "<schema.org/sku>",
            "<schema.org/spatial>",
            "<schema.org/url>",
            "<schema.org/width>",
            "isa:<schema.org/Photograph>"
        ],
        "count": 1.0
    },
    {
        "pset": [
            "<schema.org/author>",
            "<schema.org/citation>",
            "<schema.org/dateCreated>",
            "<schema.org/datePublished>",
            "<schema.org/description>",
            "<schema.org/height>",
            "<schema.org/inLanguage>",
            "<schema.org/isPartOf>",
            "<schema.org/keywords>",
            "<schema.org/mentions>",
            "<schema.org/name>",
            "<schema.org/sameAs>",
            "<schema.org/url>",
            "<schema.org/width>",
            "isa:<schema.org/Photograph>"
        ],
        "count": 1.0
    },
    {
        "pset": [
            "<schema.org/creator>",
            "<schema.org/description>",
            "<schema.org/image>",
            "<schema.org/name>",
            "isa:<schema.org/Photograph>"
        ],
        "count": 1.0
    },
    {
        "pset": [
            "<schema.org/author>",
            "<schema.org/thumbnailUrl>",
            "isa:<schema.org/Photograph>"
        ],
        "count": 1.0
    },
    {
        "pset": [
            "<schema.org/author>",
            "<schema.org/dateCreated>",
            "<schema.org/datePublished>",
            "<schema.org/inLanguage>",
            "<schema.org/keywords>",
            "<schema.org/name>",
            "<schema.org/sameAs>",
            "<schema.org/sku>",
            "<schema.org/spatial>",
            "<schema.org/url>",
            "isa:<schema.org/Photograph>"
        ],
        "count": 1.0
    },
    {
        "pset": [
            "<schema.org/alternativeHeadline>",
            "<schema.org/author>",
            "<schema.org/dateCreated>",
            "<schema.org/datePublished>",
            "<schema.org/description>",
            "<schema.org/inLanguage>",
            "<schema.org/keywords>",
            "<schema.org/mentions>",
            "<schema.org/name>",
            "<schema.org/sameAs>",
            "<schema.org/url>",
            "isa:<schema.org/Photograph>"
        ],
        "count": 1.0
    },
    {
        "pset": [
            "<schema.org/image>",
            "<schema.org/keywords>",
            "isa:<schema.org/Photograph>"
        ],
        "count": 1.0
    },
    {
        "pset": [
            "<schema.org/additionalType>",
            "<schema.org/creator>",
            "<schema.org/dateCreated>",
            "<schema.org/description>",
            "<schema.org/image>",
            "<schema.org/name>",
            "<schema.org/offers>",
            "<schema.org/url>",
            "isa:<schema.org/Photograph>"
        ],
        "count": 1.0
    },
    {
        "pset": [
            "<schema.org/alternativeHeadline>",
            "<schema.org/author>",
            "<schema.org/inLanguage>",
            "<schema.org/keywords>",
            "<schema.org/mentions>",
            "<schema.org/name>",
            "<schema.org/sameAs>",
            "<schema.org/url>",
            "isa:<schema.org/Photograph>"
        ],
        "count": 1.0
    },
    {
        "pset": [
            "<schema.org/author>",
            "<schema.org/datePublished>",
            "<schema.org/inLanguage>",
            "<schema.org/keywords>",
            "<schema.org/name>",
            "<schema.org/sameAs>",
            "<schema.org/url>",
            "isa:<schema.org/Photograph>"
        ],
        "count": 1.0
    },
    {
        "pset": [
            "<schema.org/creator>",
            "<schema.org/datePublished>",
            "<schema.org/description>",
            "<schema.org/identifier>",
            "<schema.org/license>",
            "<schema.org/name>",
            "<schema.org/url>",
            "isa:<schema.org/Photograph>"
        ],
        "count": 1.0
    },
    {
        "pset": [
            "<schema.org/author>",
            "<schema.org/description>",
            "<schema.org/image>",
            "<schema.org/name>",
            "<schema.org/url>",
            "isa:<schema.org/Photograph>"
        ],
        "count": 1.0
    },
    {
        "pset": [
            "<schema.org/author>",
            "<schema.org/citation>",
            "<schema.org/dateCreated>",
            "<schema.org/description>",
            "<schema.org/inLanguage>",
            "<schema.org/isPartOf>",
            "<schema.org/keywords>",
            "<schema.org/mentions>",
            "<schema.org/name>",
            "<schema.org/sameAs>",
            "<schema.org/url>",
            "isa:<schema.org/Photograph>"
        ],
        "count": 1.0
    },
    {
        "pset": [
            "<schema.org/alternativeHeadline>",
            "<schema.org/author>",
            "<schema.org/citation>",
            "<schema.org/dateCreated>",
            "<schema.org/datePublished>",
            "<schema.org/description>",
            "<schema.org/inLanguage>",
            "<schema.org/keywords>",
            "<schema.org/name>",
            "<schema.org/sameAs>",
            "<schema.org/url>",
            "isa:<schema.org/Photograph>"
        ],
        "count": 1.0
    },
    {
        "pset": [
            "<schema.org/alternateName>",
            "<schema.org/description>",
            "<schema.org/image>",
            "<schema.org/inLanguage>",
            "<schema.org/name>",
            "<schema.org/sameAs>",
            "<schema.org/url>",
            "isa:<schema.org/Photograph>"
        ],
        "count": 1.0
    },
    {
        "pset": [
            "<schema.org/genre>",
            "isa:<schema.org/Photograph>"
        ],
        "count": 1.0
    },
    {
        "pset": [
            "<schema.org/author>",
            "<schema.org/dateCreated>",
            "<schema.org/datePublished>",
            "<schema.org/description>",
            "<schema.org/inLanguage>",
            "<schema.org/isPartOf>",
            "<schema.org/keywords>",
            "<schema.org/name>",
            "<schema.org/sameAs>",
            "<schema.org/url>",
            "isa:<schema.org/Photograph>"
        ],
        "count": 1.0
    },
    {
        "pset": [
            "<schema.org/alternateName>",
            "<schema.org/description>",
            "<schema.org/name>",
            "<schema.org/url>",
            "isa:<schema.org/Photograph>"
        ],
        "count": 1.0
    },
    {
        "pset": [
            "<schema.org/image>",
            "<schema.org/inLanguage>",
            "<schema.org/name>",
            "<schema.org/url>",
            "isa:<schema.org/Photograph>"
        ],
        "count": 1.0
    },
    {
        "pset": [
            "<schema.org/image>",
            "<schema.org/name>",
            "<schema.org/url>",
            "isa:<schema.org/Photograph>"
        ],
        "count": 1.0
    },
    {
        "pset": [
            "<schema.org/associatedMedia>",
            "<schema.org/author>",
            "<schema.org/description>",
            "<schema.org/name>",
            "isa:<schema.org/Photograph>"
        ],
        "count": 1.0
    },
    {
        "pset": [
            "<schema.org/author>",
            "<schema.org/dateCreated>",
            "<schema.org/datePublished>",
            "<schema.org/image>",
            "<schema.org/mainEntityOfPage>",
            "<schema.org/name>",
            "<schema.org/url>",
            "isa:<schema.org/Photograph>"
        ],
        "count": 1.0
    },
    {
        "pset": [
            "<schema.org/alternativeHeadline>",
            "<schema.org/author>",
            "<schema.org/citation>",
            "<schema.org/dateCreated>",
            "<schema.org/description>",
            "<schema.org/inLanguage>",
            "<schema.org/isPartOf>",
            "<schema.org/keywords>",
            "<schema.org/locationCreated>",
            "<schema.org/mentions>",
            "<schema.org/name>",
            "<schema.org/sameAs>",
            "<schema.org/url>",
            "isa:<schema.org/Photograph>"
        ],
        "count": 1.0
    },
    {
        "pset": [
            "<schema.org/author>",
            "<schema.org/datePublished>",
            "<schema.org/headline>",
            "<schema.org/image>",
            "<schema.org/mainEntityOfPage>",
            "<schema.org/publisher>",
            "isa:<schema.org/Photograph>"
        ],
        "count": 1.0
    },
    {
        "pset": [
            "<schema.org/author>",
            "<schema.org/citation>",
            "<schema.org/dateCreated>",
            "<schema.org/description>",
            "<schema.org/inLanguage>",
            "<schema.org/isPartOf>",
            "<schema.org/keywords>",
            "<schema.org/mentions>",
            "<schema.org/name>",
            "<schema.org/sameAs>",
            "<schema.org/sku>",
            "<schema.org/spatial>",
            "<schema.org/url>",
            "isa:<schema.org/Photograph>"
        ],
        "count": 1.0
    }
]