[
    {
        "pset": [
            "<schema.org/image>",
            "<schema.org/name>",
            "<schema.org/sameAs>",
            "<schema.org/url>",
            "isa:<schema.org/PhysicalActivity>"
        ],
        "count": 337.0
    },
    {
        "pset": [
            "<schema.org/image>",
            "<schema.org/name>",
            "isa:<schema.org/PhysicalActivity>"
        ],
        "count": 31.0
    },
    {
        "pset": [
            "<schema.org/name>",
            "isa:<schema.org/PhysicalActivity>"
        ],
        "count": 29.0
    },
    {
        "pset": [
            "<schema.org/name>",
            "<schema.org/url>",
            "isa:<schema.org/PhysicalActivity>"
        ],
        "count": 24.0
    },
    {
        "pset": [
            "<schema.org/category>",
            "<schema.org/image>",
            "isa:<schema.org/PhysicalActivity>"
        ],
        "count": 14.0
    },
    {
        "pset": [
            "<schema.org/address>",
            "<schema.org/image>",
            "<schema.org/name>",
            "<schema.org/telephone>",
            "<schema.org/url>",
            "isa:<schema.org/ExerciseGym>",
            "isa:<schema.org/ExercisePlan>",
            "isa:<schema.org/PhysicalActivity>"
        ],
        "count": 12.0
    },
    {
        "pset": [
            "<schema.org/description>",
            "<schema.org/image>",
            "<schema.org/mainEntityOfPage>",
            "<schema.org/name>",
            "<schema.org/url>",
            "isa:<schema.org/PhysicalActivity>"
        ],
        "count": 11.0
    },
    {
        "pset": [
            "<schema.org/category>",
            "<schema.org/description>",
            "<schema.org/image>",
            "<schema.org/name>",
            "isa:<schema.org/PhysicalActivity>"
        ],
        "count": 5.0
    },
    {
        "pset": [
            "<schema.org/category>",
            "<schema.org/description>",
            "<schema.org/image>",
            "<schema.org/name>",
            "<schema.org/url>",
            "isa:<schema.org/PhysicalActivity>"
        ],
        "count": 4.0
    },
    {
        "pset": [
            "<schema.org/description>",
            "<schema.org/image>",
            "<schema.org/name>",
            "<schema.org/url>",
            "isa:<schema.org/PhysicalActivity>"
        ],
        "count": 4.0
    },
    {
        "pset": [
            "<schema.org/address>",
            "<schema.org/contactPoint>",
            "<schema.org/description>",
            "<schema.org/logo>",
            "<schema.org/name>",
            "<schema.org/url>",
            "isa:<schema.org/PhysicalActivity>"
        ],
        "count": 3.0
    },
    {
        "pset": [
            "<schema.org/category>",
            "<schema.org/image>",
            "<schema.org/name>",
            "<schema.org/url>",
            "isa:<schema.org/PhysicalActivity>"
        ],
        "count": 2.0
    },
    {
        "pset": [
            "<schema.org/description>",
            "<schema.org/endDate>",
            "<schema.org/eventAttendanceMode>",
            "<schema.org/eventStatus>",
            "<schema.org/image>",
            "<schema.org/location>",
            "<schema.org/name>",
            "<schema.org/offers>",
            "<schema.org/startDate>",
            "<schema.org/url>",
            "isa:<schema.org/PhysicalActivity>"
        ],
        "count": 1.0
    },
    {
        "pset": [
            "<schema.org/category>",
            "<schema.org/name>",
            "<schema.org/sameAs>",
            "isa:<schema.org/PhysicalActivity>"
        ],
        "count": 1.0
    },
    {
        "pset": [
            "<schema.org/associatedAnatomy>",
            "<schema.org/category>",
            "<schema.org/description>",
            "<schema.org/image>",
            "<schema.org/name>",
            "isa:<schema.org/PhysicalActivity>"
        ],
        "count": 1.0
    }
]