[
    {
        "pset": [
            "<schema.org/address>",
            "<schema.org/geo>",
            "<schema.org/image>",
            "<schema.org/name>",
            "<schema.org/openingHours>",
            "<schema.org/telephone>",
            "<schema.org/url>",
            "isa:<schema.org/PlaceOfWorship>"
        ],
        "count": 726.0
    },
    {
        "pset": [
            "<schema.org/address>",
            "<schema.org/logo>",
            "<schema.org/name>",
            "<schema.org/telephone>",
            "isa:<schema.org/PlaceOfWorship>"
        ],
        "count": 383.0
    },
    {
        "pset": [
            "<schema.org/address>",
            "<schema.org/alternateName>",
            "<schema.org/logo>",
            "<schema.org/name>",
            "<schema.org/telephone>",
            "<schema.org/url>",
            "isa:<schema.org/PlaceOfWorship>"
        ],
        "count": 298.0
    },
    {
        "pset": [
            "<schema.org/address>",
            "<schema.org/description>",
            "<schema.org/geo>",
            "<schema.org/image>",
            "<schema.org/name>",
            "<schema.org/telephone>",
            "<schema.org/url>",
            "isa:<schema.org/PlaceOfWorship>"
        ],
        "count": 213.0
    },
    {
        "pset": [
            "<schema.org/address>",
            "<schema.org/faxNumber>",
            "<schema.org/geo>",
            "<schema.org/image>",
            "<schema.org/name>",
            "<schema.org/telephone>",
            "<schema.org/url>",
            "isa:<schema.org/PlaceOfWorship>"
        ],
        "count": 152.0
    },
    {
        "pset": [
            "<schema.org/address>",
            "<schema.org/description>",
            "<schema.org/geo>",
            "<schema.org/image>",
            "<schema.org/logo>",
            "<schema.org/name>",
            "<schema.org/telephone>",
            "<schema.org/url>",
            "isa:<schema.org/PlaceOfWorship>"
        ],
        "count": 109.0
    },
    {
        "pset": [
            "<schema.org/address>",
            "<schema.org/description>",
            "<schema.org/image>",
            "<schema.org/name>",
            "<schema.org/telephone>",
            "<schema.org/url>",
            "isa:<schema.org/PlaceOfWorship>"
        ],
        "count": 89.0
    },
    {
        "pset": [
            "<schema.org/address>",
            "<schema.org/logo>",
            "<schema.org/name>",
            "<schema.org/sameAs>",
            "isa:<schema.org/PlaceOfWorship>"
        ],
        "count": 80.0
    },
    {
        "pset": [
            "<schema.org/address>",
            "<schema.org/description>",
            "<schema.org/geo>",
            "<schema.org/name>",
            "<schema.org/telephone>",
            "<schema.org/url>",
            "isa:<schema.org/PlaceOfWorship>"
        ],
        "count": 58.0
    },
    {
        "pset": [
            "<schema.org/address>",
            "<schema.org/faxNumber>",
            "<schema.org/geo>",
            "<schema.org/name>",
            "<schema.org/telephone>",
            "<schema.org/url>",
            "isa:<schema.org/PlaceOfWorship>"
        ],
        "count": 40.0
    },
    {
        "pset": [
            "<schema.org/address>",
            "<schema.org/containedInPlace>",
            "<schema.org/geo>",
            "<schema.org/hasMap>",
            "<schema.org/image>",
            "<schema.org/latitude>",
            "<schema.org/longitude>",
            "<schema.org/name>",
            "<schema.org/openingHours>",
            "<schema.org/openingHoursSpecification>",
            "<schema.org/photo>",
            "<schema.org/telephone>",
            "<schema.org/url>",
            "isa:<schema.org/PlaceOfWorship>"
        ],
        "count": 31.0
    },
    {
        "pset": [
            "<schema.org/description>",
            "<schema.org/name>",
            "<schema.org/photo>",
            "<schema.org/url>",
            "isa:<schema.org/PlaceOfWorship>"
        ],
        "count": 29.0
    },
    {
        "pset": [
            "<schema.org/address>",
            "<schema.org/containedInPlace>",
            "<schema.org/geo>",
            "<schema.org/hasMap>",
            "<schema.org/image>",
            "<schema.org/latitude>",
            "<schema.org/longitude>",
            "<schema.org/name>",
            "<schema.org/openingHours>",
            "<schema.org/openingHoursSpecification>",
            "<schema.org/photo>",
            "<schema.org/url>",
            "isa:<schema.org/PlaceOfWorship>"
        ],
        "count": 28.0
    },
    {
        "pset": [
            "<schema.org/description>",
            "<schema.org/image>",
            "<schema.org/mainEntityOfPage>",
            "<schema.org/name>",
            "<schema.org/url>",
            "isa:<schema.org/PlaceOfWorship>"
        ],
        "count": 20.0
    },
    {
        "pset": [
            "<schema.org/address>",
            "<schema.org/containedInPlace>",
            "<schema.org/geo>",
            "<schema.org/hasMap>",
            "<schema.org/image>",
            "<schema.org/latitude>",
            "<schema.org/longitude>",
            "<schema.org/name>",
            "<schema.org/photo>",
            "<schema.org/url>",
            "isa:<schema.org/PlaceOfWorship>"
        ],
        "count": 16.0
    },
    {
        "pset": [
            "<schema.org/address>",
            "<schema.org/aggregateRating>",
            "<schema.org/description>",
            "<schema.org/geo>",
            "<schema.org/image>",
            "<schema.org/interactionStatistic>",
            "<schema.org/name>",
            "<schema.org/url>",
            "isa:<schema.org/PlaceOfWorship>"
        ],
        "count": 15.0
    },
    {
        "pset": [
            "<schema.org/description>",
            "<schema.org/eventStatus>",
            "<schema.org/identifier>",
            "<schema.org/image>",
            "<schema.org/location>",
            "<schema.org/name>",
            "<schema.org/url>",
            "isa:<schema.org/PlaceOfWorship>"
        ],
        "count": 13.0
    },
    {
        "pset": [
            "<schema.org/address>",
            "<schema.org/description>",
            "<schema.org/image>",
            "<schema.org/name>",
            "<schema.org/url>",
            "isa:<schema.org/PlaceOfWorship>",
            "isa:<schema.org/TouristAttraction>"
        ],
        "count": 11.0
    },
    {
        "pset": [
            "<schema.org/address>",
            "<schema.org/containedInPlace>",
            "<schema.org/description>",
            "<schema.org/geo>",
            "<schema.org/image>",
            "<schema.org/name>",
            "<schema.org/telephone>",
            "<schema.org/url>",
            "isa:<schema.org/PlaceOfWorship>",
            "isa:<schema.org/TouristAttraction>"
        ],
        "count": 11.0
    },
    {
        "pset": [
            "<schema.org/address>",
            "<schema.org/containedInPlace>",
            "<schema.org/description>",
            "<schema.org/geo>",
            "<schema.org/hasMap>",
            "<schema.org/image>",
            "<schema.org/latitude>",
            "<schema.org/longitude>",
            "<schema.org/name>",
            "<schema.org/openingHours>",
            "<schema.org/openingHoursSpecification>",
            "<schema.org/photo>",
            "<schema.org/url>",
            "isa:<schema.org/PlaceOfWorship>"
        ],
        "count": 9.0
    },
    {
        "pset": [
            "<schema.org/address>",
            "<schema.org/description>",
            "<schema.org/image>",
            "<schema.org/name>",
            "<schema.org/url>",
            "isa:<schema.org/PlaceOfWorship>"
        ],
        "count": 9.0
    },
    {
        "pset": [
            "<schema.org/address>",
            "<schema.org/containedInPlace>",
            "<schema.org/description>",
            "<schema.org/geo>",
            "<schema.org/hasMap>",
            "<schema.org/image>",
            "<schema.org/latitude>",
            "<schema.org/longitude>",
            "<schema.org/name>",
            "<schema.org/openingHours>",
            "<schema.org/openingHoursSpecification>",
            "<schema.org/photo>",
            "<schema.org/telephone>",
            "<schema.org/url>",
            "isa:<schema.org/PlaceOfWorship>"
        ],
        "count": 8.0
    },
    {
        "pset": [
            "<schema.org/address>",
            "<schema.org/containedInPlace>",
            "<schema.org/geo>",
            "<schema.org/hasMap>",
            "<schema.org/image>",
            "<schema.org/latitude>",
            "<schema.org/longitude>",
            "<schema.org/name>",
            "<schema.org/photo>",
            "<schema.org/telephone>",
            "<schema.org/url>",
            "isa:<schema.org/PlaceOfWorship>"
        ],
        "count": 8.0
    },
    {
        "pset": [
            "<schema.org/address>",
            "<schema.org/mainEntityOfPage>",
            "<schema.org/name>",
            "<schema.org/photo>",
            "<schema.org/url>",
            "isa:<schema.org/PlaceOfWorship>"
        ],
        "count": 7.0
    },
    {
        "pset": [
            "<schema.org/description>",
            "<schema.org/geo>",
            "<schema.org/name>",
            "<schema.org/photo>",
            "<schema.org/url>",
            "isa:<schema.org/PlaceOfWorship>"
        ],
        "count": 7.0
    },
    {
        "pset": [
            "<schema.org/description>",
            "<schema.org/geo>",
            "<schema.org/name>",
            "<schema.org/url>",
            "isa:<schema.org/PlaceOfWorship>",
            "isa:<schema.org/TouristAttraction>"
        ],
        "count": 6.0
    },
    {
        "pset": [
            "<schema.org/description>",
            "<schema.org/geo>",
            "<schema.org/hasMap>",
            "<schema.org/name>",
            "<schema.org/sameAs>",
            "<schema.org/telephone>",
            "<schema.org/url>",
            "isa:<schema.org/PlaceOfWorship>"
        ],
        "count": 6.0
    },
    {
        "pset": [
            "<schema.org/address>",
            "<schema.org/description>",
            "<schema.org/geo>",
            "<schema.org/image>",
            "<schema.org/name>",
            "<schema.org/openingHoursSpecification>",
            "<schema.org/sameAs>",
            "<schema.org/telephone>",
            "<schema.org/url>",
            "isa:<schema.org/PlaceOfWorship>"
        ],
        "count": 4.0
    },
    {
        "pset": [
            "<schema.org/address>",
            "<schema.org/alternateName>",
            "<schema.org/containedInPlace>",
            "<schema.org/description>",
            "<schema.org/geo>",
            "<schema.org/image>",
            "<schema.org/name>",
            "<schema.org/telephone>",
            "<schema.org/url>",
            "isa:<schema.org/PlaceOfWorship>",
            "isa:<schema.org/TouristAttraction>"
        ],
        "count": 4.0
    },
    {
        "pset": [
            "<schema.org/address>",
            "<schema.org/description>",
            "<schema.org/geo>",
            "<schema.org/image>",
            "<schema.org/name>",
            "<schema.org/review>",
            "<schema.org/url>",
            "isa:<schema.org/PlaceOfWorship>"
        ],
        "count": 4.0
    },
    {
        "pset": [
            "<schema.org/address>",
            "<schema.org/contactPoint>",
            "<schema.org/location>",
            "<schema.org/logo>",
            "<schema.org/name>",
            "<schema.org/openingHours>",
            "<schema.org/url>",
            "isa:<schema.org/Organization>",
            "isa:<schema.org/PlaceOfWorship>"
        ],
        "count": 2.0
    },
    {
        "pset": [
            "<schema.org/address>",
            "<schema.org/description>",
            "<schema.org/geo>",
            "<schema.org/image>",
            "<schema.org/name>",
            "<schema.org/openingHoursSpecification>",
            "<schema.org/sameAs>",
            "<schema.org/url>",
            "isa:<schema.org/PlaceOfWorship>"
        ],
        "count": 2.0
    },
    {
        "pset": [
            "<schema.org/address>",
            "<schema.org/description>",
            "<schema.org/geo>",
            "<schema.org/image>",
            "<schema.org/name>",
            "<schema.org/url>",
            "isa:<schema.org/PlaceOfWorship>"
        ],
        "count": 2.0
    },
    {
        "pset": [
            "<schema.org/description>",
            "<schema.org/geo>",
            "<schema.org/hasMap>",
            "<schema.org/name>",
            "<schema.org/url>",
            "isa:<schema.org/PlaceOfWorship>"
        ],
        "count": 2.0
    },
    {
        "pset": [
            "<schema.org/address>",
            "<schema.org/containedInPlace>",
            "<schema.org/description>",
            "<schema.org/geo>",
            "<schema.org/hasMap>",
            "<schema.org/image>",
            "<schema.org/latitude>",
            "<schema.org/longitude>",
            "<schema.org/name>",
            "<schema.org/photo>",
            "<schema.org/url>",
            "isa:<schema.org/PlaceOfWorship>"
        ],
        "count": 2.0
    },
    {
        "pset": [
            "<schema.org/address>",
            "<schema.org/logo>",
            "<schema.org/name>",
            "<schema.org/openingHours>",
            "<schema.org/url>",
            "isa:<schema.org/Organization>",
            "isa:<schema.org/PlaceOfWorship>"
        ],
        "count": 2.0
    },
    {
        "pset": [
            "<schema.org/address>",
            "<schema.org/description>",
            "<schema.org/geo>",
            "<schema.org/image>",
            "<schema.org/name>",
            "<schema.org/sameAs>",
            "<schema.org/telephone>",
            "<schema.org/url>",
            "isa:<schema.org/PlaceOfWorship>"
        ],
        "count": 2.0
    },
    {
        "pset": [
            "<schema.org/logo>",
            "<schema.org/name>",
            "<schema.org/openingHours>",
            "<schema.org/url>",
            "isa:<schema.org/PlaceOfWorship>"
        ],
        "count": 2.0
    },
    {
        "pset": [
            "<schema.org/logo>",
            "<schema.org/name>",
            "<schema.org/openingHours>",
            "<schema.org/url>",
            "isa:<schema.org/Organization>",
            "isa:<schema.org/PlaceOfWorship>"
        ],
        "count": 2.0
    },
    {
        "pset": [
            "<schema.org/address>",
            "<schema.org/description>",
            "<schema.org/image>",
            "<schema.org/logo>",
            "<schema.org/name>",
            "<schema.org/telephone>",
            "<schema.org/url>",
            "isa:<schema.org/PlaceOfWorship>"
        ],
        "count": 2.0
    },
    {
        "pset": [
            "<schema.org/address>",
            "<schema.org/description>",
            "<schema.org/geo>",
            "<schema.org/logo>",
            "<schema.org/name>",
            "<schema.org/telephone>",
            "<schema.org/url>",
            "isa:<schema.org/PlaceOfWorship>"
        ],
        "count": 1.0
    },
    {
        "pset": [
            "<schema.org/address>",
            "<schema.org/containedInPlace>",
            "<schema.org/geo>",
            "<schema.org/hasMap>",
            "<schema.org/latitude>",
            "<schema.org/longitude>",
            "<schema.org/name>",
            "<schema.org/url>",
            "isa:<schema.org/PlaceOfWorship>"
        ],
        "count": 1.0
    },
    {
        "pset": [
            "<schema.org/name>",
            "<schema.org/position>",
            "<schema.org/url>",
            "isa:<schema.org/ListItem>",
            "isa:<schema.org/PlaceOfWorship>"
        ],
        "count": 1.0
    },
    {
        "pset": [
            "<schema.org/address>",
            "<schema.org/alternateName>",
            "<schema.org/containedInPlace>",
            "<schema.org/description>",
            "<schema.org/geo>",
            "<schema.org/image>",
            "<schema.org/name>",
            "<schema.org/url>",
            "isa:<schema.org/PlaceOfWorship>",
            "isa:<schema.org/TouristAttraction>"
        ],
        "count": 1.0
    },
    {
        "pset": [
            "<schema.org/address>",
            "<schema.org/description>",
            "<schema.org/image>",
            "<schema.org/logo>",
            "<schema.org/name>",
            "<schema.org/openingHours>",
            "<schema.org/telephone>",
            "<schema.org/url>",
            "isa:<schema.org/PlaceOfWorship>"
        ],
        "count": 1.0
    },
    {
        "pset": [
            "<schema.org/logo>",
            "<schema.org/name>",
            "<schema.org/url>",
            "isa:<schema.org/Organization>",
            "isa:<schema.org/PlaceOfWorship>"
        ],
        "count": 1.0
    },
    {
        "pset": [
            "<schema.org/address>",
            "<schema.org/geo>",
            "<schema.org/name>",
            "<schema.org/telephone>",
            "<schema.org/url>",
            "isa:<schema.org/PlaceOfWorship>"
        ],
        "count": 1.0
    },
    {
        "pset": [
            "<schema.org/aggregateRating>",
            "<schema.org/geo>",
            "<schema.org/hasMap>",
            "<schema.org/name>",
            "<schema.org/sameAs>",
            "<schema.org/telephone>",
            "<schema.org/url>",
            "isa:<schema.org/PlaceOfWorship>"
        ],
        "count": 1.0
    },
    {
        "pset": [
            "<schema.org/additionalType>",
            "<schema.org/address>",
            "<schema.org/description>",
            "<schema.org/disambiguatingDescription>",
            "<schema.org/geo>",
            "<schema.org/image>",
            "<schema.org/name>",
            "<schema.org/telephone>",
            "<schema.org/url>",
            "isa:<schema.org/PlaceOfWorship>"
        ],
        "count": 1.0
    },
    {
        "pset": [
            "<schema.org/description>",
            "<schema.org/mainEntityOfPage>",
            "<schema.org/name>",
            "<schema.org/url>",
            "isa:<schema.org/PlaceOfWorship>"
        ],
        "count": 1.0
    },
    {
        "pset": [
            "<schema.org/address>",
            "<schema.org/contactPoint>",
            "<schema.org/email>",
            "<schema.org/location>",
            "<schema.org/name>",
            "<schema.org/openingHours>",
            "<schema.org/url>",
            "isa:<schema.org/Organization>",
            "isa:<schema.org/PlaceOfWorship>"
        ],
        "count": 1.0
    },
    {
        "pset": [
            "<schema.org/address>",
            "<schema.org/alternateName>",
            "<schema.org/areaServed>",
            "<schema.org/description>",
            "<schema.org/hasMap>",
            "<schema.org/isAccessibleForFree>",
            "<schema.org/location>",
            "<schema.org/logo>",
            "<schema.org/name>",
            "<schema.org/openingHours>",
            "<schema.org/potentialAction>",
            "<schema.org/publicAccess>",
            "<schema.org/sameAs>",
            "<schema.org/slogan>",
            "<schema.org/smokingAllowed>",
            "<schema.org/telephone>",
            "<schema.org/url>",
            "isa:<schema.org/PlaceOfWorship>"
        ],
        "count": 1.0
    },
    {
        "pset": [
            "<schema.org/address>",
            "<schema.org/name>",
            "<schema.org/openingHours>",
            "<schema.org/sameAs>",
            "<schema.org/url>",
            "isa:<schema.org/PlaceOfWorship>"
        ],
        "count": 1.0
    },
    {
        "pset": [
            "<schema.org/mainEntityOfPage>",
            "<schema.org/url>",
            "isa:<schema.org/PlaceOfWorship>"
        ],
        "count": 1.0
    },
    {
        "pset": [
            "<schema.org/address>",
            "<schema.org/photos>",
            "isa:<schema.org/PlaceOfWorship>"
        ],
        "count": 1.0
    },
    {
        "pset": [
            "<schema.org/address>",
            "<schema.org/aggregateRating>",
            "<schema.org/description>",
            "<schema.org/geo>",
            "<schema.org/image>",
            "<schema.org/name>",
            "<schema.org/openingHours>",
            "<schema.org/review>",
            "<schema.org/sameAs>",
            "<schema.org/url>",
            "isa:<schema.org/PlaceOfWorship>"
        ],
        "count": 1.0
    },
    {
        "pset": [
            "<schema.org/address>",
            "<schema.org/alternateName>",
            "<schema.org/areaServed>",
            "<schema.org/description>",
            "<schema.org/hasMap>",
            "<schema.org/isAccessibleForFree>",
            "<schema.org/location>",
            "<schema.org/logo>",
            "<schema.org/name>",
            "<schema.org/openingHours>",
            "<schema.org/potentialAction>",
            "<schema.org/publicAccess>",
            "<schema.org/slogan>",
            "<schema.org/smokingAllowed>",
            "<schema.org/telephone>",
            "<schema.org/url>",
            "isa:<schema.org/PlaceOfWorship>"
        ],
        "count": 1.0
    },
    {
        "pset": [
            "<schema.org/address>",
            "<schema.org/alternateName>",
            "<schema.org/areaServed>",
            "<schema.org/description>",
            "<schema.org/hasMap>",
            "<schema.org/isAccessibleForFree>",
            "<schema.org/logo>",
            "<schema.org/name>",
            "<schema.org/openingHours>",
            "<schema.org/potentialAction>",
            "<schema.org/publicAccess>",
            "<schema.org/slogan>",
            "<schema.org/smokingAllowed>",
            "<schema.org/telephone>",
            "<schema.org/url>",
            "isa:<schema.org/PlaceOfWorship>"
        ],
        "count": 1.0
    },
    {
        "pset": [
            "<schema.org/address>",
            "<schema.org/alternateName>",
            "<schema.org/description>",
            "<schema.org/geo>",
            "<schema.org/image>",
            "<schema.org/logo>",
            "<schema.org/name>",
            "<schema.org/sameAs>",
            "<schema.org/telephone>",
            "<schema.org/url>",
            "isa:<schema.org/PlaceOfWorship>"
        ],
        "count": 1.0
    },
    {
        "pset": [
            "<schema.org/address>",
            "<schema.org/geo>",
            "<schema.org/image>",
            "<schema.org/name>",
            "<schema.org/telephone>",
            "<schema.org/url>",
            "isa:<schema.org/PlaceOfWorship>"
        ],
        "count": 1.0
    },
    {
        "pset": [
            "<schema.org/alternateName>",
            "<schema.org/isAccessibleForFree>",
            "<schema.org/logo>",
            "<schema.org/name>",
            "<schema.org/openingHours>",
            "<schema.org/sameAs>",
            "<schema.org/url>",
            "isa:<schema.org/PlaceOfWorship>"
        ],
        "count": 1.0
    },
    {
        "pset": [
            "<schema.org/address>",
            "<schema.org/containedInPlace>",
            "<schema.org/geo>",
            "<schema.org/hasMap>",
            "<schema.org/image>",
            "<schema.org/name>",
            "<schema.org/openingHours>",
            "<schema.org/openingHoursSpecification>",
            "<schema.org/photo>",
            "<schema.org/url>",
            "isa:<schema.org/PlaceOfWorship>"
        ],
        "count": 1.0
    },
    {
        "pset": [
            "<schema.org/address>",
            "<schema.org/containedInPlace>",
            "<schema.org/description>",
            "<schema.org/geo>",
            "<schema.org/image>",
            "<schema.org/name>",
            "<schema.org/url>",
            "isa:<schema.org/PlaceOfWorship>",
            "isa:<schema.org/TouristAttraction>"
        ],
        "count": 1.0
    },
    {
        "pset": [
            "<schema.org/description>",
            "<schema.org/geo>",
            "<schema.org/hasMap>",
            "<schema.org/name>",
            "<schema.org/sameAs>",
            "<schema.org/url>",
            "isa:<schema.org/PlaceOfWorship>"
        ],
        "count": 1.0
    },
    {
        "pset": [
            "<schema.org/address>",
            "<schema.org/description>",
            "<schema.org/email>",
            "<schema.org/image>",
            "<schema.org/name>",
            "<schema.org/telephone>",
            "<schema.org/url>",
            "isa:<schema.org/PlaceOfWorship>"
        ],
        "count": 1.0
    }
]