[
    {
        "pset": [
            "<schema.org/logo>",
            "<schema.org/name>",
            "isa:<schema.org/ProductCollection>"
        ],
        "count": 4055.0
    },
    {
        "pset": [
            "<schema.org/abstract>",
            "<schema.org/alternativeHeadline>",
            "<schema.org/collectionSize>",
            "<schema.org/headline>",
            "<schema.org/image>",
            "<schema.org/includesObject>",
            "<schema.org/logo>",
            "<schema.org/name>",
            "<schema.org/productID>",
            "<schema.org/slogan>",
            "<schema.org/text>",
            "isa:<schema.org/ProductCollection>"
        ],
        "count": 2920.0
    },
    {
        "pset": [
            "isa:<schema.org/ProductCollection>"
        ],
        "count": 2701.0
    },
    {
        "pset": [
            "<schema.org/collectionSize>",
            "<schema.org/description>",
            "<schema.org/image>",
            "<schema.org/name>",
            "<schema.org/url>",
            "isa:<schema.org/ProductCollection>"
        ],
        "count": 118.0
    },
    {
        "pset": [
            "<schema.org/mainEntity>",
            "<schema.org/name>",
            "isa:<schema.org/ProductCollection>"
        ],
        "count": 101.0
    },
    {
        "pset": [
            "<schema.org/brand>",
            "<schema.org/description>",
            "<schema.org/image>",
            "<schema.org/name>",
            "<schema.org/offers>",
            "<schema.org/sku>",
            "<schema.org/url>",
            "isa:<schema.org/ProductCollection>"
        ],
        "count": 79.0
    },
    {
        "pset": [
            "<schema.org/brand>",
            "<schema.org/collectionSize>",
            "<schema.org/description>",
            "<schema.org/image>",
            "<schema.org/name>",
            "<schema.org/url>",
            "isa:<schema.org/ProductCollection>"
        ],
        "count": 65.0
    },
    {
        "pset": [
            "<schema.org/description>",
            "<schema.org/image>",
            "<schema.org/name>",
            "<schema.org/url>",
            "isa:<schema.org/ProductCollection>"
        ],
        "count": 54.0
    },
    {
        "pset": [
            "<schema.org/about>",
            "<schema.org/abstract>",
            "<schema.org/aggregateRating>",
            "<schema.org/brand>",
            "<schema.org/category>",
            "<schema.org/creator>",
            "<schema.org/description>",
            "<schema.org/keywords>",
            "<schema.org/name>",
            "<schema.org/provider>",
            "isa:<schema.org/ProductCollection>"
        ],
        "count": 41.0
    },
    {
        "pset": [
            "<schema.org/collectionSize>",
            "<schema.org/description>",
            "<schema.org/name>",
            "<schema.org/url>",
            "isa:<schema.org/ProductCollection>"
        ],
        "count": 38.0
    },
    {
        "pset": [
            "<schema.org/brand>",
            "<schema.org/description>",
            "<schema.org/gtin>",
            "<schema.org/image>",
            "<schema.org/name>",
            "<schema.org/offers>",
            "<schema.org/sku>",
            "isa:<schema.org/ProductCollection>"
        ],
        "count": 23.0
    },
    {
        "pset": [
            "<schema.org/image>",
            "<schema.org/logo>",
            "<schema.org/name>",
            "<schema.org/url>",
            "isa:<schema.org/ProductCollection>"
        ],
        "count": 16.0
    },
    {
        "pset": [
            "<schema.org/description>",
            "<schema.org/headline>",
            "isa:<schema.org/ProductCollection>"
        ],
        "count": 14.0
    },
    {
        "pset": [
            "<schema.org/alternativeHeadline>",
            "<schema.org/brand>",
            "<schema.org/collectionSize>",
            "<schema.org/description>",
            "<schema.org/headline>",
            "<schema.org/image>",
            "<schema.org/mainEntityOfPage>",
            "<schema.org/mentions>",
            "<schema.org/name>",
            "<schema.org/url>",
            "isa:<schema.org/ProductCollection>"
        ],
        "count": 12.0
    },
    {
        "pset": [
            "<schema.org/description>",
            "<schema.org/headline>",
            "<schema.org/image>",
            "isa:<schema.org/ProductCollection>"
        ],
        "count": 11.0
    },
    {
        "pset": [
            "<schema.org/brand>",
            "<schema.org/description>",
            "<schema.org/name>",
            "isa:<schema.org/ProductCollection>"
        ],
        "count": 11.0
    },
    {
        "pset": [
            "<schema.org/aggregateRating>",
            "<schema.org/description>",
            "<schema.org/image>",
            "<schema.org/name>",
            "<schema.org/potentialAction>",
            "<schema.org/url>",
            "isa:<schema.org/ProductCollection>"
        ],
        "count": 9.0
    },
    {
        "pset": [
            "<schema.org/brand>",
            "<schema.org/description>",
            "<schema.org/hasMerchantReturnPolicy>",
            "<schema.org/name>",
            "isa:<schema.org/ProductCollection>"
        ],
        "count": 7.0
    },
    {
        "pset": [
            "<schema.org/mainEntity>",
            "isa:<schema.org/ProductCollection>"
        ],
        "count": 7.0
    },
    {
        "pset": [
            "<schema.org/collectionSize>",
            "<schema.org/inLanguage>",
            "<schema.org/name>",
            "<schema.org/url>",
            "isa:<schema.org/ProductCollection>"
        ],
        "count": 6.0
    },
    {
        "pset": [
            "<schema.org/image>",
            "<schema.org/name>",
            "<schema.org/url>",
            "isa:<schema.org/ProductCollection>"
        ],
        "count": 6.0
    },
    {
        "pset": [
            "<schema.org/aggregateRating>",
            "<schema.org/brand>",
            "<schema.org/description>",
            "<schema.org/image>",
            "<schema.org/name>",
            "<schema.org/position>",
            "<schema.org/url>",
            "isa:<schema.org/ProductCollection>"
        ],
        "count": 6.0
    },
    {
        "pset": [
            "<schema.org/brand>",
            "<schema.org/description>",
            "<schema.org/image>",
            "<schema.org/includesObject>",
            "<schema.org/name>",
            "isa:<schema.org/ProductCollection>"
        ],
        "count": 6.0
    },
    {
        "pset": [
            "<schema.org/features>",
            "<schema.org/image>",
            "<schema.org/mainEntityOfPage>",
            "<schema.org/name>",
            "<schema.org/thumbnailUrl>",
            "<schema.org/url>",
            "isa:<schema.org/ProductCollection>"
        ],
        "count": 4.0
    },
    {
        "pset": [
            "<schema.org/address>",
            "<schema.org/image>",
            "<schema.org/name>",
            "<schema.org/servesCuisine>",
            "<schema.org/telephone>",
            "isa:<schema.org/ProductCollection>"
        ],
        "count": 4.0
    },
    {
        "pset": [
            "<schema.org/description>",
            "<schema.org/name>",
            "<schema.org/url>",
            "isa:<schema.org/ProductCollection>"
        ],
        "count": 2.0
    },
    {
        "pset": [
            "<schema.org/abstract>",
            "<schema.org/alternativeHeadline>",
            "<schema.org/headline>",
            "<schema.org/image>",
            "<schema.org/includesObject>",
            "<schema.org/logo>",
            "<schema.org/name>",
            "<schema.org/productID>",
            "<schema.org/slogan>",
            "<schema.org/text>",
            "isa:<schema.org/ProductCollection>"
        ],
        "count": 2.0
    },
    {
        "pset": [
            "<schema.org/aggregateRating>",
            "<schema.org/description>",
            "<schema.org/name>",
            "<schema.org/potentialAction>",
            "<schema.org/url>",
            "isa:<schema.org/ProductCollection>"
        ],
        "count": 1.0
    },
    {
        "pset": [
            "<schema.org/additionalType>",
            "<schema.org/alternateName>",
            "<schema.org/audience>",
            "<schema.org/brand>",
            "<schema.org/category>",
            "<schema.org/description>",
            "<schema.org/disambiguatingDescription>",
            "<schema.org/image>",
            "<schema.org/isRelatedTo>",
            "<schema.org/isSimilarTo>",
            "<schema.org/logo>",
            "<schema.org/mainEntityOfPage>",
            "<schema.org/manufacturer>",
            "<schema.org/name>",
            "<schema.org/offers>",
            "<schema.org/potentialAction>",
            "<schema.org/sameAs>",
            "<schema.org/subjectOf>",
            "<schema.org/url>",
            "isa:<schema.org/ProductCollection>",
            "isa:<schema.org/Thing>"
        ],
        "count": 1.0
    },
    {
        "pset": [
            "<schema.org/brand>",
            "<schema.org/description>",
            "<schema.org/gtin>",
            "<schema.org/image>",
            "<schema.org/name>",
            "<schema.org/offers>",
            "isa:<schema.org/ProductCollection>"
        ],
        "count": 1.0
    },
    {
        "pset": [
            "<schema.org/collectionSize>",
            "<schema.org/description>",
            "<schema.org/name>",
            "isa:<schema.org/ProductCollection>"
        ],
        "count": 1.0
    },
    {
        "pset": [
            "<schema.org/brand>",
            "<schema.org/mainEntity>",
            "<schema.org/name>",
            "isa:<schema.org/ProductCollection>"
        ],
        "count": 1.0
    },
    {
        "pset": [
            "<schema.org/brand>",
            "<schema.org/description>",
            "<schema.org/image>",
            "<schema.org/name>",
            "<schema.org/offers>",
            "<schema.org/url>",
            "isa:<schema.org/ProductCollection>"
        ],
        "count": 1.0
    },
    {
        "pset": [
            "<schema.org/brand>",
            "<schema.org/description>",
            "<schema.org/image>",
            "<schema.org/name>",
            "<schema.org/sku>",
            "<schema.org/url>",
            "isa:<schema.org/ProductCollection>"
        ],
        "count": 1.0
    },
    {
        "pset": [
            "<schema.org/itemListElement>",
            "isa:<schema.org/ItemList>",
            "isa:<schema.org/ProductCollection>"
        ],
        "count": 1.0
    },
    {
        "pset": [
            "<schema.org/additionalType>",
            "<schema.org/alternateName>",
            "<schema.org/audience>",
            "<schema.org/brand>",
            "<schema.org/category>",
            "<schema.org/description>",
            "<schema.org/disambiguatingDescription>",
            "<schema.org/image>",
            "<schema.org/includesObject>",
            "<schema.org/isRelatedTo>",
            "<schema.org/isSimilarTo>",
            "<schema.org/logo>",
            "<schema.org/mainEntityOfPage>",
            "<schema.org/manufacturer>",
            "<schema.org/name>",
            "<schema.org/offers>",
            "<schema.org/potentialAction>",
            "<schema.org/sameAs>",
            "<schema.org/url>",
            "<schema.org/video>",
            "isa:<schema.org/ProductCollection>",
            "isa:<schema.org/Thing>"
        ],
        "count": 1.0
    },
    {
        "pset": [
            "<schema.org/about>",
            "<schema.org/abstract>",
            "<schema.org/aggregateRating>",
            "<schema.org/category>",
            "<schema.org/creator>",
            "<schema.org/keywords>",
            "<schema.org/provider>",
            "isa:<schema.org/ProductCollection>"
        ],
        "count": 1.0
    }
]