[
    {
        "pset": [
            "<schema.org/valueName>",
            "<schema.org/valueRequired>",
            "isa:<schema.org/PropertyValueSpecification>"
        ],
        "count": 830134.0
    },
    {
        "pset": [
            "<schema.org/valueMaxlength>",
            "<schema.org/valueName>",
            "<schema.org/valueRequired>",
            "isa:<schema.org/PropertyValueSpecification>"
        ],
        "count": 275816.0
    },
    {
        "pset": [
            "<schema.org/valueName>",
            "isa:<schema.org/PropertyValueSpecification>"
        ],
        "count": 68962.0
    },
    {
        "pset": [
            "<schema.org/multipleValues>",
            "<schema.org/readonlyValue>",
            "<schema.org/valueName>",
            "<schema.org/valueRequired>",
            "isa:<schema.org/PropertyValueSpecification>"
        ],
        "count": 58932.0
    },
    {
        "pset": [
            "<schema.org/valueMaxLength>",
            "<schema.org/valueName>",
            "<schema.org/valueRequired>",
            "isa:<schema.org/PropertyValueSpecification>"
        ],
        "count": 30860.0
    },
    {
        "pset": [
            "<schema.org/defaultValue>",
            "<schema.org/valueName>",
            "isa:<schema.org/PropertyValueSpecification>"
        ],
        "count": 18599.0
    },
    {
        "pset": [
            "<schema.org/defaultValue>",
            "<schema.org/valueName>",
            "<schema.org/valueRequired>",
            "isa:<schema.org/PropertyValueSpecification>"
        ],
        "count": 4269.0
    },
    {
        "pset": [
            "<schema.org/defaultValue>",
            "<schema.org/valueName>",
            "<schema.org/valuePattern>",
            "<schema.org/valueRequired>",
            "isa:<schema.org/PropertyValueSpecification>"
        ],
        "count": 1148.0
    },
    {
        "pset": [
            "<schema.org/ValueName>",
            "<schema.org/valueRequired>",
            "isa:<schema.org/PropertyValueSpecification>"
        ],
        "count": 896.0
    },
    {
        "pset": [
            "<schema.org/required%20name>",
            "<schema.org/valueName>",
            "<schema.org/valueRequired>",
            "isa:<schema.org/PropertyValueSpecification>"
        ],
        "count": 587.0
    },
    {
        "pset": [
            "<schema.org/placeholder>",
            "<schema.org/valueMaxlength>",
            "<schema.org/valueName>",
            "<schema.org/valueRequired>",
            "isa:<schema.org/PropertyValueSpecification>"
        ],
        "count": 261.0
    },
    {
        "pset": [
            "<schema.org/valueMaxlength>",
            "<schema.org/valueMinLength>",
            "<schema.org/valueName>",
            "<schema.org/valueRequired>",
            "isa:<schema.org/PropertyValueSpecification>"
        ],
        "count": 176.0
    },
    {
        "pset": [
            "<schema.org/required>",
            "<schema.org/valueName>",
            "isa:<schema.org/PropertyValueSpecification>"
        ],
        "count": 86.0
    },
    {
        "pset": [
            "<schema.org/valueMaxlength>",
            "<schema.org/valueMinlength>",
            "<schema.org/valueName>",
            "<schema.org/valuePattern>",
            "<schema.org/valueRequired>",
            "isa:<schema.org/PropertyValueSpecification>"
        ],
        "count": 80.0
    },
    {
        "pset": [
            "<schema.org/valueMaxlength>",
            "<schema.org/valueMinlength>",
            "<schema.org/valueName>",
            "<schema.org/valueRequired>",
            "isa:<schema.org/PropertyValueSpecification>"
        ],
        "count": 16.0
    },
    {
        "pset": [
            "<schema.org/valueRequired>",
            "isa:<schema.org/PropertyValueSpecification>"
        ],
        "count": 13.0
    },
    {
        "pset": [
            "<schema.org/valueMinLength>",
            "<schema.org/valueName>",
            "<schema.org/valueRequired>",
            "isa:<schema.org/PropertyValueSpecification>"
        ],
        "count": 5.0
    },
    {
        "pset": [
            "<schema.org/name>",
            "isa:<schema.org/PropertyValueSpecification>"
        ],
        "count": 3.0
    },
    {
        "pset": [
            "<schema.org/multipleValues>",
            "<schema.org/name>",
            "<schema.org/readonlyValue>",
            "<schema.org/valueRequired>",
            "isa:<schema.org/PropertyValueSpecification>"
        ],
        "count": 2.0
    },
    {
        "pset": [
            "<schema.org/name>",
            "<schema.org/valueRequired>",
            "isa:<schema.org/PropertyValueSpecification>"
        ],
        "count": 1.0
    },
    {
        "pset": [
            "<schema.org/multipleValues>",
            "<schema.org/readonlyValue>",
            "<schema.org/valueMaxLength>",
            "<schema.org/valueName>",
            "<schema.org/valueRequired>",
            "isa:<schema.org/PropertyValueSpecification>"
        ],
        "count": 1.0
    },
    {
        "pset": [
            "<schema.org/valueMaxlength>",
            "<schema.org/valueName>",
            "<schema.org/valuePattern>",
            "<schema.org/valueRequired>",
            "isa:<schema.org/PropertyValueSpecification>"
        ],
        "count": 1.0
    }
]