[
    {
        "pset": [
            "<schema.org/name>",
            "isa:<schema.org/Property>"
        ],
        "count": 1979.0
    },
    {
        "pset": [
            "<schema.org/description>",
            "<schema.org/image>",
            "<schema.org/name>",
            "isa:<schema.org/Property>"
        ],
        "count": 1371.0
    },
    {
        "pset": [
            "<schema.org/description>",
            "<schema.org/identifier>",
            "<schema.org/image>",
            "<schema.org/minPrice>",
            "<schema.org/name>",
            "isa:<schema.org/Property>"
        ],
        "count": 271.0
    },
    {
        "pset": [
            "<schema.org/description>",
            "<schema.org/identifier>",
            "<schema.org/image>",
            "<schema.org/name>",
            "isa:<schema.org/Property>"
        ],
        "count": 80.0
    },
    {
        "pset": [
            "<schema.org/dateModified>",
            "<schema.org/datePublished>",
            "<schema.org/description>",
            "isa:<schema.org/Property>"
        ],
        "count": 41.0
    },
    {
        "pset": [
            "<schema.org/description>",
            "isa:<schema.org/Property>"
        ],
        "count": 38.0
    },
    {
        "pset": [
            "<schema.org/description>",
            "<schema.org/domainIncludes>",
            "<schema.org/name>",
            "<schema.org/rangeIncludes>",
            "<schema.org/subjectOf>",
            "<schema.org/url>",
            "isa:<schema.org/Property>"
        ],
        "count": 36.0
    },
    {
        "pset": [
            "<schema.org/address>",
            "<schema.org/description>",
            "<schema.org/image>",
            "<schema.org/name>",
            "<schema.org/priceRange>",
            "<schema.org/starRating>",
            "<schema.org/telephone>",
            "isa:<schema.org/Property>"
        ],
        "count": 23.0
    },
    {
        "pset": [
            "<schema.org/address>",
            "<schema.org/aggregateRating>",
            "<schema.org/brand>",
            "<schema.org/description>",
            "<schema.org/geo>",
            "<schema.org/image>",
            "<schema.org/mpn>",
            "<schema.org/name>",
            "<schema.org/numberOfRooms>",
            "<schema.org/offers>",
            "<schema.org/photo>",
            "<schema.org/sku>",
            "<schema.org/url>",
            "isa:<schema.org/Product>",
            "isa:<schema.org/Property>",
            "isa:<schema.org/SingleFamilyResidence>"
        ],
        "count": 21.0
    },
    {
        "pset": [
            "<schema.org/aggregateRating>",
            "<schema.org/name>",
            "isa:<schema.org/Property>"
        ],
        "count": 9.0
    },
    {
        "pset": [
            "<schema.org/address>",
            "<schema.org/aggregateRating>",
            "<schema.org/brand>",
            "<schema.org/description>",
            "<schema.org/geo>",
            "<schema.org/image>",
            "<schema.org/mpn>",
            "<schema.org/name>",
            "<schema.org/numberOfRooms>",
            "<schema.org/photo>",
            "<schema.org/sku>",
            "<schema.org/url>",
            "isa:<schema.org/Product>",
            "isa:<schema.org/Property>",
            "isa:<schema.org/SingleFamilyResidence>"
        ],
        "count": 8.0
    },
    {
        "pset": [
            "<schema.org/address>",
            "<schema.org/description>",
            "<schema.org/name>",
            "<schema.org/priceRange>",
            "<schema.org/starRating>",
            "<schema.org/telephone>",
            "isa:<schema.org/Property>"
        ],
        "count": 7.0
    },
    {
        "pset": [
            "<schema.org/domainIncludes>",
            "<schema.org/name>",
            "<schema.org/rangeIncludes>",
            "<schema.org/subjectOf>",
            "<schema.org/url>",
            "isa:<schema.org/Property>"
        ],
        "count": 6.0
    },
    {
        "pset": [
            "<schema.org/address>",
            "<schema.org/aggregateRating>",
            "<schema.org/brand>",
            "<schema.org/description>",
            "<schema.org/geo>",
            "<schema.org/image>",
            "<schema.org/mpn>",
            "<schema.org/name>",
            "<schema.org/offers>",
            "<schema.org/photo>",
            "<schema.org/sku>",
            "<schema.org/url>",
            "isa:<schema.org/Product>",
            "isa:<schema.org/Property>",
            "isa:<schema.org/SingleFamilyResidence>"
        ],
        "count": 5.0
    },
    {
        "pset": [
            "<schema.org/address>",
            "<schema.org/description>",
            "<schema.org/geo>",
            "<schema.org/name>",
            "isa:<schema.org/Property>"
        ],
        "count": 4.0
    },
    {
        "pset": [
            "<schema.org/description>",
            "<schema.org/image>",
            "<schema.org/name>",
            "<schema.org/url>",
            "isa:<schema.org/Property>"
        ],
        "count": 4.0
    },
    {
        "pset": [
            "<schema.org/name>",
            "<schema.org/subjectOf>",
            "<schema.org/url>",
            "isa:<schema.org/Property>"
        ],
        "count": 3.0
    },
    {
        "pset": [
            "<schema.org/address>",
            "<schema.org/aggregateRating>",
            "<schema.org/description>",
            "<schema.org/image>",
            "<schema.org/name>",
            "<schema.org/priceRange>",
            "<schema.org/starRating>",
            "<schema.org/telephone>",
            "isa:<schema.org/Property>"
        ],
        "count": 3.0
    },
    {
        "pset": [
            "<schema.org/alternateName>",
            "<schema.org/name>",
            "isa:<schema.org/Property>"
        ],
        "count": 2.0
    },
    {
        "pset": [
            "<schema.org/contactPoint>",
            "<schema.org/name>",
            "<schema.org/url>",
            "isa:<schema.org/Property>"
        ],
        "count": 1.0
    },
    {
        "pset": [
            "<schema.org/address>",
            "<schema.org/aggregateRating>",
            "<schema.org/brand>",
            "<schema.org/description>",
            "<schema.org/geo>",
            "<schema.org/image>",
            "<schema.org/mpn>",
            "<schema.org/name>",
            "<schema.org/photo>",
            "<schema.org/sku>",
            "<schema.org/url>",
            "isa:<schema.org/Product>",
            "isa:<schema.org/Property>",
            "isa:<schema.org/SingleFamilyResidence>"
        ],
        "count": 1.0
    }
]