[
    {
        "pset": [
            "<schema.org/description>",
            "<schema.org/image>",
            "<schema.org/name>",
            "<schema.org/url>",
            "isa:<schema.org/PsychologicalTreatment>"
        ],
        "count": 1108.0
    },
    {
        "pset": [
            "isa:<schema.org/PsychologicalTreatment>"
        ],
        "count": 570.0
    },
    {
        "pset": [
            "<schema.org/description>",
            "<schema.org/name>",
            "<schema.org/url>",
            "isa:<schema.org/PsychologicalTreatment>"
        ],
        "count": 67.0
    },
    {
        "pset": [
            "<schema.org/name>",
            "isa:<schema.org/PsychologicalTreatment>"
        ],
        "count": 14.0
    },
    {
        "pset": [
            "<schema.org/aggregateRating>",
            "<schema.org/applicationCategory>",
            "<schema.org/name>",
            "<schema.org/operatingSystem>",
            "isa:<schema.org/PsychologicalTreatment>"
        ],
        "count": 13.0
    },
    {
        "pset": [
            "<schema.org/description>",
            "<schema.org/isPartOf>",
            "<schema.org/name>",
            "<schema.org/url>",
            "isa:<schema.org/PsychologicalTreatment>"
        ],
        "count": 12.0
    },
    {
        "pset": [
            "<schema.org/address>",
            "<schema.org/email>",
            "<schema.org/geo>",
            "<schema.org/image>",
            "<schema.org/name>",
            "<schema.org/telePhone>",
            "<schema.org/url>",
            "isa:<schema.org/PsychologicalTreatment>"
        ],
        "count": 12.0
    },
    {
        "pset": [
            "<schema.org/address>",
            "<schema.org/geo>",
            "<schema.org/image>",
            "<schema.org/name>",
            "<schema.org/openingHoursSpecification>",
            "<schema.org/sameAs>",
            "<schema.org/telephone>",
            "<schema.org/url>",
            "isa:<schema.org/PsychologicalTreatment>"
        ],
        "count": 7.0
    },
    {
        "pset": [
            "<schema.org/additionalType>",
            "<schema.org/code>",
            "<schema.org/description>",
            "<schema.org/drug>",
            "<schema.org/followup>",
            "<schema.org/howPerformed>",
            "<schema.org/image>",
            "<schema.org/name>",
            "<schema.org/preparation>",
            "<schema.org/procedureType>",
            "<schema.org/url>",
            "isa:<schema.org/PsychologicalTreatment>"
        ],
        "count": 5.0
    },
    {
        "pset": [
            "<schema.org/Howperformed>",
            "<schema.org/additionalType>",
            "<schema.org/bodyLocation>",
            "<schema.org/code>",
            "<schema.org/description>",
            "<schema.org/drug>",
            "<schema.org/followup>",
            "<schema.org/image>",
            "<schema.org/name>",
            "<schema.org/preparation>",
            "<schema.org/procedureType>",
            "<schema.org/url>",
            "isa:<schema.org/PsychologicalTreatment>"
        ],
        "count": 4.0
    },
    {
        "pset": [
            "<schema.org/additionalType>",
            "<schema.org/bodyLocation>",
            "<schema.org/code>",
            "<schema.org/description>",
            "<schema.org/drug>",
            "<schema.org/followup>",
            "<schema.org/howPerformed>",
            "<schema.org/image>",
            "<schema.org/name>",
            "<schema.org/preparation>",
            "<schema.org/procedureType>",
            "<schema.org/url>",
            "isa:<schema.org/PsychologicalTreatment>"
        ],
        "count": 4.0
    },
    {
        "pset": [
            "<schema.org/address>",
            "<schema.org/aggregateRating>",
            "<schema.org/alternateName>",
            "<schema.org/description>",
            "<schema.org/email>",
            "<schema.org/founder>",
            "<schema.org/foundingDate>",
            "<schema.org/foundingLocation>",
            "<schema.org/geo>",
            "<schema.org/hasMap>",
            "<schema.org/image>",
            "<schema.org/location>",
            "<schema.org/logo>",
            "<schema.org/medicalSpecialty>",
            "<schema.org/medicineSystem>",
            "<schema.org/name>",
            "<schema.org/openingHours>",
            "<schema.org/priceRange>",
            "<schema.org/sameAs>",
            "<schema.org/taxID>",
            "<schema.org/telephone>",
            "<schema.org/url>",
            "isa:<schema.org/LifestyleModification>",
            "isa:<schema.org/MedicalClinic>",
            "isa:<schema.org/MedicalEntity>",
            "isa:<schema.org/MedicalOrganization>",
            "isa:<schema.org/MedicalProcedure>",
            "isa:<schema.org/PsychologicalTreatment>"
        ],
        "count": 4.0
    },
    {
        "pset": [
            "<schema.org/alternateName>",
            "<schema.org/name>",
            "isa:<schema.org/PsychologicalTreatment>"
        ],
        "count": 4.0
    },
    {
        "pset": [
            "<schema.org/description>",
            "<schema.org/image>",
            "<schema.org/mainEntityOfPage>",
            "<schema.org/name>",
            "<schema.org/url>",
            "isa:<schema.org/PsychologicalTreatment>"
        ],
        "count": 2.0
    },
    {
        "pset": [
            "<schema.org/code>",
            "<schema.org/name>",
            "isa:<schema.org/PsychologicalTreatment>"
        ],
        "count": 2.0
    },
    {
        "pset": [
            "<schema.org/Outcome>",
            "<schema.org/drug>",
            "<schema.org/howperformed>",
            "<schema.org/indication>",
            "isa:<schema.org/PsychologicalTreatment>"
        ],
        "count": 2.0
    },
    {
        "pset": [
            "<schema.org/image>",
            "<schema.org/name>",
            "isa:<schema.org/PsychologicalTreatment>"
        ],
        "count": 1.0
    },
    {
        "pset": [
            "<schema.org/indication>",
            "<schema.org/name>",
            "isa:<schema.org/PsychologicalTreatment>"
        ],
        "count": 1.0
    },
    {
        "pset": [
            "<schema.org/MedicineSystem>",
            "<schema.org/alternateName>",
            "<schema.org/code>",
            "<schema.org/description>",
            "<schema.org/howPerformed>",
            "<schema.org/name>",
            "<schema.org/potentialAction>",
            "<schema.org/recognizingAuthority>",
            "<schema.org/sameAs>",
            "<schema.org/url>",
            "isa:<schema.org/PsychologicalTreatment>"
        ],
        "count": 1.0
    },
    {
        "pset": [
            "<schema.org/additionalProperty>",
            "<schema.org/additionalType>",
            "<schema.org/description>",
            "<schema.org/image>",
            "<schema.org/name>",
            "<schema.org/sameAs>",
            "<schema.org/url>",
            "isa:<schema.org/PsychologicalTreatment>"
        ],
        "count": 1.0
    },
    {
        "pset": [
            "<schema.org/description>",
            "<schema.org/name>",
            "<schema.org/sameAs>",
            "<schema.org/url>",
            "isa:<schema.org/PsychologicalTreatment>"
        ],
        "count": 1.0
    },
    {
        "pset": [
            "<schema.org/additionalType>",
            "<schema.org/code>",
            "<schema.org/name>",
            "<schema.org/sameAs>",
            "<schema.org/url>",
            "isa:<schema.org/PsychologicalTreatment>"
        ],
        "count": 1.0
    },
    {
        "pset": [
            "<schema.org/address>",
            "<schema.org/contactPoint>",
            "<schema.org/description>",
            "<schema.org/geo>",
            "<schema.org/image>",
            "<schema.org/logo>",
            "<schema.org/name>",
            "<schema.org/openingHours>",
            "<schema.org/priceRange>",
            "<schema.org/sameAs>",
            "<schema.org/telephone>",
            "<schema.org/url>",
            "isa:<schema.org/PsychologicalTreatment>"
        ],
        "count": 1.0
    },
    {
        "pset": [
            "<schema.org/description>",
            "<schema.org/hasPart>",
            "<schema.org/image>",
            "<schema.org/isAccessibleForFree>",
            "<schema.org/name>",
            "<schema.org/url>",
            "isa:<schema.org/PsychologicalTreatment>"
        ],
        "count": 1.0
    },
    {
        "pset": [
            "<schema.org/alternatename>",
            "<schema.org/description>",
            "<schema.org/howPerformed>",
            "<schema.org/name>",
            "<schema.org/recognizingAuthority>",
            "<schema.org/sameas>",
            "isa:<schema.org/PsychologicalTreatment>"
        ],
        "count": 1.0
    },
    {
        "pset": [
            "<schema.org/code>",
            "<schema.org/howPerformed>",
            "<schema.org/name>",
            "<schema.org/url>",
            "isa:<schema.org/PsychologicalTreatment>"
        ],
        "count": 1.0
    },
    {
        "pset": [
            "<schema.org/MedicineSystem>",
            "<schema.org/alternateName>",
            "<schema.org/code>",
            "<schema.org/description>",
            "<schema.org/name>",
            "<schema.org/recognizingAuthority>",
            "<schema.org/sameAs>",
            "<schema.org/url>",
            "isa:<schema.org/PsychologicalTreatment>"
        ],
        "count": 1.0
    },
    {
        "pset": [
            "<schema.org/additionalType>",
            "<schema.org/alternateName>",
            "<schema.org/code>",
            "<schema.org/description>",
            "<schema.org/howPerformed>",
            "<schema.org/medicineSystem>",
            "<schema.org/name>",
            "<schema.org/recognizingAuthority>",
            "<schema.org/relevantSpecialty>",
            "<schema.org/sameAs>",
            "<schema.org/url>",
            "isa:<schema.org/PsychologicalTreatment>"
        ],
        "count": 1.0
    },
    {
        "pset": [
            "<schema.org/additionalProperty>",
            "<schema.org/additionalType>",
            "<schema.org/address>",
            "<schema.org/areaServed>",
            "<schema.org/currenciesAccepted>",
            "<schema.org/geo>",
            "<schema.org/hasMap>",
            "<schema.org/image>",
            "<schema.org/knowsAbout>",
            "<schema.org/logo>",
            "<schema.org/name>",
            "<schema.org/openingHoursSpecification>",
            "<schema.org/priceRange>",
            "<schema.org/telephone>",
            "<schema.org/url>",
            "isa:<schema.org/LocalBusiness>",
            "isa:<schema.org/PsychologicalTreatment>"
        ],
        "count": 1.0
    },
    {
        "pset": [
            "<schema.org/name>",
            "<schema.org/url>",
            "isa:<schema.org/PsychologicalTreatment>"
        ],
        "count": 1.0
    },
    {
        "pset": [
            "<schema.org/additionalType>",
            "<schema.org/alternateName>",
            "<schema.org/code>",
            "<schema.org/description>",
            "<schema.org/howPerformed>",
            "<schema.org/relevantSpecialty>",
            "<schema.org/sameAs>",
            "<schema.org/url>",
            "isa:<schema.org/PsychologicalTreatment>"
        ],
        "count": 1.0
    },
    {
        "pset": [
            "<schema.org/additionalProperty>",
            "<schema.org/additionalType>",
            "<schema.org/address>",
            "<schema.org/areaServed>",
            "<schema.org/currenciesAccepted>",
            "<schema.org/geo>",
            "<schema.org/hasMap>",
            "<schema.org/image>",
            "<schema.org/knowsAbout>",
            "<schema.org/logo>",
            "<schema.org/name>",
            "<schema.org/openingHoursSpecification>",
            "<schema.org/priceRange>",
            "<schema.org/sameAs>",
            "<schema.org/telephone>",
            "<schema.org/url>",
            "isa:<schema.org/LocalBusiness>",
            "isa:<schema.org/PsychologicalTreatment>"
        ],
        "count": 1.0
    },
    {
        "pset": [
            "<schema.org/additionalType>",
            "<schema.org/alternateName>",
            "<schema.org/code>",
            "<schema.org/description>",
            "<schema.org/howPerformed>",
            "<schema.org/medicineSystem>",
            "<schema.org/name>",
            "<schema.org/potentialAction>",
            "<schema.org/recognizingAuthority>",
            "<schema.org/relevantSpecialty>",
            "<schema.org/sameAs>",
            "<schema.org/study>",
            "<schema.org/url>",
            "isa:<schema.org/PsychologicalTreatment>"
        ],
        "count": 1.0
    },
    {
        "pset": [
            "<schema.org/bodyLocation>",
            "<schema.org/code>",
            "<schema.org/name>",
            "<schema.org/recognizingAuthority>",
            "<schema.org/sameAs>",
            "<schema.org/study>",
            "isa:<schema.org/PsychologicalTreatment>"
        ],
        "count": 1.0
    },
    {
        "pset": [
            "<schema.org/MedicineSystem>",
            "<schema.org/alternateName>",
            "<schema.org/code>",
            "<schema.org/howperformed>",
            "<schema.org/name>",
            "<schema.org/preparation>",
            "<schema.org/recognizingAuthority>",
            "<schema.org/sameAs>",
            "isa:<schema.org/PsychologicalTreatment>"
        ],
        "count": 1.0
    },
    {
        "pset": [
            "<schema.org/additionalProperty>",
            "<schema.org/additionalType>",
            "<schema.org/address>",
            "<schema.org/currenciesAccepted>",
            "<schema.org/geo>",
            "<schema.org/hasMap>",
            "<schema.org/image>",
            "<schema.org/knowsAbout>",
            "<schema.org/name>",
            "<schema.org/openingHoursSpecification>",
            "<schema.org/priceRange>",
            "<schema.org/telephone>",
            "<schema.org/url>",
            "isa:<schema.org/LocalBusiness>",
            "isa:<schema.org/PsychologicalTreatment>"
        ],
        "count": 1.0
    },
    {
        "pset": [
            "<schema.org/MedicineSystem>",
            "<schema.org/additionalType>",
            "<schema.org/alternateName>",
            "<schema.org/code>",
            "<schema.org/howPerformed>",
            "<schema.org/name>",
            "<schema.org/recognizingAuthority>",
            "<schema.org/relevantSpecialty>",
            "<schema.org/sameAs>",
            "<schema.org/url>",
            "isa:<schema.org/PsychologicalTreatment>"
        ],
        "count": 1.0
    },
    {
        "pset": [
            "<schema.org/description>",
            "<schema.org/name>",
            "<schema.org/sameas>",
            "isa:<schema.org/PsychologicalTreatment>"
        ],
        "count": 1.0
    },
    {
        "pset": [
            "<schema.org/code>",
            "<schema.org/name>",
            "<schema.org/recognizingAuthority>",
            "<schema.org/sameas>",
            "isa:<schema.org/PsychologicalTreatment>"
        ],
        "count": 1.0
    },
    {
        "pset": [
            "<schema.org/additionalType>",
            "<schema.org/address>",
            "<schema.org/currenciesAccepted>",
            "<schema.org/description>",
            "<schema.org/email>",
            "<schema.org/geo>",
            "<schema.org/hasMap>",
            "<schema.org/image>",
            "<schema.org/logo>",
            "<schema.org/name>",
            "<schema.org/openingHours>",
            "<schema.org/paymentAccepted>",
            "<schema.org/potentialAction>",
            "<schema.org/priceRange>",
            "<schema.org/serviceType>",
            "<schema.org/telephone>",
            "<schema.org/url>",
            "isa:<schema.org/LocalBusiness>",
            "isa:<schema.org/PsychologicalTreatment>",
            "isa:<schema.org/Service>"
        ],
        "count": 1.0
    },
    {
        "pset": [
            "<schema.org/howPerformed>",
            "<schema.org/name>",
            "<schema.org/url>",
            "isa:<schema.org/PsychologicalTreatment>"
        ],
        "count": 1.0
    },
    {
        "pset": [
            "<schema.org/additionalType>",
            "<schema.org/alternateName>",
            "<schema.org/code>",
            "<schema.org/howPerformed>",
            "<schema.org/medicineSystem>",
            "<schema.org/name>",
            "<schema.org/recognizingAuthority>",
            "<schema.org/relevantSpecialty>",
            "<schema.org/sameAs>",
            "<schema.org/url>",
            "isa:<schema.org/PsychologicalTreatment>"
        ],
        "count": 1.0
    },
    {
        "pset": [
            "<schema.org/MedicineSystem>",
            "<schema.org/additionalType>",
            "<schema.org/alternateName>",
            "<schema.org/code>",
            "<schema.org/description>",
            "<schema.org/howPerformed>",
            "<schema.org/name>",
            "<schema.org/recognizingAuthority>",
            "<schema.org/relevantSpecialty>",
            "<schema.org/sameAs>",
            "<schema.org/url>",
            "isa:<schema.org/PsychologicalTreatment>"
        ],
        "count": 1.0
    }
]