[
    {
        "pset": [
            "<schema.org/creator>",
            "<schema.org/text>",
            "isa:<schema.org/Quotation>"
        ],
        "count": 16713.0
    },
    {
        "pset": [
            "<schema.org/creator>",
            "<schema.org/text>",
            "<schema.org/url>",
            "isa:<schema.org/Quotation>"
        ],
        "count": 14266.0
    },
    {
        "pset": [
            "<schema.org/about>",
            "<schema.org/description>",
            "<schema.org/isPartOf>",
            "<schema.org/spokenByCharacter>",
            "<schema.org/text>",
            "isa:<schema.org/Quotation>"
        ],
        "count": 11000.0
    },
    {
        "pset": [
            "<schema.org/isPartOf>",
            "<schema.org/text>",
            "isa:<schema.org/Quotation>"
        ],
        "count": 9867.0
    },
    {
        "pset": [
            "<schema.org/creator>",
            "<schema.org/image>",
            "<schema.org/keywords>",
            "<schema.org/text>",
            "isa:<schema.org/Quotation>"
        ],
        "count": 7485.0
    },
    {
        "pset": [
            "<schema.org/aggregateRating>",
            "<schema.org/datePublished>",
            "<schema.org/isPartOf>",
            "<schema.org/spokenByCharacter>",
            "<schema.org/text>",
            "isa:<schema.org/Quotation>"
        ],
        "count": 7096.0
    },
    {
        "pset": [
            "<schema.org/image>",
            "<schema.org/keywords>",
            "<schema.org/text>",
            "isa:<schema.org/Quotation>"
        ],
        "count": 6362.0
    },
    {
        "pset": [
            "<schema.org/creator>",
            "<schema.org/isPartOf>",
            "<schema.org/text>",
            "isa:<schema.org/Quotation>"
        ],
        "count": 5923.0
    },
    {
        "pset": [
            "<schema.org/creator>",
            "<schema.org/image>",
            "<schema.org/spokenByCharacter>",
            "<schema.org/text>",
            "<schema.org/url>",
            "isa:<schema.org/Quotation>"
        ],
        "count": 4743.0
    },
    {
        "pset": [
            "<schema.org/author>",
            "<schema.org/keywords>",
            "<schema.org/text>",
            "isa:<schema.org/Quotation>"
        ],
        "count": 3726.0
    },
    {
        "pset": [
            "<schema.org/about>",
            "<schema.org/description>",
            "<schema.org/isPartOf>",
            "<schema.org/text>",
            "isa:<schema.org/Quotation>"
        ],
        "count": 3067.0
    },
    {
        "pset": [
            "<schema.org/spokenByCharacter>",
            "<schema.org/text>",
            "isa:<schema.org/Quotation>"
        ],
        "count": 2415.0
    },
    {
        "pset": [
            "<schema.org/text>",
            "isa:<schema.org/Quotation>"
        ],
        "count": 1957.0
    },
    {
        "pset": [
            "<schema.org/author>",
            "<schema.org/citation>",
            "<schema.org/text>",
            "<schema.org/thumbnailUrl>",
            "isa:<schema.org/Quotation>"
        ],
        "count": 1477.0
    },
    {
        "pset": [
            "<schema.org/author>",
            "<schema.org/isPartOf>",
            "<schema.org/text>",
            "isa:<schema.org/Quotation>"
        ],
        "count": 1029.0
    },
    {
        "pset": [
            "<schema.org/creator>",
            "<schema.org/keywords>",
            "<schema.org/text>",
            "isa:<schema.org/Quotation>"
        ],
        "count": 861.0
    },
    {
        "pset": [
            "<schema.org/aggregateRating>",
            "<schema.org/datePublished>",
            "<schema.org/isPartOf>",
            "<schema.org/text>",
            "isa:<schema.org/Quotation>"
        ],
        "count": 737.0
    },
    {
        "pset": [
            "<schema.org/isPartOf>",
            "<schema.org/spokenByCharacter>",
            "<schema.org/text>",
            "isa:<schema.org/Quotation>"
        ],
        "count": 697.0
    },
    {
        "pset": [
            "<schema.org/accessMode>",
            "<schema.org/author>",
            "<schema.org/isFamilyFriendly>",
            "<schema.org/spokenByCharacter>",
            "<schema.org/text>",
            "<schema.org/thumbnailUrl>",
            "isa:<schema.org/Quotation>"
        ],
        "count": 669.0
    },
    {
        "pset": [
            "<schema.org/datePublished>",
            "<schema.org/isPartOf>",
            "<schema.org/text>",
            "isa:<schema.org/Quotation>"
        ],
        "count": 560.0
    },
    {
        "pset": [
            "<schema.org/author>",
            "<schema.org/datePublished>",
            "<schema.org/isPartOf>",
            "<schema.org/text>",
            "isa:<schema.org/Quotation>"
        ],
        "count": 415.0
    },
    {
        "pset": [
            "<schema.org/creator>",
            "<schema.org/image>",
            "<schema.org/text>",
            "isa:<schema.org/Quotation>"
        ],
        "count": 330.0
    },
    {
        "pset": [
            "<schema.org/text>",
            "<schema.org/url>",
            "isa:<schema.org/Quotation>"
        ],
        "count": 269.0
    },
    {
        "pset": [
            "<schema.org/creator>",
            "<schema.org/isPartOf>",
            "<schema.org/text>",
            "<schema.org/url>",
            "isa:<schema.org/Quotation>"
        ],
        "count": 247.0
    },
    {
        "pset": [
            "<schema.org/creator>",
            "<schema.org/position>",
            "<schema.org/text>",
            "<schema.org/url>",
            "isa:<schema.org/Quotation>"
        ],
        "count": 215.0
    },
    {
        "pset": [
            "<schema.org/aggregateRating>",
            "<schema.org/creator>",
            "<schema.org/image>",
            "<schema.org/text>",
            "isa:<schema.org/Quotation>"
        ],
        "count": 188.0
    },
    {
        "pset": [
            "<schema.org/datePublished>",
            "<schema.org/isPartOf>",
            "<schema.org/spokenByCharacter>",
            "<schema.org/text>",
            "isa:<schema.org/Quotation>"
        ],
        "count": 164.0
    },
    {
        "pset": [
            "<schema.org/accessMode>",
            "<schema.org/author>",
            "<schema.org/isFamilyFriendly>",
            "<schema.org/spokenByCharacter>",
            "<schema.org/text>",
            "isa:<schema.org/Quotation>"
        ],
        "count": 108.0
    },
    {
        "pset": [
            "<schema.org/keywords>",
            "<schema.org/text>",
            "isa:<schema.org/Quotation>"
        ],
        "count": 68.0
    },
    {
        "pset": [
            "<schema.org/about>",
            "<schema.org/author>",
            "<schema.org/itemListElement>",
            "<schema.org/itemListOrder>",
            "<schema.org/name>",
            "<schema.org/numberOfItems>",
            "isa:<schema.org/ItemList>",
            "isa:<schema.org/Quotation>"
        ],
        "count": 66.0
    },
    {
        "pset": [
            "<schema.org/author>",
            "<schema.org/position>",
            "<schema.org/text>",
            "isa:<schema.org/Quotation>"
        ],
        "count": 51.0
    },
    {
        "pset": [
            "<schema.org/author>",
            "<schema.org/copyrightHolder>",
            "<schema.org/copyrightYear>",
            "<schema.org/creator>",
            "<schema.org/dateModified>",
            "<schema.org/datePublished>",
            "<schema.org/description>",
            "<schema.org/headline>",
            "<schema.org/image>",
            "<schema.org/inLanguage>",
            "<schema.org/mainEntityOfPage>",
            "<schema.org/name>",
            "<schema.org/publisher>",
            "<schema.org/url>",
            "isa:<schema.org/Quotation>"
        ],
        "count": 48.0
    },
    {
        "pset": [
            "<schema.org/author>",
            "<schema.org/text>",
            "isa:<schema.org/Quotation>"
        ],
        "count": 47.0
    },
    {
        "pset": [
            "<schema.org/creator>",
            "<schema.org/image>",
            "<schema.org/isPartOf>",
            "<schema.org/text>",
            "isa:<schema.org/Quotation>"
        ],
        "count": 23.0
    },
    {
        "pset": [
            "<schema.org/creator>",
            "<schema.org/dateCreated>",
            "<schema.org/description>",
            "<schema.org/location>",
            "<schema.org/recordedAt>",
            "<schema.org/startDate>",
            "<schema.org/text>",
            "<schema.org/url>",
            "isa:<schema.org/Quotation>"
        ],
        "count": 15.0
    },
    {
        "pset": [
            "<schema.org/aggregateRating>",
            "<schema.org/creator>",
            "<schema.org/text>",
            "isa:<schema.org/Quotation>"
        ],
        "count": 11.0
    },
    {
        "pset": [
            "<schema.org/spokenByCharacter>",
            "isa:<schema.org/Quotation>"
        ],
        "count": 9.0
    },
    {
        "pset": [
            "<schema.org/@name>",
            "<schema.org/description>",
            "<schema.org/image>",
            "<schema.org/url>",
            "isa:<schema.org/Quotation>"
        ],
        "count": 3.0
    },
    {
        "pset": [
            "<schema.org/author>",
            "isa:<schema.org/Quotation>"
        ],
        "count": 3.0
    },
    {
        "pset": [
            "<schema.org/image>",
            "<schema.org/text>",
            "isa:<schema.org/Quotation>"
        ],
        "count": 3.0
    },
    {
        "pset": [
            "<schema.org/creator>",
            "<schema.org/image>",
            "<schema.org/mainEntityOfPage>",
            "<schema.org/text>",
            "isa:<schema.org/Quotation>"
        ],
        "count": 2.0
    },
    {
        "pset": [
            "<schema.org/name>",
            "isa:<schema.org/DefinedTermSet>",
            "isa:<schema.org/Quotation>"
        ],
        "count": 2.0
    },
    {
        "pset": [
            "<schema.org/about>",
            "<schema.org/copyrightHolder>",
            "<schema.org/copyrightYear>",
            "<schema.org/creator>",
            "<schema.org/datePublished>",
            "<schema.org/inLanguage>",
            "<schema.org/name>",
            "<schema.org/publisher>",
            "<schema.org/text>",
            "<schema.org/url>",
            "isa:<schema.org/Quotation>"
        ],
        "count": 1.0
    },
    {
        "pset": [
            "<schema.org/author>",
            "<schema.org/description>",
            "<schema.org/name>",
            "isa:<schema.org/Quotation>"
        ],
        "count": 1.0
    },
    {
        "pset": [
            "<schema.org/publisher>",
            "<schema.org/spokenByCharacter>",
            "<schema.org/text>",
            "isa:<schema.org/Quotation>"
        ],
        "count": 1.0
    },
    {
        "pset": [
            "<schema.org/about>",
            "<schema.org/author>",
            "<schema.org/itemListOrder>",
            "<schema.org/name>",
            "<schema.org/numberOfItems>",
            "isa:<schema.org/ItemList>",
            "isa:<schema.org/Quotation>"
        ],
        "count": 1.0
    },
    {
        "pset": [
            "<schema.org/description>",
            "<schema.org/keywords>",
            "<schema.org/name>",
            "<schema.org/provider>",
            "<schema.org/url>",
            "isa:<schema.org/Quotation>",
            "isa:<schema.org/SiteNavigationElement>"
        ],
        "count": 1.0
    }
]