[
    {
        "pset": [
            "<schema.org/description>",
            "<schema.org/image>",
            "<schema.org/name>",
            "isa:<schema.org/RadioChannel>"
        ],
        "count": 402.0
    },
    {
        "pset": [
            "<schema.org/broadcastChannelId>",
            "<schema.org/description>",
            "<schema.org/image>",
            "<schema.org/name>",
            "<schema.org/providesBroadcastService>",
            "<schema.org/url>",
            "isa:<schema.org/RadioChannel>"
        ],
        "count": 104.0
    },
    {
        "pset": [
            "<schema.org/description>",
            "<schema.org/image>",
            "<schema.org/name>",
            "<schema.org/url>",
            "isa:<schema.org/RadioChannel>"
        ],
        "count": 22.0
    },
    {
        "pset": [
            "<schema.org/image>",
            "<schema.org/name>",
            "<schema.org/url>",
            "isa:<schema.org/RadioChannel>"
        ],
        "count": 2.0
    },
    {
        "pset": [
            "<schema.org/alternateName>",
            "<schema.org/description>",
            "<schema.org/image>",
            "<schema.org/name>",
            "<schema.org/url>",
            "isa:<schema.org/RadioChannel>"
        ],
        "count": 1.0
    }
]