[
    {
        "pset": [
            "<schema.org/target>",
            "isa:<schema.org/ReadAction>"
        ],
        "count": 243969439.0
    },
    {
        "pset": [
            "isa:<schema.org/ReadAction>"
        ],
        "count": 329988.0
    },
    {
        "pset": [
            "<schema.org/expectsAcceptanceOf>",
            "<schema.org/target>",
            "isa:<schema.org/ReadAction>"
        ],
        "count": 279649.0
    },
    {
        "pset": [
            "<schema.org/expectsAcceptanceOf>",
            "isa:<schema.org/ReadAction>"
        ],
        "count": 46489.0
    },
    {
        "pset": [
            "<schema.org/agent>",
            "<schema.org/object>",
            "isa:<schema.org/ReadAction>",
            "isa:<schema.org/ViewAction>"
        ],
        "count": 2579.0
    },
    {
        "pset": [
            "<schema.org/ExpectsAcceptanceOf>",
            "<schema.org/Target>",
            "isa:<schema.org/ReadAction>"
        ],
        "count": 1491.0
    },
    {
        "pset": [
            "<schema.org/description>",
            "<schema.org/name>",
            "<schema.org/target>",
            "isa:<schema.org/ReadAction>"
        ],
        "count": 1428.0
    },
    {
        "pset": [
            "<schema.org/object>",
            "isa:<schema.org/ReadAction>"
        ],
        "count": 1245.0
    },
    {
        "pset": [
            "<schema.org/expectsAcceptanceOf>",
            "<schema.org/image>",
            "<schema.org/target>",
            "isa:<schema.org/ReadAction>"
        ],
        "count": 626.0
    },
    {
        "pset": [
            "<schema.org/name>",
            "<schema.org/url>",
            "isa:<schema.org/ReadAction>"
        ],
        "count": 103.0
    },
    {
        "pset": [
            "<schema.org/name>",
            "<schema.org/target>",
            "isa:<schema.org/ReadAction>"
        ],
        "count": 81.0
    },
    {
        "pset": [
            "<schema.org/agent>",
            "<schema.org/object>",
            "isa:<schema.org/ReadAction>"
        ],
        "count": 68.0
    },
    {
        "pset": [
            "<schema.org/alternateName>",
            "<schema.org/name>",
            "<schema.org/url>",
            "isa:<schema.org/ReadAction>"
        ],
        "count": 63.0
    },
    {
        "pset": [
            "<schema.org/Agent>",
            "<schema.org/Object>",
            "isa:<schema.org/ReadAction>"
        ],
        "count": 58.0
    },
    {
        "pset": [
            "<schema.org/ConsumeAction>",
            "<schema.org/target>",
            "isa:<schema.org/ReadAction>"
        ],
        "count": 49.0
    },
    {
        "pset": [
            "<schema.org/Description>",
            "<schema.org/Name>",
            "isa:<schema.org/ReadAction>"
        ],
        "count": 31.0
    },
    {
        "pset": [
            "<schema.org/description>",
            "<schema.org/name>",
            "isa:<schema.org/ReadAction>"
        ],
        "count": 17.0
    },
    {
        "pset": [
            "<schema.org/object>",
            "<schema.org/target>",
            "isa:<schema.org/ReadAction>"
        ],
        "count": 16.0
    },
    {
        "pset": [
            "<schema.org/description>",
            "<schema.org/image>",
            "<schema.org/mainEntityOfPage>",
            "<schema.org/name>",
            "<schema.org/potentialAction>",
            "<schema.org/url>",
            "isa:<schema.org/ReadAction>"
        ],
        "count": 16.0
    },
    {
        "pset": [
            "<schema.org/name>",
            "isa:<schema.org/ReadAction>"
        ],
        "count": 8.0
    },
    {
        "pset": [
            "<schema.org/\\u76EE\\u6807>",
            "isa:<schema.org/ReadAction>"
        ],
        "count": 5.0
    },
    {
        "pset": [
            "<schema.org/description>",
            "<schema.org/name>",
            "<schema.org/url>",
            "isa:<schema.org/ReadAction>"
        ],
        "count": 3.0
    },
    {
        "pset": [
            "<schema.org/\\u7126\\u6CB9get>",
            "isa:<schema.org/ReadAction>"
        ],
        "count": 2.0
    },
    {
        "pset": [
            "<schema.org/name>",
            "<schema.org/target>",
            "<schema.org/url>",
            "isa:<schema.org/ReadAction>"
        ],
        "count": 2.0
    },
    {
        "pset": [
            "<schema.org/expectsAcceptanceOf>",
            "<schema.org/sameAs>",
            "<schema.org/target>",
            "isa:<schema.org/ReadAction>"
        ],
        "count": 2.0
    },
    {
        "pset": [
            "<schema.org/description>",
            "isa:<schema.org/ReadAction>"
        ],
        "count": 2.0
    },
    {
        "pset": [
            "<schema.org/description>",
            "<schema.org/target>",
            "isa:<schema.org/ReadAction>"
        ],
        "count": 2.0
    },
    {
        "pset": [
            "<schema.org/ConsumeAction>",
            "<schema.org/actionType>",
            "<schema.org/expectsAcceptanceOf>",
            "isa:<schema.org/ReadAction>"
        ],
        "count": 2.0
    },
    {
        "pset": [
            "<schema.org/ActionStatus>",
            "<schema.org/Agent>",
            "<schema.org/description>",
            "<schema.org/instrument>",
            "<schema.org/name>",
            "<schema.org/result>",
            "<schema.org/target>",
            "<schema.org/url>",
            "isa:<schema.org/ReadAction>"
        ],
        "count": 2.0
    },
    {
        "pset": [
            "<schema.org/tar\\u5F97\\u5230>",
            "isa:<schema.org/ReadAction>"
        ],
        "count": 1.0
    },
    {
        "pset": [
            "<schema.org/expectsAcceptanceOf>",
            "<schema.org/name>",
            "<schema.org/target>",
            "isa:<schema.org/ReadAction>"
        ],
        "count": 1.0
    },
    {
        "pset": [
            "<schema.org/query-input>",
            "<schema.org/query>",
            "<schema.org/target>",
            "isa:<schema.org/ReadAction>"
        ],
        "count": 1.0
    },
    {
        "pset": [
            "<schema.org/ConsumeAction>",
            "<schema.org/actionType>",
            "<schema.org/expectsAcceptanceOf>",
            "<schema.org/target>",
            "isa:<schema.org/ReadAction>"
        ],
        "count": 1.0
    },
    {
        "pset": [
            "<schema.org/Description>",
            "isa:<schema.org/ReadAction>"
        ],
        "count": 1.0
    },
    {
        "pset": [
            "<schema.org/object>",
            "<schema.org/target>",
            "<schema.org/url>",
            "isa:<schema.org/ReadAction>"
        ],
        "count": 1.0
    },
    {
        "pset": [
            "<schema.org/agent>",
            "<schema.org/location>",
            "<schema.org/participant>",
            "<schema.org/result>",
            "isa:<schema.org/ReadAction>"
        ],
        "count": 1.0
    },
    {
        "pset": [
            "<schema.org/description>",
            "<schema.org/name>",
            "<schema.org/potentialAction>",
            "isa:<schema.org/ReadAction>"
        ],
        "count": 1.0
    }
]