[
    {
        "pset": [
            "<schema.org/author>",
            "<schema.org/citation>",
            "<schema.org/itemReviewed>",
            "<schema.org/reviewBody>",
            "<schema.org/url>",
            "isa:<schema.org/Recommendation>"
        ],
        "count": 82.0
    },
    {
        "pset": [
            "<schema.org/datePublished>",
            "<schema.org/name>",
            "<schema.org/reviewBody>",
            "<schema.org/reviewRating>",
            "isa:<schema.org/Recommendation>"
        ],
        "count": 78.0
    },
    {
        "pset": [
            "<schema.org/datePublished>",
            "<schema.org/itemReviewed>",
            "<schema.org/name>",
            "<schema.org/reviewBody>",
            "<schema.org/reviewRating>",
            "isa:<schema.org/Recommendation>"
        ],
        "count": 57.0
    },
    {
        "pset": [
            "<schema.org/datePublished>",
            "<schema.org/itemReviewed>",
            "<schema.org/name>",
            "<schema.org/reviewBody>",
            "isa:<schema.org/Recommendation>"
        ],
        "count": 33.0
    },
    {
        "pset": [
            "<schema.org/author>",
            "<schema.org/datePublished>",
            "<schema.org/reviewBody>",
            "isa:<schema.org/Recommendation>"
        ],
        "count": 24.0
    },
    {
        "pset": [
            "<schema.org/author>",
            "<schema.org/itemReviewed>",
            "<schema.org/reviewBody>",
            "isa:<schema.org/Recommendation>"
        ],
        "count": 9.0
    },
    {
        "pset": [
            "<schema.org/author>",
            "<schema.org/citation>",
            "<schema.org/image>",
            "<schema.org/itemReviewed>",
            "<schema.org/reviewBody>",
            "<schema.org/url>",
            "isa:<schema.org/Recommendation>"
        ],
        "count": 8.0
    },
    {
        "pset": [
            "<schema.org/category>",
            "<schema.org/datePublished>",
            "<schema.org/image>",
            "<schema.org/itemReviewed>",
            "<schema.org/name>",
            "<schema.org/reviewBody>",
            "isa:<schema.org/Recommendation>"
        ],
        "count": 5.0
    },
    {
        "pset": [
            "<schema.org/author>",
            "<schema.org/itemReviewed>",
            "<schema.org/reviewBody>",
            "<schema.org/reviewRating>",
            "isa:<schema.org/Recommendation>"
        ],
        "count": 3.0
    },
    {
        "pset": [
            "<schema.org/author>",
            "<schema.org/citation>",
            "<schema.org/image>",
            "<schema.org/itemReviewed>",
            "<schema.org/url>",
            "isa:<schema.org/Recommendation>"
        ],
        "count": 3.0
    },
    {
        "pset": [
            "<schema.org/author>",
            "<schema.org/datePublished>",
            "<schema.org/description>",
            "<schema.org/inLanguage>",
            "<schema.org/publisher>",
            "<schema.org/url>",
            "isa:<schema.org/Recommendation>"
        ],
        "count": 2.0
    },
    {
        "pset": [
            "<schema.org/author>",
            "<schema.org/commentCount>",
            "<schema.org/copyrightYear>",
            "<schema.org/dateCreated>",
            "<schema.org/dateModified>",
            "<schema.org/datePublished>",
            "<schema.org/description>",
            "<schema.org/headline>",
            "<schema.org/image>",
            "<schema.org/inLanguage>",
            "<schema.org/isFamilyFriendly>",
            "<schema.org/itemReviewed>",
            "<schema.org/keywords>",
            "<schema.org/mainEntityOfPage>",
            "<schema.org/name>",
            "<schema.org/provider>",
            "<schema.org/publisher>",
            "<schema.org/reviewRating>",
            "<schema.org/sameAs>",
            "<schema.org/text>",
            "<schema.org/thumbnailUrl>",
            "<schema.org/url>",
            "isa:<schema.org/Recommendation>"
        ],
        "count": 2.0
    },
    {
        "pset": [
            "<schema.org/datePublished>",
            "<schema.org/itemReviewed>",
            "<schema.org/name>",
            "<schema.org/reviewRating>",
            "isa:<schema.org/Recommendation>"
        ],
        "count": 1.0
    },
    {
        "pset": [
            "<schema.org/author>",
            "<schema.org/copyrightYear>",
            "<schema.org/dateCreated>",
            "<schema.org/dateModified>",
            "<schema.org/datePublished>",
            "<schema.org/description>",
            "<schema.org/headline>",
            "<schema.org/image>",
            "<schema.org/inLanguage>",
            "<schema.org/itemReviewed>",
            "<schema.org/mainEntityOfPage>",
            "<schema.org/name>",
            "<schema.org/publisher>",
            "<schema.org/reviewRating>",
            "<schema.org/sameAs>",
            "<schema.org/text>",
            "<schema.org/thumbnailUrl>",
            "<schema.org/url>",
            "isa:<schema.org/Recommendation>"
        ],
        "count": 1.0
    },
    {
        "pset": [
            "<schema.org/alternateName>",
            "<schema.org/author>",
            "<schema.org/comment>",
            "<schema.org/commentCount>",
            "<schema.org/copyrightYear>",
            "<schema.org/dateCreated>",
            "<schema.org/dateModified>",
            "<schema.org/datePublished>",
            "<schema.org/description>",
            "<schema.org/hasPart>",
            "<schema.org/headline>",
            "<schema.org/image>",
            "<schema.org/inLanguage>",
            "<schema.org/itemReviewed>",
            "<schema.org/keywords>",
            "<schema.org/mainEntityOfPage>",
            "<schema.org/name>",
            "<schema.org/publisher>",
            "<schema.org/reviewRating>",
            "<schema.org/sameAs>",
            "<schema.org/text>",
            "<schema.org/thumbnailUrl>",
            "<schema.org/url>",
            "isa:<schema.org/Recommendation>"
        ],
        "count": 1.0
    },
    {
        "pset": [
            "<schema.org/alternateName>",
            "<schema.org/author>",
            "<schema.org/commentCount>",
            "<schema.org/copyrightYear>",
            "<schema.org/dateCreated>",
            "<schema.org/dateModified>",
            "<schema.org/datePublished>",
            "<schema.org/description>",
            "<schema.org/headline>",
            "<schema.org/image>",
            "<schema.org/inLanguage>",
            "<schema.org/isFamilyFriendly>",
            "<schema.org/itemReviewed>",
            "<schema.org/keywords>",
            "<schema.org/mainEntityOfPage>",
            "<schema.org/name>",
            "<schema.org/provider>",
            "<schema.org/publisher>",
            "<schema.org/reviewRating>",
            "<schema.org/sameAs>",
            "<schema.org/text>",
            "<schema.org/thumbnailUrl>",
            "<schema.org/url>",
            "isa:<schema.org/Recommendation>"
        ],
        "count": 1.0
    },
    {
        "pset": [
            "<schema.org/author>",
            "<schema.org/comment>",
            "<schema.org/commentCount>",
            "<schema.org/copyrightYear>",
            "<schema.org/dateCreated>",
            "<schema.org/dateModified>",
            "<schema.org/datePublished>",
            "<schema.org/description>",
            "<schema.org/hasPart>",
            "<schema.org/headline>",
            "<schema.org/image>",
            "<schema.org/inLanguage>",
            "<schema.org/itemReviewed>",
            "<schema.org/keywords>",
            "<schema.org/mainEntityOfPage>",
            "<schema.org/name>",
            "<schema.org/publisher>",
            "<schema.org/reviewRating>",
            "<schema.org/sameAs>",
            "<schema.org/text>",
            "<schema.org/thumbnailUrl>",
            "<schema.org/url>",
            "isa:<schema.org/Recommendation>"
        ],
        "count": 1.0
    }
]