[
    {
        "pset": [
            "<schema.org/priceSpecification>",
            "isa:<schema.org/RentAction>"
        ],
        "count": 25482.0
    },
    {
        "pset": [
            "<schema.org/agent>",
            "<schema.org/description>",
            "<schema.org/image>",
            "<schema.org/location>",
            "<schema.org/name>",
            "<schema.org/price>",
            "<schema.org/priceCurrency>",
            "<schema.org/url>",
            "isa:<schema.org/RentAction>"
        ],
        "count": 19322.0
    },
    {
        "pset": [
            "<schema.org/object>",
            "<schema.org/price>",
            "<schema.org/priceSpecification>",
            "isa:<schema.org/RentAction>"
        ],
        "count": 13118.0
    },
    {
        "pset": [
            "<schema.org/object>",
            "<schema.org/priceSpecification>",
            "isa:<schema.org/RentAction>"
        ],
        "count": 9104.0
    },
    {
        "pset": [
            "isa:<schema.org/RentAction>"
        ],
        "count": 7713.0
    },
    {
        "pset": [
            "<schema.org/agent>",
            "<schema.org/description>",
            "<schema.org/image>",
            "<schema.org/location>",
            "<schema.org/realEstateAgent>",
            "isa:<schema.org/RentAction>"
        ],
        "count": 6089.0
    },
    {
        "pset": [
            "<schema.org/object>",
            "isa:<schema.org/RentAction>"
        ],
        "count": 4394.0
    },
    {
        "pset": [
            "<schema.org/agent>",
            "<schema.org/description>",
            "<schema.org/image>",
            "<schema.org/location>",
            "<schema.org/price>",
            "<schema.org/priceSpecification>",
            "<schema.org/realEstateAgent>",
            "isa:<schema.org/RentAction>"
        ],
        "count": 2618.0
    },
    {
        "pset": [
            "<schema.org/price>",
            "isa:<schema.org/RentAction>"
        ],
        "count": 2598.0
    },
    {
        "pset": [
            "<schema.org/agent>",
            "<schema.org/object>",
            "<schema.org/price>",
            "<schema.org/priceCurrency>",
            "isa:<schema.org/RentAction>"
        ],
        "count": 1686.0
    },
    {
        "pset": [
            "<schema.org/result>",
            "<schema.org/target>",
            "isa:<schema.org/RentAction>"
        ],
        "count": 1681.0
    },
    {
        "pset": [
            "<schema.org/object>",
            "<schema.org/priceSpecification>",
            "<schema.org/realEstateAgent>",
            "isa:<schema.org/RentAction>"
        ],
        "count": 1634.0
    },
    {
        "pset": [
            "<schema.org/agent>",
            "<schema.org/price>",
            "isa:<schema.org/RentAction>"
        ],
        "count": 1617.0
    },
    {
        "pset": [
            "<schema.org/landlord>",
            "<schema.org/location>",
            "<schema.org/object>",
            "isa:<schema.org/RentAction>"
        ],
        "count": 1356.0
    },
    {
        "pset": [
            "<schema.org/actionstatus>",
            "<schema.org/object>",
            "<schema.org/pricespecification>",
            "<schema.org/realestateagent>",
            "isa:<schema.org/RentAction>"
        ],
        "count": 1258.0
    },
    {
        "pset": [
            "<schema.org/agent>",
            "<schema.org/location>",
            "<schema.org/object>",
            "<schema.org/price>",
            "isa:<schema.org/RentAction>"
        ],
        "count": 997.0
    },
    {
        "pset": [
            "<schema.org/agent>",
            "<schema.org/landlord>",
            "<schema.org/object>",
            "isa:<schema.org/RentAction>"
        ],
        "count": 772.0
    },
    {
        "pset": [
            "<schema.org/agent>",
            "isa:<schema.org/RentAction>"
        ],
        "count": 644.0
    },
    {
        "pset": [
            "<schema.org/agent>",
            "<schema.org/priceSpecification>",
            "isa:<schema.org/RentAction>"
        ],
        "count": 626.0
    },
    {
        "pset": [
            "<schema.org/description>",
            "<schema.org/image>",
            "<schema.org/landlord>",
            "<schema.org/location>",
            "<schema.org/name>",
            "<schema.org/price>",
            "<schema.org/priceCurrency>",
            "<schema.org/url>",
            "isa:<schema.org/RentAction>"
        ],
        "count": 612.0
    },
    {
        "pset": [
            "<schema.org/object>",
            "<schema.org/price>",
            "<schema.org/priceSpecification>",
            "<schema.org/realEstateAgent>",
            "isa:<schema.org/RentAction>"
        ],
        "count": 573.0
    },
    {
        "pset": [
            "<schema.org/price>",
            "<schema.org/priceCurrency>",
            "<schema.org/realEstateAgent>",
            "isa:<schema.org/RentAction>"
        ],
        "count": 423.0
    },
    {
        "pset": [
            "<schema.org/description>",
            "<schema.org/image>",
            "<schema.org/location>",
            "<schema.org/name>",
            "<schema.org/object>",
            "<schema.org/priceSpecification>",
            "<schema.org/url>",
            "isa:<schema.org/RentAction>"
        ],
        "count": 420.0
    },
    {
        "pset": [
            "<schema.org/location>",
            "<schema.org/priceSpecification>",
            "isa:<schema.org/RentAction>"
        ],
        "count": 353.0
    },
    {
        "pset": [
            "<schema.org/agent>",
            "<schema.org/description>",
            "<schema.org/location>",
            "<schema.org/realEstateAgent>",
            "isa:<schema.org/RentAction>"
        ],
        "count": 349.0
    },
    {
        "pset": [
            "<schema.org/agent>",
            "<schema.org/name>",
            "<schema.org/price>",
            "<schema.org/url>",
            "isa:<schema.org/RentAction>"
        ],
        "count": 324.0
    },
    {
        "pset": [
            "<schema.org/agent>",
            "<schema.org/landlord>",
            "<schema.org/object>",
            "<schema.org/realEstateAgent>",
            "<schema.org/url>",
            "isa:<schema.org/RentAction>"
        ],
        "count": 253.0
    },
    {
        "pset": [
            "<schema.org/agent>",
            "<schema.org/image>",
            "<schema.org/location>",
            "<schema.org/realEstateAgent>",
            "isa:<schema.org/RentAction>"
        ],
        "count": 230.0
    },
    {
        "pset": [
            "<schema.org/agent>",
            "<schema.org/object>",
            "isa:<schema.org/RentAction>"
        ],
        "count": 228.0
    },
    {
        "pset": [
            "<schema.org/agent>",
            "<schema.org/endTime>",
            "<schema.org/image>",
            "<schema.org/location>",
            "<schema.org/name>",
            "<schema.org/object>",
            "<schema.org/price>",
            "<schema.org/priceCurrency>",
            "<schema.org/startTime>",
            "<schema.org/url>",
            "isa:<schema.org/RentAction>"
        ],
        "count": 223.0
    },
    {
        "pset": [
            "<schema.org/agent>",
            "<schema.org/description>",
            "<schema.org/identifier>",
            "<schema.org/image>",
            "<schema.org/name>",
            "<schema.org/object>",
            "isa:<schema.org/RentAction>"
        ],
        "count": 193.0
    },
    {
        "pset": [
            "<schema.org/description>",
            "<schema.org/image>",
            "<schema.org/landlord>",
            "<schema.org/location>",
            "<schema.org/name>",
            "<schema.org/object>",
            "<schema.org/price>",
            "<schema.org/priceCurrency>",
            "<schema.org/url>",
            "isa:<schema.org/RentAction>"
        ],
        "count": 155.0
    },
    {
        "pset": [
            "<schema.org/description>",
            "<schema.org/image>",
            "<schema.org/location>",
            "<schema.org/name>",
            "<schema.org/price>",
            "<schema.org/realEstateAgent>",
            "<schema.org/url>",
            "isa:<schema.org/RentAction>"
        ],
        "count": 147.0
    },
    {
        "pset": [
            "<schema.org/landlord>",
            "<schema.org/object>",
            "<schema.org/price>",
            "<schema.org/priceSpecification>",
            "isa:<schema.org/RentAction>"
        ],
        "count": 146.0
    },
    {
        "pset": [
            "<schema.org/description>",
            "<schema.org/disambiguatingDescription>",
            "<schema.org/location>",
            "<schema.org/name>",
            "<schema.org/price>",
            "<schema.org/realEstateAgent>",
            "<schema.org/url>",
            "isa:<schema.org/RentAction>"
        ],
        "count": 130.0
    },
    {
        "pset": [
            "<schema.org/landlord>",
            "<schema.org/object>",
            "<schema.org/realEstateAgent>",
            "isa:<schema.org/RentAction>"
        ],
        "count": 127.0
    },
    {
        "pset": [
            "<schema.org/description>",
            "<schema.org/image>",
            "<schema.org/landlord>",
            "<schema.org/location>",
            "<schema.org/name>",
            "<schema.org/url>",
            "isa:<schema.org/RentAction>"
        ],
        "count": 127.0
    },
    {
        "pset": [
            "<schema.org/name>",
            "<schema.org/price>",
            "<schema.org/url>",
            "isa:<schema.org/RentAction>"
        ],
        "count": 126.0
    },
    {
        "pset": [
            "<schema.org/object>",
            "<schema.org/priceSpecification>",
            "<schema.org/seller>",
            "isa:<schema.org/RentAction>"
        ],
        "count": 118.0
    },
    {
        "pset": [
            "<schema.org/agent>",
            "<schema.org/landlord>",
            "<schema.org/object>",
            "<schema.org/url>",
            "isa:<schema.org/RentAction>"
        ],
        "count": 116.0
    },
    {
        "pset": [
            "<schema.org/image>",
            "<schema.org/location>",
            "<schema.org/object>",
            "<schema.org/priceSpecification>",
            "isa:<schema.org/RentAction>"
        ],
        "count": 113.0
    },
    {
        "pset": [
            "<schema.org/agent>",
            "<schema.org/brand>",
            "<schema.org/description>",
            "<schema.org/image>",
            "<schema.org/name>",
            "<schema.org/object>",
            "<schema.org/offers>",
            "<schema.org/price>",
            "<schema.org/realEstateAgent>",
            "isa:<schema.org/Product>",
            "isa:<schema.org/RentAction>"
        ],
        "count": 111.0
    },
    {
        "pset": [
            "<schema.org/description>",
            "<schema.org/landlord>",
            "<schema.org/name>",
            "<schema.org/object>",
            "<schema.org/price>",
            "isa:<schema.org/RentAction>"
        ],
        "count": 108.0
    },
    {
        "pset": [
            "<schema.org/location>",
            "<schema.org/name>",
            "<schema.org/price>",
            "<schema.org/realEstateAgent>",
            "<schema.org/url>",
            "isa:<schema.org/RentAction>"
        ],
        "count": 100.0
    },
    {
        "pset": [
            "<schema.org/RealEstateAgent>",
            "<schema.org/image>",
            "<schema.org/location>",
            "<schema.org/name>",
            "<schema.org/price>",
            "<schema.org/startTime>",
            "<schema.org/url>",
            "isa:<schema.org/RentAction>"
        ],
        "count": 91.0
    },
    {
        "pset": [
            "<schema.org/landlord>",
            "isa:<schema.org/RentAction>"
        ],
        "count": 89.0
    },
    {
        "pset": [
            "<schema.org/agent>",
            "<schema.org/endTime>",
            "<schema.org/location>",
            "<schema.org/name>",
            "<schema.org/object>",
            "<schema.org/price>",
            "<schema.org/priceCurrency>",
            "<schema.org/startTime>",
            "<schema.org/url>",
            "isa:<schema.org/RentAction>"
        ],
        "count": 87.0
    },
    {
        "pset": [
            "<schema.org/agent>",
            "<schema.org/object>",
            "<schema.org/price>",
            "isa:<schema.org/RentAction>"
        ],
        "count": 85.0
    },
    {
        "pset": [
            "<schema.org/name>",
            "<schema.org/price>",
            "<schema.org/priceCurrency>",
            "<schema.org/realEstateAgent>",
            "isa:<schema.org/RentAction>"
        ],
        "count": 70.0
    },
    {
        "pset": [
            "<schema.org/agent>",
            "<schema.org/description>",
            "<schema.org/image>",
            "<schema.org/location>",
            "<schema.org/name>",
            "<schema.org/price>",
            "isa:<schema.org/RentAction>"
        ],
        "count": 69.0
    },
    {
        "pset": [
            "<schema.org/agent>",
            "<schema.org/price>",
            "<schema.org/priceCurrency>",
            "isa:<schema.org/RentAction>"
        ],
        "count": 64.0
    },
    {
        "pset": [
            "<schema.org/agent>",
            "<schema.org/object>",
            "<schema.org/price>",
            "<schema.org/realEstateAgent>",
            "isa:<schema.org/RentAction>"
        ],
        "count": 63.0
    },
    {
        "pset": [
            "<schema.org/agent>",
            "<schema.org/description>",
            "<schema.org/location>",
            "<schema.org/price>",
            "<schema.org/priceSpecification>",
            "<schema.org/realEstateAgent>",
            "isa:<schema.org/RentAction>"
        ],
        "count": 60.0
    },
    {
        "pset": [
            "<schema.org/description>",
            "<schema.org/location>",
            "<schema.org/name>",
            "<schema.org/priceSpecification>",
            "<schema.org/url>",
            "isa:<schema.org/RentAction>"
        ],
        "count": 59.0
    },
    {
        "pset": [
            "<schema.org/agent>",
            "<schema.org/brand>",
            "<schema.org/description>",
            "<schema.org/image>",
            "<schema.org/name>",
            "<schema.org/object>",
            "<schema.org/offers>",
            "<schema.org/realEstateAgent>",
            "isa:<schema.org/Product>",
            "isa:<schema.org/RentAction>"
        ],
        "count": 53.0
    },
    {
        "pset": [
            "<schema.org/priceCurrency>",
            "isa:<schema.org/RentAction>"
        ],
        "count": 51.0
    },
    {
        "pset": [
            "<schema.org/agent>",
            "<schema.org/landlord>",
            "<schema.org/object>",
            "<schema.org/price>",
            "<schema.org/priceCurrency>",
            "isa:<schema.org/RentAction>"
        ],
        "count": 47.0
    },
    {
        "pset": [
            "<schema.org/RealEstateAgent>",
            "isa:<schema.org/RentAction>"
        ],
        "count": 47.0
    },
    {
        "pset": [
            "<schema.org/image>",
            "<schema.org/location>",
            "<schema.org/object>",
            "<schema.org/price>",
            "<schema.org/priceSpecification>",
            "isa:<schema.org/RentAction>"
        ],
        "count": 46.0
    },
    {
        "pset": [
            "<schema.org/address>",
            "<schema.org/description>",
            "<schema.org/email>",
            "<schema.org/geo>",
            "<schema.org/hasMap>",
            "<schema.org/image>",
            "<schema.org/name>",
            "<schema.org/openingHours>",
            "<schema.org/parentOrganization>",
            "<schema.org/priceRange>",
            "<schema.org/telephone>",
            "<schema.org/url>",
            "isa:<schema.org/LocalBusiness>",
            "isa:<schema.org/RentAction>"
        ],
        "count": 42.0
    },
    {
        "pset": [
            "<schema.org/priceSpecification>",
            "<schema.org/realEstateAgent>",
            "isa:<schema.org/RentAction>"
        ],
        "count": 37.0
    },
    {
        "pset": [
            "<schema.org/agent>",
            "<schema.org/landlord>",
            "<schema.org/priceSpecification>",
            "isa:<schema.org/RentAction>"
        ],
        "count": 36.0
    },
    {
        "pset": [
            "<schema.org/landlord>",
            "<schema.org/object>",
            "isa:<schema.org/RentAction>"
        ],
        "count": 36.0
    },
    {
        "pset": [
            "<schema.org/actionStatus>",
            "<schema.org/agent>",
            "<schema.org/description>",
            "<schema.org/name>",
            "<schema.org/object>",
            "<schema.org/priceSpecification>",
            "<schema.org/startTime>",
            "<schema.org/url>",
            "isa:<schema.org/RentAction>"
        ],
        "count": 33.0
    },
    {
        "pset": [
            "<schema.org/alternateName>",
            "<schema.org/description>",
            "<schema.org/name>",
            "<schema.org/price>",
            "<schema.org/target>",
            "isa:<schema.org/RentAction>"
        ],
        "count": 32.0
    },
    {
        "pset": [
            "<schema.org/price>",
            "<schema.org/priceCurrency>",
            "isa:<schema.org/RentAction>"
        ],
        "count": 28.0
    },
    {
        "pset": [
            "<schema.org/agent>",
            "<schema.org/image>",
            "<schema.org/landlord>",
            "<schema.org/name>",
            "<schema.org/object>",
            "<schema.org/url>",
            "isa:<schema.org/RentAction>"
        ],
        "count": 26.0
    },
    {
        "pset": [
            "<schema.org/agent>",
            "<schema.org/description>",
            "<schema.org/identifier>",
            "<schema.org/image>",
            "<schema.org/location>",
            "<schema.org/price>",
            "<schema.org/url>",
            "isa:<schema.org/RentAction>"
        ],
        "count": 24.0
    },
    {
        "pset": [
            "<schema.org/image>",
            "<schema.org/landlord>",
            "<schema.org/object>",
            "isa:<schema.org/RentAction>"
        ],
        "count": 21.0
    },
    {
        "pset": [
            "<schema.org/agent>",
            "<schema.org/location>",
            "<schema.org/object>",
            "<schema.org/participant>",
            "isa:<schema.org/RentAction>"
        ],
        "count": 21.0
    },
    {
        "pset": [
            "<schema.org/actionStatus>",
            "<schema.org/object>",
            "<schema.org/price>",
            "<schema.org/priceCurrency>",
            "<schema.org/realEstateAgent>",
            "isa:<schema.org/RentAction>"
        ],
        "count": 19.0
    },
    {
        "pset": [
            "<schema.org/name>",
            "isa:<schema.org/CommunicateAction>",
            "isa:<schema.org/QuoteAction>",
            "isa:<schema.org/RentAction>"
        ],
        "count": 18.0
    },
    {
        "pset": [
            "<schema.org/RealEstateAgent>",
            "<schema.org/agent>",
            "<schema.org/description>",
            "<schema.org/image>",
            "<schema.org/landlord>",
            "<schema.org/location>",
            "<schema.org/object>",
            "<schema.org/potentialAction>",
            "isa:<schema.org/RentAction>"
        ],
        "count": 18.0
    },
    {
        "pset": [
            "<schema.org/agent>",
            "<schema.org/description>",
            "<schema.org/image>",
            "<schema.org/location>",
            "<schema.org/name>",
            "<schema.org/object>",
            "<schema.org/price>",
            "<schema.org/url>",
            "isa:<schema.org/RentAction>"
        ],
        "count": 18.0
    },
    {
        "pset": [
            "<schema.org/additionalType>",
            "<schema.org/agent>",
            "<schema.org/description>",
            "<schema.org/image>",
            "<schema.org/mainEntityOfPage>",
            "<schema.org/name>",
            "<schema.org/url>",
            "isa:<schema.org/RentAction>"
        ],
        "count": 16.0
    },
    {
        "pset": [
            "<schema.org/image>",
            "<schema.org/name>",
            "<schema.org/url>",
            "isa:<schema.org/RentAction>"
        ],
        "count": 14.0
    },
    {
        "pset": [
            "<schema.org/name>",
            "isa:<schema.org/BuyAction>",
            "isa:<schema.org/CommunicateAction>",
            "isa:<schema.org/QuoteAction>",
            "isa:<schema.org/RentAction>"
        ],
        "count": 13.0
    },
    {
        "pset": [
            "<schema.org/actionStatus>",
            "<schema.org/agent>",
            "<schema.org/description>",
            "<schema.org/name>",
            "<schema.org/object>",
            "<schema.org/price>",
            "<schema.org/priceSpecification>",
            "<schema.org/startTime>",
            "<schema.org/url>",
            "isa:<schema.org/RentAction>"
        ],
        "count": 13.0
    },
    {
        "pset": [
            "<schema.org/actionStatus>",
            "<schema.org/agent>",
            "<schema.org/description>",
            "<schema.org/location>",
            "<schema.org/name>",
            "<schema.org/object>",
            "<schema.org/price>",
            "<schema.org/priceSpecification>",
            "isa:<schema.org/RentAction>"
        ],
        "count": 13.0
    },
    {
        "pset": [
            "<schema.org/description>",
            "<schema.org/image>",
            "<schema.org/name>",
            "<schema.org/priceSpecification>",
            "<schema.org/url>",
            "isa:<schema.org/RentAction>"
        ],
        "count": 12.0
    },
    {
        "pset": [
            "<schema.org/priceCurrency>",
            "<schema.org/realEstateAgent>",
            "isa:<schema.org/RentAction>"
        ],
        "count": 11.0
    },
    {
        "pset": [
            "<schema.org/addressCountry>",
            "<schema.org/addressLocality>",
            "<schema.org/agent>",
            "<schema.org/object>",
            "<schema.org/price>",
            "isa:<schema.org/RentAction>"
        ],
        "count": 11.0
    },
    {
        "pset": [
            "<schema.org/Object>",
            "<schema.org/identifier>",
            "<schema.org/landlord>",
            "<schema.org/location>",
            "<schema.org/priceSpecification>",
            "isa:<schema.org/RentAction>"
        ],
        "count": 9.0
    },
    {
        "pset": [
            "<schema.org/image>",
            "<schema.org/url>",
            "isa:<schema.org/RentAction>"
        ],
        "count": 9.0
    },
    {
        "pset": [
            "<schema.org/description>",
            "<schema.org/location>",
            "<schema.org/name>",
            "<schema.org/url>",
            "isa:<schema.org/RentAction>"
        ],
        "count": 8.0
    },
    {
        "pset": [
            "<schema.org/description>",
            "<schema.org/image>",
            "<schema.org/location>",
            "<schema.org/price>",
            "<schema.org/priceSpecification>",
            "<schema.org/realEstateAgent>",
            "<schema.org/url>",
            "isa:<schema.org/RentAction>"
        ],
        "count": 8.0
    },
    {
        "pset": [
            "<schema.org/agent>",
            "<schema.org/description>",
            "<schema.org/endTime>",
            "<schema.org/image>",
            "<schema.org/location>",
            "<schema.org/name>",
            "<schema.org/object>",
            "<schema.org/price>",
            "<schema.org/priceCurrency>",
            "<schema.org/startTime>",
            "<schema.org/url>",
            "isa:<schema.org/RentAction>"
        ],
        "count": 7.0
    },
    {
        "pset": [
            "<schema.org/actionStatus>",
            "<schema.org/object>",
            "<schema.org/realEstateAgent>",
            "isa:<schema.org/RentAction>"
        ],
        "count": 7.0
    },
    {
        "pset": [
            "<schema.org/landlord>",
            "<schema.org/priceSpecification>",
            "isa:<schema.org/RentAction>"
        ],
        "count": 6.0
    },
    {
        "pset": [
            "<schema.org/item>",
            "<schema.org/position>",
            "isa:<schema.org/RentAction>"
        ],
        "count": 5.0
    },
    {
        "pset": [
            "<schema.org/actionStatus>",
            "<schema.org/agent>",
            "<schema.org/image>",
            "<schema.org/landlord>",
            "<schema.org/name>",
            "<schema.org/price>",
            "isa:<schema.org/RentAction>"
        ],
        "count": 4.0
    },
    {
        "pset": [
            "<schema.org/description>",
            "<schema.org/image>",
            "<schema.org/name>",
            "<schema.org/object>",
            "<schema.org/place>",
            "<schema.org/realEstateAgent>",
            "<schema.org/url>",
            "isa:<schema.org/RentAction>"
        ],
        "count": 4.0
    },
    {
        "pset": [
            "<schema.org/agent>",
            "<schema.org/endTime>",
            "<schema.org/image>",
            "<schema.org/location>",
            "<schema.org/name>",
            "<schema.org/object>",
            "<schema.org/startTime>",
            "<schema.org/url>",
            "isa:<schema.org/RentAction>"
        ],
        "count": 4.0
    },
    {
        "pset": [
            "<schema.org/description>",
            "<schema.org/image>",
            "<schema.org/name>",
            "<schema.org/potentialAction>",
            "<schema.org/url>",
            "isa:<schema.org/RentAction>"
        ],
        "count": 3.0
    },
    {
        "pset": [
            "<schema.org/price>",
            "<schema.org/priceSpecification>",
            "<schema.org/url>",
            "isa:<schema.org/RentAction>"
        ],
        "count": 3.0
    },
    {
        "pset": [
            "<schema.org/agent>",
            "<schema.org/image>",
            "<schema.org/object>",
            "<schema.org/url>",
            "isa:<schema.org/RentAction>"
        ],
        "count": 2.0
    },
    {
        "pset": [
            "<schema.org/actionStatus>",
            "<schema.org/image>",
            "<schema.org/name>",
            "<schema.org/price>",
            "<schema.org/priceCurrency>",
            "isa:<schema.org/RentAction>"
        ],
        "count": 2.0
    },
    {
        "pset": [
            "<schema.org/price>",
            "<schema.org/realEstateAgent>",
            "isa:<schema.org/RentAction>"
        ],
        "count": 2.0
    },
    {
        "pset": [
            "<schema.org/agent>",
            "<schema.org/brand>",
            "<schema.org/description>",
            "<schema.org/image>",
            "<schema.org/manufacturer>",
            "<schema.org/name>",
            "<schema.org/object>",
            "<schema.org/offers>",
            "<schema.org/price>",
            "<schema.org/realEstateAgent>",
            "isa:<schema.org/Product>",
            "isa:<schema.org/RentAction>"
        ],
        "count": 2.0
    },
    {
        "pset": [
            "<schema.org/actionStatus>",
            "<schema.org/description>",
            "<schema.org/disambiguatingDescription>",
            "<schema.org/name>",
            "<schema.org/url>",
            "isa:<schema.org/RentAction>"
        ],
        "count": 1.0
    },
    {
        "pset": [
            "<schema.org/name>",
            "isa:<schema.org/RentAction>"
        ],
        "count": 1.0
    },
    {
        "pset": [
            "<schema.org/landlord>",
            "<schema.org/object>",
            "<schema.org/price>",
            "isa:<schema.org/RentAction>"
        ],
        "count": 1.0
    },
    {
        "pset": [
            "<schema.org/agent>",
            "<schema.org/endTime>",
            "<schema.org/location>",
            "<schema.org/name>",
            "<schema.org/object>",
            "<schema.org/startTime>",
            "<schema.org/url>",
            "isa:<schema.org/RentAction>"
        ],
        "count": 1.0
    },
    {
        "pset": [
            "<schema.org/itemListElement>",
            "<schema.org/numberOfItems>",
            "<schema.org/url>",
            "isa:<schema.org/RentAction>"
        ],
        "count": 1.0
    },
    {
        "pset": [
            "<schema.org/actionStatus>",
            "<schema.org/object>",
            "<schema.org/price>",
            "<schema.org/priceCurrency>",
            "isa:<schema.org/RentAction>"
        ],
        "count": 1.0
    },
    {
        "pset": [
            "<schema.org/description>",
            "<schema.org/image>",
            "<schema.org/name>",
            "<schema.org/url>",
            "isa:<schema.org/RentAction>"
        ],
        "count": 1.0
    },
    {
        "pset": [
            "<schema.org/agent>",
            "<schema.org/image>",
            "<schema.org/location>",
            "<schema.org/price>",
            "<schema.org/priceSpecification>",
            "<schema.org/realEstateAgent>",
            "isa:<schema.org/RentAction>"
        ],
        "count": 1.0
    },
    {
        "pset": [
            "<schema.org/agent>",
            "<schema.org/location>",
            "<schema.org/price>",
            "<schema.org/priceSpecification>",
            "<schema.org/realEstateAgent>",
            "isa:<schema.org/RentAction>"
        ],
        "count": 1.0
    },
    {
        "pset": [
            "<schema.org/agent>",
            "<schema.org/description>",
            "<schema.org/endTime>",
            "<schema.org/location>",
            "<schema.org/name>",
            "<schema.org/object>",
            "<schema.org/price>",
            "<schema.org/priceCurrency>",
            "<schema.org/startTime>",
            "<schema.org/url>",
            "isa:<schema.org/RentAction>"
        ],
        "count": 1.0
    },
    {
        "pset": [
            "<schema.org/target>",
            "isa:<schema.org/RentAction>"
        ],
        "count": 1.0
    },
    {
        "pset": [
            "<schema.org/address>",
            "<schema.org/description>",
            "<schema.org/email>",
            "<schema.org/geo>",
            "<schema.org/hasMap>",
            "<schema.org/image>",
            "<schema.org/legalName>",
            "<schema.org/location>",
            "<schema.org/logo>",
            "<schema.org/name>",
            "<schema.org/openingHours>",
            "<schema.org/priceRange>",
            "<schema.org/sameAs>",
            "<schema.org/taxID>",
            "<schema.org/telephone>",
            "<schema.org/url>",
            "isa:<schema.org/LocalBusiness>",
            "isa:<schema.org/RentAction>"
        ],
        "count": 1.0
    },
    {
        "pset": [
            "<schema.org/image>",
            "isa:<schema.org/RentAction>"
        ],
        "count": 1.0
    },
    {
        "pset": [
            "<schema.org/location>",
            "<schema.org/name>",
            "<schema.org/url>",
            "isa:<schema.org/RentAction>"
        ],
        "count": 1.0
    },
    {
        "pset": [
            "<schema.org/agent>",
            "<schema.org/landlord>",
            "<schema.org/location>",
            "isa:<schema.org/RentAction>"
        ],
        "count": 1.0
    }
]