[
    {
        "pset": [
            "<schema.org/alternateName>",
            "<schema.org/logo>",
            "<schema.org/name>",
            "<schema.org/sameAs>",
            "<schema.org/url>",
            "isa:<schema.org/ResearchProject>"
        ],
        "count": 1074.0
    },
    {
        "pset": [
            "<schema.org/dissolutionDate>",
            "<schema.org/foundingDate>",
            "<schema.org/funder>",
            "<schema.org/identifier>",
            "<schema.org/knowsAbout>",
            "<schema.org/mainEntityOfPage>",
            "<schema.org/members>",
            "<schema.org/name>",
            "isa:<schema.org/ResearchProject>"
        ],
        "count": 609.0
    },
    {
        "pset": [
            "<schema.org/alternateName>",
            "<schema.org/areaServed>",
            "<schema.org/description>",
            "<schema.org/identifier>",
            "<schema.org/member>",
            "<schema.org/name>",
            "<schema.org/temporalCoverage>",
            "<schema.org/url>",
            "isa:<schema.org/ResearchProject>"
        ],
        "count": 529.0
    },
    {
        "pset": [
            "<schema.org/alternateName>",
            "<schema.org/contactPoint>",
            "<schema.org/logo>",
            "<schema.org/name>",
            "<schema.org/url>",
            "isa:<schema.org/ResearchProject>"
        ],
        "count": 385.0
    },
    {
        "pset": [
            "<schema.org/Date>",
            "<schema.org/DownloadLinks>",
            "<schema.org/DownloadNames>",
            "<schema.org/IsPastProject>",
            "<schema.org/IsProject>",
            "<schema.org/IsPubliclyVisible>",
            "<schema.org/Name>",
            "<schema.org/PublicationType>",
            "<schema.org/RelatedTopics>",
            "<schema.org/Summary>",
            "isa:<schema.org/ResearchProject>"
        ],
        "count": 286.0
    },
    {
        "pset": [
            "<schema.org/logo>",
            "<schema.org/name>",
            "<schema.org/sameAs>",
            "<schema.org/url>",
            "isa:<schema.org/ResearchProject>"
        ],
        "count": 122.0
    },
    {
        "pset": [
            "<schema.org/alternateName>",
            "<schema.org/description>",
            "<schema.org/name>",
            "<schema.org/url>",
            "isa:<schema.org/ResearchProject>"
        ],
        "count": 112.0
    },
    {
        "pset": [
            "<schema.org/alternateName>",
            "<schema.org/areaServed>",
            "<schema.org/description>",
            "<schema.org/identifier>",
            "<schema.org/member>",
            "<schema.org/name>",
            "<schema.org/sameAs>",
            "<schema.org/temporalCoverage>",
            "<schema.org/url>",
            "isa:<schema.org/ResearchProject>"
        ],
        "count": 110.0
    },
    {
        "pset": [
            "<schema.org/alternateName>",
            "<schema.org/description>",
            "<schema.org/identifier>",
            "<schema.org/member>",
            "<schema.org/name>",
            "<schema.org/temporalCoverage>",
            "<schema.org/url>",
            "isa:<schema.org/ResearchProject>"
        ],
        "count": 88.0
    },
    {
        "pset": [
            "<schema.org/description>",
            "<schema.org/image>",
            "<schema.org/mainEntityOfPage>",
            "<schema.org/name>",
            "<schema.org/url>",
            "isa:<schema.org/ResearchProject>"
        ],
        "count": 85.0
    },
    {
        "pset": [
            "<schema.org/aggregateRating>",
            "<schema.org/logo>",
            "<schema.org/name>",
            "<schema.org/url>",
            "isa:<schema.org/ResearchProject>"
        ],
        "count": 82.0
    },
    {
        "pset": [
            "<schema.org/dissolutionDate>",
            "<schema.org/foundingDate>",
            "<schema.org/identifier>",
            "<schema.org/knowsAbout>",
            "<schema.org/mainEntityOfPage>",
            "<schema.org/members>",
            "<schema.org/name>",
            "isa:<schema.org/ResearchProject>"
        ],
        "count": 56.0
    },
    {
        "pset": [
            "<schema.org/alternateName>",
            "<schema.org/areaServed>",
            "<schema.org/description>",
            "<schema.org/identifier>",
            "<schema.org/image>",
            "<schema.org/member>",
            "<schema.org/name>",
            "<schema.org/sameAs>",
            "<schema.org/temporalCoverage>",
            "<schema.org/url>",
            "isa:<schema.org/ResearchProject>"
        ],
        "count": 52.0
    },
    {
        "pset": [
            "<schema.org/funder>",
            "<schema.org/identifier>",
            "<schema.org/knowsAbout>",
            "<schema.org/mainEntityOfPage>",
            "<schema.org/members>",
            "<schema.org/name>",
            "isa:<schema.org/ResearchProject>"
        ],
        "count": 30.0
    },
    {
        "pset": [
            "<schema.org/logo>",
            "<schema.org/name>",
            "<schema.org/url>",
            "isa:<schema.org/ResearchProject>"
        ],
        "count": 27.0
    },
    {
        "pset": [
            "<schema.org/alternateName>",
            "<schema.org/contactPoint>",
            "<schema.org/logo>",
            "<schema.org/name>",
            "<schema.org/sameAs>",
            "<schema.org/url>",
            "isa:<schema.org/ResearchProject>"
        ],
        "count": 23.0
    },
    {
        "pset": [
            "<schema.org/alternateName>",
            "<schema.org/areaServed>",
            "<schema.org/description>",
            "<schema.org/identifier>",
            "<schema.org/image>",
            "<schema.org/member>",
            "<schema.org/name>",
            "<schema.org/temporalCoverage>",
            "<schema.org/url>",
            "isa:<schema.org/ResearchProject>"
        ],
        "count": 19.0
    },
    {
        "pset": [
            "<schema.org/address>",
            "<schema.org/alternateName>",
            "<schema.org/contactPoint>",
            "<schema.org/email>",
            "<schema.org/logo>",
            "<schema.org/name>",
            "<schema.org/url>",
            "isa:<schema.org/ResearchProject>"
        ],
        "count": 18.0
    },
    {
        "pset": [
            "<schema.org/Date>",
            "<schema.org/DownloadLinks>",
            "<schema.org/DownloadNames>",
            "<schema.org/Image>",
            "<schema.org/IsPastProject>",
            "<schema.org/IsProject>",
            "<schema.org/IsPubliclyVisible>",
            "<schema.org/Name>",
            "<schema.org/PublicationType>",
            "<schema.org/RelatedTopics>",
            "<schema.org/Summary>",
            "isa:<schema.org/ResearchProject>"
        ],
        "count": 15.0
    },
    {
        "pset": [
            "<schema.org/alternateName>",
            "<schema.org/areaServed>",
            "<schema.org/description>",
            "<schema.org/identifier>",
            "<schema.org/image>",
            "<schema.org/member>",
            "<schema.org/name>",
            "<schema.org/sameAs>",
            "<schema.org/url>",
            "isa:<schema.org/ResearchProject>"
        ],
        "count": 13.0
    },
    {
        "pset": [
            "<schema.org/Date>",
            "<schema.org/DownloadLinks>",
            "<schema.org/DownloadNames>",
            "<schema.org/IsPastProject>",
            "<schema.org/IsProject>",
            "<schema.org/IsPubliclyVisible>",
            "<schema.org/Name>",
            "<schema.org/PublicationType>",
            "<schema.org/Summary>",
            "isa:<schema.org/ResearchProject>"
        ],
        "count": 12.0
    },
    {
        "pset": [
            "<schema.org/logo>",
            "<schema.org/name>",
            "<schema.org/openingHours>",
            "<schema.org/url>",
            "isa:<schema.org/Organization>",
            "isa:<schema.org/ResearchProject>"
        ],
        "count": 12.0
    },
    {
        "pset": [
            "<schema.org/logo>",
            "<schema.org/name>",
            "<schema.org/sameAs>",
            "<schema.org/url>",
            "isa:<schema.org/Organization>",
            "isa:<schema.org/ResearchProject>"
        ],
        "count": 12.0
    },
    {
        "pset": [
            "<schema.org/alternateName>",
            "<schema.org/areaServed>",
            "<schema.org/description>",
            "<schema.org/identifier>",
            "<schema.org/member>",
            "<schema.org/name>",
            "<schema.org/url>",
            "isa:<schema.org/ResearchProject>"
        ],
        "count": 11.0
    },
    {
        "pset": [
            "<schema.org/dissolutionDate>",
            "<schema.org/foundingDate>",
            "<schema.org/funder>",
            "<schema.org/identifier>",
            "<schema.org/mainEntityOfPage>",
            "<schema.org/members>",
            "<schema.org/name>",
            "isa:<schema.org/ResearchProject>"
        ],
        "count": 10.0
    },
    {
        "pset": [
            "<schema.org/logo>",
            "<schema.org/name>",
            "isa:<schema.org/ResearchProject>"
        ],
        "count": 10.0
    },
    {
        "pset": [
            "<schema.org/name>",
            "<schema.org/url>",
            "isa:<schema.org/ResearchProject>"
        ],
        "count": 10.0
    },
    {
        "pset": [
            "<schema.org/Image>",
            "<schema.org/IsPastProject>",
            "<schema.org/IsProject>",
            "<schema.org/IsPubliclyVisible>",
            "<schema.org/Name>",
            "<schema.org/RelatedTopics>",
            "<schema.org/Summary>",
            "isa:<schema.org/ResearchProject>"
        ],
        "count": 9.0
    },
    {
        "pset": [
            "<schema.org/description>",
            "<schema.org/identifier>",
            "<schema.org/location>",
            "<schema.org/parentOrganization>",
            "<schema.org/title>",
            "<schema.org/url>",
            "isa:<schema.org/ResearchProject>"
        ],
        "count": 9.0
    },
    {
        "pset": [
            "<schema.org/DownloadLinks>",
            "<schema.org/DownloadNames>",
            "<schema.org/Image>",
            "<schema.org/IsPastProject>",
            "<schema.org/IsProject>",
            "<schema.org/IsPubliclyVisible>",
            "<schema.org/Name>",
            "<schema.org/PublicationType>",
            "<schema.org/RelatedTopics>",
            "<schema.org/Summary>",
            "isa:<schema.org/ResearchProject>"
        ],
        "count": 9.0
    },
    {
        "pset": [
            "<schema.org/Date>",
            "<schema.org/DownloadLinks>",
            "<schema.org/DownloadNames>",
            "<schema.org/Image>",
            "<schema.org/IsPastProject>",
            "<schema.org/IsProject>",
            "<schema.org/IsPubliclyVisible>",
            "<schema.org/Name>",
            "<schema.org/Summary>",
            "isa:<schema.org/ResearchProject>"
        ],
        "count": 8.0
    },
    {
        "pset": [
            "<schema.org/dissolutionDate>",
            "<schema.org/foundingDate>",
            "<schema.org/identifier>",
            "<schema.org/mainEntityOfPage>",
            "<schema.org/members>",
            "<schema.org/name>",
            "isa:<schema.org/ResearchProject>"
        ],
        "count": 8.0
    },
    {
        "pset": [
            "<schema.org/alternateName>",
            "<schema.org/areaServed>",
            "<schema.org/description>",
            "<schema.org/identifier>",
            "<schema.org/member>",
            "<schema.org/name>",
            "<schema.org/sameAs>",
            "<schema.org/url>",
            "isa:<schema.org/ResearchProject>"
        ],
        "count": 8.0
    },
    {
        "pset": [
            "<schema.org/name>",
            "isa:<schema.org/ResearchProject>"
        ],
        "count": 6.0
    },
    {
        "pset": [
            "<schema.org/identifier>",
            "<schema.org/knowsAbout>",
            "<schema.org/mainEntityOfPage>",
            "<schema.org/members>",
            "<schema.org/name>",
            "isa:<schema.org/ResearchProject>"
        ],
        "count": 4.0
    },
    {
        "pset": [
            "<schema.org/Date>",
            "<schema.org/IsPastProject>",
            "<schema.org/IsProject>",
            "<schema.org/IsPubliclyVisible>",
            "<schema.org/Name>",
            "<schema.org/PublicationType>",
            "<schema.org/RelatedTopics>",
            "<schema.org/Summary>",
            "isa:<schema.org/ResearchProject>"
        ],
        "count": 4.0
    },
    {
        "pset": [
            "<schema.org/name>",
            "<schema.org/openingHours>",
            "<schema.org/url>",
            "isa:<schema.org/Organization>",
            "isa:<schema.org/ResearchProject>"
        ],
        "count": 4.0
    },
    {
        "pset": [
            "<schema.org/name>",
            "<schema.org/sameAs>",
            "<schema.org/url>",
            "isa:<schema.org/ResearchProject>"
        ],
        "count": 4.0
    },
    {
        "pset": [
            "<schema.org/alternateName>",
            "<schema.org/contactPoint>",
            "<schema.org/description>",
            "<schema.org/logo>",
            "<schema.org/name>",
            "<schema.org/sameAs>",
            "<schema.org/url>",
            "isa:<schema.org/ResearchProject>"
        ],
        "count": 3.0
    },
    {
        "pset": [
            "<schema.org/Date>",
            "<schema.org/DownloadLinks>",
            "<schema.org/DownloadNames>",
            "<schema.org/IsPastProject>",
            "<schema.org/IsProject>",
            "<schema.org/IsPubliclyVisible>",
            "<schema.org/Name>",
            "<schema.org/Summary>",
            "isa:<schema.org/ResearchProject>"
        ],
        "count": 3.0
    },
    {
        "pset": [
            "<schema.org/Date>",
            "<schema.org/DownloadLinks>",
            "<schema.org/DownloadNames>",
            "<schema.org/Image>",
            "<schema.org/IsPastProject>",
            "<schema.org/IsProject>",
            "<schema.org/IsPubliclyVisible>",
            "<schema.org/Name>",
            "<schema.org/PublicationType>",
            "<schema.org/Summary>",
            "isa:<schema.org/ResearchProject>"
        ],
        "count": 3.0
    },
    {
        "pset": [
            "<schema.org/alternateName>",
            "<schema.org/description>",
            "<schema.org/identifier>",
            "<schema.org/member>",
            "<schema.org/name>",
            "<schema.org/sameAs>",
            "<schema.org/temporalCoverage>",
            "<schema.org/url>",
            "isa:<schema.org/ResearchProject>"
        ],
        "count": 3.0
    },
    {
        "pset": [
            "<schema.org/Date>",
            "<schema.org/DownloadLinks>",
            "<schema.org/DownloadNames>",
            "<schema.org/IsPastProject>",
            "<schema.org/IsProject>",
            "<schema.org/IsPubliclyVisible>",
            "<schema.org/Name>",
            "<schema.org/RelatedTopics>",
            "<schema.org/Summary>",
            "isa:<schema.org/ResearchProject>"
        ],
        "count": 3.0
    },
    {
        "pset": [
            "<schema.org/foundingDate>",
            "<schema.org/identifier>",
            "<schema.org/knowsAbout>",
            "<schema.org/mainEntityOfPage>",
            "<schema.org/members>",
            "<schema.org/name>",
            "isa:<schema.org/ResearchProject>"
        ],
        "count": 2.0
    },
    {
        "pset": [
            "<schema.org/address>",
            "<schema.org/location>",
            "<schema.org/logo>",
            "<schema.org/name>",
            "<schema.org/openingHours>",
            "<schema.org/url>",
            "isa:<schema.org/Organization>",
            "isa:<schema.org/ResearchProject>"
        ],
        "count": 2.0
    },
    {
        "pset": [
            "<schema.org/alternateName>",
            "<schema.org/identifier>",
            "<schema.org/member>",
            "<schema.org/name>",
            "<schema.org/temporalCoverage>",
            "<schema.org/url>",
            "isa:<schema.org/ResearchProject>"
        ],
        "count": 2.0
    },
    {
        "pset": [
            "<schema.org/description>",
            "<schema.org/name>",
            "<schema.org/url>",
            "isa:<schema.org/ResearchProject>"
        ],
        "count": 2.0
    },
    {
        "pset": [
            "<schema.org/logo>",
            "<schema.org/name>",
            "<schema.org/telephone>",
            "<schema.org/url>",
            "isa:<schema.org/ResearchProject>"
        ],
        "count": 2.0
    },
    {
        "pset": [
            "<schema.org/address>",
            "<schema.org/email>",
            "<schema.org/image>",
            "<schema.org/location>",
            "<schema.org/logo>",
            "<schema.org/name>",
            "<schema.org/telephone>",
            "<schema.org/url>",
            "isa:<schema.org/Organization>",
            "isa:<schema.org/Place>",
            "isa:<schema.org/ResearchProject>"
        ],
        "count": 2.0
    },
    {
        "pset": [
            "<schema.org/address>",
            "<schema.org/image>",
            "<schema.org/location>",
            "<schema.org/logo>",
            "<schema.org/name>",
            "<schema.org/telephone>",
            "<schema.org/url>",
            "isa:<schema.org/Organization>",
            "isa:<schema.org/Place>",
            "isa:<schema.org/ResearchProject>"
        ],
        "count": 2.0
    },
    {
        "pset": [
            "<schema.org/address>",
            "<schema.org/image>",
            "<schema.org/logo>",
            "<schema.org/name>",
            "<schema.org/url>",
            "isa:<schema.org/ResearchProject>"
        ],
        "count": 1.0
    },
    {
        "pset": [
            "<schema.org/alternateName>",
            "<schema.org/description>",
            "<schema.org/email>",
            "<schema.org/image>",
            "<schema.org/logo>",
            "<schema.org/name>",
            "<schema.org/sameAs>",
            "<schema.org/url>",
            "isa:<schema.org/ResearchProject>"
        ],
        "count": 1.0
    },
    {
        "pset": [
            "<schema.org/alternateName>",
            "<schema.org/areaServed>",
            "<schema.org/identifier>",
            "<schema.org/name>",
            "<schema.org/sameAs>",
            "<schema.org/url>",
            "isa:<schema.org/ResearchProject>"
        ],
        "count": 1.0
    },
    {
        "pset": [
            "<schema.org/alternateName>",
            "<schema.org/description>",
            "<schema.org/logo>",
            "<schema.org/name>",
            "<schema.org/sameAs>",
            "<schema.org/url>",
            "isa:<schema.org/ResearchProject>"
        ],
        "count": 1.0
    },
    {
        "pset": [
            "<schema.org/email>",
            "<schema.org/logo>",
            "<schema.org/name>",
            "<schema.org/url>",
            "isa:<schema.org/Organization>",
            "isa:<schema.org/ResearchProject>"
        ],
        "count": 1.0
    },
    {
        "pset": [
            "<schema.org/alternateName>",
            "<schema.org/description>",
            "<schema.org/identifier>",
            "<schema.org/member>",
            "<schema.org/name>",
            "<schema.org/sameAs>",
            "<schema.org/url>",
            "isa:<schema.org/ResearchProject>"
        ],
        "count": 1.0
    },
    {
        "pset": [
            "<schema.org/alternateName>",
            "<schema.org/description>",
            "<schema.org/identifier>",
            "<schema.org/member>",
            "<schema.org/name>",
            "<schema.org/url>",
            "isa:<schema.org/ResearchProject>"
        ],
        "count": 1.0
    },
    {
        "pset": [
            "<schema.org/alternateName>",
            "<schema.org/areaServed>",
            "<schema.org/description>",
            "<schema.org/identifier>",
            "<schema.org/name>",
            "<schema.org/sameAs>",
            "<schema.org/temporalCoverage>",
            "<schema.org/url>",
            "isa:<schema.org/ResearchProject>"
        ],
        "count": 1.0
    },
    {
        "pset": [
            "<schema.org/alternateName>",
            "<schema.org/areaServed>",
            "<schema.org/description>",
            "<schema.org/identifier>",
            "<schema.org/image>",
            "<schema.org/member>",
            "<schema.org/name>",
            "<schema.org/url>",
            "isa:<schema.org/ResearchProject>"
        ],
        "count": 1.0
    },
    {
        "pset": [
            "<schema.org/address>",
            "<schema.org/image>",
            "<schema.org/location>",
            "<schema.org/logo>",
            "<schema.org/name>",
            "<schema.org/sameAs>",
            "<schema.org/url>",
            "isa:<schema.org/Organization>",
            "isa:<schema.org/Place>",
            "isa:<schema.org/ResearchProject>"
        ],
        "count": 1.0
    },
    {
        "pset": [
            "<schema.org/address>",
            "<schema.org/email>",
            "<schema.org/image>",
            "<schema.org/logo>",
            "<schema.org/name>",
            "<schema.org/openingHoursSpecification>",
            "<schema.org/sameAs>",
            "<schema.org/telephone>",
            "<schema.org/url>",
            "isa:<schema.org/Organization>",
            "isa:<schema.org/Place>",
            "isa:<schema.org/ResearchProject>"
        ],
        "count": 1.0
    },
    {
        "pset": [
            "<schema.org/Image>",
            "<schema.org/IsPastProject>",
            "<schema.org/IsProject>",
            "<schema.org/IsPubliclyVisible>",
            "<schema.org/Name>",
            "<schema.org/PublicationType>",
            "<schema.org/RelatedTopics>",
            "<schema.org/Summary>",
            "isa:<schema.org/ResearchProject>"
        ],
        "count": 1.0
    },
    {
        "pset": [
            "<schema.org/address>",
            "<schema.org/availableChannel>",
            "<schema.org/category>",
            "<schema.org/contactPoint>",
            "<schema.org/description>",
            "<schema.org/foundingDate>",
            "<schema.org/funder>",
            "<schema.org/legalName>",
            "<schema.org/logo>",
            "<schema.org/name>",
            "<schema.org/parentOrganization>",
            "<schema.org/provider>",
            "<schema.org/sameAs>",
            "<schema.org/url>",
            "isa:<schema.org/ResearchProject>",
            "isa:<schema.org/Service>"
        ],
        "count": 1.0
    },
    {
        "pset": [
            "<schema.org/address>",
            "<schema.org/category>",
            "<schema.org/contactPoint>",
            "<schema.org/description>",
            "<schema.org/foundingDate>",
            "<schema.org/funder>",
            "<schema.org/hasOfferCatalog>",
            "<schema.org/identifier>",
            "<schema.org/legalName>",
            "<schema.org/logo>",
            "<schema.org/name>",
            "<schema.org/provider>",
            "<schema.org/sameAs>",
            "<schema.org/url>",
            "isa:<schema.org/Organization>",
            "isa:<schema.org/ResearchProject>",
            "isa:<schema.org/Service>"
        ],
        "count": 1.0
    },
    {
        "pset": [
            "<schema.org/address>",
            "<schema.org/contactPoint>",
            "<schema.org/email>",
            "<schema.org/location>",
            "<schema.org/logo>",
            "<schema.org/name>",
            "<schema.org/openingHours>",
            "<schema.org/url>",
            "isa:<schema.org/Organization>",
            "isa:<schema.org/ResearchProject>"
        ],
        "count": 1.0
    },
    {
        "pset": [
            "<schema.org/address>",
            "<schema.org/logo>",
            "<schema.org/name>",
            "<schema.org/openingHoursSpecification>",
            "<schema.org/sameAs>",
            "<schema.org/telephone>",
            "<schema.org/url>",
            "isa:<schema.org/ResearchProject>"
        ],
        "count": 1.0
    },
    {
        "pset": [
            "<schema.org/description>",
            "<schema.org/email>",
            "<schema.org/name>",
            "<schema.org/sameAs>",
            "<schema.org/url>",
            "isa:<schema.org/ResearchProject>"
        ],
        "count": 1.0
    },
    {
        "pset": [
            "<schema.org/contactPoint>",
            "<schema.org/email>",
            "<schema.org/name>",
            "<schema.org/openingHours>",
            "<schema.org/url>",
            "isa:<schema.org/Organization>",
            "isa:<schema.org/ResearchProject>"
        ],
        "count": 1.0
    },
    {
        "pset": [
            "<schema.org/identifier>",
            "<schema.org/mainEntityOfPage>",
            "<schema.org/members>",
            "<schema.org/name>",
            "isa:<schema.org/ResearchProject>"
        ],
        "count": 1.0
    },
    {
        "pset": [
            "<schema.org/dissolutionDate>",
            "<schema.org/funder>",
            "<schema.org/identifier>",
            "<schema.org/knowsAbout>",
            "<schema.org/mainEntityOfPage>",
            "<schema.org/members>",
            "<schema.org/name>",
            "isa:<schema.org/ResearchProject>"
        ],
        "count": 1.0
    },
    {
        "pset": [
            "<schema.org/address>",
            "<schema.org/alternateName>",
            "<schema.org/contactPoint>",
            "<schema.org/description>",
            "<schema.org/foundingDate>",
            "<schema.org/funder>",
            "<schema.org/hasOfferCatalog>",
            "<schema.org/identifier>",
            "<schema.org/knowsAbout>",
            "<schema.org/logo>",
            "<schema.org/name>",
            "<schema.org/parentOrganization>",
            "<schema.org/publishingPrinciples>",
            "<schema.org/sameAs>",
            "<schema.org/url>",
            "isa:<schema.org/DataCatalog>",
            "isa:<schema.org/Organization>",
            "isa:<schema.org/ResearchProject>"
        ],
        "count": 1.0
    },
    {
        "pset": [
            "<schema.org/email>",
            "<schema.org/geo>",
            "<schema.org/image>",
            "<schema.org/logo>",
            "<schema.org/name>",
            "<schema.org/openingHoursSpecification>",
            "<schema.org/sameAs>",
            "<schema.org/telephone>",
            "<schema.org/url>",
            "isa:<schema.org/Organization>",
            "isa:<schema.org/Place>",
            "isa:<schema.org/ResearchProject>"
        ],
        "count": 1.0
    },
    {
        "pset": [
            "<schema.org/address>",
            "<schema.org/contactPoint>",
            "<schema.org/email>",
            "<schema.org/logo>",
            "<schema.org/name>",
            "<schema.org/openingHours>",
            "<schema.org/url>",
            "isa:<schema.org/Organization>",
            "isa:<schema.org/ResearchProject>"
        ],
        "count": 1.0
    },
    {
        "pset": [
            "<schema.org/alternateName>",
            "<schema.org/areaServed>",
            "<schema.org/description>",
            "<schema.org/identifier>",
            "<schema.org/name>",
            "<schema.org/temporalCoverage>",
            "<schema.org/url>",
            "isa:<schema.org/ResearchProject>"
        ],
        "count": 1.0
    },
    {
        "pset": [
            "<schema.org/alternateName>",
            "<schema.org/contactPoint>",
            "<schema.org/name>",
            "<schema.org/sameAs>",
            "<schema.org/url>",
            "isa:<schema.org/ResearchProject>"
        ],
        "count": 1.0
    },
    {
        "pset": [
            "<schema.org/funder>",
            "<schema.org/identifier>",
            "<schema.org/mainEntityOfPage>",
            "<schema.org/members>",
            "<schema.org/name>",
            "isa:<schema.org/ResearchProject>"
        ],
        "count": 1.0
    },
    {
        "pset": [
            "<schema.org/Date>",
            "<schema.org/DownloadLinks>",
            "<schema.org/DownloadNames>",
            "<schema.org/Image>",
            "<schema.org/IsPastProject>",
            "<schema.org/IsProject>",
            "<schema.org/IsPubliclyVisible>",
            "<schema.org/Name>",
            "<schema.org/RelatedTopics>",
            "<schema.org/Summary>",
            "isa:<schema.org/ResearchProject>"
        ],
        "count": 1.0
    },
    {
        "pset": [
            "<schema.org/Date>",
            "<schema.org/Image>",
            "<schema.org/IsPastProject>",
            "<schema.org/IsProject>",
            "<schema.org/IsPubliclyVisible>",
            "<schema.org/Name>",
            "<schema.org/Summary>",
            "isa:<schema.org/ResearchProject>"
        ],
        "count": 1.0
    },
    {
        "pset": [
            "<schema.org/Image>",
            "<schema.org/IsPastProject>",
            "<schema.org/IsProject>",
            "<schema.org/IsPubliclyVisible>",
            "<schema.org/Name>",
            "<schema.org/Summary>",
            "isa:<schema.org/ResearchProject>"
        ],
        "count": 1.0
    },
    {
        "pset": [
            "<schema.org/Date>",
            "<schema.org/Image>",
            "<schema.org/IsPastProject>",
            "<schema.org/IsProject>",
            "<schema.org/IsPubliclyVisible>",
            "<schema.org/Name>",
            "<schema.org/PublicationType>",
            "<schema.org/RelatedTopics>",
            "<schema.org/Summary>",
            "isa:<schema.org/ResearchProject>"
        ],
        "count": 1.0
    },
    {
        "pset": [
            "<schema.org/DownloadLinks>",
            "<schema.org/DownloadNames>",
            "<schema.org/IsPastProject>",
            "<schema.org/IsProject>",
            "<schema.org/IsPubliclyVisible>",
            "<schema.org/Name>",
            "<schema.org/PublicationType>",
            "<schema.org/RelatedTopics>",
            "<schema.org/Summary>",
            "isa:<schema.org/ResearchProject>"
        ],
        "count": 1.0
    },
    {
        "pset": [
            "<schema.org/email>",
            "<schema.org/logo>",
            "<schema.org/name>",
            "<schema.org/openingHours>",
            "<schema.org/url>",
            "isa:<schema.org/Organization>",
            "isa:<schema.org/ResearchProject>"
        ],
        "count": 1.0
    },
    {
        "pset": [
            "<schema.org/DownloadLinks>",
            "<schema.org/DownloadNames>",
            "<schema.org/Image>",
            "<schema.org/IsPastProject>",
            "<schema.org/IsProject>",
            "<schema.org/IsPubliclyVisible>",
            "<schema.org/Name>",
            "<schema.org/RelatedTopics>",
            "<schema.org/Summary>",
            "isa:<schema.org/ResearchProject>"
        ],
        "count": 1.0
    },
    {
        "pset": [
            "<schema.org/address>",
            "<schema.org/aggregateRating>",
            "<schema.org/areaServed>",
            "<schema.org/brand>",
            "<schema.org/department>",
            "<schema.org/email>",
            "<schema.org/image>",
            "<schema.org/legalName>",
            "<schema.org/name>",
            "<schema.org/telephone>",
            "<schema.org/url>",
            "isa:<schema.org/ResearchProject>"
        ],
        "count": 1.0
    },
    {
        "pset": [
            "<schema.org/geo>",
            "<schema.org/image>",
            "<schema.org/logo>",
            "<schema.org/name>",
            "<schema.org/openingHoursSpecification>",
            "<schema.org/telephone>",
            "<schema.org/url>",
            "isa:<schema.org/Organization>",
            "isa:<schema.org/Place>",
            "isa:<schema.org/ResearchProject>"
        ],
        "count": 1.0
    },
    {
        "pset": [
            "<schema.org/address>",
            "<schema.org/contactPoint>",
            "<schema.org/email>",
            "<schema.org/location>",
            "<schema.org/logo>",
            "<schema.org/name>",
            "<schema.org/openingHours>",
            "<schema.org/priceRange>",
            "<schema.org/url>",
            "isa:<schema.org/Organization>",
            "isa:<schema.org/ResearchProject>"
        ],
        "count": 1.0
    },
    {
        "pset": [
            "<schema.org/alternateName>",
            "<schema.org/description>",
            "<schema.org/identifier>",
            "<schema.org/image>",
            "<schema.org/member>",
            "<schema.org/name>",
            "<schema.org/sameAs>",
            "<schema.org/temporalCoverage>",
            "<schema.org/url>",
            "isa:<schema.org/ResearchProject>"
        ],
        "count": 1.0
    }
]