[
    {
        "pset": [
            "<schema.org/result>",
            "<schema.org/target>",
            "isa:<schema.org/ReserveAction>"
        ],
        "count": 555703.0
    },
    {
        "pset": [
            "<schema.org/object>",
            "<schema.org/result>",
            "<schema.org/target>",
            "isa:<schema.org/ReserveAction>"
        ],
        "count": 46388.0
    },
    {
        "pset": [
            "<schema.org/location>",
            "<schema.org/object>",
            "<schema.org/result>",
            "<schema.org/target>",
            "isa:<schema.org/ReserveAction>"
        ],
        "count": 45671.0
    },
    {
        "pset": [
            "<schema.org/agent>",
            "<schema.org/result>",
            "<schema.org/target>",
            "isa:<schema.org/ReserveAction>"
        ],
        "count": 10591.0
    },
    {
        "pset": [
            "<schema.org/description>",
            "<schema.org/location>",
            "<schema.org/result>",
            "<schema.org/target>",
            "<schema.org/url>",
            "isa:<schema.org/ReserveAction>"
        ],
        "count": 9111.0
    },
    {
        "pset": [
            "isa:<schema.org/ReserveAction>"
        ],
        "count": 4911.0
    },
    {
        "pset": [
            "<schema.org/object>",
            "<schema.org/target>",
            "isa:<schema.org/ReserveAction>"
        ],
        "count": 2570.0
    },
    {
        "pset": [
            "<schema.org/actionStatus>",
            "<schema.org/name>",
            "<schema.org/result>",
            "<schema.org/target>",
            "isa:<schema.org/ReserveAction>"
        ],
        "count": 2357.0
    },
    {
        "pset": [
            "<schema.org/target>",
            "isa:<schema.org/ReserveAction>"
        ],
        "count": 1830.0
    },
    {
        "pset": [
            "<schema.org/result>",
            "<schema.org/sameAs>",
            "<schema.org/target>",
            "isa:<schema.org/ReserveAction>"
        ],
        "count": 784.0
    },
    {
        "pset": [
            "<schema.org/description>",
            "<schema.org/mainEntityOfPage>",
            "<schema.org/name>",
            "isa:<schema.org/ReserveAction>"
        ],
        "count": 298.0
    },
    {
        "pset": [
            "<schema.org/name>",
            "isa:<schema.org/ReserveAction>"
        ],
        "count": 187.0
    },
    {
        "pset": [
            "<schema.org/name>",
            "<schema.org/target>",
            "isa:<schema.org/ReserveAction>"
        ],
        "count": 129.0
    },
    {
        "pset": [
            "<schema.org/description>",
            "<schema.org/result>",
            "<schema.org/target>",
            "<schema.org/url>",
            "isa:<schema.org/ReserveAction>"
        ],
        "count": 80.0
    },
    {
        "pset": [
            "<schema.org/description>",
            "<schema.org/name>",
            "<schema.org/result>",
            "<schema.org/target>",
            "isa:<schema.org/ReserveAction>"
        ],
        "count": 79.0
    },
    {
        "pset": [
            "<schema.org/image>",
            "<schema.org/name>",
            "<schema.org/result>",
            "<schema.org/target>",
            "isa:<schema.org/ReserveAction>"
        ],
        "count": 75.0
    },
    {
        "pset": [
            "<schema.org/agent>",
            "<schema.org/description>",
            "<schema.org/endTime>",
            "<schema.org/location>",
            "<schema.org/mainEntityOfPage>",
            "<schema.org/result>",
            "<schema.org/startTime>",
            "<schema.org/target>",
            "isa:<schema.org/ReserveAction>"
        ],
        "count": 70.0
    },
    {
        "pset": [
            "<schema.org/result>",
            "<schema.org/target>",
            "<schema.org/url>",
            "isa:<schema.org/ReserveAction>"
        ],
        "count": 52.0
    },
    {
        "pset": [
            "<schema.org/priceSpecification>",
            "<schema.org/result>",
            "<schema.org/target>",
            "isa:<schema.org/ReserveAction>"
        ],
        "count": 38.0
    },
    {
        "pset": [
            "<schema.org/query-input>",
            "<schema.org/result>",
            "<schema.org/target>",
            "isa:<schema.org/ReserveAction>"
        ],
        "count": 37.0
    },
    {
        "pset": [
            "<schema.org/url>",
            "isa:<schema.org/ReserveAction>"
        ],
        "count": 27.0
    },
    {
        "pset": [
            "<schema.org/potentialAction>",
            "<schema.org/result>",
            "<schema.org/target>",
            "isa:<schema.org/ReserveAction>"
        ],
        "count": 24.0
    },
    {
        "pset": [
            "<schema.org/participant>",
            "<schema.org/result>",
            "<schema.org/target>",
            "isa:<schema.org/ReserveAction>"
        ],
        "count": 8.0
    },
    {
        "pset": [
            "<schema.org/actionStatus>",
            "<schema.org/image>",
            "<schema.org/name>",
            "<schema.org/url>",
            "isa:<schema.org/ReserveAction>"
        ],
        "count": 4.0
    },
    {
        "pset": [
            "<schema.org/result>",
            "isa:<schema.org/ReserveAction>"
        ],
        "count": 3.0
    },
    {
        "pset": [
            "<schema.org/actionStatus>",
            "<schema.org/name>",
            "<schema.org/url>",
            "isa:<schema.org/ReserveAction>"
        ],
        "count": 2.0
    },
    {
        "pset": [
            "<schema.org/name>",
            "<schema.org/result>",
            "isa:<schema.org/ReserveAction>"
        ],
        "count": 2.0
    },
    {
        "pset": [
            "<schema.org/actionStatus>",
            "<schema.org/agent>",
            "<schema.org/name>",
            "<schema.org/url>",
            "isa:<schema.org/ReserveAction>"
        ],
        "count": 2.0
    },
    {
        "pset": [
            "<schema.org/additionalType>",
            "<schema.org/image>",
            "<schema.org/name>",
            "<schema.org/result>",
            "isa:<schema.org/ReserveAction>"
        ],
        "count": 1.0
    },
    {
        "pset": [
            "<schema.org/actionStatus>",
            "<schema.org/agent>",
            "<schema.org/name>",
            "<schema.org/result>",
            "<schema.org/url>",
            "isa:<schema.org/ReserveAction>"
        ],
        "count": 1.0
    },
    {
        "pset": [
            "<schema.org/description>",
            "<schema.org/image>",
            "<schema.org/name>",
            "<schema.org/url>",
            "isa:<schema.org/ReserveAction>"
        ],
        "count": 1.0
    },
    {
        "pset": [
            "<schema.org/address>",
            "<schema.org/agent>",
            "<schema.org/email>",
            "<schema.org/image>",
            "<schema.org/logo>",
            "<schema.org/name>",
            "<schema.org/object>",
            "<schema.org/openingHours>",
            "<schema.org/paymentAccepted>",
            "<schema.org/priceRange>",
            "<schema.org/scheduledTime>",
            "<schema.org/telephone>",
            "<schema.org/url>",
            "isa:<schema.org/FinancialService>",
            "isa:<schema.org/ReserveAction>"
        ],
        "count": 1.0
    },
    {
        "pset": [
            "<schema.org/actionStatus>",
            "<schema.org/image>",
            "<schema.org/name>",
            "<schema.org/result>",
            "<schema.org/url>",
            "isa:<schema.org/ReserveAction>"
        ],
        "count": 1.0
    },
    {
        "pset": [
            "<schema.org/additionalType>",
            "<schema.org/description>",
            "<schema.org/image>",
            "<schema.org/name>",
            "<schema.org/result>",
            "isa:<schema.org/ReserveAction>"
        ],
        "count": 1.0
    },
    {
        "pset": [
            "<schema.org/description>",
            "<schema.org/image>",
            "<schema.org/name>",
            "<schema.org/potentialAction>",
            "<schema.org/url>",
            "isa:<schema.org/ReserveAction>"
        ],
        "count": 1.0
    },
    {
        "pset": [
            "<schema.org/actionStatus>",
            "<schema.org/description>",
            "<schema.org/image>",
            "<schema.org/name>",
            "<schema.org/url>",
            "isa:<schema.org/ReserveAction>"
        ],
        "count": 1.0
    },
    {
        "pset": [
            "<schema.org/name>",
            "<schema.org/result>",
            "<schema.org/target>",
            "isa:<schema.org/ReserveAction>"
        ],
        "count": 1.0
    },
    {
        "pset": [
            "<schema.org/additionalType>",
            "<schema.org/image>",
            "<schema.org/name>",
            "<schema.org/result>",
            "<schema.org/url>",
            "isa:<schema.org/ReserveAction>"
        ],
        "count": 1.0
    },
    {
        "pset": [
            "<schema.org/actionStatus>",
            "<schema.org/agent>",
            "<schema.org/description>",
            "<schema.org/image>",
            "<schema.org/name>",
            "<schema.org/result>",
            "<schema.org/url>",
            "isa:<schema.org/ReserveAction>"
        ],
        "count": 1.0
    },
    {
        "pset": [
            "<schema.org/potentialAction>",
            "isa:<schema.org/ReserveAction>"
        ],
        "count": 1.0
    },
    {
        "pset": [
            "<schema.org/actionStatus>",
            "<schema.org/description>",
            "<schema.org/image>",
            "<schema.org/name>",
            "<schema.org/result>",
            "<schema.org/target>",
            "<schema.org/url>",
            "isa:<schema.org/ReserveAction>"
        ],
        "count": 1.0
    },
    {
        "pset": [
            "<schema.org/actionStatus>",
            "<schema.org/agent>",
            "<schema.org/image>",
            "<schema.org/name>",
            "<schema.org/result>",
            "<schema.org/url>",
            "isa:<schema.org/ReserveAction>"
        ],
        "count": 1.0
    },
    {
        "pset": [
            "<schema.org/actionStatus>",
            "<schema.org/description>",
            "<schema.org/image>",
            "<schema.org/name>",
            "<schema.org/result>",
            "<schema.org/url>",
            "isa:<schema.org/ReserveAction>"
        ],
        "count": 1.0
    }
]