[
    {
        "pset": [
            "<schema.org/description>",
            "<schema.org/image>",
            "<schema.org/name>",
            "isa:<schema.org/Room>"
        ],
        "count": 2320.0
    },
    {
        "pset": [
            "<schema.org/description>",
            "<schema.org/image>",
            "<schema.org/name>",
            "<schema.org/url>",
            "isa:<schema.org/Room>"
        ],
        "count": 2067.0
    },
    {
        "pset": [
            "<schema.org/description>",
            "<schema.org/name>",
            "isa:<schema.org/Room>"
        ],
        "count": 395.0
    },
    {
        "pset": [
            "<schema.org/address>",
            "<schema.org/numberOfRooms>",
            "isa:<schema.org/Room>"
        ],
        "count": 387.0
    },
    {
        "pset": [
            "<schema.org/additionalType>",
            "<schema.org/address>",
            "<schema.org/category>",
            "<schema.org/description>",
            "<schema.org/geo>",
            "<schema.org/image>",
            "<schema.org/name>",
            "<schema.org/offers>",
            "<schema.org/productID>",
            "<schema.org/url>",
            "isa:<schema.org/Product>",
            "isa:<schema.org/Room>"
        ],
        "count": 98.0
    },
    {
        "pset": [
            "<schema.org/name>",
            "isa:<schema.org/Room>"
        ],
        "count": 85.0
    },
    {
        "pset": [
            "<schema.org/address>",
            "<schema.org/geo>",
            "<schema.org/name>",
            "<schema.org/numberOfRooms>",
            "isa:<schema.org/Room>"
        ],
        "count": 74.0
    },
    {
        "pset": [
            "<schema.org/description>",
            "<schema.org/name>",
            "<schema.org/photo>",
            "isa:<schema.org/Room>"
        ],
        "count": 55.0
    },
    {
        "pset": [
            "<schema.org/additionalType>",
            "<schema.org/address>",
            "<schema.org/branchCode>",
            "<schema.org/description>",
            "<schema.org/floorSize>",
            "<schema.org/geo>",
            "<schema.org/image>",
            "<schema.org/logo>",
            "<schema.org/numberOfRooms>",
            "<schema.org/telephone>",
            "<schema.org/url>",
            "isa:<schema.org/Room>"
        ],
        "count": 55.0
    },
    {
        "pset": [
            "<schema.org/address>",
            "<schema.org/floorSize>",
            "<schema.org/geo>",
            "<schema.org/hasMap>",
            "<schema.org/numberOfRooms>",
            "<schema.org/url>",
            "isa:<schema.org/Room>"
        ],
        "count": 54.0
    },
    {
        "pset": [
            "<schema.org/address>",
            "<schema.org/amenityFeature>",
            "<schema.org/containedInPlace>",
            "<schema.org/description>",
            "<schema.org/floorSize>",
            "<schema.org/geo>",
            "<schema.org/image>",
            "<schema.org/leaseLength>",
            "<schema.org/name>",
            "<schema.org/numberOfRooms>",
            "<schema.org/petsAllowed>",
            "<schema.org/photo>",
            "<schema.org/priceRange>",
            "<schema.org/smokingAllowed>",
            "<schema.org/telephone>",
            "<schema.org/url>",
            "isa:<schema.org/LocalBusiness>",
            "isa:<schema.org/Room>"
        ],
        "count": 47.0
    },
    {
        "pset": [
            "<schema.org/address>",
            "<schema.org/description>",
            "<schema.org/floorSize>",
            "<schema.org/geo>",
            "<schema.org/hasMap>",
            "<schema.org/name>",
            "<schema.org/numberOfRooms>",
            "<schema.org/petsAllowed>",
            "<schema.org/photo>",
            "<schema.org/smokingAllowed>",
            "isa:<schema.org/Room>"
        ],
        "count": 36.0
    },
    {
        "pset": [
            "<schema.org/address>",
            "<schema.org/description>",
            "<schema.org/geo>",
            "<schema.org/image>",
            "<schema.org/name>",
            "isa:<schema.org/Room>"
        ],
        "count": 32.0
    },
    {
        "pset": [
            "<schema.org/address>",
            "<schema.org/description>",
            "<schema.org/hasMap>",
            "<schema.org/image>",
            "<schema.org/latitude>",
            "<schema.org/longitude>",
            "<schema.org/name>",
            "<schema.org/offers>",
            "<schema.org/photo>",
            "isa:<schema.org/Product>",
            "isa:<schema.org/Room>"
        ],
        "count": 31.0
    },
    {
        "pset": [
            "<schema.org/address>",
            "<schema.org/description>",
            "<schema.org/image>",
            "<schema.org/name>",
            "isa:<schema.org/Room>"
        ],
        "count": 28.0
    },
    {
        "pset": [
            "<schema.org/address>",
            "<schema.org/geo>",
            "<schema.org/image>",
            "<schema.org/name>",
            "<schema.org/numberOfBathroomsTotal>",
            "<schema.org/petsAllowed>",
            "<schema.org/url>",
            "isa:<schema.org/Room>"
        ],
        "count": 25.0
    },
    {
        "pset": [
            "<schema.org/address>",
            "<schema.org/description>",
            "<schema.org/name>",
            "<schema.org/numberOfBathroomsTotal>",
            "<schema.org/numberOfBedrooms>",
            "isa:<schema.org/Room>"
        ],
        "count": 23.0
    },
    {
        "pset": [
            "<schema.org/address>",
            "<schema.org/name>",
            "isa:<schema.org/Room>"
        ],
        "count": 20.0
    },
    {
        "pset": [
            "<schema.org/address>",
            "<schema.org/description>",
            "<schema.org/floorSize>",
            "<schema.org/geo>",
            "<schema.org/image>",
            "<schema.org/name>",
            "<schema.org/numberOfBedrooms>",
            "isa:<schema.org/Room>"
        ],
        "count": 20.0
    },
    {
        "pset": [
            "<schema.org/amenityFeature>",
            "<schema.org/description>",
            "<schema.org/image>",
            "<schema.org/name>",
            "<schema.org/offers>",
            "<schema.org/petsAllowed>",
            "<schema.org/smokingAllowed>",
            "<schema.org/url>",
            "isa:<schema.org/Product>",
            "isa:<schema.org/Room>"
        ],
        "count": 20.0
    },
    {
        "pset": [
            "<schema.org/description>",
            "<schema.org/image>",
            "<schema.org/name>",
            "<schema.org/offers>",
            "<schema.org/url>",
            "isa:<schema.org/Room>"
        ],
        "count": 20.0
    },
    {
        "pset": [
            "<schema.org/accommodationCategory>",
            "<schema.org/description>",
            "<schema.org/image>",
            "<schema.org/name>",
            "isa:<schema.org/Room>"
        ],
        "count": 16.0
    },
    {
        "pset": [
            "<schema.org/address>",
            "<schema.org/description>",
            "<schema.org/image>",
            "<schema.org/name>",
            "<schema.org/numberOfBathroomsTotal>",
            "isa:<schema.org/Room>"
        ],
        "count": 15.0
    },
    {
        "pset": [
            "<schema.org/amenityFeature>",
            "isa:<schema.org/Room>"
        ],
        "count": 13.0
    },
    {
        "pset": [
            "<schema.org/description>",
            "<schema.org/image>",
            "<schema.org/name>",
            "<schema.org/numberOfRooms>",
            "isa:<schema.org/Room>"
        ],
        "count": 13.0
    },
    {
        "pset": [
            "<schema.org/address>",
            "<schema.org/description>",
            "<schema.org/hasMap>",
            "<schema.org/latitude>",
            "<schema.org/longitude>",
            "<schema.org/name>",
            "<schema.org/offers>",
            "isa:<schema.org/Product>",
            "isa:<schema.org/Room>"
        ],
        "count": 12.0
    },
    {
        "pset": [
            "<schema.org/address>",
            "<schema.org/description>",
            "<schema.org/image>",
            "<schema.org/name>",
            "<schema.org/numberOfBathroomsTotal>",
            "<schema.org/numberOfBedrooms>",
            "isa:<schema.org/Room>"
        ],
        "count": 11.0
    },
    {
        "pset": [
            "<schema.org/address>",
            "<schema.org/description>",
            "<schema.org/floorSize>",
            "<schema.org/image>",
            "<schema.org/name>",
            "isa:<schema.org/Room>"
        ],
        "count": 11.0
    },
    {
        "pset": [
            "<schema.org/aggregateRating>",
            "<schema.org/description>",
            "<schema.org/image>",
            "<schema.org/name>",
            "<schema.org/url>",
            "isa:<schema.org/Room>"
        ],
        "count": 7.0
    },
    {
        "pset": [
            "<schema.org/address>",
            "<schema.org/description>",
            "<schema.org/geo>",
            "<schema.org/image>",
            "<schema.org/name>",
            "<schema.org/numberOfBathroomsTotal>",
            "isa:<schema.org/Room>"
        ],
        "count": 7.0
    },
    {
        "pset": [
            "<schema.org/address>",
            "<schema.org/description>",
            "<schema.org/geo>",
            "<schema.org/name>",
            "isa:<schema.org/Room>"
        ],
        "count": 6.0
    },
    {
        "pset": [
            "<schema.org/image>",
            "<schema.org/name>",
            "isa:<schema.org/Room>"
        ],
        "count": 6.0
    },
    {
        "pset": [
            "<schema.org/containedInPlace>",
            "<schema.org/description>",
            "<schema.org/floorLevel>",
            "<schema.org/name>",
            "<schema.org/numberOfFullBathrooms>",
            "<schema.org/numberOfRooms>",
            "<schema.org/url>",
            "isa:<schema.org/Room>"
        ],
        "count": 6.0
    },
    {
        "pset": [
            "<schema.org/address>",
            "<schema.org/description>",
            "<schema.org/image>",
            "<schema.org/name>",
            "<schema.org/numberOfBedrooms>",
            "isa:<schema.org/Room>"
        ],
        "count": 6.0
    },
    {
        "pset": [
            "<schema.org/address>",
            "<schema.org/email>",
            "<schema.org/image>",
            "<schema.org/name>",
            "<schema.org/telephone>",
            "isa:<schema.org/Room>"
        ],
        "count": 6.0
    },
    {
        "pset": [
            "<schema.org/accommodationCategory>",
            "<schema.org/image>",
            "<schema.org/name>",
            "isa:<schema.org/Room>"
        ],
        "count": 5.0
    },
    {
        "pset": [
            "<schema.org/address>",
            "<schema.org/image>",
            "<schema.org/name>",
            "<schema.org/sameAs>",
            "isa:<schema.org/Room>"
        ],
        "count": 5.0
    },
    {
        "pset": [
            "<schema.org/address>",
            "<schema.org/brand>",
            "<schema.org/description>",
            "<schema.org/floorSize>",
            "<schema.org/geo>",
            "<schema.org/identifier>",
            "<schema.org/image>",
            "<schema.org/name>",
            "<schema.org/offers>",
            "<schema.org/photo>",
            "<schema.org/productID>",
            "<schema.org/sku>",
            "isa:<schema.org/Product>",
            "isa:<schema.org/Residence>",
            "isa:<schema.org/Room>"
        ],
        "count": 5.0
    },
    {
        "pset": [
            "<schema.org/additionalType>",
            "<schema.org/address>",
            "<schema.org/branchCode>",
            "<schema.org/floorSize>",
            "<schema.org/geo>",
            "<schema.org/image>",
            "<schema.org/logo>",
            "<schema.org/numberOfRooms>",
            "<schema.org/telephone>",
            "<schema.org/url>",
            "isa:<schema.org/Room>"
        ],
        "count": 5.0
    },
    {
        "pset": [
            "<schema.org/address>",
            "<schema.org/amenityFeature>",
            "<schema.org/containedInPlace>",
            "<schema.org/description>",
            "<schema.org/floorSize>",
            "<schema.org/geo>",
            "<schema.org/image>",
            "<schema.org/leaseLength>",
            "<schema.org/name>",
            "<schema.org/numberOfRooms>",
            "<schema.org/petsAllowed>",
            "<schema.org/photo>",
            "<schema.org/priceRange>",
            "<schema.org/smokingAllowed>",
            "<schema.org/url>",
            "isa:<schema.org/LocalBusiness>",
            "isa:<schema.org/Room>"
        ],
        "count": 5.0
    },
    {
        "pset": [
            "<schema.org/description>",
            "<schema.org/image>",
            "<schema.org/mainEntityOfPage>",
            "<schema.org/name>",
            "<schema.org/potentialAction>",
            "<schema.org/url>",
            "isa:<schema.org/Room>"
        ],
        "count": 5.0
    },
    {
        "pset": [
            "<schema.org/address>",
            "<schema.org/description>",
            "<schema.org/floorSize>",
            "<schema.org/geo>",
            "<schema.org/hasMap>",
            "<schema.org/name>",
            "<schema.org/numberOfRooms>",
            "<schema.org/petsAllowed>",
            "<schema.org/smokingAllowed>",
            "isa:<schema.org/Room>"
        ],
        "count": 4.0
    },
    {
        "pset": [
            "<schema.org/description>",
            "<schema.org/name>",
            "isa:<schema.org/Room>",
            "isa:<schema.org/TouristAttraction>"
        ],
        "count": 4.0
    },
    {
        "pset": [
            "<schema.org/additionalType>",
            "<schema.org/address>",
            "<schema.org/category>",
            "<schema.org/description>",
            "<schema.org/geo>",
            "<schema.org/hasMap>",
            "<schema.org/image>",
            "<schema.org/name>",
            "<schema.org/offers>",
            "<schema.org/photo>",
            "<schema.org/productID>",
            "<schema.org/url>",
            "isa:<schema.org/Product>",
            "isa:<schema.org/Room>"
        ],
        "count": 3.0
    },
    {
        "pset": [
            "<schema.org/address>",
            "<schema.org/containedInPlace>",
            "<schema.org/name>",
            "<schema.org/url>",
            "isa:<schema.org/Room>"
        ],
        "count": 3.0
    },
    {
        "pset": [
            "<schema.org/address>",
            "<schema.org/alternateName>",
            "<schema.org/amenityFeature>",
            "<schema.org/description>",
            "<schema.org/geo>",
            "<schema.org/hasMap>",
            "<schema.org/logo>",
            "<schema.org/name>",
            "<schema.org/petsAllowed>",
            "<schema.org/potentialAction>",
            "<schema.org/smokingAllowed>",
            "isa:<schema.org/Room>"
        ],
        "count": 3.0
    },
    {
        "pset": [
            "<schema.org/address>",
            "<schema.org/description>",
            "<schema.org/floorSize>",
            "<schema.org/mainEntityOfPage>",
            "<schema.org/numberOfBedrooms>",
            "<schema.org/petsAllowed>",
            "<schema.org/sameAs>",
            "<schema.org/url>",
            "isa:<schema.org/Room>"
        ],
        "count": 3.0
    },
    {
        "pset": [
            "<schema.org/address>",
            "<schema.org/containedInPlace>",
            "<schema.org/geo>",
            "<schema.org/name>",
            "<schema.org/url>",
            "isa:<schema.org/Room>"
        ],
        "count": 3.0
    },
    {
        "pset": [
            "<schema.org/additionalType>",
            "<schema.org/address>",
            "<schema.org/amenityFeature>",
            "<schema.org/category>",
            "<schema.org/description>",
            "<schema.org/geo>",
            "<schema.org/hasMap>",
            "<schema.org/image>",
            "<schema.org/name>",
            "<schema.org/offers>",
            "<schema.org/photo>",
            "<schema.org/productID>",
            "<schema.org/url>",
            "isa:<schema.org/Product>",
            "isa:<schema.org/Room>"
        ],
        "count": 2.0
    },
    {
        "pset": [
            "<schema.org/address>",
            "<schema.org/amenityFeature>",
            "<schema.org/description>",
            "<schema.org/floorLevel>",
            "<schema.org/floorSize>",
            "<schema.org/image>",
            "<schema.org/name>",
            "<schema.org/numberOfRooms>",
            "<schema.org/offers>",
            "<schema.org/petsAllowed>",
            "<schema.org/potentialAction>",
            "<schema.org/sameAs>",
            "<schema.org/sku>",
            "<schema.org/url>",
            "isa:<schema.org/Product>",
            "isa:<schema.org/Room>"
        ],
        "count": 2.0
    },
    {
        "pset": [
            "<schema.org/name>",
            "<schema.org/url>",
            "isa:<schema.org/Room>"
        ],
        "count": 2.0
    },
    {
        "pset": [
            "<schema.org/description>",
            "<schema.org/image>",
            "<schema.org/name>",
            "<schema.org/offers>",
            "isa:<schema.org/Product>",
            "isa:<schema.org/Room>"
        ],
        "count": 2.0
    },
    {
        "pset": [
            "<schema.org/address>",
            "<schema.org/description>",
            "<schema.org/name>",
            "<schema.org/numberOfBathroomsTotal>",
            "isa:<schema.org/Room>"
        ],
        "count": 2.0
    },
    {
        "pset": [
            "<schema.org/description>",
            "<schema.org/image>",
            "<schema.org/name>",
            "<schema.org/offers>",
            "isa:<schema.org/Apartment>",
            "isa:<schema.org/Product>",
            "isa:<schema.org/Room>"
        ],
        "count": 2.0
    },
    {
        "pset": [
            "<schema.org/address>",
            "<schema.org/description>",
            "<schema.org/floorSize>",
            "<schema.org/mainEntityOfPage>",
            "<schema.org/petsAllowed>",
            "<schema.org/sameAs>",
            "<schema.org/url>",
            "isa:<schema.org/Room>"
        ],
        "count": 1.0
    },
    {
        "pset": [
            "<schema.org/amenityFeature>",
            "<schema.org/description>",
            "<schema.org/name>",
            "<schema.org/url>",
            "isa:<schema.org/Room>"
        ],
        "count": 1.0
    },
    {
        "pset": [
            "<schema.org/address>",
            "<schema.org/geo>",
            "<schema.org/hasMap>",
            "<schema.org/name>",
            "<schema.org/numberOfRooms>",
            "<schema.org/petsAllowed>",
            "<schema.org/telephone>",
            "<schema.org/url>",
            "isa:<schema.org/Room>"
        ],
        "count": 1.0
    },
    {
        "pset": [
            "<schema.org/address>",
            "<schema.org/containedInPlace>",
            "<schema.org/containsPlace>",
            "<schema.org/description>",
            "<schema.org/geo>",
            "<schema.org/image>",
            "<schema.org/name>",
            "<schema.org/url>",
            "isa:<schema.org/Room>"
        ],
        "count": 1.0
    },
    {
        "pset": [
            "<schema.org/description>",
            "<schema.org/mainEntityOfPage>",
            "<schema.org/name>",
            "<schema.org/sameAs>",
            "<schema.org/url>",
            "isa:<schema.org/Room>"
        ],
        "count": 1.0
    },
    {
        "pset": [
            "<schema.org/address>",
            "<schema.org/description>",
            "<schema.org/name>",
            "isa:<schema.org/Room>"
        ],
        "count": 1.0
    },
    {
        "pset": [
            "<schema.org/address>",
            "<schema.org/description>",
            "<schema.org/floorSize>",
            "<schema.org/image>",
            "<schema.org/name>",
            "<schema.org/numberOfBedrooms>",
            "isa:<schema.org/Room>"
        ],
        "count": 1.0
    }
]