[
    {
        "pset": [
            "<schema.org/accountablePerson>",
            "<schema.org/creator>",
            "<schema.org/description>",
            "<schema.org/image>",
            "<schema.org/locationCreated>",
            "<schema.org/name>",
            "<schema.org/offers>",
            "<schema.org/thumbnailUrl>",
            "<schema.org/url>",
            "isa:<schema.org/Sculpture>"
        ],
        "count": 3136.0
    },
    {
        "pset": [
            "<schema.org/accountablePerson>",
            "<schema.org/creator>",
            "<schema.org/image>",
            "<schema.org/locationCreated>",
            "<schema.org/name>",
            "<schema.org/offers>",
            "<schema.org/thumbnailUrl>",
            "<schema.org/url>",
            "isa:<schema.org/Sculpture>"
        ],
        "count": 1667.0
    },
    {
        "pset": [
            "<schema.org/description>",
            "<schema.org/image>",
            "<schema.org/name>",
            "<schema.org/offers>",
            "<schema.org/provider>",
            "<schema.org/url>",
            "isa:<schema.org/Sculpture>"
        ],
        "count": 1329.0
    },
    {
        "pset": [
            "<schema.org/creator>",
            "<schema.org/description>",
            "<schema.org/image>",
            "<schema.org/name>",
            "<schema.org/url>",
            "isa:<schema.org/Sculpture>"
        ],
        "count": 634.0
    },
    {
        "pset": [
            "<schema.org/creator>",
            "<schema.org/description>",
            "<schema.org/image>",
            "<schema.org/name>",
            "<schema.org/offers>",
            "<schema.org/provider>",
            "<schema.org/url>",
            "isa:<schema.org/Sculpture>"
        ],
        "count": 387.0
    },
    {
        "pset": [
            "<schema.org/about>",
            "<schema.org/accountablePerson>",
            "<schema.org/creator>",
            "<schema.org/description>",
            "<schema.org/genre>",
            "<schema.org/image>",
            "<schema.org/keywords>",
            "<schema.org/locationCreated>",
            "<schema.org/name>",
            "<schema.org/offers>",
            "<schema.org/url>",
            "isa:<schema.org/Sculpture>"
        ],
        "count": 288.0
    },
    {
        "pset": [
            "<schema.org/accountablePerson>",
            "<schema.org/creator>",
            "<schema.org/description>",
            "<schema.org/genre>",
            "<schema.org/image>",
            "<schema.org/locationCreated>",
            "<schema.org/mainEntityOfPage>",
            "<schema.org/name>",
            "<schema.org/url>",
            "isa:<schema.org/Sculpture>"
        ],
        "count": 201.0
    },
    {
        "pset": [
            "<schema.org/author>",
            "<schema.org/creator>",
            "<schema.org/dateCreated>",
            "<schema.org/image>",
            "<schema.org/name>",
            "<schema.org/text>",
            "isa:<schema.org/Sculpture>"
        ],
        "count": 139.0
    },
    {
        "pset": [
            "<schema.org/aggregateRating>",
            "<schema.org/creator>",
            "<schema.org/genre>",
            "<schema.org/isFamilyFriendly>",
            "<schema.org/name>",
            "<schema.org/offers>",
            "<schema.org/provider>",
            "isa:<schema.org/Sculpture>"
        ],
        "count": 110.0
    },
    {
        "pset": [
            "<schema.org/image>",
            "<schema.org/name>",
            "<schema.org/offers>",
            "<schema.org/provider>",
            "<schema.org/url>",
            "isa:<schema.org/Sculpture>"
        ],
        "count": 51.0
    },
    {
        "pset": [
            "<schema.org/creator>",
            "<schema.org/description>",
            "<schema.org/image>",
            "<schema.org/name>",
            "<schema.org/thumbnailUrl>",
            "<schema.org/url>",
            "isa:<schema.org/Sculpture>"
        ],
        "count": 50.0
    },
    {
        "pset": [
            "<schema.org/creator>",
            "<schema.org/isFamilyFriendly>",
            "<schema.org/name>",
            "<schema.org/offers>",
            "<schema.org/provider>",
            "isa:<schema.org/Sculpture>"
        ],
        "count": 34.0
    },
    {
        "pset": [
            "<schema.org/creator>",
            "<schema.org/description>",
            "<schema.org/image>",
            "<schema.org/material>",
            "<schema.org/name>",
            "<schema.org/size>",
            "isa:<schema.org/Sculpture>"
        ],
        "count": 18.0
    },
    {
        "pset": [
            "<schema.org/accountablePerson>",
            "<schema.org/creator>",
            "<schema.org/genre>",
            "<schema.org/image>",
            "<schema.org/locationCreated>",
            "<schema.org/mainEntityOfPage>",
            "<schema.org/name>",
            "<schema.org/url>",
            "isa:<schema.org/Sculpture>"
        ],
        "count": 11.0
    },
    {
        "pset": [
            "<schema.org/author>",
            "<schema.org/copyrightHolder>",
            "<schema.org/copyrightYear>",
            "<schema.org/creator>",
            "<schema.org/dateModified>",
            "<schema.org/datePublished>",
            "<schema.org/description>",
            "<schema.org/headline>",
            "<schema.org/image>",
            "<schema.org/inLanguage>",
            "<schema.org/mainEntityOfPage>",
            "<schema.org/name>",
            "<schema.org/publisher>",
            "<schema.org/url>",
            "isa:<schema.org/Sculpture>"
        ],
        "count": 9.0
    },
    {
        "pset": [
            "<schema.org/author>",
            "<schema.org/copyrightHolder>",
            "<schema.org/copyrightYear>",
            "<schema.org/dateCreated>",
            "<schema.org/dateModified>",
            "<schema.org/datePublished>",
            "<schema.org/description>",
            "<schema.org/headline>",
            "<schema.org/image>",
            "<schema.org/inLanguage>",
            "<schema.org/keywords>",
            "<schema.org/mainEntityOfPage>",
            "<schema.org/name>",
            "<schema.org/publisher>",
            "<schema.org/url>",
            "isa:<schema.org/Sculpture>"
        ],
        "count": 8.0
    },
    {
        "pset": [
            "<schema.org/author>",
            "<schema.org/contentLocation>",
            "<schema.org/creator>",
            "<schema.org/description>",
            "<schema.org/exampleOfWork>",
            "<schema.org/genre>",
            "<schema.org/image>",
            "<schema.org/keywords>",
            "<schema.org/material>",
            "<schema.org/name>",
            "isa:<schema.org/Sculpture>"
        ],
        "count": 8.0
    },
    {
        "pset": [
            "<schema.org/creator>",
            "<schema.org/image>",
            "<schema.org/name>",
            "<schema.org/offers>",
            "<schema.org/provider>",
            "<schema.org/url>",
            "isa:<schema.org/Sculpture>"
        ],
        "count": 7.0
    },
    {
        "pset": [
            "<schema.org/creator>",
            "<schema.org/datecreated>",
            "<schema.org/identifier>",
            "<schema.org/image>",
            "<schema.org/isFamilyFriendly>",
            "<schema.org/mainEntityOfPage>",
            "<schema.org/material>",
            "<schema.org/name>",
            "<schema.org/thumbnailUrl>",
            "<schema.org/url>",
            "isa:<schema.org/Sculpture>"
        ],
        "count": 2.0
    },
    {
        "pset": [
            "<schema.org/audio>",
            "<schema.org/creator>",
            "<schema.org/dateCreated>",
            "<schema.org/description>",
            "<schema.org/image>",
            "<schema.org/name>",
            "<schema.org/sameAs>",
            "isa:<schema.org/Sculpture>"
        ],
        "count": 2.0
    },
    {
        "pset": [
            "<schema.org/creator>",
            "<schema.org/dateCreated>",
            "<schema.org/description>",
            "<schema.org/image>",
            "<schema.org/material>",
            "<schema.org/name>",
            "<schema.org/size>",
            "isa:<schema.org/Sculpture>"
        ],
        "count": 2.0
    },
    {
        "pset": [
            "<schema.org/description>",
            "<schema.org/image>",
            "<schema.org/name>",
            "<schema.org/url>",
            "isa:<schema.org/Sculpture>"
        ],
        "count": 2.0
    },
    {
        "pset": [
            "<schema.org/about>",
            "<schema.org/copyrightHolder>",
            "<schema.org/copyrightYear>",
            "<schema.org/creator>",
            "<schema.org/dateModified>",
            "<schema.org/datePublished>",
            "<schema.org/description>",
            "<schema.org/genre>",
            "<schema.org/image>",
            "<schema.org/keywords>",
            "<schema.org/mainEntityOfPage>",
            "<schema.org/name>",
            "<schema.org/publisher>",
            "isa:<schema.org/Sculpture>"
        ],
        "count": 1.0
    },
    {
        "pset": [
            "<schema.org/about>",
            "<schema.org/accountablePerson>",
            "<schema.org/additionalType>",
            "<schema.org/alternativeHeadline>",
            "<schema.org/author>",
            "<schema.org/description>",
            "<schema.org/educationalAlignment>",
            "<schema.org/headline>",
            "<schema.org/keywords>",
            "<schema.org/mainEntityOfPage>",
            "<schema.org/name>",
            "isa:<schema.org/Sculpture>"
        ],
        "count": 1.0
    },
    {
        "pset": [
            "<schema.org/description>",
            "<schema.org/eventStatus>",
            "<schema.org/identifier>",
            "<schema.org/image>",
            "<schema.org/location>",
            "<schema.org/name>",
            "<schema.org/url>",
            "isa:<schema.org/Sculpture>"
        ],
        "count": 1.0
    },
    {
        "pset": [
            "<schema.org/alternativeHeadline>",
            "<schema.org/citation>",
            "<schema.org/description>",
            "<schema.org/height>",
            "<schema.org/isPartOf>",
            "<schema.org/keywords>",
            "<schema.org/locationCreated>",
            "<schema.org/name>",
            "<schema.org/sameAs>",
            "<schema.org/sku>",
            "<schema.org/spatial>",
            "<schema.org/url>",
            "<schema.org/width>",
            "isa:<schema.org/Sculpture>"
        ],
        "count": 1.0
    },
    {
        "pset": [
            "<schema.org/artist>",
            "<schema.org/citation>",
            "<schema.org/description>",
            "<schema.org/inLanguage>",
            "<schema.org/isPartOf>",
            "<schema.org/keywords>",
            "<schema.org/locationCreated>",
            "<schema.org/name>",
            "<schema.org/sameAs>",
            "<schema.org/sku>",
            "<schema.org/spatial>",
            "<schema.org/url>",
            "isa:<schema.org/Sculpture>"
        ],
        "count": 1.0
    },
    {
        "pset": [
            "<schema.org/artist>",
            "<schema.org/schemaVersion>",
            "<schema.org/sdDatePublished>",
            "<schema.org/sdPublisher>",
            "isa:<schema.org/Sculpture>"
        ],
        "count": 1.0
    },
    {
        "pset": [
            "<schema.org/creator>",
            "<schema.org/dateCreated>",
            "<schema.org/description>",
            "<schema.org/image>",
            "<schema.org/name>",
            "isa:<schema.org/Sculpture>"
        ],
        "count": 1.0
    },
    {
        "pset": [
            "<schema.org/artist>",
            "<schema.org/description>",
            "<schema.org/height>",
            "<schema.org/inLanguage>",
            "<schema.org/isPartOf>",
            "<schema.org/keywords>",
            "<schema.org/locationCreated>",
            "<schema.org/name>",
            "<schema.org/sameAs>",
            "<schema.org/url>",
            "<schema.org/width>",
            "isa:<schema.org/Sculpture>"
        ],
        "count": 1.0
    },
    {
        "pset": [
            "<schema.org/creator>",
            "<schema.org/datecreated>",
            "<schema.org/depth>",
            "<schema.org/height>",
            "<schema.org/identifier>",
            "<schema.org/image>",
            "<schema.org/isFamilyFriendly>",
            "<schema.org/mainEntityOfPage>",
            "<schema.org/material>",
            "<schema.org/name>",
            "<schema.org/offers>",
            "<schema.org/thumbnailUrl>",
            "<schema.org/url>",
            "<schema.org/width>",
            "isa:<schema.org/Product>",
            "isa:<schema.org/Sculpture>"
        ],
        "count": 1.0
    },
    {
        "pset": [
            "<schema.org/about>",
            "<schema.org/artist>",
            "<schema.org/schemaVersion>",
            "<schema.org/sdDatePublished>",
            "<schema.org/sdPublisher>",
            "isa:<schema.org/Sculpture>"
        ],
        "count": 1.0
    },
    {
        "pset": [
            "<schema.org/alternativeHeadline>",
            "<schema.org/citation>",
            "<schema.org/description>",
            "<schema.org/height>",
            "<schema.org/isPartOf>",
            "<schema.org/keywords>",
            "<schema.org/locationCreated>",
            "<schema.org/mentions>",
            "<schema.org/name>",
            "<schema.org/sameAs>",
            "<schema.org/sku>",
            "<schema.org/spatial>",
            "<schema.org/url>",
            "<schema.org/width>",
            "isa:<schema.org/Sculpture>"
        ],
        "count": 1.0
    },
    {
        "pset": [
            "<schema.org/creator>",
            "<schema.org/datecreated>",
            "<schema.org/height>",
            "<schema.org/identifier>",
            "<schema.org/isFamilyFriendly>",
            "<schema.org/mainEntityOfPage>",
            "<schema.org/material>",
            "<schema.org/name>",
            "<schema.org/offers>",
            "<schema.org/url>",
            "<schema.org/width>",
            "isa:<schema.org/Product>",
            "isa:<schema.org/Sculpture>"
        ],
        "count": 1.0
    },
    {
        "pset": [
            "<schema.org/creator>",
            "<schema.org/datecreated>",
            "<schema.org/description>",
            "<schema.org/height>",
            "<schema.org/identifier>",
            "<schema.org/image>",
            "<schema.org/isFamilyFriendly>",
            "<schema.org/mainEntityOfPage>",
            "<schema.org/material>",
            "<schema.org/name>",
            "<schema.org/thumbnailUrl>",
            "<schema.org/url>",
            "<schema.org/width>",
            "isa:<schema.org/Sculpture>"
        ],
        "count": 1.0
    },
    {
        "pset": [
            "<schema.org/alternativeHeadline>",
            "<schema.org/artist>",
            "<schema.org/description>",
            "<schema.org/height>",
            "<schema.org/inLanguage>",
            "<schema.org/keywords>",
            "<schema.org/locationCreated>",
            "<schema.org/name>",
            "<schema.org/sameAs>",
            "<schema.org/url>",
            "isa:<schema.org/Sculpture>"
        ],
        "count": 1.0
    },
    {
        "pset": [
            "<schema.org/alternativeHeadline>",
            "<schema.org/citation>",
            "<schema.org/description>",
            "<schema.org/inLanguage>",
            "<schema.org/isPartOf>",
            "<schema.org/keywords>",
            "<schema.org/locationCreated>",
            "<schema.org/name>",
            "<schema.org/sameAs>",
            "<schema.org/sku>",
            "<schema.org/spatial>",
            "<schema.org/url>",
            "isa:<schema.org/Sculpture>"
        ],
        "count": 1.0
    },
    {
        "pset": [
            "<schema.org/artist>",
            "<schema.org/citation>",
            "<schema.org/description>",
            "<schema.org/height>",
            "<schema.org/isPartOf>",
            "<schema.org/keywords>",
            "<schema.org/locationCreated>",
            "<schema.org/material>",
            "<schema.org/name>",
            "<schema.org/sameAs>",
            "<schema.org/sku>",
            "<schema.org/spatial>",
            "<schema.org/url>",
            "<schema.org/width>",
            "isa:<schema.org/Sculpture>"
        ],
        "count": 1.0
    },
    {
        "pset": [
            "<schema.org/alternativeHeadline>",
            "<schema.org/description>",
            "<schema.org/height>",
            "<schema.org/inLanguage>",
            "<schema.org/keywords>",
            "<schema.org/name>",
            "<schema.org/sameAs>",
            "<schema.org/url>",
            "isa:<schema.org/Sculpture>"
        ],
        "count": 1.0
    },
    {
        "pset": [
            "<schema.org/creator>",
            "<schema.org/description>",
            "<schema.org/genre>",
            "<schema.org/headline>",
            "<schema.org/isPartOf>",
            "<schema.org/keywords>",
            "<schema.org/license>",
            "<schema.org/locationCreated>",
            "<schema.org/material>",
            "<schema.org/name>",
            "<schema.org/url>",
            "<schema.org/video>",
            "isa:<schema.org/Sculpture>"
        ],
        "count": 1.0
    }
]