[
    {
        "pset": [
            "<schema.org/additionalType>",
            "<schema.org/alternateName>",
            "<schema.org/associatedMedia>",
            "<schema.org/contentUrl>",
            "<schema.org/copyrightNotice>",
            "<schema.org/description>",
            "<schema.org/identifier>",
            "<schema.org/name>",
            "isa:<schema.org/Brand>",
            "isa:<schema.org/CreativeWork>",
            "isa:<schema.org/MediaObject>",
            "isa:<schema.org/Season>"
        ],
        "count": 492.0
    },
    {
        "pset": [
            "<schema.org/additionalType>",
            "<schema.org/alternateName>",
            "<schema.org/associatedMedia>",
            "<schema.org/contentUrl>",
            "<schema.org/copyrightNotice>",
            "<schema.org/description>",
            "<schema.org/embedUrl>",
            "<schema.org/identifier>",
            "<schema.org/name>",
            "isa:<schema.org/Brand>",
            "isa:<schema.org/CreativeWork>",
            "isa:<schema.org/MediaObject>",
            "isa:<schema.org/Season>"
        ],
        "count": 17.0
    },
    {
        "pset": [
            "<schema.org/name>",
            "isa:<schema.org/Season>"
        ],
        "count": 5.0
    }
]