[
    {
        "pset": [
            "<schema.org/abstract>",
            "<schema.org/commentCount>",
            "<schema.org/genre>",
            "<schema.org/image>",
            "<schema.org/keywords>",
            "<schema.org/name>",
            "<schema.org/url>",
            "isa:<schema.org/SheetMusic>"
        ],
        "count": 1101.0
    },
    {
        "pset": [
            "<schema.org/about>",
            "<schema.org/audio>",
            "<schema.org/description>",
            "<schema.org/inLanguage>",
            "<schema.org/lyrics>",
            "<schema.org/name>",
            "isa:<schema.org/CreativeWork>",
            "isa:<schema.org/MusicComposition>",
            "isa:<schema.org/SheetMusic>"
        ],
        "count": 551.0
    },
    {
        "pset": [
            "<schema.org/encodingFormat>",
            "<schema.org/name>",
            "<schema.org/offers>",
            "<schema.org/potentialAction>",
            "isa:<schema.org/SheetMusic>"
        ],
        "count": 248.0
    },
    {
        "pset": [
            "<schema.org/author>",
            "<schema.org/brand>",
            "<schema.org/description>",
            "<schema.org/image>",
            "<schema.org/mpn>",
            "<schema.org/name>",
            "<schema.org/offers>",
            "<schema.org/productId>",
            "<schema.org/publisher>",
            "<schema.org/sku>",
            "<schema.org/url>",
            "<schema.org/workExample>",
            "isa:<schema.org/Product>",
            "isa:<schema.org/SheetMusic>"
        ],
        "count": 79.0
    },
    {
        "pset": [
            "<schema.org/aggregateRating>",
            "<schema.org/author>",
            "<schema.org/brand>",
            "<schema.org/description>",
            "<schema.org/image>",
            "<schema.org/mpn>",
            "<schema.org/name>",
            "<schema.org/offers>",
            "<schema.org/productId>",
            "<schema.org/publisher>",
            "<schema.org/review>",
            "<schema.org/sku>",
            "<schema.org/url>",
            "<schema.org/workExample>",
            "isa:<schema.org/Product>",
            "isa:<schema.org/SheetMusic>"
        ],
        "count": 45.0
    },
    {
        "pset": [
            "<schema.org/author>",
            "<schema.org/headline>",
            "<schema.org/isFamilyFriendly>",
            "isa:<schema.org/SheetMusic>"
        ],
        "count": 21.0
    },
    {
        "pset": [
            "<schema.org/description>",
            "<schema.org/name>",
            "<schema.org/publisher>",
            "<schema.org/url>",
            "isa:<schema.org/SheetMusic>"
        ],
        "count": 4.0
    },
    {
        "pset": [
            "<schema.org/name>",
            "<schema.org/url>",
            "isa:<schema.org/SheetMusic>"
        ],
        "count": 3.0
    },
    {
        "pset": [
            "<schema.org/about>",
            "<schema.org/contributor>",
            "<schema.org/creator>",
            "<schema.org/dateCreated>",
            "<schema.org/description>",
            "<schema.org/identifier>",
            "<schema.org/inLanguage>",
            "<schema.org/isAvailableForFree>",
            "<schema.org/maintainer>",
            "<schema.org/name>",
            "<schema.org/temporal>",
            "<schema.org/thumbnailUrl>",
            "<schema.org/usageInfo>",
            "isa:<schema.org/SheetMusic>"
        ],
        "count": 1.0
    },
    {
        "pset": [
            "<schema.org/about>",
            "<schema.org/contributor>",
            "<schema.org/creator>",
            "<schema.org/datePublished>",
            "<schema.org/description>",
            "<schema.org/identifier>",
            "<schema.org/inLanguage>",
            "<schema.org/isAvailableForFree>",
            "<schema.org/maintainer>",
            "<schema.org/name>",
            "<schema.org/publisher>",
            "<schema.org/temporal>",
            "<schema.org/thumbnailUrl>",
            "<schema.org/usageInfo>",
            "isa:<schema.org/SheetMusic>"
        ],
        "count": 1.0
    },
    {
        "pset": [
            "<schema.org/contributor>",
            "<schema.org/creator>",
            "<schema.org/dateCreated>",
            "<schema.org/description>",
            "<schema.org/identifier>",
            "<schema.org/inLanguage>",
            "<schema.org/isAvailableForFree>",
            "<schema.org/maintainer>",
            "<schema.org/name>",
            "<schema.org/publisher>",
            "<schema.org/temporal>",
            "<schema.org/thumbnailUrl>",
            "<schema.org/usageInfo>",
            "isa:<schema.org/SheetMusic>"
        ],
        "count": 1.0
    }
]