[
    {
        "pset": [
            "<schema.org/accessMode>",
            "<schema.org/accountablePerson>",
            "<schema.org/author>",
            "<schema.org/copyrightHolder>",
            "<schema.org/copyrightYear>",
            "<schema.org/datePublished>",
            "<schema.org/headline>",
            "<schema.org/keywords>",
            "<schema.org/name>",
            "<schema.org/text>",
            "<schema.org/thumbnailUrl>",
            "<schema.org/timeRequired>",
            "isa:<schema.org/ShortStory>"
        ],
        "count": 528.0
    },
    {
        "pset": [
            "<schema.org/author>",
            "<schema.org/dateModified>",
            "<schema.org/datePublished>",
            "<schema.org/description>",
            "<schema.org/headline>",
            "<schema.org/image>",
            "<schema.org/mainEntityOfPage>",
            "<schema.org/publisher>",
            "isa:<schema.org/ShortStory>"
        ],
        "count": 153.0
    },
    {
        "pset": [
            "<schema.org/author>",
            "<schema.org/genre>",
            "<schema.org/image>",
            "<schema.org/isPartOf>",
            "<schema.org/keywords>",
            "<schema.org/name>",
            "<schema.org/publisher>",
            "<schema.org/thumbnailUrl>",
            "isa:<schema.org/ShortStory>"
        ],
        "count": 136.0
    },
    {
        "pset": [
            "<schema.org/author>",
            "<schema.org/datePublished>",
            "<schema.org/headline>",
            "<schema.org/image>",
            "<schema.org/mainEntityOfPage>",
            "<schema.org/publisher>",
            "isa:<schema.org/ShortStory>"
        ],
        "count": 57.0
    },
    {
        "pset": [
            "<schema.org/author>",
            "<schema.org/dateModified>",
            "<schema.org/datePublished>",
            "<schema.org/description>",
            "<schema.org/headline>",
            "<schema.org/mainEntityOfPage>",
            "<schema.org/publisher>",
            "isa:<schema.org/ShortStory>"
        ],
        "count": 5.0
    },
    {
        "pset": [
            "<schema.org/author>",
            "<schema.org/datePublished>",
            "<schema.org/image>",
            "<schema.org/inLanguage>",
            "<schema.org/license>",
            "<schema.org/name>",
            "isa:<schema.org/ShortStory>"
        ],
        "count": 2.0
    },
    {
        "pset": [
            "<schema.org/author>",
            "<schema.org/genre>",
            "<schema.org/image>",
            "<schema.org/keywords>",
            "<schema.org/name>",
            "<schema.org/publisher>",
            "<schema.org/thumbnailUrl>",
            "isa:<schema.org/ShortStory>"
        ],
        "count": 1.0
    },
    {
        "pset": [
            "<schema.org/author>",
            "<schema.org/dateCreated>",
            "<schema.org/dateModified>",
            "<schema.org/datePublished>",
            "<schema.org/description>",
            "<schema.org/headline>",
            "<schema.org/image>",
            "<schema.org/mainEntityOfPage>",
            "<schema.org/publisher>",
            "<schema.org/thumbnailUrl>",
            "<schema.org/url>",
            "isa:<schema.org/ShortStory>"
        ],
        "count": 1.0
    }
]