[
    {
        "pset": [
            "<schema.org/name>",
            "isa:<schema.org/TrainStation>"
        ],
        "count": 86888.0
    },
    {
        "pset": [
            "<schema.org/branchCode>",
            "<schema.org/name>",
            "isa:<schema.org/TrainStation>"
        ],
        "count": 71676.0
    },
    {
        "pset": [
            "<schema.org/geo>",
            "<schema.org/name>",
            "<schema.org/url>",
            "isa:<schema.org/TrainStation>"
        ],
        "count": 54858.0
    },
    {
        "pset": [
            "<schema.org/address>",
            "<schema.org/branchCode>",
            "<schema.org/description>",
            "<schema.org/geo>",
            "<schema.org/name>",
            "<schema.org/openingHours>",
            "<schema.org/publicAccess>",
            "<schema.org/telephone>",
            "<schema.org/url>",
            "isa:<schema.org/TrainStation>"
        ],
        "count": 4007.0
    },
    {
        "pset": [
            "<schema.org/address>",
            "<schema.org/name>",
            "isa:<schema.org/TrainStation>"
        ],
        "count": 2936.0
    },
    {
        "pset": [
            "<schema.org/branchCode>",
            "<schema.org/mainEntityOfPage>",
            "<schema.org/name>",
            "isa:<schema.org/TrainStation>"
        ],
        "count": 2900.0
    },
    {
        "pset": [
            "<schema.org/address>",
            "<schema.org/latitude>",
            "<schema.org/longitude>",
            "<schema.org/name>",
            "<schema.org/url>",
            "isa:<schema.org/TrainStation>"
        ],
        "count": 1668.0
    },
    {
        "pset": [
            "<schema.org/description>",
            "<schema.org/name>",
            "isa:<schema.org/TrainStation>"
        ],
        "count": 1544.0
    },
    {
        "pset": [
            "<schema.org/address>",
            "<schema.org/description>",
            "<schema.org/mainEntityOfPage>",
            "<schema.org/name>",
            "<schema.org/openingHours>",
            "<schema.org/photo>",
            "isa:<schema.org/TrainStation>"
        ],
        "count": 680.0
    },
    {
        "pset": [
            "<schema.org/geo>",
            "<schema.org/name>",
            "isa:<schema.org/TrainStation>"
        ],
        "count": 599.0
    },
    {
        "pset": [
            "<schema.org/containedInPlace>",
            "isa:<schema.org/TrainStation>"
        ],
        "count": 347.0
    },
    {
        "pset": [
            "<schema.org/address>",
            "<schema.org/description>",
            "<schema.org/image>",
            "<schema.org/name>",
            "<schema.org/url>",
            "isa:<schema.org/TrainStation>"
        ],
        "count": 323.0
    },
    {
        "pset": [
            "<schema.org/address>",
            "<schema.org/geo>",
            "<schema.org/name>",
            "<schema.org/url>",
            "isa:<schema.org/TrainStation>"
        ],
        "count": 206.0
    },
    {
        "pset": [
            "<schema.org/address>",
            "<schema.org/aggregateRating>",
            "<schema.org/description>",
            "<schema.org/mainEntityOfPage>",
            "<schema.org/name>",
            "<schema.org/photo>",
            "isa:<schema.org/TrainStation>"
        ],
        "count": 204.0
    },
    {
        "pset": [
            "<schema.org/address>",
            "<schema.org/branchCode>",
            "<schema.org/openingHours>",
            "isa:<schema.org/TrainStation>"
        ],
        "count": 158.0
    },
    {
        "pset": [
            "<schema.org/address>",
            "<schema.org/geo>",
            "<schema.org/name>",
            "isa:<schema.org/TrainStation>"
        ],
        "count": 135.0
    },
    {
        "pset": [
            "<schema.org/alternateName>",
            "<schema.org/geo>",
            "<schema.org/name>",
            "<schema.org/openingHours>",
            "<schema.org/smokingAllowed>",
            "isa:<schema.org/TrainStation>"
        ],
        "count": 132.0
    },
    {
        "pset": [
            "<schema.org/address>",
            "<schema.org/branchCode>",
            "isa:<schema.org/TrainStation>"
        ],
        "count": 132.0
    },
    {
        "pset": [
            "<schema.org/address>",
            "<schema.org/hasMap>",
            "<schema.org/image>",
            "<schema.org/name>",
            "isa:<schema.org/TouristAttraction>",
            "isa:<schema.org/TrainStation>"
        ],
        "count": 99.0
    },
    {
        "pset": [
            "<schema.org/address>",
            "<schema.org/hasMap>",
            "<schema.org/image>",
            "<schema.org/name>",
            "<schema.org/telephone>",
            "<schema.org/url>",
            "isa:<schema.org/TrainStation>"
        ],
        "count": 36.0
    },
    {
        "pset": [
            "<schema.org/address>",
            "<schema.org/description>",
            "<schema.org/geo>",
            "<schema.org/image>",
            "<schema.org/name>",
            "<schema.org/url>",
            "isa:<schema.org/TrainStation>"
        ],
        "count": 32.0
    },
    {
        "pset": [
            "<schema.org/address>",
            "<schema.org/description>",
            "<schema.org/mainEntityOfPage>",
            "<schema.org/name>",
            "<schema.org/photo>",
            "isa:<schema.org/TrainStation>"
        ],
        "count": 29.0
    },
    {
        "pset": [
            "<schema.org/address>",
            "<schema.org/description>",
            "<schema.org/image>",
            "<schema.org/name>",
            "<schema.org/telephone>",
            "isa:<schema.org/TrainStation>"
        ],
        "count": 27.0
    },
    {
        "pset": [
            "<schema.org/address>",
            "<schema.org/name>",
            "<schema.org/openingHoursSpecification>",
            "<schema.org/url>",
            "isa:<schema.org/TrainStation>"
        ],
        "count": 25.0
    },
    {
        "pset": [
            "<schema.org/additionalProperty>",
            "<schema.org/address>",
            "<schema.org/branchCode>",
            "<schema.org/geo>",
            "<schema.org/name>",
            "isa:<schema.org/TrainStation>"
        ],
        "count": 23.0
    },
    {
        "pset": [
            "<schema.org/address>",
            "<schema.org/hasMap>",
            "<schema.org/image>",
            "<schema.org/name>",
            "<schema.org/telephone>",
            "isa:<schema.org/TouristAttraction>",
            "isa:<schema.org/TrainStation>"
        ],
        "count": 20.0
    },
    {
        "pset": [
            "<schema.org/address>",
            "<schema.org/description>",
            "<schema.org/globalLocationNumber>",
            "<schema.org/mainEntityOfPage>",
            "<schema.org/openingHours>",
            "isa:<schema.org/TrainStation>"
        ],
        "count": 18.0
    },
    {
        "pset": [
            "<schema.org/address>",
            "<schema.org/description>",
            "<schema.org/geo>",
            "<schema.org/image>",
            "<schema.org/name>",
            "<schema.org/telephone>",
            "<schema.org/url>",
            "isa:<schema.org/TrainStation>"
        ],
        "count": 17.0
    },
    {
        "pset": [
            "<schema.org/address>",
            "<schema.org/aggregateRating>",
            "<schema.org/description>",
            "<schema.org/mainEntityOfPage>",
            "<schema.org/name>",
            "isa:<schema.org/TrainStation>"
        ],
        "count": 15.0
    },
    {
        "pset": [
            "<schema.org/address>",
            "<schema.org/branchCode>",
            "<schema.org/description>",
            "<schema.org/geo>",
            "<schema.org/name>",
            "<schema.org/url>",
            "isa:<schema.org/TrainStation>"
        ],
        "count": 12.0
    },
    {
        "pset": [
            "<schema.org/address>",
            "<schema.org/latitude>",
            "<schema.org/longitude>",
            "<schema.org/name>",
            "<schema.org/openingHours>",
            "<schema.org/url>",
            "isa:<schema.org/TrainStation>"
        ],
        "count": 8.0
    },
    {
        "pset": [
            "<schema.org/description>",
            "<schema.org/name>",
            "<schema.org/photo>",
            "<schema.org/url>",
            "isa:<schema.org/TrainStation>"
        ],
        "count": 7.0
    },
    {
        "pset": [
            "<schema.org/address>",
            "<schema.org/hasMap>",
            "<schema.org/name>",
            "isa:<schema.org/TouristAttraction>",
            "isa:<schema.org/TrainStation>"
        ],
        "count": 7.0
    },
    {
        "pset": [
            "<schema.org/geo>",
            "<schema.org/image>",
            "<schema.org/name>",
            "isa:<schema.org/TrainStation>"
        ],
        "count": 6.0
    },
    {
        "pset": [
            "<schema.org/address>",
            "<schema.org/description>",
            "<schema.org/hasMap>",
            "<schema.org/image>",
            "<schema.org/name>",
            "<schema.org/openingHoursSpecification>",
            "<schema.org/priceRange>",
            "<schema.org/sameAs>",
            "<schema.org/telephone>",
            "<schema.org/url>",
            "isa:<schema.org/TrainStation>"
        ],
        "count": 5.0
    },
    {
        "pset": [
            "<schema.org/name>",
            "<schema.org/sameAs>",
            "isa:<schema.org/TrainStation>"
        ],
        "count": 5.0
    },
    {
        "pset": [
            "<schema.org/address>",
            "<schema.org/name>",
            "<schema.org/url>",
            "isa:<schema.org/TrainStation>"
        ],
        "count": 5.0
    },
    {
        "pset": [
            "<schema.org/description>",
            "<schema.org/eventStatus>",
            "<schema.org/identifier>",
            "<schema.org/image>",
            "<schema.org/location>",
            "<schema.org/name>",
            "<schema.org/url>",
            "isa:<schema.org/TrainStation>"
        ],
        "count": 5.0
    },
    {
        "pset": [
            "<schema.org/address>",
            "<schema.org/latitude>",
            "<schema.org/longitude>",
            "<schema.org/name>",
            "<schema.org/openingHours>",
            "<schema.org/telephone>",
            "<schema.org/url>",
            "isa:<schema.org/TrainStation>"
        ],
        "count": 4.0
    },
    {
        "pset": [
            "<schema.org/alternateName>",
            "<schema.org/name>",
            "isa:<schema.org/TrainStation>"
        ],
        "count": 4.0
    },
    {
        "pset": [
            "<schema.org/address>",
            "<schema.org/geo>",
            "<schema.org/image>",
            "<schema.org/name>",
            "<schema.org/url>",
            "isa:<schema.org/TrainStation>"
        ],
        "count": 4.0
    },
    {
        "pset": [
            "<schema.org/branchCode>",
            "<schema.org/description>",
            "<schema.org/isAccessibleForFree>",
            "<schema.org/latitude>",
            "<schema.org/longitude>",
            "<schema.org/name>",
            "<schema.org/openingHours>",
            "<schema.org/publicAccess>",
            "<schema.org/smokingAllowed>",
            "<schema.org/url>",
            "isa:<schema.org/TrainStation>"
        ],
        "count": 3.0
    },
    {
        "pset": [
            "<schema.org/address>",
            "<schema.org/description>",
            "<schema.org/geo>",
            "<schema.org/image>",
            "<schema.org/logo>",
            "<schema.org/name>",
            "<schema.org/url>",
            "isa:<schema.org/TrainStation>"
        ],
        "count": 3.0
    },
    {
        "pset": [
            "<schema.org/description>",
            "<schema.org/geo>",
            "<schema.org/name>",
            "<schema.org/photo>",
            "<schema.org/url>",
            "isa:<schema.org/TrainStation>"
        ],
        "count": 2.0
    },
    {
        "pset": [
            "<schema.org/address>",
            "<schema.org/description>",
            "<schema.org/geo>",
            "<schema.org/name>",
            "<schema.org/telephone>",
            "<schema.org/url>",
            "isa:<schema.org/TrainStation>"
        ],
        "count": 2.0
    },
    {
        "pset": [
            "<schema.org/address>",
            "<schema.org/description>",
            "<schema.org/mainEntityOfPage>",
            "<schema.org/name>",
            "isa:<schema.org/TrainStation>"
        ],
        "count": 2.0
    },
    {
        "pset": [
            "<schema.org/address>",
            "<schema.org/description>",
            "<schema.org/geo>",
            "<schema.org/image>",
            "<schema.org/logo>",
            "<schema.org/name>",
            "<schema.org/telephone>",
            "<schema.org/url>",
            "isa:<schema.org/TrainStation>"
        ],
        "count": 1.0
    },
    {
        "pset": [
            "<schema.org/address>",
            "<schema.org/hasMap>",
            "<schema.org/name>",
            "<schema.org/telephone>",
            "isa:<schema.org/TouristAttraction>",
            "isa:<schema.org/TrainStation>"
        ],
        "count": 1.0
    },
    {
        "pset": [
            "<schema.org/image>",
            "<schema.org/name>",
            "isa:<schema.org/TouristAttraction>",
            "isa:<schema.org/TrainStation>"
        ],
        "count": 1.0
    },
    {
        "pset": [
            "<schema.org/address>",
            "<schema.org/name>",
            "<schema.org/openingHours>",
            "isa:<schema.org/TrainStation>"
        ],
        "count": 1.0
    },
    {
        "pset": [
            "<schema.org/address>",
            "<schema.org/image>",
            "<schema.org/latitude>",
            "<schema.org/longitude>",
            "<schema.org/name>",
            "<schema.org/telephone>",
            "<schema.org/url>",
            "isa:<schema.org/TrainStation>"
        ],
        "count": 1.0
    },
    {
        "pset": [
            "<schema.org/address>",
            "<schema.org/description>",
            "<schema.org/geo>",
            "<schema.org/name>",
            "<schema.org/url>",
            "isa:<schema.org/TrainStation>"
        ],
        "count": 1.0
    },
    {
        "pset": [
            "<schema.org/address>",
            "<schema.org/description>",
            "<schema.org/image>",
            "<schema.org/name>",
            "<schema.org/touristType>",
            "isa:<schema.org/TouristAttraction>",
            "isa:<schema.org/TrainStation>"
        ],
        "count": 1.0
    }
]