[
    {
        "pset": [
            "<schema.org/fromLocation>",
            "<schema.org/toLocation>",
            "isa:<schema.org/TransferAction>"
        ],
        "count": 581868.0
    },
    {
        "pset": [
            "<schema.org/fromLocation>",
            "isa:<schema.org/TransferAction>"
        ],
        "count": 31.0
    },
    {
        "pset": [
            "<schema.org/instrument>",
            "isa:<schema.org/TransferAction>"
        ],
        "count": 2.0
    },
    {
        "pset": [
            "<schema.org/agent>",
            "<schema.org/fromLocation>",
            "<schema.org/toLocation>",
            "isa:<schema.org/TransferAction>"
        ],
        "count": 1.0
    }
]