[
    {
        "pset": [
            "<schema.org/agent>",
            "<schema.org/fromLocation>",
            "<schema.org/instrument>",
            "<schema.org/result>",
            "<schema.org/toLocation>",
            "isa:<schema.org/TravelAction>"
        ],
        "count": 217886.0
    },
    {
        "pset": [
            "<schema.org/distance>",
            "<schema.org/fromLocation>",
            "<schema.org/toLocation>",
            "isa:<schema.org/TravelAction>"
        ],
        "count": 53066.0
    },
    {
        "pset": [
            "isa:<schema.org/TravelAction>"
        ],
        "count": 34722.0
    },
    {
        "pset": [
            "<schema.org/distance>",
            "<schema.org/fromLocation>",
            "<schema.org/result>",
            "<schema.org/toLocation>",
            "isa:<schema.org/TravelAction>"
        ],
        "count": 16361.0
    },
    {
        "pset": [
            "<schema.org/distance>",
            "<schema.org/result>",
            "isa:<schema.org/TravelAction>"
        ],
        "count": 15472.0
    },
    {
        "pset": [
            "<schema.org/fromLocation>",
            "<schema.org/object>",
            "<schema.org/toLocation>",
            "isa:<schema.org/TravelAction>"
        ],
        "count": 7217.0
    },
    {
        "pset": [
            "<schema.org/fromLocation>",
            "<schema.org/toLocation>",
            "isa:<schema.org/TravelAction>"
        ],
        "count": 1574.0
    },
    {
        "pset": [
            "<schema.org/fromLocation>",
            "<schema.org/toLocation>",
            "isa:<schema.org/ExerciseAction>",
            "isa:<schema.org/TravelAction>"
        ],
        "count": 1400.0
    },
    {
        "pset": [
            "<schema.org/distance>",
            "<schema.org/fromLocation>",
            "<schema.org/toLocation>",
            "<schema.org/url>",
            "isa:<schema.org/TravelAction>"
        ],
        "count": 1278.0
    },
    {
        "pset": [
            "<schema.org/agent>",
            "<schema.org/description>",
            "<schema.org/image>",
            "<schema.org/name>",
            "<schema.org/offers>",
            "<schema.org/toLocation>",
            "<schema.org/url>",
            "isa:<schema.org/Product>",
            "isa:<schema.org/TravelAction>"
        ],
        "count": 941.0
    },
    {
        "pset": [
            "<schema.org/distance>",
            "<schema.org/endTime>",
            "<schema.org/fromLocation>",
            "<schema.org/mainEntityOfPage>",
            "<schema.org/startTime>",
            "<schema.org/toLocation>",
            "isa:<schema.org/TravelAction>"
        ],
        "count": 898.0
    },
    {
        "pset": [
            "<schema.org/agent>",
            "<schema.org/fromLocation>",
            "<schema.org/toLocation>",
            "isa:<schema.org/TravelAction>"
        ],
        "count": 739.0
    },
    {
        "pset": [
            "<schema.org/agent>",
            "<schema.org/toLocation>",
            "isa:<schema.org/TravelAction>"
        ],
        "count": 657.0
    },
    {
        "pset": [
            "<schema.org/fromLocation>",
            "<schema.org/result>",
            "<schema.org/toLocation>",
            "isa:<schema.org/TravelAction>"
        ],
        "count": 654.0
    },
    {
        "pset": [
            "<schema.org/distance>",
            "isa:<schema.org/TravelAction>"
        ],
        "count": 518.0
    },
    {
        "pset": [
            "<schema.org/toLocation>",
            "isa:<schema.org/TravelAction>"
        ],
        "count": 450.0
    },
    {
        "pset": [
            "<schema.org/fromLocation>",
            "<schema.org/location>",
            "<schema.org/toLocation>",
            "isa:<schema.org/TravelAction>"
        ],
        "count": 214.0
    },
    {
        "pset": [
            "<schema.org/about>",
            "<schema.org/description>",
            "<schema.org/endTime>",
            "<schema.org/fromLocation>",
            "<schema.org/image>",
            "<schema.org/name>",
            "<schema.org/startTime>",
            "isa:<schema.org/TravelAction>"
        ],
        "count": 198.0
    },
    {
        "pset": [
            "<schema.org/agent>",
            "<schema.org/fromLocation>",
            "<schema.org/name>",
            "<schema.org/toLocation>",
            "isa:<schema.org/TravelAction>"
        ],
        "count": 194.0
    },
    {
        "pset": [
            "<schema.org/agent>",
            "<schema.org/fromLocation>",
            "<schema.org/location>",
            "<schema.org/toLocation>",
            "isa:<schema.org/TravelAction>"
        ],
        "count": 156.0
    },
    {
        "pset": [
            "<schema.org/agent>",
            "<schema.org/description>",
            "<schema.org/fromLocation>",
            "<schema.org/image>",
            "<schema.org/name>",
            "<schema.org/toLocation>",
            "isa:<schema.org/TravelAction>"
        ],
        "count": 117.0
    },
    {
        "pset": [
            "<schema.org/agent>",
            "<schema.org/description>",
            "<schema.org/endTime>",
            "<schema.org/image>",
            "<schema.org/name>",
            "<schema.org/startTime>",
            "<schema.org/target>",
            "isa:<schema.org/TravelAction>"
        ],
        "count": 112.0
    },
    {
        "pset": [
            "<schema.org/result>",
            "isa:<schema.org/TravelAction>"
        ],
        "count": 97.0
    },
    {
        "pset": [
            "<schema.org/Distance>",
            "<schema.org/fromLocation>",
            "<schema.org/toLocation>",
            "isa:<schema.org/TravelAction>"
        ],
        "count": 96.0
    },
    {
        "pset": [
            "<schema.org/description>",
            "<schema.org/image>",
            "<schema.org/mainEntityOfPage>",
            "<schema.org/name>",
            "<schema.org/url>",
            "isa:<schema.org/TravelAction>"
        ],
        "count": 69.0
    },
    {
        "pset": [
            "<schema.org/address>",
            "<schema.org/description>",
            "<schema.org/email>",
            "<schema.org/geo>",
            "<schema.org/image>",
            "<schema.org/name>",
            "<schema.org/telephone>",
            "<schema.org/url>",
            "isa:<schema.org/TravelAction>"
        ],
        "count": 43.0
    },
    {
        "pset": [
            "<schema.org/geo>",
            "<schema.org/name>",
            "isa:<schema.org/AdministrativeArea>",
            "isa:<schema.org/TouristAttraction>",
            "isa:<schema.org/TouristDestination>",
            "isa:<schema.org/TravelAction>"
        ],
        "count": 40.0
    },
    {
        "pset": [
            "<schema.org/image>",
            "<schema.org/name>",
            "<schema.org/telephone>",
            "<schema.org/url>",
            "isa:<schema.org/TravelAction>"
        ],
        "count": 38.0
    },
    {
        "pset": [
            "<schema.org/agent>",
            "<schema.org/fromLocation>",
            "isa:<schema.org/TravelAction>"
        ],
        "count": 34.0
    },
    {
        "pset": [
            "<schema.org/description>",
            "<schema.org/fromLocation>",
            "<schema.org/identifier>",
            "<schema.org/image>",
            "<schema.org/location>",
            "<schema.org/name>",
            "<schema.org/toLocation>",
            "<schema.org/url>",
            "isa:<schema.org/TravelAction>"
        ],
        "count": 28.0
    },
    {
        "pset": [
            "<schema.org/agent>",
            "<schema.org/description>",
            "<schema.org/fromLocation>",
            "<schema.org/location>",
            "<schema.org/name>",
            "<schema.org/toLocation>",
            "isa:<schema.org/TravelAction>"
        ],
        "count": 26.0
    },
    {
        "pset": [
            "<schema.org/actionStatus>",
            "<schema.org/agent>",
            "<schema.org/description>",
            "<schema.org/distance>",
            "<schema.org/endTime>",
            "<schema.org/fromLocation>",
            "<schema.org/image>",
            "<schema.org/instrument>",
            "<schema.org/name>",
            "<schema.org/result>",
            "<schema.org/startTime>",
            "<schema.org/target>",
            "<schema.org/toLocation>",
            "<schema.org/url>",
            "isa:<schema.org/TravelAction>"
        ],
        "count": 25.0
    },
    {
        "pset": [
            "<schema.org/agent>",
            "<schema.org/image>",
            "<schema.org/toLocation>",
            "isa:<schema.org/TravelAction>"
        ],
        "count": 24.0
    },
    {
        "pset": [
            "<schema.org/address>",
            "<schema.org/description>",
            "<schema.org/email>",
            "<schema.org/image>",
            "<schema.org/name>",
            "<schema.org/telephone>",
            "<schema.org/url>",
            "isa:<schema.org/TravelAction>"
        ],
        "count": 23.0
    },
    {
        "pset": [
            "<schema.org/description>",
            "<schema.org/distance>",
            "<schema.org/fromLocation>",
            "<schema.org/instrument>",
            "<schema.org/name>",
            "<schema.org/toLocation>",
            "isa:<schema.org/TravelAction>"
        ],
        "count": 22.0
    },
    {
        "pset": [
            "<schema.org/agent>",
            "<schema.org/description>",
            "<schema.org/distance>",
            "<schema.org/fromLocation>",
            "<schema.org/toLocation>",
            "<schema.org/url>",
            "isa:<schema.org/TravelAction>"
        ],
        "count": 19.0
    },
    {
        "pset": [
            "<schema.org/agent>",
            "<schema.org/fromLocation>",
            "<schema.org/image>",
            "<schema.org/instrument>",
            "<schema.org/toLocation>",
            "isa:<schema.org/TravelAction>"
        ],
        "count": 19.0
    },
    {
        "pset": [
            "<schema.org/address>",
            "<schema.org/description>",
            "<schema.org/email>",
            "<schema.org/geo>",
            "<schema.org/image>",
            "<schema.org/name>",
            "<schema.org/openingHours>",
            "<schema.org/telephone>",
            "<schema.org/url>",
            "isa:<schema.org/TravelAction>"
        ],
        "count": 18.0
    },
    {
        "pset": [
            "<schema.org/description>",
            "<schema.org/fromLocation>",
            "<schema.org/name>",
            "<schema.org/toLocation>",
            "isa:<schema.org/TravelAction>"
        ],
        "count": 15.0
    },
    {
        "pset": [
            "<schema.org/description>",
            "<schema.org/fromLocation>",
            "<schema.org/name>",
            "<schema.org/toLocation>",
            "<schema.org/url>",
            "isa:<schema.org/TravelAction>"
        ],
        "count": 12.0
    },
    {
        "pset": [
            "<schema.org/description>",
            "<schema.org/distance>",
            "<schema.org/fromLocation>",
            "<schema.org/name>",
            "<schema.org/toLocation>",
            "<schema.org/url>",
            "isa:<schema.org/TravelAction>"
        ],
        "count": 11.0
    },
    {
        "pset": [
            "<schema.org/agent>",
            "<schema.org/description>",
            "<schema.org/image>",
            "<schema.org/mainEntityOfPage>",
            "<schema.org/name>",
            "isa:<schema.org/TravelAction>"
        ],
        "count": 10.0
    },
    {
        "pset": [
            "<schema.org/description>",
            "<schema.org/distance>",
            "<schema.org/fromLocation>",
            "<schema.org/image>",
            "<schema.org/instrument>",
            "<schema.org/name>",
            "<schema.org/toLocation>",
            "isa:<schema.org/TravelAction>"
        ],
        "count": 9.0
    },
    {
        "pset": [
            "<schema.org/agent>",
            "isa:<schema.org/TravelAction>"
        ],
        "count": 7.0
    },
    {
        "pset": [
            "<schema.org/instrument>",
            "<schema.org/result>",
            "<schema.org/tolocation>",
            "isa:<schema.org/TravelAction>"
        ],
        "count": 6.0
    },
    {
        "pset": [
            "<schema.org/Distance>",
            "<schema.org/containedInPlace>",
            "<schema.org/description>",
            "<schema.org/fromLocation>",
            "<schema.org/geo>",
            "<schema.org/hasMap>",
            "<schema.org/image>",
            "<schema.org/isAccessibleForFree>",
            "<schema.org/name>",
            "<schema.org/publicAccess>",
            "<schema.org/sameAs>",
            "<schema.org/toLocation>",
            "<schema.org/touristType>",
            "isa:<schema.org/TouristDestination>",
            "isa:<schema.org/TouristTrip>",
            "isa:<schema.org/TravelAction>"
        ],
        "count": 5.0
    },
    {
        "pset": [
            "<schema.org/distance>",
            "<schema.org/fromLocation>",
            "<schema.org/url>",
            "isa:<schema.org/TravelAction>"
        ],
        "count": 5.0
    },
    {
        "pset": [
            "<schema.org/description>",
            "<schema.org/fromLocation>",
            "<schema.org/image>",
            "<schema.org/instrument>",
            "<schema.org/name>",
            "<schema.org/toLocation>",
            "isa:<schema.org/TravelAction>"
        ],
        "count": 4.0
    },
    {
        "pset": [
            "<schema.org/agent>",
            "<schema.org/description>",
            "<schema.org/endTime>",
            "<schema.org/image>",
            "<schema.org/location>",
            "<schema.org/url>",
            "isa:<schema.org/TravelAction>"
        ],
        "count": 4.0
    },
    {
        "pset": [
            "<schema.org/agent>",
            "<schema.org/description>",
            "<schema.org/endTime>",
            "<schema.org/fromLocation>",
            "<schema.org/image>",
            "<schema.org/name>",
            "<schema.org/startTime>",
            "<schema.org/url>",
            "isa:<schema.org/TravelAction>"
        ],
        "count": 4.0
    },
    {
        "pset": [
            "<schema.org/actionStatus>",
            "<schema.org/agent>",
            "<schema.org/description>",
            "<schema.org/distance>",
            "<schema.org/endTime>",
            "<schema.org/fromLocation>",
            "<schema.org/name>",
            "<schema.org/startTime>",
            "<schema.org/toLocation>",
            "isa:<schema.org/TravelAction>"
        ],
        "count": 4.0
    },
    {
        "pset": [
            "<schema.org/Distance>",
            "<schema.org/containedInPlace>",
            "<schema.org/description>",
            "<schema.org/fromLocation>",
            "<schema.org/geo>",
            "<schema.org/hasMap>",
            "<schema.org/image>",
            "<schema.org/name>",
            "<schema.org/publicAccess>",
            "<schema.org/sameAs>",
            "<schema.org/toLocation>",
            "<schema.org/touristType>",
            "isa:<schema.org/TouristAttraction>",
            "isa:<schema.org/TravelAction>"
        ],
        "count": 4.0
    },
    {
        "pset": [
            "<schema.org/agent>",
            "<schema.org/description>",
            "<schema.org/image>",
            "<schema.org/location>",
            "<schema.org/sameAs>",
            "<schema.org/target>",
            "<schema.org/url>",
            "isa:<schema.org/TravelAction>"
        ],
        "count": 4.0
    },
    {
        "pset": [
            "<schema.org/instrument>",
            "isa:<schema.org/TravelAction>"
        ],
        "count": 4.0
    },
    {
        "pset": [
            "<schema.org/name>",
            "isa:<schema.org/TravelAction>"
        ],
        "count": 3.0
    },
    {
        "pset": [
            "<schema.org/address>",
            "<schema.org/description>",
            "<schema.org/geo>",
            "<schema.org/name>",
            "<schema.org/telephone>",
            "<schema.org/url>",
            "isa:<schema.org/TravelAction>"
        ],
        "count": 3.0
    },
    {
        "pset": [
            "<schema.org/agent>",
            "<schema.org/aggregateRating>",
            "<schema.org/image>",
            "<schema.org/name>",
            "<schema.org/toLocation>",
            "<schema.org/url>",
            "isa:<schema.org/Product>",
            "isa:<schema.org/TravelAction>"
        ],
        "count": 3.0
    },
    {
        "pset": [
            "<schema.org/alternateName>",
            "<schema.org/description>",
            "<schema.org/distance>",
            "<schema.org/fromLocation>",
            "<schema.org/image>",
            "<schema.org/location>",
            "<schema.org/mainEntityOfPage>",
            "<schema.org/name>",
            "<schema.org/object>",
            "<schema.org/result>",
            "<schema.org/sameAs>",
            "<schema.org/target>",
            "<schema.org/toLocation>",
            "<schema.org/url>",
            "isa:<schema.org/TravelAction>"
        ],
        "count": 3.0
    },
    {
        "pset": [
            "<schema.org/Distance>",
            "<schema.org/containedInPlace>",
            "<schema.org/description>",
            "<schema.org/fromLocation>",
            "<schema.org/geo>",
            "<schema.org/hasMap>",
            "<schema.org/image>",
            "<schema.org/isAccessibleForFree>",
            "<schema.org/name>",
            "<schema.org/publicAccess>",
            "<schema.org/sameAs>",
            "<schema.org/toLocation>",
            "<schema.org/touristType>",
            "isa:<schema.org/Mountain>",
            "isa:<schema.org/TouristAttraction>",
            "isa:<schema.org/TravelAction>"
        ],
        "count": 3.0
    },
    {
        "pset": [
            "<schema.org/aggregateRating>",
            "<schema.org/description>",
            "<schema.org/name>",
            "isa:<schema.org/TravelAction>"
        ],
        "count": 2.0
    },
    {
        "pset": [
            "<schema.org/description>",
            "<schema.org/distance>",
            "<schema.org/fromLocation>",
            "<schema.org/name>",
            "<schema.org/toLocation>",
            "isa:<schema.org/TravelAction>"
        ],
        "count": 2.0
    },
    {
        "pset": [
            "<schema.org/Location>",
            "<schema.org/description>",
            "<schema.org/image>",
            "<schema.org/instrument>",
            "<schema.org/name>",
            "isa:<schema.org/TravelAction>"
        ],
        "count": 1.0
    },
    {
        "pset": [
            "<schema.org/description>",
            "<schema.org/distance>",
            "<schema.org/fromLocation>",
            "<schema.org/image>",
            "<schema.org/location>",
            "<schema.org/mainEntityOfPage>",
            "<schema.org/object>",
            "<schema.org/result>",
            "<schema.org/toLocation>",
            "isa:<schema.org/TravelAction>"
        ],
        "count": 1.0
    },
    {
        "pset": [
            "<schema.org/Distance>",
            "<schema.org/containedInPlace>",
            "<schema.org/description>",
            "<schema.org/fromLocation>",
            "<schema.org/geo>",
            "<schema.org/hasMap>",
            "<schema.org/image>",
            "<schema.org/isAccessibleForFree>",
            "<schema.org/name>",
            "<schema.org/publicAccess>",
            "<schema.org/toLocation>",
            "<schema.org/touristType>",
            "isa:<schema.org/Mountain>",
            "isa:<schema.org/TouristAttraction>",
            "isa:<schema.org/TravelAction>"
        ],
        "count": 1.0
    },
    {
        "pset": [
            "<schema.org/Distance>",
            "<schema.org/containedInPlace>",
            "<schema.org/description>",
            "<schema.org/fromLocation>",
            "<schema.org/geo>",
            "<schema.org/hasMap>",
            "<schema.org/image>",
            "<schema.org/isAccessibleForFree>",
            "<schema.org/name>",
            "<schema.org/publicAccess>",
            "<schema.org/sameAs>",
            "<schema.org/toLocation>",
            "<schema.org/touristType>",
            "isa:<schema.org/Mountain>",
            "isa:<schema.org/TouristDestination>",
            "isa:<schema.org/TravelAction>"
        ],
        "count": 1.0
    },
    {
        "pset": [
            "<schema.org/Distance>",
            "<schema.org/address>",
            "<schema.org/containedInPlace>",
            "<schema.org/description>",
            "<schema.org/geo>",
            "<schema.org/hasMap>",
            "<schema.org/image>",
            "<schema.org/isAccessibleForFree>",
            "<schema.org/itinerary>",
            "<schema.org/name>",
            "<schema.org/openingHours>",
            "<schema.org/publicAccess>",
            "<schema.org/sameAs>",
            "<schema.org/telephone>",
            "<schema.org/touristType>",
            "isa:<schema.org/Park>",
            "isa:<schema.org/TouristDestination>",
            "isa:<schema.org/TouristTrip>",
            "isa:<schema.org/TravelAction>"
        ],
        "count": 1.0
    },
    {
        "pset": [
            "<schema.org/Location>",
            "<schema.org/description>",
            "<schema.org/instrument>",
            "<schema.org/name>",
            "isa:<schema.org/TravelAction>"
        ],
        "count": 1.0
    },
    {
        "pset": [
            "<schema.org/Distance>",
            "<schema.org/additionalProperty>",
            "<schema.org/containedInPlace>",
            "<schema.org/description>",
            "<schema.org/fromLocation>",
            "<schema.org/geo>",
            "<schema.org/image>",
            "<schema.org/name>",
            "<schema.org/sameAs>",
            "<schema.org/toLocation>",
            "<schema.org/touristType>",
            "isa:<schema.org/Landform>",
            "isa:<schema.org/TouristAttraction>",
            "isa:<schema.org/TravelAction>"
        ],
        "count": 1.0
    },
    {
        "pset": [
            "<schema.org/Distance>",
            "<schema.org/containedInPlace>",
            "<schema.org/description>",
            "<schema.org/fromLocation>",
            "<schema.org/geo>",
            "<schema.org/hasMap>",
            "<schema.org/image>",
            "<schema.org/isAccessibleForFree>",
            "<schema.org/itinerary>",
            "<schema.org/name>",
            "<schema.org/publicAccess>",
            "<schema.org/sameAs>",
            "<schema.org/toLocation>",
            "<schema.org/touristType>",
            "isa:<schema.org/TouristDestination>",
            "isa:<schema.org/TouristTrip>",
            "isa:<schema.org/TravelAction>"
        ],
        "count": 1.0
    },
    {
        "pset": [
            "<schema.org/Distance>",
            "<schema.org/containedInPlace>",
            "<schema.org/description>",
            "<schema.org/geo>",
            "<schema.org/hasMap>",
            "<schema.org/image>",
            "<schema.org/isAccessibleForFree>",
            "<schema.org/name>",
            "<schema.org/publicAccess>",
            "<schema.org/sameAs>",
            "<schema.org/touristType>",
            "isa:<schema.org/TouristDestination>",
            "isa:<schema.org/TravelAction>"
        ],
        "count": 1.0
    },
    {
        "pset": [
            "<schema.org/agent>",
            "<schema.org/fromLocation>",
            "<schema.org/image>",
            "<schema.org/name>",
            "<schema.org/toLocation>",
            "isa:<schema.org/TravelAction>"
        ],
        "count": 1.0
    },
    {
        "pset": [
            "<schema.org/aggregateRating>",
            "<schema.org/description>",
            "<schema.org/name>",
            "isa:<schema.org/TouristDestination>",
            "isa:<schema.org/TravelAction>"
        ],
        "count": 1.0
    },
    {
        "pset": [
            "<schema.org/description>",
            "<schema.org/distance>",
            "<schema.org/fromLocation>",
            "<schema.org/instrument>",
            "<schema.org/name>",
            "isa:<schema.org/TravelAction>"
        ],
        "count": 1.0
    },
    {
        "pset": [
            "<schema.org/Location>",
            "<schema.org/description>",
            "<schema.org/image>",
            "<schema.org/instrument>",
            "<schema.org/name>",
            "<schema.org/toLocation>",
            "isa:<schema.org/TravelAction>"
        ],
        "count": 1.0
    }
]