[
    {
        "pset": [
            "<schema.org/itinerary>",
            "<schema.org/name>",
            "<schema.org/offers>",
            "<schema.org/potentialAction>",
            "<schema.org/provider>",
            "<schema.org/url>",
            "isa:<schema.org/Trip>"
        ],
        "count": 14757.0
    },
    {
        "pset": [
            "<schema.org/arrivalTime>",
            "<schema.org/departureTime>",
            "<schema.org/description>",
            "<schema.org/itinerary>",
            "<schema.org/name>",
            "isa:<schema.org/Trip>"
        ],
        "count": 10529.0
    },
    {
        "pset": [
            "<schema.org/description>",
            "<schema.org/image>",
            "<schema.org/itinerary>",
            "<schema.org/name>",
            "<schema.org/offers>",
            "<schema.org/provider>",
            "<schema.org/url>",
            "isa:<schema.org/Trip>"
        ],
        "count": 8991.0
    },
    {
        "pset": [
            "<schema.org/description>",
            "<schema.org/image>",
            "<schema.org/name>",
            "<schema.org/url>",
            "isa:<schema.org/Trip>"
        ],
        "count": 7124.0
    },
    {
        "pset": [
            "<schema.org/itinerary>",
            "<schema.org/name>",
            "isa:<schema.org/Trip>"
        ],
        "count": 7026.0
    },
    {
        "pset": [
            "<schema.org/description>",
            "<schema.org/itinerary>",
            "<schema.org/name>",
            "isa:<schema.org/Trip>"
        ],
        "count": 5730.0
    },
    {
        "pset": [
            "<schema.org/itinerary>",
            "<schema.org/name>",
            "<schema.org/offers>",
            "<schema.org/potentialAction>",
            "<schema.org/url>",
            "isa:<schema.org/Trip>"
        ],
        "count": 2447.0
    },
    {
        "pset": [
            "<schema.org/description>",
            "<schema.org/name>",
            "isa:<schema.org/Trip>"
        ],
        "count": 1914.0
    },
    {
        "pset": [
            "<schema.org/name>",
            "isa:<schema.org/Trip>"
        ],
        "count": 1490.0
    },
    {
        "pset": [
            "<schema.org/arrivalTime>",
            "<schema.org/departureTime>",
            "<schema.org/description>",
            "<schema.org/identifier>",
            "<schema.org/image>",
            "<schema.org/itinerary>",
            "<schema.org/name>",
            "<schema.org/offers>",
            "<schema.org/provider>",
            "<schema.org/url>",
            "isa:<schema.org/Trip>"
        ],
        "count": 1232.0
    },
    {
        "pset": [
            "<schema.org/description>",
            "<schema.org/image>",
            "<schema.org/itinerary>",
            "<schema.org/name>",
            "<schema.org/url>",
            "isa:<schema.org/Trip>"
        ],
        "count": 1127.0
    },
    {
        "pset": [
            "<schema.org/image>",
            "isa:<schema.org/Trip>"
        ],
        "count": 573.0
    },
    {
        "pset": [
            "<schema.org/Name>",
            "<schema.org/description>",
            "<schema.org/itinerary>",
            "<schema.org/url>",
            "isa:<schema.org/Trip>"
        ],
        "count": 537.0
    },
    {
        "pset": [
            "<schema.org/description>",
            "<schema.org/name>",
            "<schema.org/partOfTrip>",
            "isa:<schema.org/Trip>"
        ],
        "count": 518.0
    },
    {
        "pset": [
            "<schema.org/description>",
            "<schema.org/itinerary>",
            "<schema.org/name>",
            "<schema.org/subTrip>",
            "isa:<schema.org/Trip>"
        ],
        "count": 449.0
    },
    {
        "pset": [
            "<schema.org/brand>",
            "<schema.org/category>",
            "<schema.org/departureTime>",
            "<schema.org/description>",
            "<schema.org/image>",
            "<schema.org/itinerary>",
            "<schema.org/name>",
            "<schema.org/offers>",
            "<schema.org/sku>",
            "<schema.org/url>",
            "isa:<schema.org/Product>",
            "isa:<schema.org/Trip>"
        ],
        "count": 370.0
    },
    {
        "pset": [
            "<schema.org/description>",
            "<schema.org/email>",
            "<schema.org/name>",
            "<schema.org/telephone>",
            "<schema.org/url>",
            "isa:<schema.org/Trip>"
        ],
        "count": 361.0
    },
    {
        "pset": [
            "<schema.org/description>",
            "<schema.org/image>",
            "<schema.org/itinerary>",
            "<schema.org/name>",
            "<schema.org/offers>",
            "<schema.org/provider>",
            "isa:<schema.org/Trip>"
        ],
        "count": 339.0
    },
    {
        "pset": [
            "<schema.org/author>",
            "<schema.org/copyrightHolder>",
            "<schema.org/description>",
            "<schema.org/image>",
            "<schema.org/mainEntityOfPage>",
            "<schema.org/name>",
            "<schema.org/provider>",
            "<schema.org/sourceOrganization>",
            "isa:<schema.org/Trip>"
        ],
        "count": 244.0
    },
    {
        "pset": [
            "isa:<schema.org/Trip>"
        ],
        "count": 229.0
    },
    {
        "pset": [
            "<schema.org/aggregateRating>",
            "<schema.org/brand>",
            "<schema.org/description>",
            "<schema.org/image>",
            "<schema.org/itinerary>",
            "<schema.org/name>",
            "<schema.org/offers>",
            "<schema.org/productID>",
            "<schema.org/provider>",
            "<schema.org/url>",
            "isa:<schema.org/Product>",
            "isa:<schema.org/Trip>"
        ],
        "count": 219.0
    },
    {
        "pset": [
            "<schema.org/description>",
            "<schema.org/image>",
            "<schema.org/itinerary>",
            "<schema.org/name>",
            "<schema.org/offers>",
            "<schema.org/url>",
            "isa:<schema.org/Trip>"
        ],
        "count": 189.0
    },
    {
        "pset": [
            "<schema.org/description>",
            "<schema.org/itinerary>",
            "<schema.org/name>",
            "<schema.org/url>",
            "isa:<schema.org/Trip>"
        ],
        "count": 175.0
    },
    {
        "pset": [
            "<schema.org/arrivalTime>",
            "<schema.org/departureTime>",
            "<schema.org/description>",
            "<schema.org/image>",
            "<schema.org/name>",
            "<schema.org/url>",
            "isa:<schema.org/Trip>"
        ],
        "count": 170.0
    },
    {
        "pset": [
            "<schema.org/description>",
            "<schema.org/image>",
            "<schema.org/itinerary>",
            "<schema.org/name>",
            "<schema.org/offers>",
            "<schema.org/sameAs>",
            "<schema.org/url>",
            "isa:<schema.org/Trip>"
        ],
        "count": 153.0
    },
    {
        "pset": [
            "<schema.org/additionalType>",
            "<schema.org/arrivalTime>",
            "<schema.org/departureTime>",
            "<schema.org/description>",
            "<schema.org/image>",
            "<schema.org/itinerary>",
            "<schema.org/name>",
            "<schema.org/offers>",
            "<schema.org/provider>",
            "<schema.org/url>",
            "isa:<schema.org/Trip>"
        ],
        "count": 152.0
    },
    {
        "pset": [
            "<schema.org/description>",
            "<schema.org/image>",
            "<schema.org/name>",
            "<schema.org/offers>",
            "<schema.org/provider>",
            "isa:<schema.org/Trip>"
        ],
        "count": 138.0
    },
    {
        "pset": [
            "<schema.org/address>",
            "<schema.org/description>",
            "<schema.org/geo>",
            "<schema.org/image>",
            "<schema.org/name>",
            "isa:<schema.org/TouristAttraction>",
            "isa:<schema.org/TouristDestination>",
            "isa:<schema.org/TouristTrip>",
            "isa:<schema.org/Trip>"
        ],
        "count": 125.0
    },
    {
        "pset": [
            "<schema.org/arrivalTime>",
            "<schema.org/departureTime>",
            "<schema.org/description>",
            "<schema.org/name>",
            "<schema.org/offers>",
            "<schema.org/provider>",
            "isa:<schema.org/Trip>"
        ],
        "count": 110.0
    },
    {
        "pset": [
            "<schema.org/description>",
            "<schema.org/image>",
            "<schema.org/name>",
            "<schema.org/provider>",
            "<schema.org/subTrip>",
            "isa:<schema.org/Trip>"
        ],
        "count": 108.0
    },
    {
        "pset": [
            "<schema.org/description>",
            "<schema.org/image>",
            "<schema.org/mainEntityOfPage>",
            "<schema.org/name>",
            "<schema.org/url>",
            "isa:<schema.org/Trip>"
        ],
        "count": 101.0
    },
    {
        "pset": [
            "<schema.org/description>",
            "<schema.org/itinerary>",
            "<schema.org/name>",
            "<schema.org/provider>",
            "isa:<schema.org/Trip>"
        ],
        "count": 90.0
    },
    {
        "pset": [
            "<schema.org/departureTime>",
            "<schema.org/description>",
            "<schema.org/name>",
            "isa:<schema.org/Trip>"
        ],
        "count": 78.0
    },
    {
        "pset": [
            "<schema.org/arrivalStation>",
            "<schema.org/departureStation>",
            "<schema.org/description>",
            "<schema.org/name>",
            "isa:<schema.org/Trip>"
        ],
        "count": 78.0
    },
    {
        "pset": [
            "<schema.org/arrivalTime>",
            "<schema.org/description>",
            "<schema.org/name>",
            "isa:<schema.org/Trip>"
        ],
        "count": 78.0
    },
    {
        "pset": [
            "<schema.org/arrivalTime>",
            "<schema.org/departureTime>",
            "<schema.org/description>",
            "<schema.org/image>",
            "<schema.org/name>",
            "<schema.org/provider>",
            "isa:<schema.org/Trip>"
        ],
        "count": 78.0
    },
    {
        "pset": [
            "<schema.org/itinerary>",
            "<schema.org/name>",
            "<schema.org/offers>",
            "<schema.org/potentialAction>",
            "<schema.org/provider>",
            "isa:<schema.org/Trip>"
        ],
        "count": 71.0
    },
    {
        "pset": [
            "<schema.org/brand>",
            "<schema.org/description>",
            "<schema.org/identifier>",
            "<schema.org/image>",
            "<schema.org/itinerary>",
            "<schema.org/mainEntityOfPage>",
            "<schema.org/mpn>",
            "<schema.org/name>",
            "<schema.org/provider>",
            "<schema.org/sku>",
            "<schema.org/subTrip>",
            "<schema.org/url>",
            "isa:<schema.org/Product>",
            "isa:<schema.org/Trip>"
        ],
        "count": 71.0
    },
    {
        "pset": [
            "<schema.org/image>",
            "<schema.org/url>",
            "isa:<schema.org/Trip>"
        ],
        "count": 66.0
    },
    {
        "pset": [
            "<schema.org/arrivalTime>",
            "<schema.org/departureTime>",
            "<schema.org/description>",
            "<schema.org/name>",
            "isa:<schema.org/Trip>"
        ],
        "count": 63.0
    },
    {
        "pset": [
            "<schema.org/arrivalTime>",
            "<schema.org/departureTime>",
            "<schema.org/description>",
            "<schema.org/itinerary>",
            "<schema.org/name>",
            "<schema.org/offers>",
            "<schema.org/provider>",
            "isa:<schema.org/Trip>"
        ],
        "count": 60.0
    },
    {
        "pset": [
            "<schema.org/description>",
            "<schema.org/image>",
            "<schema.org/name>",
            "isa:<schema.org/Trip>"
        ],
        "count": 56.0
    },
    {
        "pset": [
            "<schema.org/additionalType>",
            "<schema.org/description>",
            "<schema.org/image>",
            "<schema.org/itinerary>",
            "<schema.org/mainEntityOfPage>",
            "<schema.org/name>",
            "<schema.org/offers>",
            "<schema.org/provider>",
            "isa:<schema.org/Trip>"
        ],
        "count": 52.0
    },
    {
        "pset": [
            "<schema.org/description>",
            "<schema.org/image>",
            "<schema.org/name>",
            "isa:<schema.org/TouristAttraction>",
            "isa:<schema.org/TouristDestination>",
            "isa:<schema.org/TouristTrip>",
            "isa:<schema.org/Trip>"
        ],
        "count": 37.0
    },
    {
        "pset": [
            "<schema.org/image>",
            "<schema.org/itinerary>",
            "<schema.org/name>",
            "<schema.org/subTrip>",
            "<schema.org/url>",
            "isa:<schema.org/Trip>"
        ],
        "count": 36.0
    },
    {
        "pset": [
            "<schema.org/image>",
            "<schema.org/name>",
            "<schema.org/url>",
            "isa:<schema.org/Trip>"
        ],
        "count": 35.0
    },
    {
        "pset": [
            "<schema.org/image>",
            "<schema.org/name>",
            "isa:<schema.org/Trip>"
        ],
        "count": 30.0
    },
    {
        "pset": [
            "<schema.org/departureTime>",
            "<schema.org/description>",
            "<schema.org/image>",
            "<schema.org/itinerary>",
            "<schema.org/name>",
            "<schema.org/provider>",
            "<schema.org/url>",
            "isa:<schema.org/Trip>"
        ],
        "count": 30.0
    },
    {
        "pset": [
            "<schema.org/description>",
            "<schema.org/name>",
            "<schema.org/url>",
            "isa:<schema.org/Trip>"
        ],
        "count": 28.0
    },
    {
        "pset": [
            "<schema.org/additionalType>",
            "<schema.org/description>",
            "<schema.org/image>",
            "<schema.org/itinerary>",
            "<schema.org/name>",
            "<schema.org/offers>",
            "<schema.org/provider>",
            "<schema.org/url>",
            "isa:<schema.org/Trip>"
        ],
        "count": 26.0
    },
    {
        "pset": [
            "<schema.org/description>",
            "<schema.org/image>",
            "<schema.org/itinerary>",
            "<schema.org/name>",
            "<schema.org/provider>",
            "<schema.org/url>",
            "isa:<schema.org/Trip>"
        ],
        "count": 24.0
    },
    {
        "pset": [
            "<schema.org/description>",
            "<schema.org/image>",
            "<schema.org/itinerary>",
            "<schema.org/name>",
            "<schema.org/offers>",
            "isa:<schema.org/Trip>"
        ],
        "count": 24.0
    },
    {
        "pset": [
            "<schema.org/brand>",
            "<schema.org/description>",
            "<schema.org/identifier>",
            "<schema.org/image>",
            "<schema.org/itinerary>",
            "<schema.org/mainEntityOfPage>",
            "<schema.org/mpn>",
            "<schema.org/name>",
            "<schema.org/offers>",
            "<schema.org/provider>",
            "<schema.org/sku>",
            "<schema.org/subTrip>",
            "<schema.org/url>",
            "isa:<schema.org/Product>",
            "isa:<schema.org/Trip>"
        ],
        "count": 23.0
    },
    {
        "pset": [
            "<schema.org/description>",
            "<schema.org/image>",
            "<schema.org/name>",
            "<schema.org/offers>",
            "isa:<schema.org/Trip>"
        ],
        "count": 21.0
    },
    {
        "pset": [
            "isa:<schema.org/Article>",
            "isa:<schema.org/Thing>",
            "isa:<schema.org/TouristDestination>",
            "isa:<schema.org/Trip>"
        ],
        "count": 20.0
    },
    {
        "pset": [
            "<schema.org/description>",
            "<schema.org/itinerary>",
            "<schema.org/mainEntityOfPage>",
            "<schema.org/name>",
            "isa:<schema.org/Trip>"
        ],
        "count": 19.0
    },
    {
        "pset": [
            "<schema.org/itinerary>",
            "isa:<schema.org/Trip>"
        ],
        "count": 17.0
    },
    {
        "pset": [
            "<schema.org/name>",
            "<schema.org/url>",
            "isa:<schema.org/Trip>"
        ],
        "count": 17.0
    },
    {
        "pset": [
            "<schema.org/description>",
            "<schema.org/image>",
            "<schema.org/name>",
            "<schema.org/provider>",
            "<schema.org/url>",
            "isa:<schema.org/Trip>"
        ],
        "count": 16.0
    },
    {
        "pset": [
            "<schema.org/address>",
            "<schema.org/alternateName>",
            "<schema.org/availableLanguage>",
            "<schema.org/containsPlace>",
            "<schema.org/description>",
            "<schema.org/image>",
            "<schema.org/itinerary>",
            "<schema.org/name>",
            "<schema.org/openingHoursSpecification>",
            "<schema.org/sameAs>",
            "<schema.org/touristType>",
            "<schema.org/url>",
            "isa:<schema.org/TouristAttraction>",
            "isa:<schema.org/Trip>"
        ],
        "count": 14.0
    },
    {
        "pset": [
            "<schema.org/arrivalTime>",
            "<schema.org/departureTime>",
            "<schema.org/description>",
            "<schema.org/image>",
            "<schema.org/itinerary>",
            "<schema.org/name>",
            "<schema.org/offers>",
            "isa:<schema.org/Trip>"
        ],
        "count": 13.0
    },
    {
        "pset": [
            "<schema.org/brand>",
            "<schema.org/description>",
            "<schema.org/image>",
            "<schema.org/itinerary>",
            "<schema.org/mainEntityOfPage>",
            "<schema.org/mpn>",
            "<schema.org/name>",
            "<schema.org/offers>",
            "<schema.org/provider>",
            "<schema.org/subTrip>",
            "<schema.org/url>",
            "isa:<schema.org/Product>",
            "isa:<schema.org/Trip>"
        ],
        "count": 12.0
    },
    {
        "pset": [
            "isa:<schema.org/TouristDestination>",
            "isa:<schema.org/Trip>"
        ],
        "count": 12.0
    },
    {
        "pset": [
            "<schema.org/arrivalTime>",
            "<schema.org/departureTime>",
            "<schema.org/description>",
            "<schema.org/image>",
            "<schema.org/mainEntityOfPage>",
            "<schema.org/name>",
            "<schema.org/offers>",
            "<schema.org/url>",
            "isa:<schema.org/Trip>"
        ],
        "count": 11.0
    },
    {
        "pset": [
            "<schema.org/aggregateRating>",
            "<schema.org/brand>",
            "<schema.org/description>",
            "<schema.org/image>",
            "<schema.org/itinerary>",
            "<schema.org/mainEntityOfPage>",
            "<schema.org/mpn>",
            "<schema.org/name>",
            "<schema.org/offers>",
            "<schema.org/provider>",
            "<schema.org/reviews>",
            "<schema.org/subTrip>",
            "<schema.org/url>",
            "isa:<schema.org/Product>",
            "isa:<schema.org/Trip>"
        ],
        "count": 11.0
    },
    {
        "pset": [
            "<schema.org/Itinerary>",
            "<schema.org/Name>",
            "isa:<schema.org/Trip>"
        ],
        "count": 11.0
    },
    {
        "pset": [
            "<schema.org/departureStation>",
            "<schema.org/description>",
            "<schema.org/name>",
            "isa:<schema.org/Trip>"
        ],
        "count": 7.0
    },
    {
        "pset": [
            "<schema.org/brand>",
            "<schema.org/description>",
            "<schema.org/image>",
            "<schema.org/itinerary>",
            "<schema.org/mainEntityOfPage>",
            "<schema.org/mpn>",
            "<schema.org/name>",
            "<schema.org/provider>",
            "<schema.org/subTrip>",
            "<schema.org/url>",
            "isa:<schema.org/Product>",
            "isa:<schema.org/Trip>"
        ],
        "count": 6.0
    },
    {
        "pset": [
            "isa:<schema.org/Article>",
            "isa:<schema.org/TouristDestination>",
            "isa:<schema.org/Trip>"
        ],
        "count": 6.0
    },
    {
        "pset": [
            "<schema.org/departureTime>",
            "<schema.org/description>",
            "<schema.org/image>",
            "<schema.org/itinerary>",
            "<schema.org/name>",
            "<schema.org/offers>",
            "<schema.org/provider>",
            "isa:<schema.org/Trip>"
        ],
        "count": 6.0
    },
    {
        "pset": [
            "<schema.org/description>",
            "<schema.org/image>",
            "<schema.org/name>",
            "<schema.org/position>",
            "<schema.org/url>",
            "isa:<schema.org/ListItem>",
            "isa:<schema.org/Trip>"
        ],
        "count": 6.0
    },
    {
        "pset": [
            "<schema.org/description>",
            "<schema.org/image>",
            "<schema.org/name>",
            "<schema.org/offers>",
            "<schema.org/position>",
            "<schema.org/url>",
            "isa:<schema.org/ListItem>",
            "isa:<schema.org/Trip>"
        ],
        "count": 5.0
    },
    {
        "pset": [
            "<schema.org/arrivalTime>",
            "<schema.org/departureTime>",
            "<schema.org/description>",
            "<schema.org/disambiguatingDescription>",
            "<schema.org/image>",
            "<schema.org/name>",
            "<schema.org/provider>",
            "isa:<schema.org/Trip>"
        ],
        "count": 5.0
    },
    {
        "pset": [
            "<schema.org/arrivalTime>",
            "<schema.org/departureTime>",
            "<schema.org/description>",
            "<schema.org/image>",
            "<schema.org/name>",
            "<schema.org/sameAs>",
            "isa:<schema.org/Trip>"
        ],
        "count": 5.0
    },
    {
        "pset": [
            "<schema.org/itinerary>",
            "<schema.org/name>",
            "<schema.org/subTrip>",
            "isa:<schema.org/Trip>"
        ],
        "count": 5.0
    },
    {
        "pset": [
            "isa:<schema.org/Article>",
            "isa:<schema.org/Trip>"
        ],
        "count": 4.0
    },
    {
        "pset": [
            "<schema.org/Name>",
            "<schema.org/description>",
            "<schema.org/url>",
            "isa:<schema.org/Trip>"
        ],
        "count": 3.0
    },
    {
        "pset": [
            "<schema.org/aggregateRating>",
            "<schema.org/brand>",
            "<schema.org/description>",
            "<schema.org/image>",
            "<schema.org/itinerary>",
            "<schema.org/mainEntityOfPage>",
            "<schema.org/mpn>",
            "<schema.org/name>",
            "<schema.org/provider>",
            "<schema.org/reviews>",
            "<schema.org/subTrip>",
            "<schema.org/url>",
            "isa:<schema.org/Product>",
            "isa:<schema.org/Trip>"
        ],
        "count": 3.0
    },
    {
        "pset": [
            "<schema.org/description>",
            "<schema.org/image>",
            "<schema.org/name>",
            "<schema.org/provider>",
            "isa:<schema.org/Trip>"
        ],
        "count": 3.0
    },
    {
        "pset": [
            "<schema.org/name>",
            "<schema.org/offers>",
            "<schema.org/provider>",
            "isa:<schema.org/Trip>"
        ],
        "count": 2.0
    },
    {
        "pset": [
            "<schema.org/arrivalTime>",
            "<schema.org/departureTime>",
            "<schema.org/description>",
            "<schema.org/image>",
            "<schema.org/name>",
            "<schema.org/offers>",
            "<schema.org/provider>",
            "isa:<schema.org/Trip>"
        ],
        "count": 2.0
    },
    {
        "pset": [
            "<schema.org/description>",
            "<schema.org/eventStatus>",
            "<schema.org/identifier>",
            "<schema.org/image>",
            "<schema.org/location>",
            "<schema.org/name>",
            "<schema.org/url>",
            "isa:<schema.org/Trip>"
        ],
        "count": 2.0
    },
    {
        "pset": [
            "<schema.org/description>",
            "<schema.org/image>",
            "<schema.org/itinerary>",
            "<schema.org/logo>",
            "<schema.org/mainEntityOfPage>",
            "<schema.org/name>",
            "<schema.org/url>",
            "isa:<schema.org/BlogPosting>",
            "isa:<schema.org/Trip>"
        ],
        "count": 2.0
    },
    {
        "pset": [
            "<schema.org/name>",
            "<schema.org/subTrip>",
            "isa:<schema.org/Trip>"
        ],
        "count": 2.0
    },
    {
        "pset": [
            "isa:<schema.org/Thing>",
            "isa:<schema.org/TouristDestination>",
            "isa:<schema.org/Trip>"
        ],
        "count": 2.0
    },
    {
        "pset": [
            "<schema.org/description>",
            "<schema.org/itinerary>",
            "<schema.org/name>",
            "<schema.org/offers>",
            "<schema.org/touristType>",
            "isa:<schema.org/TouristTrip>",
            "isa:<schema.org/Trip>"
        ],
        "count": 2.0
    },
    {
        "pset": [
            "<schema.org/brand>",
            "<schema.org/description>",
            "<schema.org/image>",
            "<schema.org/itinerary>",
            "<schema.org/mainEntityOfPage>",
            "<schema.org/mpn>",
            "<schema.org/name>",
            "<schema.org/offers>",
            "<schema.org/provider>",
            "<schema.org/subTrip>",
            "<schema.org/subjectOf>",
            "<schema.org/url>",
            "isa:<schema.org/Product>",
            "isa:<schema.org/Trip>"
        ],
        "count": 2.0
    },
    {
        "pset": [
            "<schema.org/description>",
            "<schema.org/name>",
            "<schema.org/url>",
            "isa:<schema.org/TouristAttraction>",
            "isa:<schema.org/Trip>"
        ],
        "count": 2.0
    },
    {
        "pset": [
            "<schema.org/Provider>",
            "<schema.org/description>",
            "<schema.org/image>",
            "<schema.org/itinerary>",
            "<schema.org/name>",
            "<schema.org/offers>",
            "isa:<schema.org/Trip>"
        ],
        "count": 1.0
    },
    {
        "pset": [
            "<schema.org/description>",
            "<schema.org/geo>",
            "<schema.org/image>",
            "<schema.org/name>",
            "isa:<schema.org/TouristAttraction>",
            "isa:<schema.org/TouristDestination>",
            "isa:<schema.org/TouristTrip>",
            "isa:<schema.org/Trip>"
        ],
        "count": 1.0
    },
    {
        "pset": [
            "<schema.org/arrivalTime>",
            "<schema.org/departureTime>",
            "<schema.org/description>",
            "<schema.org/image>",
            "<schema.org/itinerary>",
            "<schema.org/name>",
            "<schema.org/offers>",
            "<schema.org/partOfTrip>",
            "<schema.org/provider>",
            "<schema.org/sameAs>",
            "isa:<schema.org/TouristTrip>",
            "isa:<schema.org/Trip>"
        ],
        "count": 1.0
    },
    {
        "pset": [
            "<schema.org/departureTime>",
            "<schema.org/image>",
            "<schema.org/itinerary>",
            "<schema.org/name>",
            "<schema.org/provider>",
            "<schema.org/url>",
            "isa:<schema.org/Trip>"
        ],
        "count": 1.0
    },
    {
        "pset": [
            "<schema.org/description>",
            "isa:<schema.org/Trip>"
        ],
        "count": 1.0
    },
    {
        "pset": [
            "<schema.org/description>",
            "<schema.org/name>",
            "<schema.org/potentialAction>",
            "isa:<schema.org/Trip>"
        ],
        "count": 1.0
    },
    {
        "pset": [
            "<schema.org/arrivalTime>",
            "<schema.org/departureTime>",
            "<schema.org/description>",
            "<schema.org/identifier>",
            "<schema.org/image>",
            "<schema.org/name>",
            "<schema.org/offers>",
            "<schema.org/provider>",
            "<schema.org/url>",
            "isa:<schema.org/Trip>"
        ],
        "count": 1.0
    },
    {
        "pset": [
            "<schema.org/address>",
            "<schema.org/alternateName>",
            "<schema.org/availableLanguage>",
            "<schema.org/containsPlace>",
            "<schema.org/description>",
            "<schema.org/image>",
            "<schema.org/itinerary>",
            "<schema.org/name>",
            "<schema.org/openingHoursSpecification>",
            "<schema.org/touristType>",
            "<schema.org/url>",
            "isa:<schema.org/TouristAttraction>",
            "isa:<schema.org/Trip>"
        ],
        "count": 1.0
    },
    {
        "pset": [
            "<schema.org/description>",
            "<schema.org/hasPart>",
            "<schema.org/image>",
            "<schema.org/name>",
            "<schema.org/offers>",
            "<schema.org/provider>",
            "<schema.org/url>",
            "isa:<schema.org/Trip>"
        ],
        "count": 1.0
    },
    {
        "pset": [
            "<schema.org/description>",
            "<schema.org/mainEntityOfPage>",
            "<schema.org/name>",
            "<schema.org/sameAs>",
            "<schema.org/url>",
            "isa:<schema.org/Trip>"
        ],
        "count": 1.0
    },
    {
        "pset": [
            "<schema.org/description>",
            "<schema.org/name>",
            "<schema.org/offers>",
            "<schema.org/provider>",
            "isa:<schema.org/Trip>"
        ],
        "count": 1.0
    }
]