[
    {
        "pset": [
            "<schema.org/copyrightHolder>",
            "<schema.org/copyrightYear>",
            "<schema.org/datePublished>",
            "<schema.org/description>",
            "<schema.org/headline>",
            "<schema.org/image>",
            "<schema.org/inLanguage>",
            "<schema.org/keywords>",
            "<schema.org/name>",
            "<schema.org/provider>",
            "<schema.org/publisher>",
            "<schema.org/sourceOrganization>",
            "<schema.org/url>",
            "isa:<schema.org/VideoGallery>"
        ],
        "count": 8411.0
    },
    {
        "pset": [
            "<schema.org/author>",
            "<schema.org/copyrightHolder>",
            "<schema.org/copyrightYear>",
            "<schema.org/creator>",
            "<schema.org/dateModified>",
            "<schema.org/datePublished>",
            "<schema.org/description>",
            "<schema.org/headline>",
            "<schema.org/image>",
            "<schema.org/inLanguage>",
            "<schema.org/mainEntityOfPage>",
            "<schema.org/name>",
            "<schema.org/publisher>",
            "<schema.org/url>",
            "isa:<schema.org/VideoGallery>"
        ],
        "count": 2463.0
    },
    {
        "pset": [
            "<schema.org/datePublished>",
            "<schema.org/description>",
            "<schema.org/headline>",
            "<schema.org/image>",
            "<schema.org/inLanguage>",
            "<schema.org/keywords>",
            "<schema.org/name>",
            "<schema.org/publisher>",
            "<schema.org/url>",
            "isa:<schema.org/VideoGallery>"
        ],
        "count": 578.0
    },
    {
        "pset": [
            "<schema.org/headline>",
            "<schema.org/image>",
            "<schema.org/mainEntityOfPage>",
            "<schema.org/publisher>",
            "isa:<schema.org/VideoGallery>"
        ],
        "count": 447.0
    },
    {
        "pset": [
            "<schema.org/description>",
            "<schema.org/name>",
            "<schema.org/thumbnailUrl>",
            "<schema.org/url>",
            "<schema.org/video>",
            "isa:<schema.org/VideoGallery>"
        ],
        "count": 388.0
    },
    {
        "pset": [
            "<schema.org/associatedMedia>",
            "<schema.org/author>",
            "<schema.org/datePublished>",
            "<schema.org/headline>",
            "<schema.org/keywords>",
            "<schema.org/mainEntityOfPage>",
            "isa:<schema.org/VideoGallery>"
        ],
        "count": 306.0
    },
    {
        "pset": [
            "<schema.org/author>",
            "<schema.org/description>",
            "<schema.org/editor>",
            "<schema.org/headline>",
            "<schema.org/keywords>",
            "<schema.org/mainEntityOfPage>",
            "<schema.org/publisher>",
            "<schema.org/video>",
            "isa:<schema.org/VideoGallery>"
        ],
        "count": 185.0
    },
    {
        "pset": [
            "<schema.org/breadcrumb>",
            "<schema.org/description>",
            "<schema.org/mainEntity>",
            "<schema.org/name>",
            "isa:<schema.org/VideoGallery>"
        ],
        "count": 139.0
    },
    {
        "pset": [
            "<schema.org/author>",
            "<schema.org/description>",
            "<schema.org/name>",
            "isa:<schema.org/VideoGallery>"
        ],
        "count": 121.0
    },
    {
        "pset": [
            "<schema.org/video>",
            "isa:<schema.org/VideoGallery>"
        ],
        "count": 77.0
    },
    {
        "pset": [
            "<schema.org/breadcrumb>",
            "<schema.org/description>",
            "<schema.org/mainEntity>",
            "<schema.org/name>",
            "<schema.org/primaryImageOfPage>",
            "isa:<schema.org/VideoGallery>"
        ],
        "count": 59.0
    },
    {
        "pset": [
            "<schema.org/description>",
            "<schema.org/name>",
            "<schema.org/thumbnailUrl>",
            "isa:<schema.org/VideoGallery>"
        ],
        "count": 55.0
    },
    {
        "pset": [
            "<schema.org/mainEntity>",
            "<schema.org/name>",
            "<schema.org/url>",
            "isa:<schema.org/VideoGallery>"
        ],
        "count": 49.0
    },
    {
        "pset": [
            "<schema.org/author>",
            "<schema.org/dateModified>",
            "<schema.org/datePublished>",
            "<schema.org/headline>",
            "<schema.org/image>",
            "<schema.org/mainEntityOfPage>",
            "<schema.org/publisher>",
            "isa:<schema.org/VideoGallery>"
        ],
        "count": 44.0
    },
    {
        "pset": [
            "<schema.org/author>",
            "<schema.org/copyrightHolder>",
            "<schema.org/copyrightYear>",
            "<schema.org/creator>",
            "<schema.org/dateModified>",
            "<schema.org/datePublished>",
            "<schema.org/image>",
            "<schema.org/inLanguage>",
            "<schema.org/mainEntityOfPage>",
            "<schema.org/publisher>",
            "<schema.org/url>",
            "isa:<schema.org/VideoGallery>"
        ],
        "count": 27.0
    },
    {
        "pset": [
            "<schema.org/copyrightYear>",
            "<schema.org/description>",
            "<schema.org/mainEntity>",
            "<schema.org/name>",
            "<schema.org/publisher>",
            "<schema.org/url>",
            "isa:<schema.org/VideoGallery>"
        ],
        "count": 17.0
    },
    {
        "pset": [
            "<schema.org/associatedMedia>",
            "isa:<schema.org/VideoGallery>"
        ],
        "count": 14.0
    },
    {
        "pset": [
            "<schema.org/name>",
            "<schema.org/url>",
            "isa:<schema.org/VideoGallery>"
        ],
        "count": 12.0
    },
    {
        "pset": [
            "<schema.org/image>",
            "<schema.org/name>",
            "<schema.org/url>",
            "isa:<schema.org/VideoGallery>"
        ],
        "count": 11.0
    },
    {
        "pset": [
            "isa:<schema.org/VideoGallery>"
        ],
        "count": 10.0
    },
    {
        "pset": [
            "<schema.org/description>",
            "<schema.org/image>",
            "<schema.org/name>",
            "isa:<schema.org/VideoGallery>"
        ],
        "count": 7.0
    },
    {
        "pset": [
            "<schema.org/breadcrumb>",
            "isa:<schema.org/VideoGallery>"
        ],
        "count": 7.0
    },
    {
        "pset": [
            "<schema.org/description>",
            "<schema.org/image>",
            "<schema.org/name>",
            "<schema.org/url>",
            "isa:<schema.org/VideoGallery>"
        ],
        "count": 6.0
    },
    {
        "pset": [
            "<schema.org/copyrightHolder>",
            "<schema.org/image>",
            "<schema.org/name>",
            "<schema.org/primaryImageOfPage>",
            "isa:<schema.org/VideoGallery>"
        ],
        "count": 6.0
    },
    {
        "pset": [
            "<schema.org/url>",
            "<schema.org/video>",
            "isa:<schema.org/VideoGallery>"
        ],
        "count": 6.0
    },
    {
        "pset": [
            "<schema.org/author>",
            "<schema.org/copyrightHolder>",
            "<schema.org/copyrightYear>",
            "<schema.org/creator>",
            "<schema.org/dateModified>",
            "<schema.org/datePublished>",
            "<schema.org/description>",
            "<schema.org/headline>",
            "<schema.org/image>",
            "<schema.org/inLanguage>",
            "<schema.org/mainEntityOfPage>",
            "<schema.org/name>",
            "<schema.org/potentialAction>",
            "<schema.org/publisher>",
            "<schema.org/url>",
            "isa:<schema.org/VideoGallery>"
        ],
        "count": 5.0
    },
    {
        "pset": [
            "<schema.org/author>",
            "<schema.org/copyrightHolder>",
            "<schema.org/copyrightYear>",
            "<schema.org/creator>",
            "<schema.org/dateModified>",
            "<schema.org/datePublished>",
            "<schema.org/description>",
            "<schema.org/headline>",
            "<schema.org/inLanguage>",
            "<schema.org/mainEntityOfPage>",
            "<schema.org/name>",
            "<schema.org/publisher>",
            "<schema.org/url>",
            "isa:<schema.org/VideoGallery>"
        ],
        "count": 5.0
    },
    {
        "pset": [
            "<schema.org/author>",
            "<schema.org/description>",
            "<schema.org/image>",
            "<schema.org/mainEntityOfPage>",
            "<schema.org/publisher>",
            "isa:<schema.org/VideoGallery>"
        ],
        "count": 2.0
    },
    {
        "pset": [
            "<schema.org/about>",
            "<schema.org/inLanguage>",
            "<schema.org/name>",
            "<schema.org/potentialAction>",
            "<schema.org/provider>",
            "<schema.org/publisher>",
            "<schema.org/url>",
            "isa:<schema.org/VideoGallery>"
        ],
        "count": 2.0
    },
    {
        "pset": [
            "<schema.org/author>",
            "<schema.org/dateModified>",
            "<schema.org/datePublished>",
            "<schema.org/description>",
            "<schema.org/headline>",
            "<schema.org/image>",
            "<schema.org/mainEntityOfPage>",
            "<schema.org/publisher>",
            "isa:<schema.org/VideoGallery>"
        ],
        "count": 2.0
    },
    {
        "pset": [
            "<schema.org/description>",
            "<schema.org/hasPart>",
            "<schema.org/name>",
            "<schema.org/url>",
            "isa:<schema.org/VideoGallery>"
        ],
        "count": 2.0
    },
    {
        "pset": [
            "<schema.org/about>",
            "<schema.org/additionalType>",
            "<schema.org/description>",
            "<schema.org/inLanguage>",
            "<schema.org/name>",
            "<schema.org/potentialAction>",
            "<schema.org/provider>",
            "<schema.org/publisher>",
            "<schema.org/url>",
            "isa:<schema.org/VideoGallery>"
        ],
        "count": 1.0
    },
    {
        "pset": [
            "<schema.org/image>",
            "isa:<schema.org/VideoGallery>"
        ],
        "count": 1.0
    },
    {
        "pset": [
            "<schema.org/author>",
            "<schema.org/dateModified>",
            "<schema.org/datePublished>",
            "<schema.org/inLanguage>",
            "<schema.org/isPartOf>",
            "<schema.org/name>",
            "<schema.org/primaryImageOfPage>",
            "<schema.org/url>",
            "isa:<schema.org/VideoGallery>"
        ],
        "count": 1.0
    },
    {
        "pset": [
            "<schema.org/alternativeheadline>",
            "<schema.org/author>",
            "<schema.org/breadcrumb>",
            "<schema.org/description>",
            "<schema.org/disambiguatingDescription>",
            "<schema.org/hasPart>",
            "<schema.org/headline>",
            "<schema.org/inLanguage>",
            "<schema.org/isPartOf>",
            "<schema.org/mainEntity>",
            "<schema.org/name>",
            "<schema.org/primaryImageOfPage>",
            "<schema.org/specialty>",
            "<schema.org/thumbnailUrl>",
            "<schema.org/url>",
            "isa:<schema.org/VideoGallery>"
        ],
        "count": 1.0
    },
    {
        "pset": [
            "<schema.org/breadcrumb>",
            "<schema.org/name>",
            "<schema.org/video>",
            "isa:<schema.org/VideoGallery>"
        ],
        "count": 1.0
    },
    {
        "pset": [
            "<schema.org/copyrightHolder>",
            "<schema.org/copyrightYear>",
            "<schema.org/description>",
            "<schema.org/image>",
            "<schema.org/name>",
            "<schema.org/url>",
            "isa:<schema.org/VideoGallery>"
        ],
        "count": 1.0
    },
    {
        "pset": [
            "<schema.org/description>",
            "<schema.org/inLanguage>",
            "<schema.org/publisher>",
            "isa:<schema.org/VideoGallery>"
        ],
        "count": 1.0
    },
    {
        "pset": [
            "<schema.org/alternateName>",
            "<schema.org/author>",
            "<schema.org/copyrightYear>",
            "<schema.org/dateCreated>",
            "<schema.org/dateModified>",
            "<schema.org/datePublished>",
            "<schema.org/description>",
            "<schema.org/headline>",
            "<schema.org/image>",
            "<schema.org/inLanguage>",
            "<schema.org/isFamilyFriendly>",
            "<schema.org/keywords>",
            "<schema.org/mainEntityOfPage>",
            "<schema.org/name>",
            "<schema.org/potentialAction>",
            "<schema.org/primaryImageOfPage>",
            "<schema.org/publisher>",
            "<schema.org/sameAs>",
            "<schema.org/text>",
            "<schema.org/thumbnailUrl>",
            "<schema.org/url>",
            "isa:<schema.org/VideoGallery>"
        ],
        "count": 1.0
    },
    {
        "pset": [
            "<schema.org/author>",
            "<schema.org/copyrightHolder>",
            "<schema.org/copyrightYear>",
            "<schema.org/creator>",
            "<schema.org/dateModified>",
            "<schema.org/datePublished>",
            "<schema.org/headline>",
            "<schema.org/image>",
            "<schema.org/inLanguage>",
            "<schema.org/mainEntityOfPage>",
            "<schema.org/name>",
            "<schema.org/publisher>",
            "<schema.org/url>",
            "isa:<schema.org/VideoGallery>"
        ],
        "count": 1.0
    },
    {
        "pset": [
            "<schema.org/description>",
            "<schema.org/headline>",
            "<schema.org/inLanguage>",
            "<schema.org/mainEntityOfPage>",
            "<schema.org/publisher>",
            "<schema.org/url>",
            "isa:<schema.org/VideoGallery>"
        ],
        "count": 1.0
    },
    {
        "pset": [
            "<schema.org/isPartOf>",
            "<schema.org/mainEntity>",
            "isa:<schema.org/VideoGallery>"
        ],
        "count": 1.0
    }
]