[
    {
        "pset": [
            "<schema.org/cssSelector>",
            "<schema.org/isAccessibleForFree>",
            "isa:<schema.org/WebPageElement>"
        ],
        "count": 6160139.0
    },
    {
        "pset": [
            "isa:<schema.org/WebPageElement>"
        ],
        "count": 292262.0
    },
    {
        "pset": [
            "<schema.org/name>",
            "isa:<schema.org/WebPageElement>"
        ],
        "count": 133337.0
    },
    {
        "pset": [
            "<schema.org/offers>",
            "isa:<schema.org/WebPageElement>"
        ],
        "count": 131267.0
    },
    {
        "pset": [
            "<schema.org/isAccessibleForFree>",
            "isa:<schema.org/WebPageElement>"
        ],
        "count": 108687.0
    },
    {
        "pset": [
            "<schema.org/cssSelector>",
            "<schema.org/isAccessibleForFree>",
            "<schema.org/name>",
            "isa:<schema.org/WebPageElement>"
        ],
        "count": 48615.0
    },
    {
        "pset": [
            "<schema.org/cssSelector>",
            "isa:<schema.org/WebPageElement>"
        ],
        "count": 33619.0
    },
    {
        "pset": [
            "<schema.org/mainEntityOfPage>",
            "<schema.org/name>",
            "isa:<schema.org/WebPageElement>"
        ],
        "count": 23411.0
    },
    {
        "pset": [
            "<schema.org/isAccessibleForFree>",
            "<schema.org/value>",
            "isa:<schema.org/WebPageElement>"
        ],
        "count": 22605.0
    },
    {
        "pset": [
            "<schema.org/about>",
            "<schema.org/accountablePerson>",
            "<schema.org/author>",
            "<schema.org/contentLocation>",
            "isa:<schema.org/WebPageElement>"
        ],
        "count": 17478.0
    },
    {
        "pset": [
            "<schema.org/about>",
            "<schema.org/offers>",
            "<schema.org/url>",
            "isa:<schema.org/WebPageElement>"
        ],
        "count": 11116.0
    },
    {
        "pset": [
            "<schema.org/author>",
            "<schema.org/dateModified>",
            "<schema.org/datePublished>",
            "<schema.org/description>",
            "<schema.org/headline>",
            "<schema.org/image>",
            "<schema.org/mainEntityOfPage>",
            "<schema.org/publisher>",
            "isa:<schema.org/WebPageElement>"
        ],
        "count": 10671.0
    },
    {
        "pset": [
            "<schema.org/name>",
            "<schema.org/url>",
            "isa:<schema.org/WebPageElement>"
        ],
        "count": 6586.0
    },
    {
        "pset": [
            "<schema.org/cssSelector>",
            "<schema.org/isAccessibleForFree>",
            "<schema.org/value>",
            "isa:<schema.org/WebPageElement>"
        ],
        "count": 6023.0
    },
    {
        "pset": [
            "<schema.org/@cssSelector>",
            "<schema.org/@isAccessibleForFree>",
            "isa:<schema.org/WebPageElement>"
        ],
        "count": 5813.0
    },
    {
        "pset": [
            "<schema.org/cssSelector>",
            "<schema.org/value>",
            "isa:<schema.org/WebPageElement>"
        ],
        "count": 4900.0
    },
    {
        "pset": [
            "<schema.org/cssSelector>",
            "<schema.org/isAccessibleForFree>",
            "<schema.org/name>",
            "<schema.org/sameAs>",
            "<schema.org/url>",
            "isa:<schema.org/Person>",
            "isa:<schema.org/WebPageElement>"
        ],
        "count": 3952.0
    },
    {
        "pset": [
            "<schema.org/text>",
            "isa:<schema.org/WebPageElement>"
        ],
        "count": 3694.0
    },
    {
        "pset": [
            "<schema.org/about>",
            "isa:<schema.org/WebPageElement>"
        ],
        "count": 3353.0
    },
    {
        "pset": [
            "<schema.org/cssSelector>",
            "<schema.org/potentialAction>",
            "isa:<schema.org/WebPageElement>"
        ],
        "count": 3334.0
    },
    {
        "pset": [
            "<schema.org/isAccessibleForFree>",
            "<schema.org/name>",
            "isa:<schema.org/WebPageElement>"
        ],
        "count": 2694.0
    },
    {
        "pset": [
            "<schema.org/mainEntity>",
            "isa:<schema.org/WebPageElement>"
        ],
        "count": 2404.0
    },
    {
        "pset": [
            "<schema.org/isAccessibleForFree>",
            "<schema.org/xPath>",
            "isa:<schema.org/WebPageElement>"
        ],
        "count": 2356.0
    },
    {
        "pset": [
            "<schema.org/mainEntity>",
            "<schema.org/name>",
            "<schema.org/url>",
            "isa:<schema.org/WebPageElement>"
        ],
        "count": 2122.0
    },
    {
        "pset": [
            "<schema.org/headline>",
            "<schema.org/text>",
            "isa:<schema.org/WebPageElement>"
        ],
        "count": 2111.0
    },
    {
        "pset": [
            "<schema.org/offers>",
            "<schema.org/url>",
            "isa:<schema.org/WebPageElement>"
        ],
        "count": 1325.0
    },
    {
        "pset": [
            "<schema.org/datePublished>",
            "<schema.org/isAccessibleForFree>",
            "isa:<schema.org/WebPageElement>"
        ],
        "count": 1291.0
    },
    {
        "pset": [
            "<schema.org/contentLocation>",
            "<schema.org/headline>",
            "<schema.org/isBasedOn>",
            "isa:<schema.org/WebPageElement>"
        ],
        "count": 1179.0
    },
    {
        "pset": [
            "<schema.org/description>",
            "<schema.org/name>",
            "<schema.org/url>",
            "isa:<schema.org/WebPageElement>"
        ],
        "count": 1154.0
    },
    {
        "pset": [
            "<schema.org/xpath>",
            "isa:<schema.org/WebPageElement>"
        ],
        "count": 1049.0
    },
    {
        "pset": [
            "<schema.org/about>",
            "<schema.org/url>",
            "isa:<schema.org/WebPageElement>"
        ],
        "count": 911.0
    },
    {
        "pset": [
            "<schema.org/additionalType>",
            "<schema.org/contentLocation>",
            "<schema.org/dateModified>",
            "<schema.org/itemListElement>",
            "<schema.org/numberOfItems>",
            "isa:<schema.org/ItemList>",
            "isa:<schema.org/WebPageElement>"
        ],
        "count": 897.0
    },
    {
        "pset": [
            "<schema.org/author>",
            "<schema.org/cssSelector>",
            "<schema.org/isAccessibleForFree>",
            "isa:<schema.org/WebPageElement>"
        ],
        "count": 837.0
    },
    {
        "pset": [
            "<schema.org/about>",
            "<schema.org/description>",
            "<schema.org/name>",
            "isa:<schema.org/WebPageElement>"
        ],
        "count": 819.0
    },
    {
        "pset": [
            "<schema.org/IsAccessibleForFree>",
            "<schema.org/cssSelector>",
            "isa:<schema.org/WebPageElement>"
        ],
        "count": 682.0
    },
    {
        "pset": [
            "<schema.org/description>",
            "<schema.org/name>",
            "<schema.org/position>",
            "<schema.org/url>",
            "isa:<schema.org/WebPageElement>"
        ],
        "count": 673.0
    },
    {
        "pset": [
            "<schema.org/image>",
            "<schema.org/mainEntityOfPage>",
            "<schema.org/name>",
            "isa:<schema.org/WebPageElement>"
        ],
        "count": 615.0
    },
    {
        "pset": [
            "<schema.org/url>",
            "isa:<schema.org/WebPageElement>"
        ],
        "count": 543.0
    },
    {
        "pset": [
            "<schema.org/name>",
            "<schema.org/url>",
            "isa:<schema.org/WebPageElement>",
            "isa:<schema.org/WebSite>"
        ],
        "count": 540.0
    },
    {
        "pset": [
            "<schema.org/mainEntity>",
            "<schema.org/name>",
            "isa:<schema.org/WebPageElement>"
        ],
        "count": 503.0
    },
    {
        "pset": [
            "<schema.org/mainContentOfPage>",
            "isa:<schema.org/WebPage>",
            "isa:<schema.org/WebPageElement>"
        ],
        "count": 490.0
    },
    {
        "pset": [
            "<schema.org/accessMode>",
            "<schema.org/accessModeSufficient>",
            "<schema.org/author>",
            "<schema.org/copyrightHolder>",
            "<schema.org/copyrightYear>",
            "<schema.org/creator>",
            "<schema.org/cssSelector>",
            "<schema.org/datePublished>",
            "<schema.org/description>",
            "<schema.org/fileFormat>",
            "<schema.org/image>",
            "<schema.org/inLanguage>",
            "<schema.org/interactivityType>",
            "<schema.org/isAccessibleForFree>",
            "<schema.org/isFamilyFriendly>",
            "<schema.org/isPartOf>",
            "<schema.org/keywords>",
            "<schema.org/locationCreated>",
            "<schema.org/name>",
            "<schema.org/producer>",
            "<schema.org/provider>",
            "<schema.org/publisher>",
            "<schema.org/publishingPrinciples>",
            "<schema.org/subjectOf>",
            "<schema.org/text>",
            "<schema.org/thumbnailUrl>",
            "<schema.org/translator>",
            "<schema.org/typicalAgeRange>",
            "<schema.org/url>",
            "isa:<schema.org/WebPageElement>"
        ],
        "count": 451.0
    },
    {
        "pset": [
            "<schema.org/description>",
            "<schema.org/name>",
            "isa:<schema.org/WebPageElement>"
        ],
        "count": 404.0
    },
    {
        "pset": [
            "<schema.org/isBasedOn>",
            "isa:<schema.org/WebPageElement>"
        ],
        "count": 357.0
    },
    {
        "pset": [
            "<schema.org/author>",
            "<schema.org/url>",
            "isa:<schema.org/WebPageElement>"
        ],
        "count": 328.0
    },
    {
        "pset": [
            "<schema.org/datePublished>",
            "<schema.org/description>",
            "<schema.org/headline>",
            "<schema.org/text>",
            "isa:<schema.org/WebPageElement>"
        ],
        "count": 324.0
    },
    {
        "pset": [
            "<schema.org/image>",
            "<schema.org/name>",
            "<schema.org/url>",
            "isa:<schema.org/WebPageElement>"
        ],
        "count": 317.0
    },
    {
        "pset": [
            "<schema.org/mainEntityOfPage>",
            "isa:<schema.org/WebPageElement>"
        ],
        "count": 314.0
    },
    {
        "pset": [
            "<schema.org/mainEntity>",
            "<schema.org/name>",
            "<schema.org/position>",
            "isa:<schema.org/WebPageElement>"
        ],
        "count": 280.0
    },
    {
        "pset": [
            "<schema.org/Headline>",
            "<schema.org/copyrightYear>",
            "<schema.org/description>",
            "<schema.org/isFamilyFriendly>",
            "<schema.org/url>",
            "isa:<schema.org/WebPageElement>"
        ],
        "count": 256.0
    },
    {
        "pset": [
            "<schema.org/description>",
            "<schema.org/headline>",
            "<schema.org/image>",
            "<schema.org/url>",
            "isa:<schema.org/WebPageElement>"
        ],
        "count": 255.0
    },
    {
        "pset": [
            "<schema.org/datePublished>",
            "<schema.org/isAccessibleForFree>",
            "<schema.org/name>",
            "<schema.org/url>",
            "isa:<schema.org/WebPageElement>"
        ],
        "count": 251.0
    },
    {
        "pset": [
            "<schema.org/alternativeHeadline>",
            "<schema.org/headline>",
            "<schema.org/name>",
            "isa:<schema.org/WebPageElement>"
        ],
        "count": 245.0
    },
    {
        "pset": [
            "<schema.org/isBasedOn>",
            "<schema.org/keywords>",
            "isa:<schema.org/WebPageElement>"
        ],
        "count": 176.0
    },
    {
        "pset": [
            "<schema.org/additionalType>",
            "<schema.org/dateModified>",
            "<schema.org/itemListElement>",
            "<schema.org/numberOfItems>",
            "isa:<schema.org/ItemList>",
            "isa:<schema.org/WebPageElement>"
        ],
        "count": 173.0
    },
    {
        "pset": [
            "<schema.org/headline>",
            "<schema.org/mainEntity>",
            "isa:<schema.org/WebPageElement>"
        ],
        "count": 147.0
    },
    {
        "pset": [
            "<schema.org/name>",
            "<schema.org/text>",
            "isa:<schema.org/WebPageElement>"
        ],
        "count": 123.0
    },
    {
        "pset": [
            "<schema.org/description>",
            "<schema.org/image>",
            "<schema.org/name>",
            "<schema.org/url>",
            "isa:<schema.org/WebPageElement>"
        ],
        "count": 119.0
    },
    {
        "pset": [
            "<schema.org/name>",
            "<schema.org/position>",
            "<schema.org/url>",
            "isa:<schema.org/WebPageElement>"
        ],
        "count": 116.0
    },
    {
        "pset": [
            "<schema.org/hasPart>",
            "<schema.org/name>",
            "isa:<schema.org/WebPage>",
            "isa:<schema.org/WebPageElement>"
        ],
        "count": 115.0
    },
    {
        "pset": [
            "<schema.org/description>",
            "<schema.org/headline>",
            "isa:<schema.org/WebPageElement>"
        ],
        "count": 110.0
    },
    {
        "pset": [
            "<schema.org/datePublished>",
            "<schema.org/isAccessibleForFree>",
            "<schema.org/url>",
            "isa:<schema.org/WebPageElement>"
        ],
        "count": 106.0
    },
    {
        "pset": [
            "<schema.org/alternativeHeadline>",
            "<schema.org/headline>",
            "<schema.org/name>",
            "<schema.org/position>",
            "isa:<schema.org/WebPageElement>"
        ],
        "count": 105.0
    },
    {
        "pset": [
            "<schema.org/image>",
            "<schema.org/text>",
            "isa:<schema.org/WebPageElement>"
        ],
        "count": 104.0
    },
    {
        "pset": [
            "<schema.org/author>",
            "<schema.org/cssSelector>",
            "isa:<schema.org/WebPageElement>"
        ],
        "count": 93.0
    },
    {
        "pset": [
            "<schema.org/cssSelector>",
            "<schema.org/description>",
            "<schema.org/name>",
            "isa:<schema.org/WebPageElement>"
        ],
        "count": 88.0
    },
    {
        "pset": [
            "<schema.org/copyrightYear>",
            "<schema.org/description>",
            "<schema.org/fileFormat>",
            "<schema.org/headline>",
            "<schema.org/keywords>",
            "<schema.org/mainEntityOfPage>",
            "isa:<schema.org/WebPageElement>"
        ],
        "count": 82.0
    },
    {
        "pset": [
            "<schema.org/cssSelector>",
            "<schema.org/url>",
            "isa:<schema.org/WebPageElement>"
        ],
        "count": 80.0
    },
    {
        "pset": [
            "<schema.org/headline>",
            "<schema.org/identifier>",
            "<schema.org/text>",
            "isa:<schema.org/WebPageElement>"
        ],
        "count": 76.0
    },
    {
        "pset": [
            "<schema.org/identifier>",
            "<schema.org/text>",
            "isa:<schema.org/WebPageElement>"
        ],
        "count": 70.0
    },
    {
        "pset": [
            "<schema.org/cssSelector>",
            "<schema.org/hasPart>",
            "<schema.org/isAccessibleForFree>",
            "isa:<schema.org/WebPageElement>"
        ],
        "count": 66.0
    },
    {
        "pset": [
            "<schema.org/description>",
            "<schema.org/keywords>",
            "isa:<schema.org/WebPageElement>"
        ],
        "count": 62.0
    },
    {
        "pset": [
            "<schema.org/potentialAction>",
            "isa:<schema.org/WebPageElement>"
        ],
        "count": 53.0
    },
    {
        "pset": [
            "<schema.org/headline>",
            "<schema.org/mainEntity>",
            "<schema.org/url>",
            "isa:<schema.org/WebPageElement>"
        ],
        "count": 48.0
    },
    {
        "pset": [
            "<schema.org/author>",
            "<schema.org/hasPart>",
            "<schema.org/isAccessibleForFree>",
            "<schema.org/name>",
            "<schema.org/publisher>",
            "<schema.org/url>",
            "isa:<schema.org/Person>",
            "isa:<schema.org/WebPage>",
            "isa:<schema.org/WebPageElement>",
            "isa:<schema.org/WebSite>"
        ],
        "count": 46.0
    },
    {
        "pset": [
            "<schema.org/keywords>",
            "isa:<schema.org/WebPageElement>"
        ],
        "count": 44.0
    },
    {
        "pset": [
            "<schema.org/image>",
            "<schema.org/name>",
            "<schema.org/subjectOf>",
            "isa:<schema.org/WebPageElement>"
        ],
        "count": 43.0
    },
    {
        "pset": [
            "<schema.org/description>",
            "<schema.org/isAccessibleForFree>",
            "<schema.org/name>",
            "isa:<schema.org/WebPageElement>"
        ],
        "count": 41.0
    },
    {
        "pset": [
            "<schema.org/cssSelector>",
            "<schema.org/isAccessibleForFree>",
            "<schema.org/logo>",
            "<schema.org/name>",
            "<schema.org/sameAs>",
            "<schema.org/url>",
            "isa:<schema.org/Organization>",
            "isa:<schema.org/WebPageElement>"
        ],
        "count": 39.0
    },
    {
        "pset": [
            "<schema.org/hasPart>",
            "<schema.org/isAccessibleForFree>",
            "isa:<schema.org/WebPageElement>"
        ],
        "count": 38.0
    },
    {
        "pset": [
            "<schema.org/headline>",
            "<schema.org/name>",
            "isa:<schema.org/WebPageElement>"
        ],
        "count": 37.0
    },
    {
        "pset": [
            "<schema.org/alternativeHeadline>",
            "<schema.org/headline>",
            "<schema.org/name>",
            "<schema.org/potentialAction>",
            "isa:<schema.org/WebPageElement>"
        ],
        "count": 35.0
    },
    {
        "pset": [
            "<schema.org/description>",
            "<schema.org/headline>",
            "<schema.org/isAccessibleForFree>",
            "<schema.org/isFamilyFriendly>",
            "<schema.org/mainEntityOfPage>",
            "<schema.org/name>",
            "isa:<schema.org/WebPageElement>"
        ],
        "count": 32.0
    },
    {
        "pset": [
            "<schema.org/image>",
            "<schema.org/url>",
            "isa:<schema.org/WebPageElement>"
        ],
        "count": 31.0
    },
    {
        "pset": [
            "<schema.org/datePublished>",
            "<schema.org/isAccessibleForFree>",
            "<schema.org/name>",
            "<schema.org/sameAs>",
            "<schema.org/url>",
            "isa:<schema.org/WebPageElement>"
        ],
        "count": 24.0
    },
    {
        "pset": [
            "<schema.org/isAccessibleForFree>",
            "<schema.org/publisher>",
            "isa:<schema.org/WebPageElement>"
        ],
        "count": 24.0
    },
    {
        "pset": [
            "<schema.org/about>",
            "<schema.org/keywords>",
            "<schema.org/url>",
            "isa:<schema.org/WebPageElement>"
        ],
        "count": 21.0
    },
    {
        "pset": [
            "<schema.org/additionalType>",
            "<schema.org/contentLocation>",
            "<schema.org/dateModified>",
            "isa:<schema.org/WebPageElement>"
        ],
        "count": 21.0
    },
    {
        "pset": [
            "<schema.org/description>",
            "<schema.org/image>",
            "<schema.org/url>",
            "isa:<schema.org/WebPageElement>"
        ],
        "count": 21.0
    },
    {
        "pset": [
            "<schema.org/headline>",
            "<schema.org/image>",
            "<schema.org/name>",
            "<schema.org/url>",
            "isa:<schema.org/WebPageElement>"
        ],
        "count": 20.0
    },
    {
        "pset": [
            "<schema.org/author>",
            "<schema.org/mainEntityOfPage>",
            "<schema.org/name>",
            "isa:<schema.org/WebPageElement>"
        ],
        "count": 18.0
    },
    {
        "pset": [
            "<schema.org/cssSelector>",
            "<schema.org/isFamilyFriendly>",
            "isa:<schema.org/WebPageElement>"
        ],
        "count": 15.0
    },
    {
        "pset": [
            "<schema.org/isAccessibleForFree>",
            "<schema.org/logo>",
            "<schema.org/name>",
            "<schema.org/publisher>",
            "<schema.org/url>",
            "isa:<schema.org/Organization>",
            "isa:<schema.org/WebPageElement>",
            "isa:<schema.org/WebSite>"
        ],
        "count": 15.0
    },
    {
        "pset": [
            "<schema.org/hasPart>",
            "<schema.org/name>",
            "isa:<schema.org/WebPageElement>"
        ],
        "count": 13.0
    },
    {
        "pset": [
            "<schema.org/headline>",
            "isa:<schema.org/WebPageElement>"
        ],
        "count": 13.0
    },
    {
        "pset": [
            "<schema.org/description>",
            "<schema.org/isAccessibleForFree>",
            "<schema.org/name>",
            "<schema.org/publisher>",
            "isa:<schema.org/WebPage>",
            "isa:<schema.org/WebPageElement>"
        ],
        "count": 13.0
    },
    {
        "pset": [
            "<schema.org/inLanguage>",
            "isa:<schema.org/WebPageElement>"
        ],
        "count": 13.0
    },
    {
        "pset": [
            "<schema.org/headline>",
            "<schema.org/image>",
            "<schema.org/name>",
            "<schema.org/review>",
            "<schema.org/url>",
            "isa:<schema.org/WebPageElement>"
        ],
        "count": 10.0
    },
    {
        "pset": [
            "<schema.org/breadcrumb>",
            "isa:<schema.org/WebPage>",
            "isa:<schema.org/WebPageElement>"
        ],
        "count": 10.0
    },
    {
        "pset": [
            "<schema.org/description>",
            "<schema.org/headline>",
            "<schema.org/image>",
            "isa:<schema.org/WebPageElement>"
        ],
        "count": 9.0
    },
    {
        "pset": [
            "<schema.org/description>",
            "<schema.org/keywords>",
            "<schema.org/name>",
            "isa:<schema.org/WebPageElement>"
        ],
        "count": 9.0
    },
    {
        "pset": [
            "<schema.org/headline>",
            "<schema.org/image>",
            "<schema.org/url>",
            "isa:<schema.org/WebPageElement>"
        ],
        "count": 9.0
    },
    {
        "pset": [
            "<schema.org/about>",
            "<schema.org/description>",
            "<schema.org/headline>",
            "<schema.org/image>",
            "<schema.org/name>",
            "<schema.org/subjectOf>",
            "<schema.org/text>",
            "isa:<schema.org/WebPageElement>"
        ],
        "count": 8.0
    },
    {
        "pset": [
            "<schema.org/about>",
            "<schema.org/image>",
            "<schema.org/isPartOf>",
            "<schema.org/sameAs>",
            "isa:<schema.org/WebPageElement>"
        ],
        "count": 8.0
    },
    {
        "pset": [
            "<schema.org/author>",
            "<schema.org/description>",
            "<schema.org/hasPart>",
            "<schema.org/isAccessibleForFree>",
            "<schema.org/name>",
            "<schema.org/publisher>",
            "<schema.org/url>",
            "isa:<schema.org/Person>",
            "isa:<schema.org/WebPage>",
            "isa:<schema.org/WebPageElement>",
            "isa:<schema.org/WebSite>"
        ],
        "count": 8.0
    },
    {
        "pset": [
            "<schema.org/accessMode>",
            "<schema.org/accessModeSufficient>",
            "<schema.org/author>",
            "<schema.org/copyrightHolder>",
            "<schema.org/copyrightYear>",
            "<schema.org/creator>",
            "<schema.org/cssSelector>",
            "<schema.org/datePublished>",
            "<schema.org/description>",
            "<schema.org/fileFormat>",
            "<schema.org/image>",
            "<schema.org/inLanguage>",
            "<schema.org/interactivityType>",
            "<schema.org/isAccessibleForFree>",
            "<schema.org/isFamilyFriendly>",
            "<schema.org/isPartOf>",
            "<schema.org/keywords>",
            "<schema.org/locationCreated>",
            "<schema.org/name>",
            "<schema.org/producer>",
            "<schema.org/provider>",
            "<schema.org/publisher>",
            "<schema.org/publishingPrinciples>",
            "<schema.org/sourceOrganization>",
            "<schema.org/subjectOf>",
            "<schema.org/text>",
            "<schema.org/thumbnailUrl>",
            "<schema.org/translator>",
            "<schema.org/typicalAgeRange>",
            "<schema.org/url>",
            "isa:<schema.org/WebPageElement>"
        ],
        "count": 8.0
    },
    {
        "pset": [
            "<schema.org/headline>",
            "<schema.org/image>",
            "<schema.org/text>",
            "isa:<schema.org/WebPageElement>"
        ],
        "count": 7.0
    },
    {
        "pset": [
            "<schema.org/description>",
            "isa:<schema.org/WebPageElement>"
        ],
        "count": 7.0
    },
    {
        "pset": [
            "<schema.org/description>",
            "<schema.org/name>",
            "<schema.org/text>",
            "<schema.org/url>",
            "isa:<schema.org/WebPageElement>"
        ],
        "count": 7.0
    },
    {
        "pset": [
            "<schema.org/Image>",
            "isa:<schema.org/WebPageElement>"
        ],
        "count": 5.0
    },
    {
        "pset": [
            "<schema.org/about>",
            "<schema.org/cssSelector>",
            "<schema.org/description>",
            "<schema.org/name>",
            "<schema.org/url>",
            "isa:<schema.org/WebPageElement>"
        ],
        "count": 4.0
    },
    {
        "pset": [
            "<schema.org/description>",
            "<schema.org/headline>",
            "<schema.org/name>",
            "<schema.org/url>",
            "isa:<schema.org/WebPageElement>"
        ],
        "count": 4.0
    },
    {
        "pset": [
            "<schema.org/image>",
            "<schema.org/potentialAction>",
            "isa:<schema.org/WebPageElement>"
        ],
        "count": 4.0
    },
    {
        "pset": [
            "<schema.org/about>",
            "<schema.org/text>",
            "isa:<schema.org/WebPageElement>"
        ],
        "count": 4.0
    },
    {
        "pset": [
            "<schema.org/description>",
            "<schema.org/headline>",
            "<schema.org/mainEntity>",
            "isa:<schema.org/WebPageElement>"
        ],
        "count": 4.0
    },
    {
        "pset": [
            "<schema.org/name>",
            "<schema.org/text>",
            "<schema.org/url>",
            "isa:<schema.org/WebPageElement>"
        ],
        "count": 3.0
    },
    {
        "pset": [
            "<schema.org/description>",
            "<schema.org/isAccessibleForFree>",
            "<schema.org/name>",
            "<schema.org/potentialAction>",
            "<schema.org/timeRequired>",
            "isa:<schema.org/WebPageElement>"
        ],
        "count": 3.0
    },
    {
        "pset": [
            "<schema.org/datePublished>",
            "<schema.org/isAccessibleForFree>",
            "<schema.org/name>",
            "isa:<schema.org/WebPageElement>"
        ],
        "count": 3.0
    },
    {
        "pset": [
            "<schema.org/potentialAction>",
            "<schema.org/text>",
            "isa:<schema.org/WebPageElement>"
        ],
        "count": 3.0
    },
    {
        "pset": [
            "<schema.org/image>",
            "<schema.org/name>",
            "isa:<schema.org/WebPageElement>"
        ],
        "count": 3.0
    },
    {
        "pset": [
            "<schema.org/alternateName>",
            "<schema.org/description>",
            "<schema.org/image>",
            "<schema.org/name>",
            "<schema.org/url>",
            "isa:<schema.org/WebPageElement>"
        ],
        "count": 3.0
    },
    {
        "pset": [
            "<schema.org/about>",
            "<schema.org/citation>",
            "<schema.org/image>",
            "<schema.org/potentialAction>",
            "isa:<schema.org/WebPageElement>"
        ],
        "count": 3.0
    },
    {
        "pset": [
            "<schema.org/description>",
            "<schema.org/headline>",
            "<schema.org/mainEntity>",
            "<schema.org/name>",
            "<schema.org/url>",
            "isa:<schema.org/WebPageElement>"
        ],
        "count": 3.0
    },
    {
        "pset": [
            "<schema.org/citation>",
            "<schema.org/potentialAction>",
            "<schema.org/text>",
            "isa:<schema.org/WebPageElement>"
        ],
        "count": 3.0
    },
    {
        "pset": [
            "<schema.org/headline>",
            "<schema.org/mainEntityOfPage>",
            "isa:<schema.org/WebPageElement>"
        ],
        "count": 3.0
    },
    {
        "pset": [
            "<schema.org/copyrightYear>",
            "<schema.org/datePublished>",
            "<schema.org/description>",
            "<schema.org/keywords>",
            "<schema.org/mainEntityOfPage>",
            "isa:<schema.org/WebPageElement>"
        ],
        "count": 3.0
    },
    {
        "pset": [
            "<schema.org/isAccessibleForFree>",
            "<schema.org/name>",
            "<schema.org/url>",
            "isa:<schema.org/Person>",
            "isa:<schema.org/WebPageElement>"
        ],
        "count": 3.0
    },
    {
        "pset": [
            "<schema.org/about>",
            "<schema.org/potentialAction>",
            "isa:<schema.org/WebPageElement>"
        ],
        "count": 3.0
    },
    {
        "pset": [
            "<schema.org/image>",
            "<schema.org/potentialAction>",
            "<schema.org/text>",
            "isa:<schema.org/WebPageElement>"
        ],
        "count": 2.0
    },
    {
        "pset": [
            "<schema.org/citation>",
            "<schema.org/potentialAction>",
            "isa:<schema.org/WebPageElement>"
        ],
        "count": 2.0
    },
    {
        "pset": [
            "<schema.org/description>",
            "<schema.org/hasPart>",
            "<schema.org/isAccessibleForFree>",
            "isa:<schema.org/WebPageElement>"
        ],
        "count": 2.0
    },
    {
        "pset": [
            "<schema.org/description>",
            "<schema.org/headline>",
            "<schema.org/url>",
            "isa:<schema.org/WebPageElement>"
        ],
        "count": 2.0
    },
    {
        "pset": [
            "<schema.org/about>",
            "<schema.org/citation>",
            "<schema.org/potentialAction>",
            "isa:<schema.org/WebPageElement>"
        ],
        "count": 2.0
    },
    {
        "pset": [
            "<schema.org/name>",
            "<schema.org/subjectOf>",
            "<schema.org/text>",
            "isa:<schema.org/WebPageElement>"
        ],
        "count": 2.0
    },
    {
        "pset": [
            "<schema.org/description>",
            "<schema.org/name>",
            "<schema.org/text>",
            "isa:<schema.org/WebPageElement>"
        ],
        "count": 2.0
    },
    {
        "pset": [
            "<schema.org/author>",
            "<schema.org/cssSelector>",
            "<schema.org/description>",
            "<schema.org/isAccessibleForFree>",
            "<schema.org/logo>",
            "<schema.org/name>",
            "<schema.org/publisher>",
            "<schema.org/sameAs>",
            "<schema.org/url>",
            "isa:<schema.org/Organization>",
            "isa:<schema.org/WebPageElement>",
            "isa:<schema.org/WebSite>"
        ],
        "count": 2.0
    },
    {
        "pset": [
            "<schema.org/audience>",
            "<schema.org/author>",
            "<schema.org/copyrightHolder>",
            "<schema.org/creator>",
            "<schema.org/dateCreated>",
            "<schema.org/dateModified>",
            "<schema.org/datePublished>",
            "<schema.org/description>",
            "<schema.org/headline>",
            "<schema.org/identifier>",
            "<schema.org/image>",
            "<schema.org/inLanguage>",
            "<schema.org/isAccessibleForFree>",
            "<schema.org/isFamilyFriendly>",
            "<schema.org/license>",
            "<schema.org/mainEntityOfPage>",
            "<schema.org/name>",
            "<schema.org/publisher>",
            "<schema.org/speakable>",
            "<schema.org/typicalAgeRange>",
            "<schema.org/url>",
            "isa:<schema.org/Article>",
            "isa:<schema.org/WebPageElement>"
        ],
        "count": 2.0
    },
    {
        "pset": [
            "<schema.org/cssSelector>",
            "<schema.org/name>",
            "isa:<schema.org/WebPageElement>"
        ],
        "count": 2.0
    },
    {
        "pset": [
            "<schema.org/cssSelector>",
            "<schema.org/headline>",
            "isa:<schema.org/WebPageElement>"
        ],
        "count": 2.0
    },
    {
        "pset": [
            "<schema.org/alternativeHeadline>",
            "<schema.org/awards>",
            "isa:<schema.org/WebPageElement>"
        ],
        "count": 2.0
    },
    {
        "pset": [
            "<schema.org/description>",
            "<schema.org/keywords>",
            "<schema.org/mainEntityOfPage>",
            "isa:<schema.org/WebPageElement>"
        ],
        "count": 2.0
    },
    {
        "pset": [
            "<schema.org/image>",
            "isa:<schema.org/WebPageElement>"
        ],
        "count": 2.0
    },
    {
        "pset": [
            "<schema.org/breadcrumb>",
            "<schema.org/description>",
            "<schema.org/name>",
            "isa:<schema.org/WebPage>",
            "isa:<schema.org/WebPageElement>"
        ],
        "count": 2.0
    },
    {
        "pset": [
            "<schema.org/description>",
            "<schema.org/headline>",
            "<schema.org/image>",
            "<schema.org/name>",
            "isa:<schema.org/WebPageElement>"
        ],
        "count": 2.0
    },
    {
        "pset": [
            "<schema.org/video>",
            "isa:<schema.org/WebPageElement>"
        ],
        "count": 2.0
    },
    {
        "pset": [
            "<schema.org/alternativeHeadline>",
            "<schema.org/description>",
            "<schema.org/headline>",
            "<schema.org/image>",
            "<schema.org/url>",
            "isa:<schema.org/WebPageElement>"
        ],
        "count": 2.0
    },
    {
        "pset": [
            "<schema.org/Headline>",
            "<schema.org/copyrightYear>",
            "<schema.org/description>",
            "<schema.org/isFamilyFriendly>",
            "<schema.org/keywords>",
            "<schema.org/url>",
            "isa:<schema.org/WebPageElement>"
        ],
        "count": 2.0
    },
    {
        "pset": [
            "<schema.org/author>",
            "<schema.org/hasPart>",
            "<schema.org/inLanguage>",
            "<schema.org/isAccessibleForFree>",
            "<schema.org/name>",
            "<schema.org/publisher>",
            "isa:<schema.org/CollectionPage>",
            "isa:<schema.org/WebPageElement>"
        ],
        "count": 1.0
    },
    {
        "pset": [
            "<schema.org/mainEntityofPage>",
            "isa:<schema.org/WebPageElement>"
        ],
        "count": 1.0
    },
    {
        "pset": [
            "<schema.org/itemListElement>",
            "<schema.org/name>",
            "<schema.org/numberOfItems>",
            "<schema.org/url>",
            "isa:<schema.org/ItemList>",
            "isa:<schema.org/WebPageElement>"
        ],
        "count": 1.0
    },
    {
        "pset": [
            "<schema.org/headline>",
            "<schema.org/image>",
            "<schema.org/name>",
            "isa:<schema.org/WebPageElement>"
        ],
        "count": 1.0
    },
    {
        "pset": [
            "<schema.org/about>",
            "<schema.org/mainEntity>",
            "<schema.org/potentialAction>",
            "isa:<schema.org/WebPageElement>"
        ],
        "count": 1.0
    },
    {
        "pset": [
            "<schema.org/name>",
            "<schema.org/text>",
            "isa:<schema.org/WebPage>",
            "isa:<schema.org/WebPageElement>"
        ],
        "count": 1.0
    },
    {
        "pset": [
            "<schema.org/availableLanguage>",
            "<schema.org/contactOption>",
            "<schema.org/contactType>",
            "<schema.org/description>",
            "<schema.org/email>",
            "<schema.org/name>",
            "<schema.org/publisher>",
            "<schema.org/telephone>",
            "<schema.org/url>",
            "isa:<schema.org/ContactPoint>",
            "isa:<schema.org/WebPageElement>"
        ],
        "count": 1.0
    },
    {
        "pset": [
            "<schema.org/about>",
            "<schema.org/image>",
            "<schema.org/text>",
            "isa:<schema.org/WebPageElement>"
        ],
        "count": 1.0
    },
    {
        "pset": [
            "<schema.org/alternativeHeadline>",
            "<schema.org/cssSelector>",
            "<schema.org/headline>",
            "<schema.org/keywords>",
            "<schema.org/mainEntityOfPage>",
            "<schema.org/name>",
            "isa:<schema.org/WebPageElement>"
        ],
        "count": 1.0
    },
    {
        "pset": [
            "<schema.org/headline>",
            "<schema.org/image>",
            "isa:<schema.org/WebPageElement>"
        ],
        "count": 1.0
    },
    {
        "pset": [
            "<schema.org/author>",
            "<schema.org/dateModified>",
            "<schema.org/datePublished>",
            "<schema.org/description>",
            "<schema.org/headline>",
            "<schema.org/image>",
            "<schema.org/mainEntityOfPage>",
            "<schema.org/publisher>",
            "<schema.org/relatedLink>",
            "<schema.org/significantLink>",
            "<schema.org/specialty>",
            "<schema.org/url>",
            "isa:<schema.org/Article>",
            "isa:<schema.org/WebPageElement>"
        ],
        "count": 1.0
    },
    {
        "pset": [
            "<schema.org/headline>",
            "<schema.org/image>",
            "<schema.org/mainEntity>",
            "isa:<schema.org/WebPageElement>"
        ],
        "count": 1.0
    },
    {
        "pset": [
            "<schema.org/image>",
            "<schema.org/name>",
            "<schema.org/subjectOf>",
            "<schema.org/text>",
            "isa:<schema.org/WebPageElement>"
        ],
        "count": 1.0
    },
    {
        "pset": [
            "<schema.org/datePublished>",
            "<schema.org/description>",
            "<schema.org/discussionUrl>",
            "<schema.org/isAccessibleForFree>",
            "<schema.org/isFamilyFriendly>",
            "<schema.org/keywords>",
            "isa:<schema.org/WebPageElement>"
        ],
        "count": 1.0
    },
    {
        "pset": [
            "<schema.org/alternateName>",
            "<schema.org/description>",
            "<schema.org/keywords>",
            "<schema.org/mainEntityOfPage>",
            "<schema.org/name>",
            "isa:<schema.org/WebPageElement>"
        ],
        "count": 1.0
    },
    {
        "pset": [
            "<schema.org/mainEntityofPage>",
            "<schema.org/sameAs>",
            "isa:<schema.org/WebPageElement>"
        ],
        "count": 1.0
    },
    {
        "pset": [
            "<schema.org/description>",
            "<schema.org/headline>",
            "<schema.org/mainEntity>",
            "<schema.org/name>",
            "isa:<schema.org/WebPageElement>"
        ],
        "count": 1.0
    },
    {
        "pset": [
            "<schema.org/alternativeHeadline>",
            "isa:<schema.org/WebPageElement>"
        ],
        "count": 1.0
    },
    {
        "pset": [
            "<schema.org/about>",
            "<schema.org/citation>",
            "isa:<schema.org/WebPageElement>"
        ],
        "count": 1.0
    },
    {
        "pset": [
            "<schema.org/about>",
            "<schema.org/mainEntity>",
            "<schema.org/name>",
            "<schema.org/text>",
            "isa:<schema.org/WebPageElement>"
        ],
        "count": 1.0
    },
    {
        "pset": [
            "<schema.org/cssSelector>",
            "<schema.org/mainEntity>",
            "isa:<schema.org/WebPageElement>"
        ],
        "count": 1.0
    },
    {
        "pset": [
            "<schema.org/aggregateRating>",
            "<schema.org/author>",
            "<schema.org/description>",
            "<schema.org/image>",
            "<schema.org/isAccessibleForFree>",
            "<schema.org/name>",
            "<schema.org/url>",
            "<schema.org/workExample>",
            "isa:<schema.org/Book>",
            "isa:<schema.org/WebPageElement>"
        ],
        "count": 1.0
    },
    {
        "pset": [
            "<schema.org/about>",
            "<schema.org/abstract>",
            "<schema.org/copyrightHolder>",
            "<schema.org/inLanguage>",
            "<schema.org/isFamilyFriendly>",
            "<schema.org/keywords>",
            "isa:<schema.org/WebPageElement>"
        ],
        "count": 1.0
    },
    {
        "pset": [
            "<schema.org/alternativeHeadline>",
            "<schema.org/cssSelector>",
            "<schema.org/headline>",
            "<schema.org/image>",
            "<schema.org/isPartOf>",
            "<schema.org/keywords>",
            "<schema.org/name>",
            "<schema.org/url>",
            "isa:<schema.org/WebPageElement>"
        ],
        "count": 1.0
    },
    {
        "pset": [
            "<schema.org/description>",
            "<schema.org/text>",
            "isa:<schema.org/WebPageElement>"
        ],
        "count": 1.0
    },
    {
        "pset": [
            "<schema.org/alternativeHeadline>",
            "<schema.org/headline>",
            "<schema.org/keywords>",
            "<schema.org/position>",
            "isa:<schema.org/WebPageElement>"
        ],
        "count": 1.0
    },
    {
        "pset": [
            "<schema.org/cssSelector>",
            "<schema.org/isAccessibleForFree>",
            "<schema.org/video>",
            "isa:<schema.org/WebPageElement>"
        ],
        "count": 1.0
    },
    {
        "pset": [
            "<schema.org/about>",
            "<schema.org/image>",
            "<schema.org/offers>",
            "<schema.org/potentialAction>",
            "<schema.org/text>",
            "isa:<schema.org/WebPageElement>"
        ],
        "count": 1.0
    },
    {
        "pset": [
            "<schema.org/about>",
            "<schema.org/headline>",
            "<schema.org/text>",
            "isa:<schema.org/WebPageElement>"
        ],
        "count": 1.0
    },
    {
        "pset": [
            "<schema.org/description>",
            "<schema.org/headline>",
            "<schema.org/name>",
            "isa:<schema.org/WebPageElement>"
        ],
        "count": 1.0
    },
    {
        "pset": [
            "<schema.org/Image>",
            "<schema.org/headline>",
            "<schema.org/name>",
            "isa:<schema.org/WebPageElement>"
        ],
        "count": 1.0
    },
    {
        "pset": [
            "<schema.org/about>",
            "<schema.org/contentLocation>",
            "<schema.org/description>",
            "<schema.org/isFamilyFriendly>",
            "<schema.org/keywords>",
            "<schema.org/url>",
            "isa:<schema.org/WebPageElement>"
        ],
        "count": 1.0
    },
    {
        "pset": [
            "<schema.org/citation>",
            "<schema.org/image>",
            "<schema.org/potentialAction>",
            "<schema.org/text>",
            "isa:<schema.org/WebPageElement>"
        ],
        "count": 1.0
    },
    {
        "pset": [
            "<schema.org/description>",
            "<schema.org/isAccessibleForFree>",
            "<schema.org/name>",
            "<schema.org/potentialAction>",
            "isa:<schema.org/WebPageElement>"
        ],
        "count": 1.0
    },
    {
        "pset": [
            "<schema.org/citation>",
            "<schema.org/image>",
            "<schema.org/potentialAction>",
            "isa:<schema.org/WebPageElement>"
        ],
        "count": 1.0
    }
]