[
    {
        "pset": [
            "<schema.org/applicationDeadline>",
            "<schema.org/applicationStartDate>",
            "<schema.org/description>",
            "<schema.org/name>",
            "<schema.org/occupationalCategory>",
            "<schema.org/provider>",
            "<schema.org/trainingSalary>",
            "isa:<schema.org/WorkBasedProgram>"
        ],
        "count": 25.0
    },
    {
        "pset": [
            "<schema.org/description>",
            "<schema.org/name>",
            "<schema.org/provider>",
            "<schema.org/startDate>",
            "isa:<schema.org/WorkBasedProgram>"
        ],
        "count": 17.0
    },
    {
        "pset": [
            "<schema.org/description>",
            "<schema.org/identifier>",
            "<schema.org/name>",
            "<schema.org/occupationalCategory>",
            "<schema.org/occupationalCredentialAwarded>",
            "<schema.org/provider>",
            "<schema.org/timeToComplete>",
            "isa:<schema.org/WorkBasedProgram>"
        ],
        "count": 9.0
    },
    {
        "pset": [
            "<schema.org/applicationDeadline>",
            "<schema.org/applicationStartDate>",
            "<schema.org/description>",
            "<schema.org/name>",
            "<schema.org/occupationalCategory>",
            "<schema.org/provider>",
            "isa:<schema.org/WorkBasedProgram>"
        ],
        "count": 6.0
    },
    {
        "pset": [
            "<schema.org/aggregateRating>",
            "<schema.org/name>",
            "isa:<schema.org/WorkBasedProgram>"
        ],
        "count": 3.0
    },
    {
        "pset": [
            "<schema.org/applicationDeadline>",
            "<schema.org/applicationStartDate>",
            "<schema.org/description>",
            "<schema.org/endDate>",
            "<schema.org/identifier>",
            "<schema.org/maximumEnrollment>",
            "<schema.org/name>",
            "<schema.org/occupationalCategory>",
            "<schema.org/occupationalCredentialAwarded>",
            "<schema.org/offers>",
            "<schema.org/programPrerequisites>",
            "<schema.org/provider>",
            "<schema.org/salaryUponCompletion>",
            "<schema.org/startDate>",
            "<schema.org/timeToComplete>",
            "<schema.org/trainingSalary>",
            "<schema.org/url>",
            "isa:<schema.org/WorkBasedProgram>"
        ],
        "count": 3.0
    },
    {
        "pset": [
            "<schema.org/description>",
            "<schema.org/name>",
            "<schema.org/occupationalCategory>",
            "<schema.org/occupationalCredentialAwarded>",
            "<schema.org/provider>",
            "<schema.org/salaryUponCompletion>",
            "<schema.org/trainingSalary>",
            "isa:<schema.org/WorkBasedProgram>"
        ],
        "count": 1.0
    },
    {
        "pset": [
            "<schema.org/description>",
            "<schema.org/identifier>",
            "<schema.org/name>",
            "<schema.org/occupationalCredentialAwarded>",
            "<schema.org/offers>",
            "<schema.org/programPrerequisites>",
            "<schema.org/provider>",
            "<schema.org/salaryUponCompletion>",
            "<schema.org/timeToComplete>",
            "<schema.org/trainingSalary>",
            "<schema.org/url>",
            "isa:<schema.org/WorkBasedProgram>"
        ],
        "count": 1.0
    },
    {
        "pset": [
            "<schema.org/description>",
            "<schema.org/image>",
            "<schema.org/name>",
            "<schema.org/occupationalCategory>",
            "<schema.org/potentialAction>",
            "<schema.org/programPrerequisites>",
            "<schema.org/salaryUponCompletion>",
            "<schema.org/timeToComplete>",
            "<schema.org/trainingSalary>",
            "<schema.org/url>",
            "isa:<schema.org/WorkBasedProgram>"
        ],
        "count": 1.0
    }
]