[
    {
        "pset": [
            "<schema.org/copyrightYear>",
            "<schema.org/description>",
            "<schema.org/headline>",
            "<schema.org/url>",
            "isa:<schema.org/WPFooter>"
        ],
        "count": 1147071.0
    },
    {
        "pset": [
            "<schema.org/name>",
            "<schema.org/url>",
            "isa:<schema.org/WPFooter>"
        ],
        "count": 469811.0
    },
    {
        "pset": [
            "<schema.org/description>",
            "<schema.org/headline>",
            "<schema.org/url>",
            "isa:<schema.org/WPFooter>"
        ],
        "count": 345793.0
    },
    {
        "pset": [
            "isa:<schema.org/WPFooter>"
        ],
        "count": 66706.0
    },
    {
        "pset": [
            "<schema.org/copyrightHolder>",
            "<schema.org/copyrightYear>",
            "isa:<schema.org/WPFooter>"
        ],
        "count": 34746.0
    },
    {
        "pset": [
            "<schema.org/copyrightHolder>",
            "<schema.org/copyrightYear>",
            "<schema.org/potentialAction>",
            "<schema.org/publishingPrinciples>",
            "isa:<schema.org/WPFooter>"
        ],
        "count": 21267.0
    },
    {
        "pset": [
            "<schema.org/copyrightYear>",
            "<schema.org/description>",
            "<schema.org/headline>",
            "<schema.org/isPartOf>",
            "isa:<schema.org/WPFooter>"
        ],
        "count": 10720.0
    },
    {
        "pset": [
            "<schema.org/about>",
            "isa:<schema.org/WPFooter>"
        ],
        "count": 9926.0
    },
    {
        "pset": [
            "<schema.org/mainEntityOfPage>",
            "isa:<schema.org/WPFooter>"
        ],
        "count": 9321.0
    },
    {
        "pset": [
            "<schema.org/copyrightYear>",
            "<schema.org/description>",
            "<schema.org/headline>",
            "isa:<schema.org/WPFooter>"
        ],
        "count": 7848.0
    },
    {
        "pset": [
            "<schema.org/cssSelector>",
            "isa:<schema.org/WPFooter>"
        ],
        "count": 6226.0
    },
    {
        "pset": [
            "<schema.org/copyrightHolder>",
            "<schema.org/copyrightYear>",
            "<schema.org/cssSelector>",
            "<schema.org/publisher>",
            "isa:<schema.org/WPFooter>"
        ],
        "count": 4996.0
    },
    {
        "pset": [
            "<schema.org/copyrightYear>",
            "<schema.org/cssSelector>",
            "<schema.org/name>",
            "<schema.org/potentialAction>",
            "<schema.org/url>",
            "isa:<schema.org/SiteNavigationElement>",
            "isa:<schema.org/WPFooter>"
        ],
        "count": 3334.0
    },
    {
        "pset": [
            "<schema.org/url>",
            "isa:<schema.org/WPFooter>"
        ],
        "count": 3271.0
    },
    {
        "pset": [
            "<schema.org/copyrightHolder>",
            "<schema.org/copyrightYear>",
            "<schema.org/description>",
            "<schema.org/keywords>",
            "<schema.org/name>",
            "isa:<schema.org/WPFooter>"
        ],
        "count": 2402.0
    },
    {
        "pset": [
            "<schema.org/copyrightYear>",
            "isa:<schema.org/WPFooter>"
        ],
        "count": 1916.0
    },
    {
        "pset": [
            "<schema.org/copyrightYear>",
            "<schema.org/name>",
            "<schema.org/url>",
            "isa:<schema.org/WPFooter>"
        ],
        "count": 1263.0
    },
    {
        "pset": [
            "isa:<schema.org/Thing>",
            "isa:<schema.org/WPFooter>",
            "isa:<schema.org/WPHeader>"
        ],
        "count": 1182.0
    },
    {
        "pset": [
            "<schema.org/copyrightHolder>",
            "<schema.org/copyrightYear>",
            "<schema.org/name>",
            "isa:<schema.org/WPFooter>"
        ],
        "count": 866.0
    },
    {
        "pset": [
            "<schema.org/description>",
            "<schema.org/name>",
            "<schema.org/url>",
            "isa:<schema.org/WPFooter>"
        ],
        "count": 837.0
    },
    {
        "pset": [
            "isa:<schema.org/WPAdBlock>",
            "isa:<schema.org/WPFooter>",
            "isa:<schema.org/WPHeader>"
        ],
        "count": 831.0
    },
    {
        "pset": [
            "<schema.org/copyrightYear>",
            "<schema.org/cssSelector>",
            "<schema.org/description>",
            "<schema.org/headline>",
            "<schema.org/url>",
            "isa:<schema.org/WPFooter>"
        ],
        "count": 675.0
    },
    {
        "pset": [
            "<schema.org/copyrightHolder>",
            "<schema.org/copyrightYear>",
            "<schema.org/image>",
            "<schema.org/mentions>",
            "<schema.org/name>",
            "<schema.org/url>",
            "isa:<schema.org/WPFooter>"
        ],
        "count": 630.0
    },
    {
        "pset": [
            "<schema.org/copyrightHolder>",
            "<schema.org/copyrightYear>",
            "<schema.org/publisher>",
            "isa:<schema.org/WPFooter>"
        ],
        "count": 586.0
    },
    {
        "pset": [
            "<schema.org/copyrightYear>",
            "<schema.org/headline>",
            "isa:<schema.org/WPFooter>"
        ],
        "count": 583.0
    },
    {
        "pset": [
            "<schema.org/about>",
            "<schema.org/potentialAction>",
            "isa:<schema.org/WPFooter>"
        ],
        "count": 485.0
    },
    {
        "pset": [
            "<schema.org/name>",
            "<schema.org/url>",
            "isa:<schema.org/SiteNavigationElement>",
            "isa:<schema.org/WPFooter>"
        ],
        "count": 480.0
    },
    {
        "pset": [
            "<schema.org/copyrightHolder>",
            "isa:<schema.org/WPFooter>"
        ],
        "count": 472.0
    },
    {
        "pset": [
            "<schema.org/accessMode>",
            "<schema.org/accessModeSufficient>",
            "<schema.org/author>",
            "<schema.org/copyrightHolder>",
            "<schema.org/copyrightYear>",
            "<schema.org/creator>",
            "<schema.org/cssSelector>",
            "<schema.org/datePublished>",
            "<schema.org/description>",
            "<schema.org/fileFormat>",
            "<schema.org/image>",
            "<schema.org/inLanguage>",
            "<schema.org/interactivityType>",
            "<schema.org/isAccessibleForFree>",
            "<schema.org/isFamilyFriendly>",
            "<schema.org/isPartOf>",
            "<schema.org/keywords>",
            "<schema.org/locationCreated>",
            "<schema.org/name>",
            "<schema.org/producer>",
            "<schema.org/provider>",
            "<schema.org/publisher>",
            "<schema.org/publishingPrinciples>",
            "<schema.org/subjectOf>",
            "<schema.org/text>",
            "<schema.org/thumbnailUrl>",
            "<schema.org/translator>",
            "<schema.org/typicalAgeRange>",
            "<schema.org/url>",
            "isa:<schema.org/WPFooter>"
        ],
        "count": 451.0
    },
    {
        "pset": [
            "<schema.org/description>",
            "<schema.org/name>",
            "isa:<schema.org/WPFooter>"
        ],
        "count": 435.0
    },
    {
        "pset": [
            "<schema.org/copyrightHolder>",
            "<schema.org/copyrightYear>",
            "<schema.org/url>",
            "isa:<schema.org/WPFooter>"
        ],
        "count": 298.0
    },
    {
        "pset": [
            "<schema.org/copyrightYear>",
            "<schema.org/creator>",
            "isa:<schema.org/WPFooter>"
        ],
        "count": 298.0
    },
    {
        "pset": [
            "<schema.org/Creator>",
            "<schema.org/Description>",
            "<schema.org/accountablePerson>",
            "<schema.org/copyrightHolder>",
            "<schema.org/copyrightYear>",
            "<schema.org/creativeWorkStatus>",
            "<schema.org/cssSelector>",
            "<schema.org/datePublished>",
            "<schema.org/editor>",
            "<schema.org/headline>",
            "<schema.org/interactionStatistic>",
            "<schema.org/name>",
            "<schema.org/publisher>",
            "<schema.org/sourceOrganization>",
            "<schema.org/typicalAgeRange>",
            "isa:<schema.org/WPFooter>"
        ],
        "count": 295.0
    },
    {
        "pset": [
            "<schema.org/cssSelector>",
            "<schema.org/headline>",
            "<schema.org/name>",
            "<schema.org/url>",
            "isa:<schema.org/SiteNavigationElement>",
            "isa:<schema.org/WPFooter>"
        ],
        "count": 252.0
    },
    {
        "pset": [
            "<schema.org/hasPart>",
            "isa:<schema.org/WPFooter>"
        ],
        "count": 238.0
    },
    {
        "pset": [
            "<schema.org/copyrightYear>",
            "<schema.org/image>",
            "isa:<schema.org/WPFooter>"
        ],
        "count": 226.0
    },
    {
        "pset": [
            "<schema.org/copyrightHolder>",
            "<schema.org/copyrightYear>",
            "<schema.org/description>",
            "<schema.org/headline>",
            "<schema.org/publisher>",
            "<schema.org/url>",
            "isa:<schema.org/WPFooter>"
        ],
        "count": 199.0
    },
    {
        "pset": [
            "<schema.org/name>",
            "isa:<schema.org/WPFooter>"
        ],
        "count": 184.0
    },
    {
        "pset": [
            "<schema.org/description>",
            "<schema.org/headline>",
            "isa:<schema.org/WPFooter>"
        ],
        "count": 180.0
    },
    {
        "pset": [
            "<schema.org/cssSelector>",
            "<schema.org/headline>",
            "<schema.org/name>",
            "<schema.org/potentialAction>",
            "<schema.org/url>",
            "isa:<schema.org/SiteNavigationElement>",
            "isa:<schema.org/WPFooter>"
        ],
        "count": 159.0
    },
    {
        "pset": [
            "isa:<schema.org/WPFooter>",
            "isa:<schema.org/WPHeader>"
        ],
        "count": 142.0
    },
    {
        "pset": [
            "<schema.org/mainEntity>",
            "isa:<schema.org/WPFooter>"
        ],
        "count": 140.0
    },
    {
        "pset": [
            "<schema.org/copyrightHolder>",
            "<schema.org/copyrightYear>",
            "<schema.org/datePublished>",
            "<schema.org/description>",
            "<schema.org/name>",
            "isa:<schema.org/WPFooter>"
        ],
        "count": 107.0
    },
    {
        "pset": [
            "<schema.org/copyrightHolder>",
            "<schema.org/description>",
            "<schema.org/image>",
            "<schema.org/mainEntity>",
            "isa:<schema.org/WPFooter>"
        ],
        "count": 105.0
    },
    {
        "pset": [
            "<schema.org/description>",
            "<schema.org/keywords>",
            "<schema.org/name>",
            "isa:<schema.org/WPFooter>"
        ],
        "count": 84.0
    },
    {
        "pset": [
            "<schema.org/image>",
            "<schema.org/inLanguage>",
            "<schema.org/name>",
            "<schema.org/url>",
            "isa:<schema.org/WPFooter>"
        ],
        "count": 65.0
    },
    {
        "pset": [
            "<schema.org/isPartOf>",
            "isa:<schema.org/WPFooter>"
        ],
        "count": 65.0
    },
    {
        "pset": [
            "<schema.org/copyrightHolder>",
            "<schema.org/copyrightYear>",
            "<schema.org/description>",
            "isa:<schema.org/WPFooter>"
        ],
        "count": 46.0
    },
    {
        "pset": [
            "<schema.org/itemListElement>",
            "isa:<schema.org/ItemList>",
            "isa:<schema.org/Thing>",
            "isa:<schema.org/WPFooter>",
            "isa:<schema.org/WPHeader>"
        ],
        "count": 41.0
    },
    {
        "pset": [
            "<schema.org/image>",
            "isa:<schema.org/WPFooter>"
        ],
        "count": 35.0
    },
    {
        "pset": [
            "<schema.org/description>",
            "<schema.org/image>",
            "isa:<schema.org/WPFooter>"
        ],
        "count": 30.0
    },
    {
        "pset": [
            "<schema.org/copyrightYear>",
            "<schema.org/headline>",
            "<schema.org/url>",
            "isa:<schema.org/WPFooter>"
        ],
        "count": 30.0
    },
    {
        "pset": [
            "<schema.org/copyrightYear>",
            "<schema.org/url>",
            "isa:<schema.org/WPFooter>"
        ],
        "count": 28.0
    },
    {
        "pset": [
            "<schema.org/description>",
            "<schema.org/image>",
            "<schema.org/name>",
            "<schema.org/url>",
            "isa:<schema.org/WPFooter>"
        ],
        "count": 18.0
    },
    {
        "pset": [
            "<schema.org/copyrightHolder>",
            "<schema.org/copyrightYear>",
            "<schema.org/description>",
            "<schema.org/headline>",
            "<schema.org/url>",
            "isa:<schema.org/WPFooter>"
        ],
        "count": 15.0
    },
    {
        "pset": [
            "<schema.org/itemListElement>",
            "isa:<schema.org/ItemList>",
            "isa:<schema.org/WPFooter>",
            "isa:<schema.org/WPHeader>"
        ],
        "count": 15.0
    },
    {
        "pset": [
            "<schema.org/copyrightHolder>",
            "<schema.org/copyrightYear>",
            "<schema.org/cssSelector>",
            "<schema.org/position>",
            "<schema.org/publisher>",
            "<schema.org/url>",
            "isa:<schema.org/WPFooter>"
        ],
        "count": 13.0
    },
    {
        "pset": [
            "<schema.org/description>",
            "<schema.org/headline>",
            "<schema.org/name>",
            "<schema.org/url>",
            "isa:<schema.org/WPFooter>"
        ],
        "count": 13.0
    },
    {
        "pset": [
            "<schema.org/copyrightYear>",
            "<schema.org/cssSelector>",
            "isa:<schema.org/WPFooter>"
        ],
        "count": 10.0
    },
    {
        "pset": [
            "<schema.org/copyrightYear>",
            "<schema.org/description>",
            "<schema.org/url>",
            "isa:<schema.org/WPFooter>"
        ],
        "count": 9.0
    },
    {
        "pset": [
            "<schema.org/accessMode>",
            "<schema.org/accessModeSufficient>",
            "<schema.org/author>",
            "<schema.org/copyrightHolder>",
            "<schema.org/copyrightYear>",
            "<schema.org/creator>",
            "<schema.org/cssSelector>",
            "<schema.org/datePublished>",
            "<schema.org/description>",
            "<schema.org/fileFormat>",
            "<schema.org/image>",
            "<schema.org/inLanguage>",
            "<schema.org/interactivityType>",
            "<schema.org/isAccessibleForFree>",
            "<schema.org/isFamilyFriendly>",
            "<schema.org/isPartOf>",
            "<schema.org/keywords>",
            "<schema.org/locationCreated>",
            "<schema.org/name>",
            "<schema.org/producer>",
            "<schema.org/provider>",
            "<schema.org/publisher>",
            "<schema.org/publishingPrinciples>",
            "<schema.org/sourceOrganization>",
            "<schema.org/subjectOf>",
            "<schema.org/text>",
            "<schema.org/thumbnailUrl>",
            "<schema.org/translator>",
            "<schema.org/typicalAgeRange>",
            "<schema.org/url>",
            "isa:<schema.org/WPFooter>"
        ],
        "count": 8.0
    },
    {
        "pset": [
            "<schema.org/author>",
            "<schema.org/dateCreated>",
            "<schema.org/dateModified>",
            "<schema.org/datePublished>",
            "<schema.org/headline>",
            "<schema.org/producer>",
            "<schema.org/provider>",
            "<schema.org/text>",
            "isa:<schema.org/WPFooter>"
        ],
        "count": 8.0
    },
    {
        "pset": [
            "<schema.org/cssSelector>",
            "<schema.org/headline>",
            "<schema.org/potentialAction>",
            "isa:<schema.org/WPFooter>"
        ],
        "count": 7.0
    },
    {
        "pset": [
            "<schema.org/accountablePerson>",
            "<schema.org/image>",
            "isa:<schema.org/WPFooter>"
        ],
        "count": 6.0
    },
    {
        "pset": [
            "<schema.org/description>",
            "isa:<schema.org/WPFooter>"
        ],
        "count": 5.0
    },
    {
        "pset": [
            "<schema.org/copyrightHolder>",
            "<schema.org/copyrightYear>",
            "<schema.org/image>",
            "<schema.org/name>",
            "<schema.org/url>",
            "isa:<schema.org/WPFooter>"
        ],
        "count": 4.0
    },
    {
        "pset": [
            "<schema.org/citation>",
            "<schema.org/copyrightHolder>",
            "<schema.org/copyrightYear>",
            "<schema.org/cssSelector>",
            "<schema.org/publisher>",
            "isa:<schema.org/WPFooter>"
        ],
        "count": 3.0
    },
    {
        "pset": [
            "<schema.org/copyrightHolder>",
            "<schema.org/copyrightYear>",
            "<schema.org/description>",
            "<schema.org/name>",
            "isa:<schema.org/WPFooter>"
        ],
        "count": 3.0
    },
    {
        "pset": [
            "<schema.org/headline>",
            "<schema.org/url>",
            "isa:<schema.org/WPFooter>"
        ],
        "count": 2.0
    },
    {
        "pset": [
            "<schema.org/cssSelector>",
            "<schema.org/headline>",
            "<schema.org/inLanguage>",
            "<schema.org/potentialAction>",
            "isa:<schema.org/WPFooter>"
        ],
        "count": 2.0
    },
    {
        "pset": [
            "<schema.org/copyrightYear>",
            "<schema.org/name>",
            "isa:<schema.org/WPFooter>"
        ],
        "count": 2.0
    },
    {
        "pset": [
            "<schema.org/copyrightHolder>",
            "<schema.org/copyrightYear>",
            "<schema.org/creator>",
            "<schema.org/image>",
            "<schema.org/name>",
            "<schema.org/potentialAction>",
            "<schema.org/sameAs>",
            "isa:<schema.org/WPFooter>"
        ],
        "count": 1.0
    },
    {
        "pset": [
            "<schema.org/about>",
            "<schema.org/contentLocation>",
            "<schema.org/copyrightHolder>",
            "<schema.org/copyrightYear>",
            "<schema.org/description>",
            "<schema.org/image>",
            "<schema.org/inLanguage>",
            "<schema.org/isFamilyFriendly>",
            "<schema.org/keywords>",
            "<schema.org/sameAs>",
            "<schema.org/url>",
            "isa:<schema.org/WPFooter>"
        ],
        "count": 1.0
    },
    {
        "pset": [
            "<schema.org/copyrightYear>",
            "<schema.org/description>",
            "isa:<schema.org/WPFooter>"
        ],
        "count": 1.0
    },
    {
        "pset": [
            "<schema.org/headline>",
            "<schema.org/isPartOf>",
            "isa:<schema.org/WPFooter>"
        ],
        "count": 1.0
    },
    {
        "pset": [
            "<schema.org/copyrightHolder>",
            "<schema.org/copyrightYear>",
            "<schema.org/image>",
            "<schema.org/name>",
            "<schema.org/potentialAction>",
            "isa:<schema.org/WPFooter>"
        ],
        "count": 1.0
    },
    {
        "pset": [
            "<schema.org/copyrightHolder>",
            "<schema.org/copyrightYear>",
            "<schema.org/image>",
            "<schema.org/mentions>",
            "<schema.org/name>",
            "<schema.org/potentialAction>",
            "<schema.org/sameAs>",
            "isa:<schema.org/WPFooter>"
        ],
        "count": 1.0
    },
    {
        "pset": [
            "<schema.org/author>",
            "<schema.org/copyrightHolder>",
            "<schema.org/copyrightYear>",
            "<schema.org/creator>",
            "<schema.org/dateModified>",
            "<schema.org/datePublished>",
            "<schema.org/description>",
            "<schema.org/headline>",
            "<schema.org/image>",
            "<schema.org/inLanguage>",
            "<schema.org/mainEntityOfPage>",
            "<schema.org/name>",
            "<schema.org/publisher>",
            "<schema.org/url>",
            "isa:<schema.org/WPFooter>"
        ],
        "count": 1.0
    },
    {
        "pset": [
            "<schema.org/%20copyrightYear>",
            "<schema.org/description>",
            "<schema.org/headline>",
            "<schema.org/url>",
            "isa:<schema.org/WPFooter>"
        ],
        "count": 1.0
    },
    {
        "pset": [
            "<schema.org/about>",
            "<schema.org/accountablePerson>",
            "<schema.org/additionalType>",
            "<schema.org/contentLocation>",
            "<schema.org/copyrightHolder>",
            "<schema.org/description>",
            "<schema.org/inLanguage>",
            "<schema.org/keywords>",
            "<schema.org/locationCreated>",
            "<schema.org/mainEntityOfPage>",
            "<schema.org/maintainer>",
            "<schema.org/mentions>",
            "<schema.org/name>",
            "<schema.org/producer>",
            "<schema.org/sameAs>",
            "<schema.org/spatial>",
            "<schema.org/spatialCoverage>",
            "<schema.org/url>",
            "isa:<schema.org/WPFooter>"
        ],
        "count": 1.0
    },
    {
        "pset": [
            "<schema.org/description>",
            "<schema.org/url>",
            "isa:<schema.org/WPFooter>"
        ],
        "count": 1.0
    },
    {
        "pset": [
            "<schema.org/author>",
            "<schema.org/copyrightYear>",
            "<schema.org/cssSelector>",
            "isa:<schema.org/WPFooter>"
        ],
        "count": 1.0
    },
    {
        "pset": [
            "<schema.org/cssSelector>",
            "<schema.org/isPartOf>",
            "<schema.org/name>",
            "isa:<schema.org/WPFooter>"
        ],
        "count": 1.0
    },
    {
        "pset": [
            "<schema.org/citation>",
            "<schema.org/copyrightHolder>",
            "<schema.org/copyrightYear>",
            "<schema.org/publisher>",
            "isa:<schema.org/WPFooter>"
        ],
        "count": 1.0
    }
]