[
    {
        "pset": [
            "<schema.org/alternateName>",
            "<schema.org/name>",
            "<schema.org/url>",
            "isa:<schema.org/WPSideBar>"
        ],
        "count": 5544698.0
    },
    {
        "pset": [
            "<schema.org/copyrightHolder>",
            "<schema.org/copyrightYear>",
            "<schema.org/description>",
            "<schema.org/keywords>",
            "<schema.org/name>",
            "isa:<schema.org/WPSideBar>"
        ],
        "count": 2243.0
    },
    {
        "pset": [
            "<schema.org/cssSelector>",
            "isa:<schema.org/WPSideBar>"
        ],
        "count": 2144.0
    },
    {
        "pset": [
            "<schema.org/hasPart>",
            "isa:<schema.org/WPSideBar>"
        ],
        "count": 630.0
    },
    {
        "pset": [
            "<schema.org/url>",
            "isa:<schema.org/WPSideBar>"
        ],
        "count": 407.0
    },
    {
        "pset": [
            "<schema.org/cssSelector>",
            "<schema.org/headline>",
            "<schema.org/name>",
            "<schema.org/url>",
            "isa:<schema.org/SiteNavigationElement>",
            "isa:<schema.org/WPSideBar>"
        ],
        "count": 341.0
    },
    {
        "pset": [
            "<schema.org/name>",
            "<schema.org/position>",
            "<schema.org/url>",
            "isa:<schema.org/WPSideBar>"
        ],
        "count": 120.0
    },
    {
        "pset": [
            "<schema.org/mainEntityOfPage>",
            "isa:<schema.org/WPSideBar>"
        ],
        "count": 93.0
    },
    {
        "pset": [
            "<schema.org/about>",
            "<schema.org/cssSelector>",
            "isa:<schema.org/WPSideBar>"
        ],
        "count": 85.0
    },
    {
        "pset": [
            "<schema.org/headline>",
            "<schema.org/image>",
            "<schema.org/isBasedOn>",
            "<schema.org/text>",
            "isa:<schema.org/WPSideBar>"
        ],
        "count": 77.0
    },
    {
        "pset": [
            "<schema.org/name>",
            "isa:<schema.org/WPSideBar>"
        ],
        "count": 70.0
    },
    {
        "pset": [
            "<schema.org/isPartOf>",
            "isa:<schema.org/WPSideBar>"
        ],
        "count": 55.0
    },
    {
        "pset": [
            "<schema.org/citation>",
            "<schema.org/comment>",
            "<schema.org/cssSelector>",
            "isa:<schema.org/WPSideBar>"
        ],
        "count": 53.0
    },
    {
        "pset": [
            "<schema.org/name>",
            "<schema.org/url>",
            "isa:<schema.org/WPSideBar>"
        ],
        "count": 35.0
    },
    {
        "pset": [
            "isa:<schema.org/WPSideBar>"
        ],
        "count": 27.0
    },
    {
        "pset": [
            "<schema.org/description>",
            "isa:<schema.org/WPSideBar>"
        ],
        "count": 25.0
    },
    {
        "pset": [
            "<schema.org/headline>",
            "<schema.org/isBasedOn>",
            "<schema.org/text>",
            "isa:<schema.org/WPSideBar>"
        ],
        "count": 19.0
    },
    {
        "pset": [
            "<schema.org/mainEntityOfPage>",
            "isa:<schema.org/WPHeader>",
            "isa:<schema.org/WPSideBar>"
        ],
        "count": 9.0
    },
    {
        "pset": [
            "<schema.org/itemListElement>",
            "isa:<schema.org/ItemList>",
            "isa:<schema.org/WPSideBar>"
        ],
        "count": 6.0
    },
    {
        "pset": [
            "<schema.org/about>",
            "<schema.org/headline>",
            "<schema.org/mentions>",
            "<schema.org/text>",
            "isa:<schema.org/WPSideBar>"
        ],
        "count": 3.0
    },
    {
        "pset": [
            "<schema.org/audience>",
            "<schema.org/description>",
            "<schema.org/headline>",
            "<schema.org/mentions>",
            "isa:<schema.org/WPSideBar>"
        ],
        "count": 2.0
    },
    {
        "pset": [
            "<schema.org/headline>",
            "<schema.org/isBasedOn>",
            "isa:<schema.org/WPSideBar>"
        ],
        "count": 2.0
    },
    {
        "pset": [
            "<schema.org/image>",
            "<schema.org/url>",
            "isa:<schema.org/WPSideBar>"
        ],
        "count": 1.0
    }
]